"ASV","SpearmanRho","pValue","Occurrence","OccurrencePct","Kingdom","Phylum","Class","Order","Family","Genus","Species","CalcifierGeneral","CalcifierLarval","CalcifierAdult","StructureLarval","StructureAdult","MineralForm","PlanktonicLifeHistory","Removal","Description"
"4",0.861033015328216,1.29291416339596e-24,64,80,"Eukaryota","Arthropoda","Copepoda","Calanoida","Clausocalanidae","Clausocalanus","Clausocalanus furcatus","Variable","Variable","Variable","Exoskeleton","Exoskeleton","Chitin + Calcium","Holoplanktonic","No","Copepods"
"13",0.833719505311947,8.20209280928281e-22,54,67.5,"Eukaryota","Arthropoda","Copepoda","Calanoida","Clausocalanidae","Clausocalanus","Clausocalanus furcatus","Variable","Variable","Variable","Exoskeleton","Exoskeleton","Chitin + Calcium","Holoplanktonic","No","Copepods"
"29",0.803291422517849,3.10721313433135e-19,50,62.5,"Eukaryota","Arthropoda","Copepoda","Calanoida","Clausocalanidae","Clausocalanus","Clausocalanus furcatus","Variable","Variable","Variable","Exoskeleton","Exoskeleton","Chitin + Calcium","Holoplanktonic","No","Copepods"
"269",0.69372241467489,9.79454390604391e-13,41,51.25,"Eukaryota","Arthropoda","Copepoda","Calanoida","Clausocalanidae","Clausocalanus","Clausocalanus arcuicornis","Variable","Variable","Variable","Exoskeleton","Exoskeleton","Chitin + Calcium","Holoplanktonic","No","Copepods"
"197",0.68534379571061,2.33952579299708e-12,46,57.5,"Eukaryota","Arthropoda","Copepoda","Calanoida","Paracalanidae","Paracalanus",NA,"Variable","Variable","Variable","Exoskeleton","Exoskeleton","Chitin + Calcium","Holoplanktonic","No","Copepods"
"105",0.651409604992871,6.0284001274311e-11,46,57.5,"Eukaryota","Arthropoda","Copepoda","Calanoida","Clausocalanidae","Clausocalanus","Clausocalanus paululus","Variable","Variable","Variable","Exoskeleton","Exoskeleton","Chitin + Calcium","Holoplanktonic","No","Copepods"
"75",0.626757728379375,4.99581634846124e-10,74,92.5,"Eukaryota","Arthropoda","Ostracoda","Halocyprida","Halocyprididae",NA,NA,"Variable","No","Variable","None","Exoskeleton","Chitin + Calcium","Holoplanktonic","No","Ostracods (seed shrimp)"
"124",0.62049432511338,8.30315024241296e-10,22,27.5,"Eukaryota","Arthropoda","Copepoda","Poecilostomatoida","Corycaeidae","Farranula",NA,"Variable","Variable","Variable","Exoskeleton","Exoskeleton","Chitin + Calcium","Holoplanktonic","No","Parasitic or predatory copepods"
"135",0.615146088437747,1.27002593589085e-09,57,71.25,"Eukaryota","Arthropoda","Copepoda","Calanoida","Clausocalanidae","Clausocalanus","Clausocalanus pergens","Variable","Variable","Variable","Exoskeleton","Exoskeleton","Chitin + Calcium","Holoplanktonic","No","Copepods"
"144",0.606593069938807,2.46541126561798e-09,25,31.25,"Eukaryota","Arthropoda","Copepoda","Calanoida","Mecynoceridae","Mecynocera","Mecynocera clausi","Variable","Variable","Variable","Exoskeleton","Exoskeleton","Chitin + Calcium","Holoplanktonic","No","Copepods"
"67",0.601318848561493,3.6754907767832e-09,74,92.5,"Eukaryota","Arthropoda","Copepoda","Calanoida","Clausocalanidae","Clausocalanus","Clausocalanus pergens","Variable","Variable","Variable","Exoskeleton","Exoskeleton","Chitin + Calcium","Holoplanktonic","No","Copepods"
"142",0.5787634157632,1.87364921640568e-08,24,30,"Eukaryota","Arthropoda","Copepoda","Calanoida","Mecynoceridae","Mecynocera","Mecynocera clausi","Variable","Variable","Variable","Exoskeleton","Exoskeleton","Chitin + Calcium","Holoplanktonic","No","Copepods"
"194",0.562413566259331,5.66150374962381e-08,44,55,"Eukaryota","Arthropoda","Copepoda","Calanoida","Clausocalanidae","Clausocalanus","Clausocalanus paululus","Variable","Variable","Variable","Exoskeleton","Exoskeleton","Chitin + Calcium","Holoplanktonic","No","Copepods"
"264",0.533969846943384,3.38286400239634e-07,22,27.5,"Eukaryota","Arthropoda","Copepoda","Calanoida","Mecynoceridae","Mecynocera","Mecynocera clausi","Variable","Variable","Variable","Exoskeleton","Exoskeleton","Chitin + Calcium","Holoplanktonic","No","Copepods"
"361",0.524468625664792,5.93036286482539e-07,27,33.75,"Eukaryota","Arthropoda","Copepoda","Cyclopoida","Oithonidae","Oithona","Oithona similis","Variable","Variable","Variable","Exoskeleton","Exoskeleton","Chitin + Calcium","Holoplanktonic","No","Cyclopoid copepods"
"225",0.52245544215265,6.66486479991661e-07,57,71.25,"Eukaryota","Arthropoda","Copepoda","Calanoida","Clausocalanidae","Clausocalanus","Clausocalanus pergens","Variable","Variable","Variable","Exoskeleton","Exoskeleton","Chitin + Calcium","Holoplanktonic","No","Copepods"
"44",0.5222707533486,6.73638855854267e-07,74,92.5,"Eukaryota","Arthropoda","Copepoda","Poecilostomatoida","Oncaeidae","Oncaea","Oncaea sp.","Variable","Variable","Variable","Exoskeleton","Exoskeleton","Chitin + Calcium","Holoplanktonic","No","Parasitic or predatory copepods"
"673",0.516184754110001,9.5426413335955e-07,18,22.5,"Eukaryota","Arthropoda","Copepoda","Calanoida","Clausocalanidae","Clausocalanus","Clausocalanus furcatus","Variable","Variable","Variable","Exoskeleton","Exoskeleton","Chitin + Calcium","Holoplanktonic","No","Copepods"
"19",0.509221486100289,1.40977688637972e-06,42,52.5,"Eukaryota","Arthropoda","Copepoda","Calanoida","Candaciidae","Candacia","Candacia curta","Variable","Variable","Variable","Exoskeleton","Exoskeleton","Chitin + Calcium","Holoplanktonic","No","Copepods"
"415",0.50768854542434,1.53447586546591e-06,18,22.5,"Eukaryota","Arthropoda","Copepoda","Calanoida","Mecynoceridae","Mecynocera","Mecynocera clausi","Variable","Variable","Variable","Exoskeleton","Exoskeleton","Chitin + Calcium","Holoplanktonic","No","Copepods"
"27",0.486479517919205,4.75700231193883e-06,76,95,"Eukaryota","Bryozoa","Gymnolaemata","Cheilostomatida","Membraniporidae","Membranipora","Membranipora villosa","Yes","Yes","Yes","External shell","External shell","Calcite","Meroplanktonic","No","Encrusting bryozoans"
"9",0.479887482419128,8.69129584901608e-06,80,100,"Eukaryota","Arthropoda","Copepoda","Poecilostomatoida","Oncaeidae","Oncaea","Oncaea sp.","Variable","Variable","Variable","Exoskeleton","Exoskeleton","Chitin + Calcium","Holoplanktonic","No","Parasitic or predatory copepods"
"36",0.479371776840131,8.90856119218033e-06,79,98.75,"Eukaryota","Arthropoda","Copepoda","Calanoida","Clausocalanidae","Clausocalanus","Clausocalanus parapergens","Variable","Variable","Variable","Exoskeleton","Exoskeleton","Chitin + Calcium","Holoplanktonic","No","Copepods"
"107",0.477462005889208,7.52496549722324e-06,72,90,"Eukaryota","Arthropoda","Copepoda","Calanoida","Clausocalanidae","Clausocalanus","Clausocalanus parapergens","Variable","Variable","Variable","Exoskeleton","Exoskeleton","Chitin + Calcium","Holoplanktonic","No","Copepods"
"109",0.472221963716373,9.76512910389935e-06,69,86.25,"Eukaryota","Arthropoda","Copepoda","Calanoida","Clausocalanidae","Clausocalanus","Clausocalanus parapergens","Variable","Variable","Variable","Exoskeleton","Exoskeleton","Chitin + Calcium","Holoplanktonic","No","Copepods"
"450",0.469618896104512,1.10971403893307e-05,34,42.5,"Eukaryota","Arthropoda","Copepoda","Calanoida","Clausocalanidae","Clausocalanus","Clausocalanus pergens","Variable","Variable","Variable","Exoskeleton","Exoskeleton","Chitin + Calcium","Holoplanktonic","No","Copepods"
"100",0.468438763346751,1.17554390494953e-05,24,30,"Eukaryota","Echinodermata","Ophiuroidea","Amphilepidida","Ophiocomidae","Ophiopteris","Ophiopteris papillosa","Yes","Yes","Yes","Internal skeleton","Internal skeleton","Calcite","Meroplanktonic","No","Brittle stars"
"182",0.464800000776676,1.40225975956283e-05,41,51.25,"Eukaryota","Arthropoda","Copepoda","Calanoida","Clausocalanidae","Clausocalanus","Clausocalanus paululus","Variable","Variable","Variable","Exoskeleton","Exoskeleton","Chitin + Calcium","Holoplanktonic","No","Copepods"
"89",0.461040601835668,1.67898295843682e-05,68,85,"Eukaryota","Bryozoa","Gymnolaemata","Cheilostomatida","Membraniporidae","Membranipora","Membranipora villosa","Yes","Yes","Yes","External shell","External shell","Calcite","Meroplanktonic","No","Encrusting bryozoans"
"642",0.449681570882548,2.85673325426026e-05,14,17.5,"Eukaryota","Arthropoda","Copepoda","Calanoida","Clausocalanidae","Clausocalanus","Clausocalanus furcatus","Variable","Variable","Variable","Exoskeleton","Exoskeleton","Chitin + Calcium","Holoplanktonic","No","Copepods"
"37",0.444962785737492,3.5430291143773e-05,76,95,"Eukaryota","Bryozoa","Gymnolaemata","Cheilostomatida","Membraniporidae","Membranipora","Membranipora villosa","Yes","Yes","Yes","External shell","External shell","Calcite","Meroplanktonic","No","Encrusting bryozoans"
"1897",0.444536479816997,3.61205582251558e-05,9,11.25,"Eukaryota","Arthropoda","Copepoda","Calanoida","Mecynoceridae","Mecynocera","Mecynocera clausi","Variable","Variable","Variable","Exoskeleton","Exoskeleton","Chitin + Calcium","Holoplanktonic","No","Copepods"
"851",0.438612899544594,4.71024899274929e-05,11,13.75,"Eukaryota","Arthropoda","Copepoda","Calanoida","Mecynoceridae","Mecynocera","Mecynocera clausi","Variable","Variable","Variable","Exoskeleton","Exoskeleton","Chitin + Calcium","Holoplanktonic","No","Copepods"
"126",0.429920517496844,6.89292142714662e-05,11,13.75,"Eukaryota","Echinodermata","Ophiuroidea","Amphilepidida","Ophionereidae","Ophionereis",NA,"Yes","Yes","Yes","Internal skeleton","Internal skeleton","Calcite","Meroplanktonic","No","Brittle stars"
"214",0.423127223128369,9.21598289909887e-05,18,22.5,"Eukaryota","Arthropoda","Copepoda","Calanoida","Clausocalanidae",NA,NA,"Variable","Variable","Variable","Exoskeleton","Exoskeleton","Chitin + Calcium","Holoplanktonic","No","Copepods"
"1217",0.41644302939006,0.000121916610052871,24,30,"Eukaryota","Arthropoda","Copepoda","Poecilostomatoida","Oncaeidae","Oncaea","Oncaea mediterranea","Variable","Variable","Variable","Exoskeleton","Exoskeleton","Chitin + Calcium","Holoplanktonic","No","Parasitic or predatory copepods"
"30",0.413198148749224,0.000139362018918209,76,95,"Eukaryota","Bryozoa","Gymnolaemata","Cheilostomatida","Membraniporidae","Membranipora","Membranipora villosa","Yes","Yes","Yes","External shell","External shell","Calcite","Meroplanktonic","No","Encrusting bryozoans"
"382",0.410354970233144,0.000156513577151632,20,25,"Eukaryota","Echinodermata","Ophiuroidea","Amphilepidida","Amphiuridae","Amphiodia",NA,"Yes","Yes","Yes","Internal skeleton","Internal skeleton","Calcite","Meroplanktonic","No","Brittle stars"
"541",0.407107337905453,0.000178477084333982,26,32.5,"Eukaryota","Arthropoda","Copepoda","Calanoida","Clausocalanidae","Clausocalanus","Clausocalanus jobei","Variable","Variable","Variable","Exoskeleton","Exoskeleton","Chitin + Calcium","Holoplanktonic","No","Copepods"
"54",0.405310521116799,0.000191816757497205,74,92.5,"Eukaryota","Bryozoa","Gymnolaemata","Cheilostomatida","Membraniporidae","Membranipora",NA,"Yes","Yes","Yes","External shell","External shell","Calcite","Meroplanktonic","No","Encrusting bryozoans"
"165",0.404609833464434,0.000197263195554355,52,65,"Eukaryota","Bryozoa","Gymnolaemata","Cheilostomatida","Membraniporidae","Membranipora","Membranipora villosa","Yes","Yes","Yes","External shell","External shell","Calcite","Meroplanktonic","No","Encrusting bryozoans"
"374",0.403048117465756,0.000209918826374762,9,11.25,"Eukaryota","Arthropoda","Copepoda","Calanoida","Mecynoceridae","Mecynocera","Mecynocera clausi","Variable","Variable","Variable","Exoskeleton","Exoskeleton","Chitin + Calcium","Holoplanktonic","No","Copepods"
"734",0.401911111879005,0.00021959846279115,10,12.5,"Eukaryota","Arthropoda","Copepoda","Calanoida","Mecynoceridae","Mecynocera","Mecynocera clausi","Variable","Variable","Variable","Exoskeleton","Exoskeleton","Chitin + Calcium","Holoplanktonic","No","Copepods"
"114",0.401532937899991,0.00022290792063229,57,71.25,"Eukaryota","Bryozoa","Gymnolaemata","Cheilostomatida","Membraniporidae","Membranipora","Membranipora villosa","Yes","Yes","Yes","External shell","External shell","Calcite","Meroplanktonic","No","Encrusting bryozoans"
"1635",0.400368471240049,0.00023338879612095,21,26.25,"Eukaryota","Arthropoda","Ostracoda","Halocyprida","Halocyprididae",NA,NA,"Variable","No","Variable","None","Exoskeleton","Chitin + Calcium","Holoplanktonic","No","Ostracods (seed shrimp)"
"32",0.396732282779215,0.000269104757350805,78,97.5,"Eukaryota","Bryozoa","Gymnolaemata","Cheilostomatida","Membraniporidae","Membranipora","Membranipora villosa","Yes","Yes","Yes","External shell","External shell","Calcite","Meroplanktonic","No","Encrusting bryozoans"
"128",0.394591853480656,0.000292411219480605,72,90,"Eukaryota","Arthropoda","Copepoda","Calanoida","Paracalanidae",NA,NA,"Variable","Variable","Variable","Exoskeleton","Exoskeleton","Chitin + Calcium","Holoplanktonic","No","Copepods"
"1803",0.390648178785611,0.000340268751985128,11,13.75,"Eukaryota","Arthropoda","Copepoda","Calanoida","Clausocalanidae","Clausocalanus","Clausocalanus furcatus","Variable","Variable","Variable","Exoskeleton","Exoskeleton","Chitin + Calcium","Holoplanktonic","No","Copepods"
"204",0.388775921475569,0.000365416325754056,47,58.75,"Eukaryota","Bryozoa","Gymnolaemata","Cheilostomatida","Membraniporidae","Membranipora","Membranipora villosa","Yes","Yes","Yes","External shell","External shell","Calcite","Meroplanktonic","No","Encrusting bryozoans"
"69",0.387841296518482,0.000378597333261777,63,78.75,"Eukaryota","Bryozoa","Gymnolaemata","Cheilostomatida","Membraniporidae","Membranipora","Membranipora villosa","Yes","Yes","Yes","External shell","External shell","Calcite","Meroplanktonic","No","Encrusting bryozoans"
"519",0.387208853583675,0.00038776233236274,40,50,"Eukaryota","Arthropoda","Copepoda","Poecilostomatoida","Oncaeidae","Oncaea","Oncaea sp.","Variable","Variable","Variable","Exoskeleton","Exoskeleton","Chitin + Calcium","Holoplanktonic","No","Parasitic or predatory copepods"
"230",0.386266720869396,0.000401792597237211,46,57.5,"Eukaryota","Arthropoda","Copepoda","Calanoida","Clausocalanidae","Clausocalanus","Clausocalanus parapergens","Variable","Variable","Variable","Exoskeleton","Exoskeleton","Chitin + Calcium","Holoplanktonic","No","Copepods"
"416",0.379419832831116,0.000518573767381461,9,11.25,"Eukaryota","Arthropoda","Copepoda","Calanoida","Mecynoceridae","Mecynocera","Mecynocera clausi","Variable","Variable","Variable","Exoskeleton","Exoskeleton","Chitin + Calcium","Holoplanktonic","No","Copepods"
"1613",0.378756003627406,0.000531405884318958,20,25,"Eukaryota","Arthropoda","Copepoda","Calanoida","Paracalanidae","Paracalanus","Paracalanus tropicus","Variable","Variable","Variable","Exoskeleton","Exoskeleton","Chitin + Calcium","Holoplanktonic","No","Copepods"
"1783",0.378395044840225,0.000538504510760636,13,16.25,"Eukaryota","Arthropoda","Copepoda","Calanoida","Clausocalanidae","Clausocalanus","Clausocalanus arcuicornis","Variable","Variable","Variable","Exoskeleton","Exoskeleton","Chitin + Calcium","Holoplanktonic","No","Copepods"
"421",0.371899800108337,0.000681974384526083,9,11.25,"Eukaryota","Arthropoda","Copepoda","Calanoida","Mecynoceridae","Mecynocera","Mecynocera clausi","Variable","Variable","Variable","Exoskeleton","Exoskeleton","Chitin + Calcium","Holoplanktonic","No","Copepods"
"724",0.371618909978374,0.000688900405379719,11,13.75,"Eukaryota","Mollusca","Gastropoda","Pteropoda","Limacinidae",NA,NA,"Yes","Yes","Yes","External shell","External shell","Aragonite","Holoplanktonic","No","Sea butterflies"
"850",0.371453219059162,0.000693015910345216,17,21.25,"Eukaryota","Arthropoda","Copepoda","Calanoida","Paracalanidae","Paracalanus",NA,"Variable","Variable","Variable","Exoskeleton","Exoskeleton","Chitin + Calcium","Holoplanktonic","No","Copepods"
"134",0.371011388208876,0.000704100065840817,60,75,"Eukaryota","Arthropoda","Copepoda","Calanoida","Clausocalanidae","Clausocalanus","Clausocalanus parapergens","Variable","Variable","Variable","Exoskeleton","Exoskeleton","Chitin + Calcium","Holoplanktonic","No","Copepods"
"326",0.366969261494751,0.000813260626384426,22,27.5,"Eukaryota","Arthropoda","Copepoda","Calanoida","Clausocalanidae","Clausocalanus","Clausocalanus jobei","Variable","Variable","Variable","Exoskeleton","Exoskeleton","Chitin + Calcium","Holoplanktonic","No","Copepods"
"1179",0.366027948576599,0.00084079666091744,16,20,"Eukaryota","Arthropoda","Copepoda","Calanoida","Paracalanidae","Paracalanus","Paracalanus tropicus","Variable","Variable","Variable","Exoskeleton","Exoskeleton","Chitin + Calcium","Holoplanktonic","No","Copepods"
"645",0.36462081076669,0.000883542698998371,10,12.5,"Eukaryota","Mollusca","Gastropoda","Pteropoda","Creseidae","Styliola","Styliola sp.","Yes","Yes","Yes","External shell","External shell","Aragonite","Holoplanktonic","No","Sea butterflies"
"533",0.364527736802875,0.000886438567031668,13,16.25,"Eukaryota","Arthropoda","Copepoda","Calanoida","Clausocalanidae","Clausocalanus","Clausocalanus jobei","Variable","Variable","Variable","Exoskeleton","Exoskeleton","Chitin + Calcium","Holoplanktonic","No","Copepods"
"710",0.363905399782848,0.000906024460425894,11,13.75,"Eukaryota","Arthropoda","Copepoda","Calanoida","Metridinidae","Pleuromamma","Pleuromamma abdominalis","Variable","Variable","Variable","Exoskeleton","Exoskeleton","Chitin + Calcium","Holoplanktonic","No","Copepods"
"45",0.362728551336146,0.00101457203114086,79,98.75,"Eukaryota","Bryozoa","Gymnolaemata","Cheilostomatida","Membraniporidae","Membranipora",NA,"Yes","Yes","Yes","External shell","External shell","Calcite","Meroplanktonic","No","Encrusting bryozoans"
"153",0.361827261027181,0.000974309409250169,13,16.25,"Eukaryota","Arthropoda","Copepoda","Calanoida","Candaciidae","Candacia","Candacia curta","Variable","Variable","Variable","Exoskeleton","Exoskeleton","Chitin + Calcium","Holoplanktonic","No","Copepods"
"319",0.36149099774518,0.000985787687159469,17,21.25,"Eukaryota","Annelida","Polychaeta","Spionida","Spionidae",NA,NA,"No","No","No","None","None","None","Benthic + Meroplanktonic","No","Marine worms (sediment burrowers)"
"206",0.360497335008394,0.00102042717633806,41,51.25,"Eukaryota","Bryozoa","Gymnolaemata","Cheilostomatida","Membraniporidae","Membranipora","Membranipora villosa","Yes","Yes","Yes","External shell","External shell","Calcite","Meroplanktonic","No","Encrusting bryozoans"
"86",0.359745986755036,0.00104734884435492,49,61.25,"Eukaryota","Mollusca","Gastropoda","Littorinimorpha","Atlantidae","Atlanta","Atlanta sp. USNM IZ 1230636","Yes","Yes","Yes","External shell","External shell","Aragonite/Calcite","Meroplanktonic","No","Periwinkles and related snails"
"96",0.357792786757259,0.00112037560098888,20,25,"Eukaryota","Echinodermata","Echinoidea","Camarodonta","Strongylocentrotidae","Strongylocentrotus","Strongylocentrotus purpuratus","Yes","Yes","Yes","Internal skeleton","Exoskeleton","Calcite","Meroplanktonic","No","Sea urchins"
"1633",0.356440607951571,0.0011736026966922,10,12.5,"Eukaryota","Arthropoda","Copepoda","Calanoida","Clausocalanidae","Clausocalanus","Clausocalanus jobei","Variable","Variable","Variable","Exoskeleton","Exoskeleton","Chitin + Calcium","Holoplanktonic","No","Copepods"
"358",0.349183167125396,0.00150045227852533,11,13.75,"Eukaryota","Echinodermata","Echinoidea","Camarodonta","Strongylocentrotidae","Strongylocentrotus","Strongylocentrotus purpuratus","Yes","Yes","Yes","Internal skeleton","Exoskeleton","Calcite","Meroplanktonic","No","Sea urchins"
"108",0.348533982620374,0.00153336440265472,71,88.75,"Eukaryota","Arthropoda","Copepoda","Calanoida","Clausocalanidae","Clausocalanus","Clausocalanus parapergens","Variable","Variable","Variable","Exoskeleton","Exoskeleton","Chitin + Calcium","Holoplanktonic","No","Copepods"
"608",0.34751096596184,0.0015865536708092,36,45,"Eukaryota","Arthropoda","Malacostraca","Euphausiacea","Euphausiidae","Hansarsia",NA,"Variable","No","Variable","None","Exoskeleton","Chitin + Calcium","Holoplanktonic","No","Krill"
"174",0.346795732028031,0.0016247237490583,54,67.5,"Eukaryota","Arthropoda","Copepoda","Calanoida","Clausocalanidae","Clausocalanus","Clausocalanus pergens","Variable","Variable","Variable","Exoskeleton","Exoskeleton","Chitin + Calcium","Holoplanktonic","No","Copepods"
"3898",0.345184451189514,0.00171376652436049,4,5,"Eukaryota","Arthropoda","Copepoda","Calanoida","Calocalanidae","Calocalanus","Calocalanus sp. 1 AC_2013","Variable","Variable","Variable","Exoskeleton","Exoskeleton","Chitin + Calcium","Holoplanktonic","No","Copepods"
"56",0.341640109703566,0.0019253022902146,25,31.25,"Eukaryota","Echinodermata","Echinoidea","Camarodonta","Strongylocentrotidae","Strongylocentrotus","Strongylocentrotus purpuratus","Yes","Yes","Yes","Internal skeleton","Exoskeleton","Calcite","Meroplanktonic","No","Sea urchins"
"1039",0.339042384404832,0.00209496990906554,9,11.25,"Eukaryota","Mollusca","Gastropoda","Pteropoda","Limacinidae",NA,NA,"Yes","Yes","Yes","External shell","External shell","Aragonite","Holoplanktonic","No","Sea butterflies"
"759",0.33776437171111,0.00218327868385338,18,22.5,"Eukaryota","Arthropoda","Copepoda","Calanoida","Paracalanidae","Paracalanus","Paracalanus tropicus","Variable","Variable","Variable","Exoskeleton","Exoskeleton","Chitin + Calcium","Holoplanktonic","No","Copepods"
"1346",0.337270935496506,0.00221825993290921,4,5,"Eukaryota","Arthropoda","Copepoda","Calanoida","Clausocalanidae",NA,NA,"Variable","Variable","Variable","Exoskeleton","Exoskeleton","Chitin + Calcium","Holoplanktonic","No","Copepods"
"1175",0.334713024522572,0.00240779907580213,13,16.25,"Eukaryota","Arthropoda","Ostracoda","Halocyprida","Halocyprididae","Conchoecia","Conchoecia magna","Variable","No","Variable","None","Exoskeleton","Chitin + Calcium","Holoplanktonic","No","Ostracods (seed shrimp)"
"520",0.333706037843255,0.00248631784238534,19,23.75,"Eukaryota","Arthropoda","Copepoda","Calanoida","Clausocalanidae","Clausocalanus","Clausocalanus paululus","Variable","Variable","Variable","Exoskeleton","Exoskeleton","Chitin + Calcium","Holoplanktonic","No","Copepods"
"90",0.330645350427236,0.00273926770505366,77,96.25,"Eukaryota","Arthropoda","Copepoda","Calanoida","Clausocalanidae","Clausocalanus","Clausocalanus parapergens","Variable","Variable","Variable","Exoskeleton","Exoskeleton","Chitin + Calcium","Holoplanktonic","No","Copepods"
"1056",0.325132855398607,0.00325356988676222,14,17.5,"Eukaryota","Arthropoda","Copepoda","Calanoida","Clausocalanidae","Clausocalanus","Clausocalanus arcuicornis","Variable","Variable","Variable","Exoskeleton","Exoskeleton","Chitin + Calcium","Holoplanktonic","No","Copepods"
"284",0.322526915040165,0.00352545769058466,17,21.25,"Eukaryota","Echinodermata","Echinoidea","Camarodonta","Strongylocentrotidae","Strongylocentrotus","Strongylocentrotus purpuratus","Yes","Yes","Yes","Internal skeleton","Exoskeleton","Calcite","Meroplanktonic","No","Sea urchins"
"652",0.322194801288854,0.0035615259688778,14,17.5,"Eukaryota","Arthropoda","Malacostraca","Euphausiacea","Euphausiidae","Euphausia","Euphausia recurva","Variable","No","Variable","None","Exoskeleton","Chitin + Calcium","Holoplanktonic","No","Krill"
"110",0.320738028697779,0.00372365316962856,56,70,"Eukaryota","Bryozoa","Gymnolaemata","Cheilostomatida","Membraniporidae","Membranipora","Membranipora villosa","Yes","Yes","Yes","External shell","External shell","Calcite","Meroplanktonic","No","Encrusting bryozoans"
"149",0.316716216986065,0.00420592177334098,18,22.5,"Eukaryota","Annelida","Polychaeta","Spionida","Spionidae",NA,NA,"No","No","No","None","None","None","Benthic + Meroplanktonic","No","Marine worms (sediment burrowers)"
"359",0.313981908519009,0.00456477216800248,36,45,"Eukaryota","Arthropoda","Copepoda","Calanoida","Clausocalanidae","Clausocalanus","Clausocalanus pergens","Variable","Variable","Variable","Exoskeleton","Exoskeleton","Chitin + Calcium","Holoplanktonic","No","Copepods"
"778",0.311251437472672,0.00494999791803755,24,30,"Eukaryota","Arthropoda","Copepoda","Calanoida","Lucicutiidae","Lucicutia","Lucicutia flavicornis","Variable","Variable","Variable","Exoskeleton","Exoskeleton","Chitin + Calcium","Holoplanktonic","No","Copepods"
"117",0.309711693562877,0.00517971173570747,56,70,"Eukaryota","Arthropoda","Copepoda","Calanoida","Clausocalanidae","Clausocalanus","Clausocalanus parapergens","Variable","Variable","Variable","Exoskeleton","Exoskeleton","Chitin + Calcium","Holoplanktonic","No","Copepods"
"360",0.308888922184816,0.00530629196217681,33,41.25,"Eukaryota","Arthropoda","Copepoda","Calanoida","Lucicutiidae","Lucicutia","Lucicutia flavicornis","Variable","Variable","Variable","Exoskeleton","Exoskeleton","Chitin + Calcium","Holoplanktonic","No","Copepods"
"1925",0.308471945052932,0.00537148224608119,4,5,"Eukaryota","Arthropoda","Copepoda","Calanoida","Mecynoceridae","Mecynocera","Mecynocera clausi","Variable","Variable","Variable","Exoskeleton","Exoskeleton","Chitin + Calcium","Holoplanktonic","No","Copepods"
"1828",0.307137509073327,0.005584899552225,4,5,"Eukaryota","Arthropoda","Copepoda","Calanoida","Euchaetidae","Euchaeta",NA,"Variable","Variable","Variable","Exoskeleton","Exoskeleton","Chitin + Calcium","Holoplanktonic","No","Copepods"
"2272",0.305151371801356,0.0059164389200739,4,5,"Eukaryota","Arthropoda","Copepoda","Calanoida","Mecynoceridae","Mecynocera","Mecynocera clausi","Variable","Variable","Variable","Exoskeleton","Exoskeleton","Chitin + Calcium","Holoplanktonic","No","Copepods"
"191",0.30480622360448,0.00597579422945704,29,36.25,"Eukaryota","Arthropoda","Copepoda","Calanoida","Clausocalanidae","Clausocalanus",NA,"Variable","Variable","Variable","Exoskeleton","Exoskeleton","Chitin + Calcium","Holoplanktonic","No","Copepods"
"2041",0.300885540209055,0.00668788901860749,3,3.75,"Eukaryota","Arthropoda","Copepoda","Calanoida","Mecynoceridae","Mecynocera","Mecynocera clausi","Variable","Variable","Variable","Exoskeleton","Exoskeleton","Chitin + Calcium","Holoplanktonic","No","Copepods"
"198",0.300682562939423,0.00672671043181459,4,5,"Eukaryota","Cnidaria","Hydrozoa","Siphonophorae","Athorybiidae",NA,NA,"No","No","No","None","None","None","Holoplanktonic","No","Colonial hydrozoans (e.g., Portuguese man o' war)"
"93",0.300152387479998,0.00682905015245537,75,93.75,"Eukaryota","Arthropoda","Copepoda","Calanoida","Calanidae","Ctenocalanus","Ctenocalanus vanus","Variable","Variable","Variable","Exoskeleton","Exoskeleton","Chitin + Calcium","Holoplanktonic","No","Copepods"
"958",0.298326443179683,0.00719208725580095,8,10,"Eukaryota","Arthropoda","Copepoda","Calanoida","Clausocalanidae","Clausocalanus",NA,"Variable","Variable","Variable","Exoskeleton","Exoskeleton","Chitin + Calcium","Holoplanktonic","No","Copepods"
"187",0.296179461301871,0.00764059220046178,17,21.25,"Eukaryota","Mollusca","Cephalopoda","Octopoda","Octopodidae","Octopus",NA,"Variable","Yes","No","Statoliths","None","Aragonite","Meroplanktonic","No","Octopi"
"689",0.295854068398193,0.00771066929119598,10,12.5,"Eukaryota","Echinodermata","Ophiuroidea","Amphilepidida","Amphiuridae","Amphiodia","Amphiodia cf_ urtica EAC_2010","Yes","Yes","Yes","Internal skeleton","Internal skeleton","Calcite","Meroplanktonic","No","Brittle stars"
"1506",0.29440909346168,0.00802872908304298,8,10,"Eukaryota","Echinodermata","Ophiuroidea","Amphilepidida","Amphiuridae","Amphiodia",NA,"Yes","Yes","Yes","Internal skeleton","Internal skeleton","Calcite","Meroplanktonic","No","Brittle stars"
"663",0.293557824113981,0.00822144864883635,17,21.25,"Eukaryota","Arthropoda","Malacostraca","Decapoda","Munididae","Pleuroncodes","Pleuroncodes planipes","Variable","No","Variable","None","Exoskeleton","Calcite","Meroplanktonic","No","Crabs, lobsters, shrimp"
"1614",0.293430087879496,0.00825071445740762,19,23.75,"Eukaryota","Arthropoda","Ostracoda","Halocyprida","Halocyprididae",NA,NA,"Variable","No","Variable","None","Exoskeleton","Chitin + Calcium","Holoplanktonic","No","Ostracods (seed shrimp)"
"216",0.292246552791746,0.00852625189645839,44,55,"Eukaryota","Bryozoa","Gymnolaemata","Cheilostomatida","Membraniporidae","Membranipora","Membranipora villosa","Yes","Yes","Yes","External shell","External shell","Calcite","Meroplanktonic","No","Encrusting bryozoans"
"425",0.29101732821073,0.00882093442559764,36,45,"Eukaryota","Arthropoda","Copepoda","Calanoida","Lucicutiidae","Lucicutia","Lucicutia flavicornis","Variable","Variable","Variable","Exoskeleton","Exoskeleton","Chitin + Calcium","Holoplanktonic","No","Copepods"
"192",0.290665376474508,0.00890693433563455,38,47.5,"Eukaryota","Arthropoda","Copepoda","Poecilostomatoida","Oncaeidae","Oncaea","Oncaea sp.","Variable","Variable","Variable","Exoskeleton","Exoskeleton","Chitin + Calcium","Holoplanktonic","No","Parasitic or predatory copepods"
"386",0.28977131161163,0.00912871046175826,8,10,"Eukaryota","Chordata","Actinopteri","Gadiformes","Merlucciidae","Merluccius",NA,"No","No","No","None","None","None","Meroplanktonic","No","Cods and grenadiers"
"2585",0.288153981150118,0.00954219680877207,9,11.25,"Eukaryota","Arthropoda","Copepoda","Calanoida","Paracalanidae","Paracalanus","Paracalanus tropicus","Variable","Variable","Variable","Exoskeleton","Exoskeleton","Chitin + Calcium","Holoplanktonic","No","Copepods"
"120",0.287540462426413,0.00970328071662291,58,72.5,"Eukaryota","Arthropoda","Copepoda","Calanoida","Clausocalanidae","Clausocalanus","Clausocalanus parapergens","Variable","Variable","Variable","Exoskeleton","Exoskeleton","Chitin + Calcium","Holoplanktonic","No","Copepods"
"945",0.285298126086399,0.0103124148546095,21,26.25,"Eukaryota","Arthropoda","Ostracoda","Halocyprida","Halocyprididae",NA,NA,"Variable","No","Variable","None","Exoskeleton","Chitin + Calcium","Holoplanktonic","No","Ostracods (seed shrimp)"
"2648",0.284734244374959,0.0104707468924875,11,13.75,"Eukaryota","Mollusca","Gastropoda","Nudibranchia","Triopha","Triopha","Triopha maculata","Variable","Variable","No","External shell","None","Aragonite","Meroplanktonic","No","Shell-less sea slugs"
"97",0.283801770281616,0.0107372307747646,74,92.5,"Eukaryota","Bryozoa","Gymnolaemata","Cheilostomatida","Membraniporidae","Membranipora","Membranipora villosa","Yes","Yes","Yes","External shell","External shell","Calcite","Meroplanktonic","No","Encrusting bryozoans"
"965",0.282808036632123,0.0110277108750156,5,6.25,"Eukaryota","Arthropoda","Copepoda","Calanoida","Temoridae","Temora","Temora discaudata","Variable","Variable","Variable","Exoskeleton","Exoskeleton","Chitin + Calcium","Holoplanktonic","No","Copepods"
"986",0.281946999809461,0.0112849141834679,14,17.5,"Eukaryota","Arthropoda","Ostracoda","Halocyprida","Halocyprididae","Conchoecia","Conchoecia magna","Variable","No","Variable","None","Exoskeleton","Chitin + Calcium","Holoplanktonic","No","Ostracods (seed shrimp)"
"2429",0.281758473944197,0.0113419213110051,11,13.75,"Eukaryota","Arthropoda","Copepoda","Calanoida","Clausocalanidae","Clausocalanus","Clausocalanus arcuicornis","Variable","Variable","Variable","Exoskeleton","Exoskeleton","Chitin + Calcium","Holoplanktonic","No","Copepods"
"466",0.279012287120639,0.0122011946431428,18,22.5,"Eukaryota","Arthropoda","Copepoda","Calanoida","Candaciidae","Candacia","Candacia bipinnata","Variable","Variable","Variable","Exoskeleton","Exoskeleton","Chitin + Calcium","Holoplanktonic","No","Copepods"
"33",0.277607485602295,0.0126622234649131,30,37.5,"Eukaryota","Echinodermata","Echinoidea","Camarodonta","Strongylocentrotidae","Strongylocentrotus","Strongylocentrotus purpuratus","Yes","Yes","Yes","Internal skeleton","Exoskeleton","Calcite","Meroplanktonic","No","Sea urchins"
"682",0.277556712579171,0.0126791655366919,27,33.75,"Eukaryota","Arthropoda","Copepoda","Calanoida","Clausocalanidae","Clausocalanus","Clausocalanus parapergens","Variable","Variable","Variable","Exoskeleton","Exoskeleton","Chitin + Calcium","Holoplanktonic","No","Copepods"
"335",0.277388884342078,0.0127353069688842,8,10,"Eukaryota","Cnidaria","Hydrozoa","Siphonophorae","Diphyidae","Diphyes","Diphyes sp. HAW01","No","No","No","None","None","None","Holoplanktonic","No","Colonial hydrozoans (e.g., Portuguese man o' war)"
"388",0.275333660996205,0.0134405074392231,61,76.25,"Eukaryota","Bryozoa","Gymnolaemata","Cheilostomatida","Membraniporidae","Membranipora","Membranipora villosa","Yes","Yes","Yes","External shell","External shell","Calcite","Meroplanktonic","No","Encrusting bryozoans"
"676",0.275057321878935,0.0135378604197566,15,18.75,"Eukaryota","Arthropoda","Copepoda","Calanoida","Clausocalanidae","Clausocalanus","Clausocalanus jobei","Variable","Variable","Variable","Exoskeleton","Exoskeleton","Chitin + Calcium","Holoplanktonic","No","Copepods"
"337",0.274807741005588,0.0136263110380086,31,38.75,"Eukaryota","Bryozoa","Gymnolaemata","Cheilostomatida","Membraniporidae","Membranipora","Membranipora villosa","Yes","Yes","Yes","External shell","External shell","Calcite","Meroplanktonic","No","Encrusting bryozoans"
"1017",0.273373810287815,0.0141442528967837,10,12.5,"Eukaryota","Mollusca","Gastropoda","Cephalaspidea","Philinidae","Philine",NA,"Variable","Yes","Yes","External shell","External shell","Aragonite","Meroplanktonic","No","Bubble snails"
"429",0.268690683242777,0.0159562414529537,22,27.5,"Eukaryota","Arthropoda","Copepoda","Calanoida","Candaciidae","Candacia","Candacia bipinnata","Variable","Variable","Variable","Exoskeleton","Exoskeleton","Chitin + Calcium","Holoplanktonic","No","Copepods"
"2616",0.266234794861563,0.0169840519657127,9,11.25,"Eukaryota","Arthropoda","Copepoda","Calanoida","Clausocalanidae","Clausocalanus","Clausocalanus arcuicornis","Variable","Variable","Variable","Exoskeleton","Exoskeleton","Chitin + Calcium","Holoplanktonic","No","Copepods"
"5366",0.263612076297365,0.018144091458872,2,2.5,"Eukaryota","Arthropoda","Copepoda","Poecilostomatoida","Corycaeidae",NA,NA,"Variable","Variable","Variable","Exoskeleton","Exoskeleton","Chitin + Calcium","Holoplanktonic","No","Parasitic or predatory copepods"
"6507",0.261147284247717,0.019295646740369,3,3.75,"Eukaryota","Arthropoda","Copepoda","Calanoida","Paracalanidae","Paracalanus","Paracalanus tropicus","Variable","Variable","Variable","Exoskeleton","Exoskeleton","Chitin + Calcium","Holoplanktonic","No","Copepods"
"3678",0.26093363771029,0.0193983488737678,3,3.75,"Eukaryota","Arthropoda","Copepoda","Calanoida","Paracalanidae","Paracalanus","Paracalanus tropicus","Variable","Variable","Variable","Exoskeleton","Exoskeleton","Chitin + Calcium","Holoplanktonic","No","Copepods"
"1639",0.259783324115189,0.0199594023983936,8,10,"Eukaryota","Arthropoda","Copepoda","Calanoida","Paracalanidae","Paracalanus","Paracalanus tropicus","Variable","Variable","Variable","Exoskeleton","Exoskeleton","Chitin + Calcium","Holoplanktonic","No","Copepods"
"1489",0.257945667883046,0.0208845097380282,9,11.25,"Eukaryota","Mollusca","Gastropoda","Cephalaspidea","Philinidae","Philine",NA,"Variable","Yes","Yes","External shell","External shell","Aragonite","Meroplanktonic","No","Bubble snails"
"212",0.256987438959575,0.0213812668081136,32,40,"Eukaryota","Annelida","Polychaeta","Chaetopteridae","Chaetopteridae","Phyllochaetopterus","Phyllochaetopterus sp. 5 JM_2017","No","No","No","None","None","None","Benthic + Meroplanktonic","No","Tube-dwelling marine polychaetes"
"467",0.25656001616626,0.0216060810472176,26,32.5,"Eukaryota","Arthropoda","Copepoda","Calanoida","Lucicutiidae","Lucicutia","Lucicutia flavicornis","Variable","Variable","Variable","Exoskeleton","Exoskeleton","Chitin + Calcium","Holoplanktonic","No","Copepods"
"1259",0.256504994181178,0.0216351673693546,2,2.5,"Eukaryota","Arthropoda","Copepoda","Calanoida","Temoridae","Temora","Temora discaudata","Variable","Variable","Variable","Exoskeleton","Exoskeleton","Chitin + Calcium","Holoplanktonic","No","Copepods"
"417",0.25325372560743,0.0234142589832166,11,13.75,"Eukaryota","Echinodermata","Echinoidea","Camarodonta","Strongylocentrotidae","Strongylocentrotus","Strongylocentrotus purpuratus","Yes","Yes","Yes","Internal skeleton","Exoskeleton","Calcite","Meroplanktonic","No","Sea urchins"
"1510",0.253050836692287,0.0235292909367646,7,8.75,"Eukaryota","Echinodermata","Asteroidea","Valvatida","Asterinidae","Patiria","Patiria miniata","Variable","No","Yes","None","Internal skeleton","Calcite","Meroplanktonic","No","Sea stars"
"1461",0.252321517756137,0.0239467726951074,10,12.5,"Eukaryota","Arthropoda","Ostracoda","Halocyprida","Halocyprididae",NA,NA,"Variable","No","Variable","None","Exoskeleton","Chitin + Calcium","Holoplanktonic","No","Ostracods (seed shrimp)"
"760",0.252000769636584,0.0241323622955257,11,13.75,"Eukaryota","Echinodermata","Echinoidea","Camarodonta","Strongylocentrotidae","Strongylocentrotus","Strongylocentrotus purpuratus","Yes","Yes","Yes","Internal skeleton","Exoskeleton","Calcite","Meroplanktonic","No","Sea urchins"
"146",0.25176191943327,0.0242713576133197,62,77.5,"Eukaryota","Arthropoda","Malacostraca","Euphausiacea","Euphausiidae","Hansarsia",NA,"Variable","No","Variable","None","Exoskeleton","Chitin + Calcium","Holoplanktonic","No","Krill"
"1088",0.251609220895694,0.0243605743497535,11,13.75,"Eukaryota","Arthropoda","Copepoda","Calanoida","Lucicutiidae","Lucicutia","Lucicutia flavicornis","Variable","Variable","Variable","Exoskeleton","Exoskeleton","Chitin + Calcium","Holoplanktonic","No","Copepods"
"2014",0.25141987527131,0.0244715896963328,20,25,"Eukaryota","Arthropoda","Copepoda","Calanoida","Calocalanidae","Calocalanus",NA,"Variable","Variable","Variable","Exoskeleton","Exoskeleton","Chitin + Calcium","Holoplanktonic","No","Copepods"
"4795",0.250393741863914,0.0250807281659647,3,3.75,"Eukaryota","Arthropoda","Copepoda","Poecilostomatoida","Oncaeidae","Oncaea","Oncaea sp.","Variable","Variable","Variable","Exoskeleton","Exoskeleton","Chitin + Calcium","Holoplanktonic","No","Parasitic or predatory copepods"
"4195",0.249286736359647,0.0257522597314483,5,6.25,"Eukaryota","Arthropoda","Copepoda","Calanoida","Calocalanidae","Calocalanus",NA,"Variable","Variable","Variable","Exoskeleton","Exoskeleton","Chitin + Calcium","Holoplanktonic","No","Copepods"
"125",0.246558242138217,0.0274728146660401,11,13.75,"Eukaryota","Echinodermata","Echinoidea","Camarodonta","Strongylocentrotidae","Mesocentrotus",NA,"Yes","Yes","Yes","Internal skeleton","Exoskeleton","Calcite","Meroplanktonic","No","Sea urchins"
"957",0.24527186787032,0.0283171260463097,22,27.5,"Eukaryota","Arthropoda","Copepoda","Calanoida","Euchaetidae","Euchaeta","Euchaeta marina","Variable","Variable","Variable","Exoskeleton","Exoskeleton","Chitin + Calcium","Holoplanktonic","No","Copepods"
"688",0.243223337068997,0.0297068922922915,10,12.5,"Eukaryota","Arthropoda","Copepoda","Poecilostomatoida","Oncaeidae","Oncaea","Oncaea sp.","Variable","Variable","Variable","Exoskeleton","Exoskeleton","Chitin + Calcium","Holoplanktonic","No","Parasitic or predatory copepods"
"250",0.239661746665042,0.0322600625558738,46,57.5,"Eukaryota","Arthropoda","Ostracoda","Halocyprida","Halocyprididae","Mikroconchoecia",NA,"Variable","No","Variable","None","Exoskeleton","Chitin + Calcium","Holoplanktonic","No","Ostracods (seed shrimp)"
"5610",0.239647342088514,0.0322707515766667,2,2.5,"Eukaryota","Arthropoda","Copepoda","Calanoida","Clausocalanidae","Clausocalanus","Clausocalanus arcuicornis","Variable","Variable","Variable","Exoskeleton","Exoskeleton","Chitin + Calcium","Holoplanktonic","No","Copepods"
"199",0.239123769435815,0.0326612971719239,40,50,"Eukaryota","Arthropoda","Copepoda","Calanoida","Calocalanidae","Calocalanus",NA,"Variable","Variable","Variable","Exoskeleton","Exoskeleton","Chitin + Calcium","Holoplanktonic","No","Copepods"
"2037",0.238727267320424,0.0329596920564488,11,13.75,"Eukaryota","Arthropoda","Copepoda","Poecilostomatoida","Oncaeidae","Oncaea","Oncaea sp.","Variable","Variable","Variable","Exoskeleton","Exoskeleton","Chitin + Calcium","Holoplanktonic","No","Parasitic or predatory copepods"
"2531",0.238215387162043,0.0333482978457806,8,10,"Eukaryota","Arthropoda","Copepoda","Calanoida","Clausocalanidae","Clausocalanus","Clausocalanus parapergens","Variable","Variable","Variable","Exoskeleton","Exoskeleton","Chitin + Calcium","Holoplanktonic","No","Copepods"
"239",0.237672922631231,0.033764310590907,49,61.25,"Eukaryota","Arthropoda","Copepoda","Calanoida","Lucicutiidae","Lucicutia","Lucicutia flavicornis","Variable","Variable","Variable","Exoskeleton","Exoskeleton","Chitin + Calcium","Holoplanktonic","No","Copepods"
"555",0.23756257235494,0.0338494680232855,20,25,"Eukaryota","Arthropoda","Copepoda","Calanoida","Calocalanidae",NA,NA,"Variable","Variable","Variable","Exoskeleton","Exoskeleton","Chitin + Calcium","Holoplanktonic","No","Copepods"
"3016",0.237442543596705,0.0339422987348404,5,6.25,"Eukaryota","Arthropoda","Malacostraca","Decapoda","Munididae","Pleuroncodes","Pleuroncodes planipes","Variable","No","Variable","None","Exoskeleton","Calcite","Meroplanktonic","No","Crabs, lobsters, shrimp"
"1385",0.237123884097125,0.0341897872080969,10,12.5,"Eukaryota","Arthropoda","Copepoda","Calanoida","Metridinidae","Pleuromamma","Pleuromamma borealis","Variable","Variable","Variable","Exoskeleton","Exoskeleton","Chitin + Calcium","Holoplanktonic","No","Copepods"
"1178",0.235543003247932,0.0354400567489949,5,6.25,"Eukaryota","Arthropoda","Ostracoda","Halocyprida","Halocyprididae","Halocypris","Halocypris inflata","Variable","No","Variable","None","Exoskeleton","Chitin + Calcium","Holoplanktonic","No","Ostracods (seed shrimp)"
"1759",0.235178368126424,0.0357338012675595,12,15,"Eukaryota","Arthropoda","Copepoda","Calanoida","Clausocalanidae","Clausocalanus","Clausocalanus arcuicornis","Variable","Variable","Variable","Exoskeleton","Exoskeleton","Chitin + Calcium","Holoplanktonic","No","Copepods"
"3831",0.232020229573581,0.0383641561231059,2,2.5,"Eukaryota","Arthropoda","Copepoda","Poecilostomatoida","Oncaeidae","Oncaea","Oncaea sp.","Variable","Variable","Variable","Exoskeleton","Exoskeleton","Chitin + Calcium","Holoplanktonic","No","Parasitic or predatory copepods"
"311",0.231774462432084,0.0385754482780067,38,47.5,"Eukaryota","Arthropoda","Copepoda","Calanoida","Metridinidae","Pleuromamma","Pleuromamma abdominalis","Variable","Variable","Variable","Exoskeleton","Exoskeleton","Chitin + Calcium","Holoplanktonic","No","Copepods"
"501",0.231668280811972,0.0386670347952665,9,11.25,"Eukaryota","Echinodermata","Echinoidea","Camarodonta","Strongylocentrotidae","Strongylocentrotus","Strongylocentrotus purpuratus","Yes","Yes","Yes","Internal skeleton","Exoskeleton","Calcite","Meroplanktonic","No","Sea urchins"
"579",0.231492095720112,0.0388194022242047,27,33.75,"Eukaryota","Bryozoa","Gymnolaemata","Cheilostomatida","Membraniporidae","Membranipora","Membranipora villosa","Yes","Yes","Yes","External shell","External shell","Calcite","Meroplanktonic","No","Encrusting bryozoans"
"2117",0.230547090522961,0.0396452173860172,4,5,"Eukaryota","Arthropoda","Copepoda","Calanoida","Clausocalanidae","Clausocalanus","Clausocalanus jobei","Variable","Variable","Variable","Exoskeleton","Exoskeleton","Chitin + Calcium","Holoplanktonic","No","Copepods"
"4104",0.22985490855096,0.0402593296919002,7,8.75,"Eukaryota","Echinodermata","Ophiuroidea","Amphilepidida","Amphiuridae","Amphiodia","Amphiodia cf_ urtica EAC_2010","Yes","Yes","Yes","Internal skeleton","Internal skeleton","Calcite","Meroplanktonic","No","Brittle stars"
"2166",0.229637264563088,0.0404540530737157,10,12.5,"Eukaryota","Bryozoa","Gymnolaemata","Cheilostomatida","Membraniporidae","Membranipora","Membranipora villosa","Yes","Yes","Yes","External shell","External shell","Calcite","Meroplanktonic","No","Encrusting bryozoans"
"4583",0.229116726513919,0.0409229496843029,2,2.5,"Eukaryota","Annelida","Polychaeta","Sabellida","Sabellariidae",NA,NA,"Variable","Variable","Variable","External tube","External tube","Aragonite","Benthic + Meroplanktonic","No","Fan worms and feather duster worms"
"488",0.228340109579599,0.0416309082228375,38,47.5,"Eukaryota","Arthropoda","Ostracoda","Halocyprida","Halocyprididae","Discoconchoecia",NA,"Variable","No","Variable","None","Exoskeleton","Chitin + Calcium","Holoplanktonic","No","Ostracods (seed shrimp)"
"3018",0.228250009182677,0.0417136974116879,2,2.5,"Eukaryota","Mollusca","Gastropoda","Nudibranchia","Discodorididae","Diaulula","Diaulula sandiegensis","Variable","Variable","No","External shell","None","Aragonite","Meroplanktonic","No","Shell-less sea slugs"
"4899",0.22586653652176,0.0439538843645727,2,2.5,"Eukaryota","Mollusca","Gastropoda","Pteropoda","Cliidae","Clio","Clio pyramidata","Yes","Yes","Yes","External shell","External shell","Aragonite","Holoplanktonic","No","Sea butterflies"
"5299",0.225433177856139,0.0443717033699772,2,2.5,"Eukaryota","Arthropoda","Copepoda","Calanoida","Metridinidae","Pleuromamma","Pleuromamma gracilis","Variable","Variable","Variable","Exoskeleton","Exoskeleton","Chitin + Calcium","Holoplanktonic","No","Copepods"
"1383",0.224474893152041,0.0453073017996962,11,13.75,"Eukaryota","Arthropoda","Copepoda","Calanoida","Paracalanidae","Paracalanus","Paracalanus tropicus","Variable","Variable","Variable","Exoskeleton","Exoskeleton","Chitin + Calcium","Holoplanktonic","No","Copepods"
"2211",0.224336360488696,0.0454438941635198,14,17.5,"Eukaryota","Arthropoda","Copepoda","Calanoida","Calanidae","Mesocalanus",NA,"Variable","Variable","Variable","Exoskeleton","Exoskeleton","Chitin + Calcium","Holoplanktonic","No","Copepods"
"489",0.22386420372349,0.0459119967966018,10,12.5,"Eukaryota","Arthropoda","Ostracoda","Halocyprida","Halocyprididae","Halocypris","Halocypris inflata","Variable","No","Variable","None","Exoskeleton","Chitin + Calcium","Holoplanktonic","No","Ostracods (seed shrimp)"
"838",0.22325185981469,0.0465250077251335,5,6.25,"Eukaryota","Annelida","Polychaeta","Phyllodocida","Polynoidae",NA,NA,"No","No","No","None","None","None","Benthic + Meroplanktonic","No","Active marine polychaetes"
"628",0.222478407855581,0.0473089419236712,4,5,"Eukaryota","Mollusca","Bivalvia","Cardiida","Tellinidae",NA,NA,"Yes","Yes","Yes","External shell","External shell","Aragonite/Calcite","Meroplanktonic","No","Clams"
"38",0.22008907641819,0.0499802974075737,80,100,"Eukaryota","Arthropoda","Copepoda","Calanoida","Calocalanidae","Calocalanus","Calocalanus tenuis","Variable","Variable","Variable","Exoskeleton","Exoskeleton","Chitin + Calcium","Holoplanktonic","No","Copepods"
"4087",0.217832582937307,0.0522500700020415,5,6.25,"Eukaryota","Arthropoda","Copepoda","Calanoida","Paracalanidae","Paracalanus","Paracalanus tropicus","Variable","Variable","Variable","Exoskeleton","Exoskeleton","Chitin + Calcium","Holoplanktonic","No","Copepods"
"1549",0.217823083908038,0.0522605903058277,14,17.5,"Eukaryota","Arthropoda","Ostracoda","Halocyprida","Halocyprididae","Conchoecia","Conchoecia magna","Variable","No","Variable","None","Exoskeleton","Chitin + Calcium","Holoplanktonic","No","Ostracods (seed shrimp)"
"362",0.217810578080144,0.0522744433285026,19,23.75,"Eukaryota","Arthropoda","Copepoda","Calanoida","Clausocalanidae","Clausocalanus","Clausocalanus jobei","Variable","Variable","Variable","Exoskeleton","Exoskeleton","Chitin + Calcium","Holoplanktonic","No","Copepods"
"1187",0.216319964913856,0.0539473324611317,7,8.75,"Eukaryota","Echinodermata","Ophiuroidea","Amphilepidida","Ophiocomidae","Ophiopteris","Ophiopteris papillosa","Yes","Yes","Yes","Internal skeleton","Internal skeleton","Calcite","Meroplanktonic","No","Brittle stars"
"1592",0.215459085106549,0.0549332779679099,7,8.75,"Eukaryota","Arthropoda","Copepoda","Calanoida","Euchaetidae","Euchaeta","Euchaeta marina","Variable","Variable","Variable","Exoskeleton","Exoskeleton","Chitin + Calcium","Holoplanktonic","No","Copepods"
"731",0.215052753326594,0.0554037317875609,13,16.25,"Eukaryota","Echinodermata","Echinoidea","Camarodonta","Strongylocentrotidae","Strongylocentrotus","Strongylocentrotus purpuratus","Yes","Yes","Yes","Internal skeleton","Exoskeleton","Calcite","Meroplanktonic","No","Sea urchins"
"4375",0.214424584076272,0.0561375055454702,5,6.25,"Eukaryota","Arthropoda","Ostracoda","Halocyprida","Halocyprididae","Porroecia","Porroecia spinirostris","Variable","No","Variable","None","Exoskeleton","Chitin + Calcium","Holoplanktonic","No","Ostracods (seed shrimp)"
"234",0.214168497301332,0.0564389122446066,50,62.5,"Eukaryota","Arthropoda","Copepoda","Calanoida","Calocalanidae","Calocalanus","Calocalanus tenuis","Variable","Variable","Variable","Exoskeleton","Exoskeleton","Chitin + Calcium","Holoplanktonic","No","Copepods"
"955",0.21388438364796,0.0567748500984886,6,7.5,"Eukaryota","Cnidaria","Hydrozoa","Siphonophorae","Diphyidae","Diphyes","Diphyes sp. HAW01","No","No","No","None","None","None","Holoplanktonic","No","Colonial hydrozoans (e.g., Portuguese man o' war)"
"3490",0.213860183963974,0.056803539207885,3,3.75,"Eukaryota","Mollusca","Gastropoda","Siphonariida","Siphonariidae","Williamia","Williamia peltoides","Variable","Variable","Variable","External shell","External shell","Aragonite","Meroplanktonic","No","False limpets (air-breathing marine snails)"
"61",0.213657511350002,0.0570442754581766,16,20,"Eukaryota","Echinodermata","Echinoidea","Temnopleuroida","Toxopneustidae","Lytechinus","Lytechinus pictus","Yes","Yes","Yes","Internal skeleton","Exoskeleton","Calcite","Meroplanktonic","No","Short-spined sea urchins"
"6281",0.212085730955006,0.0589396351219777,2,2.5,"Eukaryota","Arthropoda","Copepoda","Calanoida","Calanidae",NA,NA,"Variable","Variable","Variable","Exoskeleton","Exoskeleton","Chitin + Calcium","Holoplanktonic","No","Copepods"
"1455",0.211537299317706,0.0596129141877036,7,8.75,"Eukaryota","Echinodermata","Ophiuroidea","Amphilepidida","Amphiuridae","Amphiodia",NA,"Yes","Yes","Yes","Internal skeleton","Internal skeleton","Calcite","Meroplanktonic","No","Brittle stars"
"235",0.211520600514155,0.0596335121200315,36,45,"Eukaryota","Arthropoda","Copepoda","Calanoida","Calocalanidae","Calocalanus","Calocalanus tenuis","Variable","Variable","Variable","Exoskeleton","Exoskeleton","Chitin + Calcium","Holoplanktonic","No","Copepods"
"3322",0.210785654958143,0.0605458159542855,2,2.5,"Eukaryota","Arthropoda","Copepoda","Calanoida","Clausocalanidae","Microcalanus","Microcalanus sp. D AC_2021","Variable","Variable","Variable","Exoskeleton","Exoskeleton","Chitin + Calcium","Holoplanktonic","No","Copepods"
"3770",0.210568804094754,0.0608171541752492,8,10,"Eukaryota","Arthropoda","Copepoda","Calanoida","Heterorhabdidae","Heterorhabdus","Heterorhabdus papilliger","Variable","Variable","Variable","Exoskeleton","Exoskeleton","Chitin + Calcium","Holoplanktonic","No","Copepods"
"1164",0.21044183936515,0.0609764788935174,3,3.75,"Eukaryota","Echinodermata","Ophiuroidea","Amphilepidida","Ophionereidae","Ophionereis",NA,"Yes","Yes","Yes","Internal skeleton","Internal skeleton","Calcite","Meroplanktonic","No","Brittle stars"
"855",0.207711166840786,0.0644859724312871,7,8.75,"Eukaryota","Annelida","Polychaeta","Phyllodocida","Polynoidae",NA,NA,"No","No","No","None","None","None","Benthic + Meroplanktonic","No","Active marine polychaetes"
"2101",0.206044259008153,0.0667074720540234,5,6.25,"Eukaryota","Arthropoda","Ostracoda","Halocyprida","Halocyprididae","Discoconchoecia","Discoconchoecia sp. S8_D6","Variable","No","Variable","None","Exoskeleton","Chitin + Calcium","Holoplanktonic","No","Ostracods (seed shrimp)"
"236",0.205483789407075,0.0674681482761955,53,66.25,"Eukaryota","Arthropoda","Copepoda","Calanoida","Lucicutiidae","Lucicutia","Lucicutia flavicornis","Variable","Variable","Variable","Exoskeleton","Exoskeleton","Chitin + Calcium","Holoplanktonic","No","Copepods"
"2363",0.204400103964104,0.0689587825464967,8,10,"Eukaryota","Arthropoda","Copepoda","Poecilostomatoida","Oncaeidae","Oncaea","Oncaea sp.","Variable","Variable","Variable","Exoskeleton","Exoskeleton","Chitin + Calcium","Holoplanktonic","No","Parasitic or predatory copepods"
"5301",0.204385938643724,0.0689784415172449,4,5,"Eukaryota","Echinodermata","Ophiuroidea","Amphilepidida","Ophiuridae",NA,NA,"Yes","Yes","Yes","Internal skeleton","Internal skeleton","Calcite","Meroplanktonic","No","Brittle stars"
"1478",0.20423987677051,0.0691814130913526,10,12.5,"Eukaryota","Arthropoda","Copepoda","Calanoida","Clausocalanidae","Clausocalanus","Clausocalanus jobei","Variable","Variable","Variable","Exoskeleton","Exoskeleton","Chitin + Calcium","Holoplanktonic","No","Copepods"
"3108",0.203932861019828,0.0696096188708695,7,8.75,"Eukaryota","Arthropoda","Ostracoda","Halocyprida","Halocyprididae",NA,NA,"Variable","No","Variable","None","Exoskeleton","Chitin + Calcium","Holoplanktonic","No","Ostracods (seed shrimp)"
"766",0.202819434364001,0.071180487001683,21,26.25,"Eukaryota","Bryozoa","Gymnolaemata","Cheilostomatida","Membraniporidae",NA,NA,"Yes","Yes","Yes","External shell","External shell","Calcite","Meroplanktonic","No","Encrusting bryozoans"
"861",0.202301047144393,0.0719215073750277,5,6.25,"Eukaryota","Echinodermata","Ophiuroidea","Amphilepidida","Ophiocomidae","Ophiopteris","Ophiopteris papillosa","Yes","Yes","Yes","Internal skeleton","Internal skeleton","Calcite","Meroplanktonic","No","Brittle stars"
"680",0.201617591254705,0.072907945252395,25,31.25,"Eukaryota","Arthropoda","Copepoda","Calanoida","Clausocalanidae","Clausocalanus","Clausocalanus parapergens","Variable","Variable","Variable","Exoskeleton","Exoskeleton","Chitin + Calcium","Holoplanktonic","No","Copepods"
"260",0.201518883471369,0.0730513039901218,5,6.25,"Eukaryota","Echinodermata","Echinoidea","Temnopleuroida","Toxopneustidae","Lytechinus","Lytechinus pictus","Yes","Yes","Yes","Internal skeleton","Exoskeleton","Calcite","Meroplanktonic","No","Short-spined sea urchins"
"1025",0.200247196764798,0.0749185464352752,24,30,"Eukaryota","Cnidaria","Hydrozoa","Trachymedusae","Halicreatidae",NA,NA,"No","No","No","None","None","None","Holoplanktonic","No","Deep-sea jellyfish"
"423",0.198050182336564,0.078234357729829,7,8.75,"Eukaryota","Echinodermata","Echinoidea","Camarodonta","Strongylocentrotidae","Strongylocentrotus","Strongylocentrotus purpuratus","Yes","Yes","Yes","Internal skeleton","Exoskeleton","Calcite","Meroplanktonic","No","Sea urchins"
"372",0.197392538826806,0.0792493579530645,35,43.75,"Eukaryota","Bryozoa","Gymnolaemata","Cheilostomatida","Membraniporidae","Membranipora","Membranipora villosa","Yes","Yes","Yes","External shell","External shell","Calcite","Meroplanktonic","No","Encrusting bryozoans"
"3693",0.197372391402077,0.079280618271589,4,5,"Eukaryota","Arthropoda","Thecostraca","Balanomorpha","Tetraclitidae","Tetraclita","Tetraclita rubescens","Yes","Yes","Yes","External shell","External shell","Calcite","Meroplanktonic","No","Barnacles"
"1747",0.197351536323886,0.079312986926275,2,2.5,"Eukaryota","Arthropoda","Copepoda","Calanoida","Mecynoceridae","Mecynocera","Mecynocera clausi","Variable","Variable","Variable","Exoskeleton","Exoskeleton","Chitin + Calcium","Holoplanktonic","No","Copepods"
"1494",0.197305392546859,0.0793846430016375,6,7.5,"Eukaryota","Bryozoa","Gymnolaemata","Cheilostomatida","Membraniporidae",NA,NA,"Yes","Yes","Yes","External shell","External shell","Calcite","Meroplanktonic","No","Encrusting bryozoans"
"2855",0.197264864590762,0.0794476209096198,2,2.5,"Eukaryota","Echinodermata","Ophiuroidea","Amphilepidida","Ophiocomidae",NA,NA,"Yes","Yes","Yes","Internal skeleton","Internal skeleton","Calcite","Meroplanktonic","No","Brittle stars"
"4521",0.196831505925141,0.0801235262549705,2,2.5,"Eukaryota","Arthropoda","Ostracoda","Halocyprida","Halocyprididae","Halocypris","Halocypris inflata","Variable","No","Variable","None","Exoskeleton","Chitin + Calcium","Holoplanktonic","No","Ostracods (seed shrimp)"
"409",0.195816787669659,0.0817241002998471,41,51.25,"Eukaryota","Arthropoda","Malacostraca","Euphausiacea","Euphausiidae","Hansarsia","Hansarsia difficilis","Variable","No","Variable","None","Exoskeleton","Chitin + Calcium","Holoplanktonic","No","Krill"
"4474",0.193667987666106,0.0851974643294713,2,2.5,"Eukaryota","Chaetognatha","Sagittoidea","Aphragmophora","Sagittidae","Flaccisagitta",NA,"No","No","No","None","None","None","Holoplanktonic","No","Chaetognaths (arrow worms)"
"763",0.192450089729875,0.0872174614520712,1,1.25,"Eukaryota","Arthropoda","Copepoda","Calanoida","Pontellidae","Labidocera","Labidocera trispinosa","Variable","Variable","Variable","Exoskeleton","Exoskeleton","Chitin + Calcium","Holoplanktonic","No","Copepods"
"939",0.192450089729875,0.0872174614520712,1,1.25,"Eukaryota","Arthropoda","Copepoda","Calanoida","Pontellidae","Labidocera","Labidocera trispinosa","Variable","Variable","Variable","Exoskeleton","Exoskeleton","Chitin + Calcium","Holoplanktonic","No","Copepods"
"1059",0.192450089729875,0.0872174614520712,1,1.25,"Eukaryota","Arthropoda","Copepoda","Calanoida","Pontellidae","Labidocera","Labidocera trispinosa","Variable","Variable","Variable","Exoskeleton","Exoskeleton","Chitin + Calcium","Holoplanktonic","No","Copepods"
"1253",0.192450089729875,0.0872174614520712,1,1.25,"Eukaryota","Arthropoda","Copepoda","Calanoida","Pontellidae","Labidocera","Labidocera trispinosa","Variable","Variable","Variable","Exoskeleton","Exoskeleton","Chitin + Calcium","Holoplanktonic","No","Copepods"
"1814",0.192450089729875,0.0872174614520712,1,1.25,"Eukaryota","Arthropoda","Copepoda","Calanoida","Pontellidae","Labidocera","Labidocera trispinosa","Variable","Variable","Variable","Exoskeleton","Exoskeleton","Chitin + Calcium","Holoplanktonic","No","Copepods"
"1907",0.192450089729875,0.0872174614520712,1,1.25,"Eukaryota","Mollusca","Gastropoda","Nudibranchia","Glaucidae","Hermissenda",NA,"Variable","Variable","No","External shell","None","Aragonite","Meroplanktonic","No","Shell-less sea slugs"
"2661",0.192450089729875,0.0872174614520712,1,1.25,"Eukaryota","Arthropoda","Copepoda","Calanoida","Pontellidae","Labidocera","Labidocera trispinosa","Variable","Variable","Variable","Exoskeleton","Exoskeleton","Chitin + Calcium","Holoplanktonic","No","Copepods"
"4161",0.192450089729875,0.0872174614520712,1,1.25,"Eukaryota","Arthropoda","Malacostraca","Decapoda","Cancridae","Romaleon",NA,"Variable","No","Variable","None","Exoskeleton","Calcite","Meroplanktonic","No","Crabs, lobsters, shrimp"
"4337",0.192450089729875,0.0872174614520712,1,1.25,"Eukaryota","Echinodermata","Ophiuroidea","Amphilepidida","Amphiuridae","Amphiodia",NA,"Yes","Yes","Yes","Internal skeleton","Internal skeleton","Calcite","Meroplanktonic","No","Brittle stars"
"4960",0.192450089729875,0.0872174614520712,1,1.25,"Eukaryota","Arthropoda","Copepoda","Calanoida","Scolecitrichidae","Scolecithricella","Scolecithricella dentata","Variable","Variable","Variable","Exoskeleton","Exoskeleton","Chitin + Calcium","Holoplanktonic","No","Copepods"
"5072",0.192450089729875,0.0872174614520712,1,1.25,"Eukaryota","Arthropoda","Malacostraca","Euphausiacea","Euphausiidae","Hansarsia","Hansarsia difficilis","Variable","No","Variable","None","Exoskeleton","Chitin + Calcium","Holoplanktonic","No","Krill"
"5228",0.192450089729875,0.0872174614520712,1,1.25,"Eukaryota","Mollusca","Gastropoda","Nudibranchia","Glaucidae","Hermissenda","Hermissenda opalescens","Variable","Variable","No","External shell","None","Aragonite","Meroplanktonic","No","Shell-less sea slugs"
"5523",0.192450089729875,0.0872174614520712,1,1.25,"Eukaryota","Arthropoda","Thecostraca","Balanomorpha","Balanidae","Balanus","Balanus trigonus","Yes","Yes","Yes","External shell","External shell","Calcite","Meroplanktonic","No","Barnacles"
"5524",0.192450089729875,0.0872174614520712,1,1.25,"Eukaryota","Mollusca","Gastropoda","Littorinimorpha","Velutinidae","Hainotis","Hainotis sharonae","Yes","Yes","Yes","External shell","External shell","Aragonite/Calcite","Meroplanktonic","No","Periwinkles and related snails"
"5670",0.192450089729875,0.0872174614520712,1,1.25,"Eukaryota","Arthropoda","Thecostraca","Balanomorpha","Balanidae",NA,NA,"Yes","Yes","Yes","External shell","External shell","Calcite","Meroplanktonic","No","Barnacles"
"5984",0.192450089729875,0.0872174614520712,1,1.25,"Eukaryota","Arthropoda","Malacostraca","Decapoda","Cancridae","Romaleon",NA,"Variable","No","Variable","None","Exoskeleton","Calcite","Meroplanktonic","No","Crabs, lobsters, shrimp"
"6172",0.192450089729875,0.0872174614520712,1,1.25,"Eukaryota","Arthropoda","Thecostraca","Pollicipedomorpha","Pollicipedidae","Pollicipes","Pollicipes polymerus","Variable","Variable","Yes","Exoskeleton","Exoskeleton","Chitin + Calcium","Meroplanktonic","No","Stalked barnacles"
"6369",0.192450089729875,0.0872174614520712,1,1.25,"Eukaryota","Arthropoda","Thecostraca","Balanomorpha","Chthamalidae","Chthamalus","Chthamalus dalli","Yes","Yes","Yes","External shell","External shell","Calcite","Meroplanktonic","No","Barnacles"
"6603",0.192450089729875,0.0872174614520712,1,1.25,"Eukaryota","Arthropoda","Copepoda","Poecilostomatoida","Oncaeidae","Oncaea","Oncaea sp.","Variable","Variable","Variable","Exoskeleton","Exoskeleton","Chitin + Calcium","Holoplanktonic","No","Parasitic or predatory copepods"
"6604",0.192450089729875,0.0872174614520712,1,1.25,"Eukaryota","Annelida","Polychaeta","Phyllodocida","Syllidae","Odontosyllis","Odontosyllis phosphorea","No","No","No","None","None","None","Benthic + Meroplanktonic","No","Active marine polychaetes"
"7099",0.192450089729875,0.0872174614520712,1,1.25,"Eukaryota","Arthropoda","Copepoda","Calanoida","Clausocalanidae","Clausocalanus",NA,"Variable","Variable","Variable","Exoskeleton","Exoskeleton","Chitin + Calcium","Holoplanktonic","No","Copepods"
"7100",0.192450089729875,0.0872174614520712,1,1.25,"Eukaryota","Mollusca","Gastropoda","Nudibranchia","Dorididae","Doris","Doris montereyensis","Variable","Variable","No","External shell","None","Aragonite","Meroplanktonic","No","Shell-less sea slugs"
"7357",0.192450089729875,0.0872174614520712,1,1.25,"Eukaryota","Arthropoda","Copepoda","Poecilostomatoida","Oncaeidae","Oncaea",NA,"Variable","Variable","Variable","Exoskeleton","Exoskeleton","Chitin + Calcium","Holoplanktonic","No","Parasitic or predatory copepods"
"7358",0.192450089729875,0.0872174614520712,1,1.25,"Eukaryota","Arthropoda","Copepoda","Calanoida","Paracalanidae","Paracalanus",NA,"Variable","Variable","Variable","Exoskeleton","Exoskeleton","Chitin + Calcium","Holoplanktonic","No","Copepods"
"1604",0.192353099196369,0.0873799447927669,3,3.75,"Eukaryota","Chordata","Actinopteri","Argentiniformes","Argentinidae","Argentina","Argentina sialis","No","No","No","None","None","None","Meroplanktonic","No","Deep-sea smelts and related fish"
"1320",0.191557639116533,0.0887215925669481,12,15,"Eukaryota","Arthropoda","Copepoda","Calanoida","Clausocalanidae","Clausocalanus","Clausocalanus parapergens","Variable","Variable","Variable","Exoskeleton","Exoskeleton","Chitin + Calcium","Holoplanktonic","No","Copepods"
"2359",0.191094686902173,0.0895098841571042,6,7.5,"Eukaryota","Arthropoda","Copepoda","Calanoida","Calanidae",NA,NA,"Variable","Variable","Variable","Exoskeleton","Exoskeleton","Chitin + Calcium","Holoplanktonic","No","Copepods"
"2285",0.190121641378727,0.0911847602562003,5,6.25,"Eukaryota","Arthropoda","Copepoda","Calanoida","Clausocalanidae","Clausocalanus","Clausocalanus jobei","Variable","Variable","Variable","Exoskeleton","Exoskeleton","Chitin + Calcium","Holoplanktonic","No","Copepods"
"2979",0.190110577001435,0.0912039461481684,4,5,"Eukaryota","Arthropoda","Copepoda","Poecilostomatoida","Oncaeidae","Oncaea","Oncaea sp.","Variable","Variable","Variable","Exoskeleton","Exoskeleton","Chitin + Calcium","Holoplanktonic","No","Parasitic or predatory copepods"
"5744",0.189362047672397,0.0925093208957067,3,3.75,"Eukaryota","Arthropoda","Ostracoda","Halocyprida","Halocyprididae",NA,NA,"Variable","No","Variable","None","Exoskeleton","Chitin + Calcium","Holoplanktonic","No","Ostracods (seed shrimp)"
"502",0.189355867204227,0.092520160044311,23,28.75,"Eukaryota","Arthropoda","Ostracoda","Halocyprida","Halocyprididae","Proceroecia","Proceroecia procera","Variable","No","Variable","None","Exoskeleton","Chitin + Calcium","Holoplanktonic","No","Ostracods (seed shrimp)"
"2752",0.189221209579603,0.0927565675118259,6,7.5,"Eukaryota","Arthropoda","Copepoda","Calanoida","Euchaetidae",NA,NA,"Variable","Variable","Variable","Exoskeleton","Exoskeleton","Chitin + Calcium","Holoplanktonic","No","Copepods"
"31",0.188888888888889,0.0933377677993825,80,100,"Eukaryota","Arthropoda","Copepoda","Calanoida","Calanidae","Ctenocalanus","Ctenocalanus vanus","Variable","Variable","Variable","Exoskeleton","Exoskeleton","Chitin + Calcium","Holoplanktonic","No","Copepods"
"1758",0.188425623319333,0.0941630327615815,6,7.5,"Eukaryota","Echinodermata","Ophiuroidea","Amphilepidida","Amphiuridae",NA,NA,"Yes","Yes","Yes","Internal skeleton","Internal skeleton","Calcite","Meroplanktonic","No","Brittle stars"
"2526",0.188207668479279,0.0945512521660638,2,2.5,"Eukaryota","Nemertea","Palaeonemertea","Tubulaniformes","Tubulanidae",NA,NA,"No","No","No","None","None","None","Benthic + Meroplanktonic","No","Unsegmented ribbon worms (nemerteans)"
"1197",0.187663412692078,0.0955261691289892,5,6.25,"Eukaryota","Arthropoda","Copepoda","Calanoida","Clausocalanidae","Clausocalanus","Clausocalanus jobei","Variable","Variable","Variable","Exoskeleton","Exoskeleton","Chitin + Calcium","Holoplanktonic","No","Copepods"
"804",0.187577935559499,0.0956799975709633,1,1.25,"Eukaryota","Arthropoda","Malacostraca","Euphausiacea","Euphausiidae","Nyctiphanes","Nyctiphanes simplex","Variable","No","Variable","None","Exoskeleton","Chitin + Calcium","Holoplanktonic","No","Krill"
"829",0.187577935559499,0.0956799975709633,1,1.25,"Eukaryota","Arthropoda","Ostracoda","Halocyprida","Halocyprididae","Conchoecia","Conchoecia magna","Variable","No","Variable","None","Exoskeleton","Chitin + Calcium","Holoplanktonic","No","Ostracods (seed shrimp)"
"1254",0.187577935559499,0.0956799975709633,1,1.25,"Eukaryota","Arthropoda","Copepoda","Calanoida","Calanidae","Calanus","Calanus pacificus","Variable","Variable","Variable","Exoskeleton","Exoskeleton","Chitin + Calcium","Holoplanktonic","No","Copepods"
"1316",0.187577935559499,0.0956799975709633,1,1.25,"Eukaryota","Bryozoa","Gymnolaemata","Cheilostomatida","Membraniporidae","Membranipora","Membranipora villosa","Yes","Yes","Yes","External shell","External shell","Calcite","Meroplanktonic","No","Encrusting bryozoans"
"1446",0.187577935559499,0.0956799975709633,1,1.25,"Eukaryota","Arthropoda","Copepoda","Calanoida","Mecynoceridae","Mecynocera","Mecynocera clausi","Variable","Variable","Variable","Exoskeleton","Exoskeleton","Chitin + Calcium","Holoplanktonic","No","Copepods"
"1779",0.187577935559499,0.0956799975709633,1,1.25,"Eukaryota","Bryozoa","Gymnolaemata","Cheilostomatida","Membraniporidae","Membranipora",NA,"Yes","Yes","Yes","External shell","External shell","Calcite","Meroplanktonic","No","Encrusting bryozoans"
"1815",0.187577935559499,0.0956799975709633,1,1.25,"Eukaryota","Arthropoda","Copepoda","Calanoida","Mecynoceridae","Mecynocera","Mecynocera clausi","Variable","Variable","Variable","Exoskeleton","Exoskeleton","Chitin + Calcium","Holoplanktonic","No","Copepods"
"2051",0.187577935559499,0.0956799975709633,1,1.25,"Eukaryota","Mollusca","Gastropoda","Nudibranchia","Glaucidae","Hermissenda","Hermissenda opalescens","Variable","Variable","No","External shell","None","Aragonite","Meroplanktonic","No","Shell-less sea slugs"
"2205",0.187577935559499,0.0956799975709633,1,1.25,"Eukaryota","Arthropoda","Malacostraca","Decapoda","Hippolytidae","Lysmata","Lysmata californica","Variable","No","Variable","None","Exoskeleton","Calcite","Meroplanktonic","No","Crabs, lobsters, shrimp"
"2343",0.187577935559499,0.0956799975709633,1,1.25,"Eukaryota","Arthropoda","Copepoda","Poecilostomatoida","Oncaeidae","Oncaea","Oncaea sp.","Variable","Variable","Variable","Exoskeleton","Exoskeleton","Chitin + Calcium","Holoplanktonic","No","Parasitic or predatory copepods"
"2371",0.187577935559499,0.0956799975709633,1,1.25,"Eukaryota","Arthropoda","Malacostraca","Decapoda","Hippolytidae","Lysmata","Lysmata californica","Variable","No","Variable","None","Exoskeleton","Calcite","Meroplanktonic","No","Crabs, lobsters, shrimp"
"2372",0.187577935559499,0.0956799975709633,1,1.25,"Eukaryota","Arthropoda","Copepoda","Calanoida","Mecynoceridae","Mecynocera","Mecynocera clausi","Variable","Variable","Variable","Exoskeleton","Exoskeleton","Chitin + Calcium","Holoplanktonic","No","Copepods"
"2553",0.187577935559499,0.0956799975709633,1,1.25,"Eukaryota","Arthropoda","Copepoda","Calanoida","Clausocalanidae",NA,NA,"Variable","Variable","Variable","Exoskeleton","Exoskeleton","Chitin + Calcium","Holoplanktonic","No","Copepods"
"3093",0.187577935559499,0.0956799975709633,1,1.25,"Eukaryota","Bryozoa","Gymnolaemata","Cheilostomatida","Membraniporidae","Membranipora","Membranipora villosa","Yes","Yes","Yes","External shell","External shell","Calcite","Meroplanktonic","No","Encrusting bryozoans"
"3357",0.187577935559499,0.0956799975709633,1,1.25,"Eukaryota","Arthropoda","Copepoda","Calanoida","Temoridae","Temora","Temora discaudata","Variable","Variable","Variable","Exoskeleton","Exoskeleton","Chitin + Calcium","Holoplanktonic","No","Copepods"
"3473",0.187577935559499,0.0956799975709633,1,1.25,"Eukaryota","Bryozoa","Gymnolaemata","Cheilostomatida","Membraniporidae","Membranipora",NA,"Yes","Yes","Yes","External shell","External shell","Calcite","Meroplanktonic","No","Encrusting bryozoans"
"3474",0.187577935559499,0.0956799975709633,1,1.25,"Eukaryota","Arthropoda","Copepoda","Calanoida","Temoridae","Temora","Temora discaudata","Variable","Variable","Variable","Exoskeleton","Exoskeleton","Chitin + Calcium","Holoplanktonic","No","Copepods"
"3533",0.187577935559499,0.0956799975709633,1,1.25,"Eukaryota","Arthropoda","Malacostraca","Euphausiacea","Euphausiidae","Nyctiphanes","Nyctiphanes simplex","Variable","No","Variable","None","Exoskeleton","Chitin + Calcium","Holoplanktonic","No","Krill"
"4172",0.187577935559499,0.0956799975709633,1,1.25,"Eukaryota","Arthropoda","Copepoda","Poecilostomatoida","Oncaeidae","Oncaea","Oncaea sp.","Variable","Variable","Variable","Exoskeleton","Exoskeleton","Chitin + Calcium","Holoplanktonic","No","Parasitic or predatory copepods"
"4639",0.187577935559499,0.0956799975709633,1,1.25,"Eukaryota","Arthropoda","Copepoda","Poecilostomatoida","Oncaeidae","Oncaea","Oncaea sp.","Variable","Variable","Variable","Exoskeleton","Exoskeleton","Chitin + Calcium","Holoplanktonic","No","Parasitic or predatory copepods"
"4764",0.187577935559499,0.0956799975709633,1,1.25,"Eukaryota","Arthropoda","Ostracoda","Halocyprida","Halocyprididae","Paraconchoecia","Paraconchoecia allotherium","Variable","No","Variable","None","Exoskeleton","Chitin + Calcium","Holoplanktonic","No","Ostracods (seed shrimp)"
"5087",0.187577935559499,0.0956799975709633,1,1.25,"Eukaryota","Chaetognatha","Sagittoidea","Aphragmophora","Sagittidae","Flaccisagitta",NA,"No","No","No","None","None","None","Holoplanktonic","No","Chaetognaths (arrow worms)"
"5088",0.187577935559499,0.0956799975709633,1,1.25,"Eukaryota","Bryozoa","Gymnolaemata","Cheilostomatida","Membraniporidae","Membranipora","Membranipora villosa","Yes","Yes","Yes","External shell","External shell","Calcite","Meroplanktonic","No","Encrusting bryozoans"
"5089",0.187577935559499,0.0956799975709633,1,1.25,"Eukaryota","Arthropoda","Copepoda","Poecilostomatoida","Oncaeidae","Oncaea","Oncaea sp.","Variable","Variable","Variable","Exoskeleton","Exoskeleton","Chitin + Calcium","Holoplanktonic","No","Parasitic or predatory copepods"
"5244",0.187577935559499,0.0956799975709633,1,1.25,"Eukaryota","Arthropoda","Copepoda","Poecilostomatoida","Oncaeidae","Oncaea","Oncaea sp.","Variable","Variable","Variable","Exoskeleton","Exoskeleton","Chitin + Calcium","Holoplanktonic","No","Parasitic or predatory copepods"
"5245",0.187577935559499,0.0956799975709633,1,1.25,"Eukaryota","Bryozoa","Gymnolaemata","Cheilostomatida","Membraniporidae","Membranipora","Membranipora villosa","Yes","Yes","Yes","External shell","External shell","Calcite","Meroplanktonic","No","Encrusting bryozoans"
"5685",0.187577935559499,0.0956799975709633,1,1.25,"Eukaryota","Arthropoda","Malacostraca","Euphausiacea","Euphausiidae","Thysanoessa","Thysanoessa gregaria","Variable","No","Variable","None","Exoskeleton","Chitin + Calcium","Holoplanktonic","No","Krill"
"5825",0.187577935559499,0.0956799975709633,1,1.25,"Eukaryota","Echinodermata","Ophiuroidea","Amphilepidida","Ophiotrichidae","Ophiothrix","Ophiothrix spiculata","Yes","Yes","Yes","Internal skeleton","Internal skeleton","Calcite","Meroplanktonic","No","Brittle stars"
"6194",0.187577935559499,0.0956799975709633,1,1.25,"Eukaryota","Arthropoda","Malacostraca","Euphausiacea","Euphausiidae","Hansarsia",NA,"Variable","No","Variable","None","Exoskeleton","Chitin + Calcium","Holoplanktonic","No","Krill"
"6195",0.187577935559499,0.0956799975709633,1,1.25,"Eukaryota","Arthropoda","Malacostraca","Euphausiacea","Euphausiidae","Hansarsia","Hansarsia difficilis","Variable","No","Variable","None","Exoskeleton","Chitin + Calcium","Holoplanktonic","No","Krill"
"6197",0.187577935559499,0.0956799975709633,1,1.25,"Eukaryota","Arthropoda","Copepoda","Calanoida","Calocalanidae","Calocalanus","Calocalanus sp. 1 AC_2013","Variable","Variable","Variable","Exoskeleton","Exoskeleton","Chitin + Calcium","Holoplanktonic","No","Copepods"
"6392",0.187577935559499,0.0956799975709633,1,1.25,"Eukaryota","Arthropoda","Thecostraca","Balanomorpha","Chthamalidae","Chthamalus","Chthamalus fissus","Yes","Yes","Yes","External shell","External shell","Calcite","Meroplanktonic","No","Barnacles"
"6633",0.187577935559499,0.0956799975709633,1,1.25,"Eukaryota","Arthropoda","Copepoda","Calanoida","Scolecitrichidae","Scolecithricella","Scolecithricella dentata","Variable","Variable","Variable","Exoskeleton","Exoskeleton","Chitin + Calcium","Holoplanktonic","No","Copepods"
"6636",0.187577935559499,0.0956799975709633,1,1.25,"Eukaryota","Arthropoda","Copepoda","Calanoida","Scolecitrichidae","Scolecithrix","Scolecithrix bradyi","Variable","Variable","Variable","Exoskeleton","Exoskeleton","Chitin + Calcium","Holoplanktonic","No","Copepods"
"6889",0.187577935559499,0.0956799975709633,1,1.25,"Eukaryota","Arthropoda","Malacostraca","Decapoda","Sergestidae","Allosergestes","Allosergestes sargassi","Variable","No","Variable","None","Exoskeleton","Calcite","Meroplanktonic","No","Crabs, lobsters, shrimp"
"6890",0.187577935559499,0.0956799975709633,1,1.25,"Eukaryota","Mollusca","Bivalvia","Cardiida","Tellinidae",NA,NA,"Yes","Yes","Yes","External shell","External shell","Aragonite/Calcite","Meroplanktonic","No","Clams"
"7125",0.187577935559499,0.0956799975709633,1,1.25,"Eukaryota","Cnidaria","Hydrozoa","Siphonophorae","Diphyidae","Lensia","Lensia campanella","No","No","No","None","None","None","Holoplanktonic","No","Colonial hydrozoans (e.g., Portuguese man o' war)"
"7128",0.187577935559499,0.0956799975709633,1,1.25,"Eukaryota","Echinodermata","Ophiuroidea","Amphilepidida","Ophiotrichidae","Ophiothrix","Ophiothrix spiculata","Yes","Yes","Yes","Internal skeleton","Internal skeleton","Calcite","Meroplanktonic","No","Brittle stars"
"7393",0.187577935559499,0.0956799975709633,1,1.25,"Eukaryota","Annelida","Polychaeta","Sabellida","Sabellariidae","Phragmatopoma","Phragmatopoma californica","Variable","Variable","Variable","External tube","External tube","Aragonite","Benthic + Meroplanktonic","No","Fan worms and feather duster worms"
"7395",0.187577935559499,0.0956799975709633,1,1.25,"Eukaryota","Arthropoda","Ostracoda","Halocyprida","Halocyprididae","Mikroconchoecia","Mikroconchoecia sp. Os099_1_3","Variable","No","Variable","None","Exoskeleton","Chitin + Calcium","Holoplanktonic","No","Ostracods (seed shrimp)"
"1158",0.185890035298497,0.0987576328398574,4,5,"Eukaryota","Bryozoa","Gymnolaemata","Cheilostomatida","Membraniporidae","Membranipora","Membranipora villosa","Yes","Yes","Yes","External shell","External shell","Calcite","Meroplanktonic","No","Encrusting bryozoans"
"1011",0.183770799662909,0.102730857655027,9,11.25,"Eukaryota","Arthropoda","Ostracoda","Halocyprida","Halocyprididae","Porroecia",NA,"Variable","No","Variable","None","Exoskeleton","Chitin + Calcium","Holoplanktonic","No","Ostracods (seed shrimp)"
"4526",0.183417381324231,0.103405423037119,5,6.25,"Eukaryota","Arthropoda","Ostracoda","Halocyprida","Halocyprididae",NA,NA,"Variable","No","Variable","None","Exoskeleton","Chitin + Calcium","Holoplanktonic","No","Ostracods (seed shrimp)"
"1862",0.183224043824636,0.103775902296377,2,2.5,"Eukaryota","Arthropoda","Copepoda","Calanoida","Scolecitrichidae","Scolecithricella","Scolecithricella dentata","Variable","Variable","Variable","Exoskeleton","Exoskeleton","Chitin + Calcium","Holoplanktonic","No","Copepods"
"298",0.182901070230636,0.104397100377391,15,18.75,"Eukaryota","Mollusca","Gastropoda","Nudibranchia","Glaucidae","Hermissenda","Hermissenda opalescens","Variable","Variable","No","External shell","None","Aragonite","Meroplanktonic","No","Shell-less sea slugs"
"2552",0.182705781389122,0.104774115842666,1,1.25,"Eukaryota","Arthropoda","Copepoda","Calanoida","Candaciidae","Candacia","Candacia curta","Variable","Variable","Variable","Exoskeleton","Exoskeleton","Chitin + Calcium","Holoplanktonic","No","Copepods"
"3147",0.182705781389122,0.104774115842666,1,1.25,"Eukaryota","Mollusca","Gastropoda","Nudibranchia","Glaucidae","Hermissenda","Hermissenda opalescens","Variable","Variable","No","External shell","None","Aragonite","Meroplanktonic","No","Shell-less sea slugs"
"5086",0.182705781389122,0.104774115842666,1,1.25,"Eukaryota","Echinodermata","Ophiuroidea","Amphilepidida","Amphiuridae","Amphiodia",NA,"Yes","Yes","Yes","Internal skeleton","Internal skeleton","Calcite","Meroplanktonic","No","Brittle stars"
"5242",0.182705781389122,0.104774115842666,1,1.25,"Eukaryota","Arthropoda","Ostracoda","Halocyprida","Halocyprididae","Conchoecetta","Conchoecetta giesbrechti","Variable","No","Variable","None","Exoskeleton","Chitin + Calcium","Holoplanktonic","No","Ostracods (seed shrimp)"
"5377",0.182705781389122,0.104774115842666,1,1.25,"Eukaryota","Mollusca","Gastropoda","Pteropoda","Creseidae","Styliola","Styliola sp.","Yes","Yes","Yes","External shell","External shell","Aragonite","Holoplanktonic","No","Sea butterflies"
"5679",0.182705781389122,0.104774115842666,1,1.25,"Eukaryota","Mollusca","Cephalopoda","Octopoda","Octopodidae","Octopus",NA,"Variable","Yes","No","Statoliths","None","Aragonite","Meroplanktonic","No","Octopi"
"6391",0.182705781389122,0.104774115842666,1,1.25,"Eukaryota","Mollusca","Gastropoda","Nudibranchia","Discodorididae","Peltodoris","Peltodoris nobilis","Variable","Variable","No","External shell","None","Aragonite","Meroplanktonic","No","Shell-less sea slugs"
"7383",0.182705781389122,0.104774115842666,1,1.25,"Eukaryota","Arthropoda","Copepoda","Calanoida","Calanidae",NA,NA,"Variable","Variable","Variable","Exoskeleton","Exoskeleton","Chitin + Calcium","Holoplanktonic","No","Copepods"
"7600",0.182705781389122,0.104774115842666,1,1.25,"Eukaryota","Arthropoda","Malacostraca","Euphausiacea","Euphausiidae","Thysanoessa","Thysanoessa gregaria","Variable","No","Variable","None","Exoskeleton","Chitin + Calcium","Holoplanktonic","No","Krill"
"3275",0.182617341692766,0.10494520169619,2,2.5,"Eukaryota","Mollusca","Gastropoda","Pteropoda","Creseidae","Styliola","Styliola sp.","Yes","Yes","Yes","External shell","External shell","Aragonite","Holoplanktonic","No","Sea butterflies"
"441",0.182606819838445,0.104965570601875,24,30,"Eukaryota","Arthropoda","Malacostraca","Euphausiacea","Euphausiidae","Euphausia","Euphausia eximia","Variable","No","Variable","None","Exoskeleton","Chitin + Calcium","Holoplanktonic","No","Krill"
"2463",0.182197061308427,0.105761204475955,4,5,"Eukaryota","Arthropoda","Ostracoda","Halocyprida","Halocyprididae","Paraconchoecia","Paraconchoecia oblonga","Variable","No","Variable","None","Exoskeleton","Chitin + Calcium","Holoplanktonic","No","Ostracods (seed shrimp)"
"1541",0.18213239814712,0.105887189251845,5,6.25,"Eukaryota","Arthropoda","Copepoda","Calanoida","Clausocalanidae","Clausocalanus","Clausocalanus jobei","Variable","Variable","Variable","Exoskeleton","Exoskeleton","Chitin + Calcium","Holoplanktonic","No","Copepods"
"1676",0.18168544747682,0.106761188010186,5,6.25,"Eukaryota","Bryozoa","Gymnolaemata","Cheilostomatida","Membraniporidae",NA,NA,"Yes","Yes","Yes","External shell","External shell","Calcite","Meroplanktonic","No","Encrusting bryozoans"
"253",0.180617246197173,0.108872732037322,10,12.5,"Eukaryota","Echinodermata","Echinoidea","Camarodonta","Strongylocentrotidae","Mesocentrotus",NA,"Yes","Yes","Yes","Internal skeleton","Exoskeleton","Calcite","Meroplanktonic","No","Sea urchins"
"1012",0.180469760716638,0.109166798080565,6,7.5,"Eukaryota","Echinodermata","Echinoidea","Temnopleuroida","Toxopneustidae","Lytechinus","Lytechinus pictus","Yes","Yes","Yes","Internal skeleton","Exoskeleton","Calcite","Meroplanktonic","No","Short-spined sea urchins"
"341",0.180459768037078,0.109186744384636,68,85,"Eukaryota","Arthropoda","Ostracoda","Halocyprida","Halocyprididae","Discoconchoecia",NA,"Variable","No","Variable","None","Exoskeleton","Chitin + Calcium","Holoplanktonic","No","Ostracods (seed shrimp)"
"8",0.180298759372291,0.109508522180714,78,97.5,"Eukaryota","Arthropoda","Copepoda","Calanoida","Calanidae","Ctenocalanus","Ctenocalanus vanus","Variable","Variable","Variable","Exoskeleton","Exoskeleton","Chitin + Calcium","Holoplanktonic","No","Copepods"
"4102",0.180176988964559,0.109752369672728,5,6.25,"Eukaryota","Arthropoda","Malacostraca","Euphausiacea","Euphausiidae",NA,NA,"Variable","No","Variable","None","Exoskeleton","Chitin + Calcium","Holoplanktonic","No","Krill"
"2357",0.179993690272335,0.110120221918288,4,5,"Eukaryota","Echinodermata","Ophiuroidea","Amphilepidida","Ophionereidae","Ophionereis",NA,"Yes","Yes","Yes","Internal skeleton","Internal skeleton","Calcite","Meroplanktonic","No","Brittle stars"
"5372",0.179838523297962,0.11043236407416,4,5,"Eukaryota","Arthropoda","Copepoda","Calanoida","Metridinidae","Pleuromamma","Pleuromamma gracilis","Variable","Variable","Variable","Exoskeleton","Exoskeleton","Chitin + Calcium","Holoplanktonic","No","Copepods"
"1858",0.178876488056851,0.112382965159385,4,5,"Eukaryota","Mollusca","Gastropoda","Pteropoda","Peraclidae",NA,NA,"Yes","Yes","Yes","External shell","External shell","Aragonite","Holoplanktonic","No","Sea butterflies"
"1027",0.178778822666376,0.112582469389225,14,17.5,"Eukaryota","Annelida","Polychaeta","Spionida","Spionidae",NA,NA,"No","No","No","None","None","None","Benthic + Meroplanktonic","No","Marine worms (sediment burrowers)"
"1693",0.178297773424465,0.11356912189545,7,8.75,"Eukaryota","Echinodermata","Echinoidea","Camarodonta","Strongylocentrotidae","Strongylocentrotus","Strongylocentrotus sp. 17_FA_006","Yes","Yes","Yes","Internal skeleton","Exoskeleton","Calcite","Meroplanktonic","No","Sea urchins"
"827",0.177833627218745,0.114527423175602,1,1.25,"Eukaryota","Arthropoda","Copepoda","Poecilostomatoida","Corycaeidae","Farranula",NA,"Variable","Variable","Variable","Exoskeleton","Exoskeleton","Chitin + Calcium","Holoplanktonic","No","Parasitic or predatory copepods"
"1611",0.177833627218745,0.114527423175602,1,1.25,"Eukaryota","Arthropoda","Copepoda","Calanoida","Clausocalanidae","Clausocalanus","Clausocalanus furcatus","Variable","Variable","Variable","Exoskeleton","Exoskeleton","Chitin + Calcium","Holoplanktonic","No","Copepods"
"1672",0.177833627218745,0.114527423175602,1,1.25,"Eukaryota","Arthropoda","Copepoda","Poecilostomatoida","Corycaeidae","Farranula",NA,"Variable","Variable","Variable","Exoskeleton","Exoskeleton","Chitin + Calcium","Holoplanktonic","No","Parasitic or predatory copepods"
"1974",0.177833627218745,0.114527423175602,1,1.25,"Eukaryota","Arthropoda","Copepoda","Calanoida","Candaciidae","Candacia","Candacia curta","Variable","Variable","Variable","Exoskeleton","Exoskeleton","Chitin + Calcium","Holoplanktonic","No","Copepods"
"2027",0.177833627218745,0.114527423175602,1,1.25,"Eukaryota","Arthropoda","Copepoda","Poecilostomatoida","Oncaeidae","Oncaea","Oncaea sp.","Variable","Variable","Variable","Exoskeleton","Exoskeleton","Chitin + Calcium","Holoplanktonic","No","Parasitic or predatory copepods"
"2222",0.177833627218745,0.114527423175602,1,1.25,"Eukaryota","Arthropoda","Copepoda","Poecilostomatoida","Corycaeidae","Farranula",NA,"Variable","Variable","Variable","Exoskeleton","Exoskeleton","Chitin + Calcium","Holoplanktonic","No","Parasitic or predatory copepods"
"2299",0.177833627218745,0.114527423175602,1,1.25,"Eukaryota","Arthropoda","Copepoda","Calanoida","Calanidae","Calanus","Calanus pacificus","Variable","Variable","Variable","Exoskeleton","Exoskeleton","Chitin + Calcium","Holoplanktonic","No","Copepods"
"2419",0.177833627218745,0.114527423175602,1,1.25,"Eukaryota","Arthropoda","Copepoda","Calanoida","Temoridae","Temora","Temora discaudata","Variable","Variable","Variable","Exoskeleton","Exoskeleton","Chitin + Calcium","Holoplanktonic","No","Copepods"
"2577",0.177833627218745,0.114527423175602,1,1.25,"Eukaryota","Arthropoda","Copepoda","Calanoida","Clausocalanidae","Clausocalanus","Clausocalanus jobei","Variable","Variable","Variable","Exoskeleton","Exoskeleton","Chitin + Calcium","Holoplanktonic","No","Copepods"
"2612",0.177833627218745,0.114527423175602,1,1.25,"Eukaryota","Arthropoda","Copepoda","Poecilostomatoida","Corycaeidae","Farranula",NA,"Variable","Variable","Variable","Exoskeleton","Exoskeleton","Chitin + Calcium","Holoplanktonic","No","Parasitic or predatory copepods"
"2816",0.177833627218745,0.114527423175602,1,1.25,"Eukaryota","Arthropoda","Copepoda","Poecilostomatoida","Corycaeidae","Farranula",NA,"Variable","Variable","Variable","Exoskeleton","Exoskeleton","Chitin + Calcium","Holoplanktonic","No","Parasitic or predatory copepods"
"2881",0.177833627218745,0.114527423175602,1,1.25,"Eukaryota","Arthropoda","Copepoda","Poecilostomatoida","Corycaeidae","Farranula",NA,"Variable","Variable","Variable","Exoskeleton","Exoskeleton","Chitin + Calcium","Holoplanktonic","No","Parasitic or predatory copepods"
"3094",0.177833627218745,0.114527423175602,1,1.25,"Eukaryota","Arthropoda","Copepoda","Calanoida","Mecynoceridae","Mecynocera","Mecynocera clausi","Variable","Variable","Variable","Exoskeleton","Exoskeleton","Chitin + Calcium","Holoplanktonic","No","Copepods"
"3201",0.177833627218745,0.114527423175602,1,1.25,"Eukaryota","Arthropoda","Ostracoda","Halocyprida","Halocyprididae","Proceroecia","Proceroecia procera","Variable","No","Variable","None","Exoskeleton","Chitin + Calcium","Holoplanktonic","No","Ostracods (seed shrimp)"
"3202",0.177833627218745,0.114527423175602,1,1.25,"Eukaryota","Arthropoda","Ostracoda","Halocyprida","Halocyprididae","Halocypris","Halocypris inflata","Variable","No","Variable","None","Exoskeleton","Chitin + Calcium","Holoplanktonic","No","Ostracods (seed shrimp)"
"3412",0.177833627218745,0.114527423175602,1,1.25,"Eukaryota","Mollusca","Gastropoda","Pteropoda","Creseidae","Styliola","Styliola sp.","Yes","Yes","Yes","External shell","External shell","Aragonite","Holoplanktonic","No","Sea butterflies"
"3413",0.177833627218745,0.114527423175602,1,1.25,"Eukaryota","Mollusca","Gastropoda","Nudibranchia","Glaucidae","Hermissenda","Hermissenda opalescens","Variable","Variable","No","External shell","None","Aragonite","Meroplanktonic","No","Shell-less sea slugs"
"3475",0.177833627218745,0.114527423175602,1,1.25,"Eukaryota","Mollusca","Gastropoda","Pteropoda","Creseidae","Styliola","Styliola sp.","Yes","Yes","Yes","External shell","External shell","Aragonite","Holoplanktonic","No","Sea butterflies"
"3608",0.177833627218745,0.114527423175602,1,1.25,"Eukaryota","Arthropoda","Copepoda","Poecilostomatoida","Corycaeidae","Farranula",NA,"Variable","Variable","Variable","Exoskeleton","Exoskeleton","Chitin + Calcium","Holoplanktonic","No","Parasitic or predatory copepods"
"3609",0.177833627218745,0.114527423175602,1,1.25,"Eukaryota","Bryozoa","Gymnolaemata","Cheilostomatida","Membraniporidae","Membranipora","Membranipora villosa","Yes","Yes","Yes","External shell","External shell","Calcite","Meroplanktonic","No","Encrusting bryozoans"
"3660",0.177833627218745,0.114527423175602,1,1.25,"Eukaryota","Arthropoda","Ostracoda","Halocyprida","Halocyprididae","Halocypris","Halocypris inflata","Variable","No","Variable","None","Exoskeleton","Chitin + Calcium","Holoplanktonic","No","Ostracods (seed shrimp)"
"3731",0.177833627218745,0.114527423175602,1,1.25,"Eukaryota","Arthropoda","Copepoda","Poecilostomatoida","Corycaeidae","Farranula",NA,"Variable","Variable","Variable","Exoskeleton","Exoskeleton","Chitin + Calcium","Holoplanktonic","No","Parasitic or predatory copepods"
"3988",0.177833627218745,0.114527423175602,1,1.25,"Eukaryota","Mollusca","Gastropoda","Pteropoda","Limacinidae",NA,NA,"Yes","Yes","Yes","External shell","External shell","Aragonite","Holoplanktonic","No","Sea butterflies"
"3989",0.177833627218745,0.114527423175602,1,1.25,"Eukaryota","Arthropoda","Copepoda","Calanoida","Mecynoceridae","Mecynocera","Mecynocera clausi","Variable","Variable","Variable","Exoskeleton","Exoskeleton","Chitin + Calcium","Holoplanktonic","No","Copepods"
"3990",0.177833627218745,0.114527423175602,1,1.25,"Eukaryota","Arthropoda","Copepoda","Calanoida","Clausocalanidae",NA,NA,"Variable","Variable","Variable","Exoskeleton","Exoskeleton","Chitin + Calcium","Holoplanktonic","No","Copepods"
"4066",0.177833627218745,0.114527423175602,1,1.25,"Eukaryota","Arthropoda","Copepoda","Calanoida","Calocalanidae","Calocalanus","Calocalanus sp. 1 AC_2013","Variable","Variable","Variable","Exoskeleton","Exoskeleton","Chitin + Calcium","Holoplanktonic","No","Copepods"
"4174",0.177833627218745,0.114527423175602,1,1.25,"Eukaryota","Mollusca","Gastropoda","Pteropoda","Limacinidae",NA,NA,"Yes","Yes","Yes","External shell","External shell","Aragonite","Holoplanktonic","No","Sea butterflies"
"4641",0.177833627218745,0.114527423175602,1,1.25,"Eukaryota","Arthropoda","Ostracoda","Halocyprida","Halocyprididae",NA,NA,"Variable","No","Variable","None","Exoskeleton","Chitin + Calcium","Holoplanktonic","No","Ostracods (seed shrimp)"
"4860",0.177833627218745,0.114527423175602,1,1.25,"Eukaryota","Mollusca","Gastropoda","Pteropoda","Limacinidae",NA,NA,"Yes","Yes","Yes","External shell","External shell","Aragonite","Holoplanktonic","No","Sea butterflies"
"5246",0.177833627218745,0.114527423175602,1,1.25,"Eukaryota","Arthropoda","Malacostraca","Euphausiacea","Euphausiidae","Hansarsia",NA,"Variable","No","Variable","None","Exoskeleton","Chitin + Calcium","Holoplanktonic","No","Krill"
"5378",0.177833627218745,0.114527423175602,1,1.25,"Eukaryota","Arthropoda","Copepoda","Poecilostomatoida","Oncaeidae","Oncaea","Oncaea sp.","Variable","Variable","Variable","Exoskeleton","Exoskeleton","Chitin + Calcium","Holoplanktonic","No","Parasitic or predatory copepods"
"5828",0.177833627218745,0.114527423175602,1,1.25,"Eukaryota","Arthropoda","Copepoda","Calanoida","Clausocalanidae",NA,NA,"Variable","Variable","Variable","Exoskeleton","Exoskeleton","Chitin + Calcium","Holoplanktonic","No","Copepods"
"5829",0.177833627218745,0.114527423175602,1,1.25,"Eukaryota","Arthropoda","Thecostraca","Balanomorpha","Balanidae","Balanus","Balanus trigonus","Yes","Yes","Yes","External shell","External shell","Calcite","Meroplanktonic","No","Barnacles"
"6014",0.177833627218745,0.114527423175602,1,1.25,"Eukaryota","Arthropoda","Copepoda","Poecilostomatoida","Oncaeidae","Oncaea","Oncaea sp.","Variable","Variable","Variable","Exoskeleton","Exoskeleton","Chitin + Calcium","Holoplanktonic","No","Parasitic or predatory copepods"
"6394",0.177833627218745,0.114527423175602,1,1.25,"Eukaryota","Arthropoda","Copepoda","Calanoida","Calocalanidae",NA,NA,"Variable","Variable","Variable","Exoskeleton","Exoskeleton","Chitin + Calcium","Holoplanktonic","No","Copepods"
"6637",0.177833627218745,0.114527423175602,1,1.25,"Eukaryota","Arthropoda","Copepoda","Calanoida","Aetideidae","Euchirella","Euchirella curticauda","Variable","Variable","Variable","Exoskeleton","Exoskeleton","Chitin + Calcium","Holoplanktonic","No","Copepods"
"6638",0.177833627218745,0.114527423175602,1,1.25,"Eukaryota","Annelida","Polychaeta","Chaetopteridae","Chaetopteridae","Phyllochaetopterus","Phyllochaetopterus sp. 5 JM_2017","No","No","No","None","None","None","Benthic + Meroplanktonic","No","Tube-dwelling marine polychaetes"
"6639",0.177833627218745,0.114527423175602,1,1.25,"Eukaryota","Arthropoda","Copepoda","Calanoida","Calocalanidae",NA,NA,"Variable","Variable","Variable","Exoskeleton","Exoskeleton","Chitin + Calcium","Holoplanktonic","No","Copepods"
"6640",0.177833627218745,0.114527423175602,1,1.25,"Eukaryota","Arthropoda","Copepoda","Calanoida","Metridinidae","Pleuromamma","Pleuromamma abdominalis","Variable","Variable","Variable","Exoskeleton","Exoskeleton","Chitin + Calcium","Holoplanktonic","No","Copepods"
"7130",0.177833627218745,0.114527423175602,1,1.25,"Eukaryota","Arthropoda","Copepoda","Calanoida","Calocalanidae",NA,NA,"Variable","Variable","Variable","Exoskeleton","Exoskeleton","Chitin + Calcium","Holoplanktonic","No","Copepods"
"7131",0.177833627218745,0.114527423175602,1,1.25,"Eukaryota","Arthropoda","Copepoda","Calanoida","Calocalanidae",NA,NA,"Variable","Variable","Variable","Exoskeleton","Exoskeleton","Chitin + Calcium","Holoplanktonic","No","Copepods"
"7397",0.177833627218745,0.114527423175602,1,1.25,"Eukaryota","Arthropoda","Copepoda","Calanoida","Paracalanidae",NA,NA,"Variable","Variable","Variable","Exoskeleton","Exoskeleton","Chitin + Calcium","Holoplanktonic","No","Copepods"
"7398",0.177833627218745,0.114527423175602,1,1.25,"Eukaryota","Arthropoda","Copepoda","Calanoida","Clausocalanidae","Clausocalanus","Clausocalanus furcatus","Variable","Variable","Variable","Exoskeleton","Exoskeleton","Chitin + Calcium","Holoplanktonic","No","Copepods"
"7401",0.177833627218745,0.114527423175602,1,1.25,"Eukaryota","Mollusca","Gastropoda","Pteropoda","Peraclidae",NA,NA,"Yes","Yes","Yes","External shell","External shell","Aragonite","Holoplanktonic","No","Sea butterflies"
"7606",0.177833627218745,0.114527423175602,1,1.25,"Eukaryota","Nemertea","Pilidiophora","Heteronemertea","Lineidae","Siphonenteron","Siphonenteron sp.","No","No","No","None","None","None","Benthic + Meroplanktonic","No","Ribbon worms (marine benthic)"
"7676",0.177833627218745,0.114527423175602,1,1.25,"Eukaryota","Mollusca","Gastropoda","Littorinimorpha","Atlantidae","Atlanta","Atlanta sp. USNM IZ 1230636","Yes","Yes","Yes","External shell","External shell","Aragonite/Calcite","Meroplanktonic","No","Periwinkles and related snails"
"3633",0.177540272601461,0.115136309540452,3,3.75,"Eukaryota","Mollusca","Gastropoda","Pteropoda","Creseidae","Styliola","Styliola sp.","Yes","Yes","Yes","External shell","External shell","Aragonite","Holoplanktonic","No","Sea butterflies"
"418",0.177400429172817,0.115427445683369,31,38.75,"Eukaryota","Arthropoda","Copepoda","Calanoida","Lucicutiidae","Lucicutia","Lucicutia flavicornis","Variable","Variable","Variable","Exoskeleton","Exoskeleton","Chitin + Calcium","Holoplanktonic","No","Copepods"
"1800",0.177341240305235,0.115550840173537,7,8.75,"Eukaryota","Arthropoda","Ostracoda","Halocyprida","Halocyprididae","Mikroconchoecia","Mikroconchoecia sp. Os099_1_3","Variable","No","Variable","None","Exoskeleton","Chitin + Calcium","Holoplanktonic","No","Ostracods (seed shrimp)"
"970",0.177220912770057,0.115802007521252,15,18.75,"Eukaryota","Arthropoda","Ostracoda","Halocyprida","Halocyprididae","Proceroecia","Proceroecia procera","Variable","No","Variable","None","Exoskeleton","Chitin + Calcium","Holoplanktonic","No","Ostracods (seed shrimp)"
"728",0.176031825617451,0.118306744251099,18,22.5,"Eukaryota","Arthropoda","Copepoda","Calanoida","Clausocalanidae","Clausocalanus","Clausocalanus parapergens","Variable","Variable","Variable","Exoskeleton","Exoskeleton","Chitin + Calcium","Holoplanktonic","No","Copepods"
"4680",0.176030289975324,0.118310005707042,2,2.5,"Eukaryota","Echinodermata","Ophiuroidea","Amphilepidida","Amphiuridae","Amphiodia","Amphiodia cf_ urtica KSL_2016","Yes","Yes","Yes","Internal skeleton","Internal skeleton","Calcite","Meroplanktonic","No","Brittle stars"
"82",0.1759436182422,0.118494194585009,2,2.5,"Eukaryota","Arthropoda","Malacostraca","Decapoda","Hippolytidae","Lysmata","Lysmata californica","Variable","No","Variable","None","Exoskeleton","Calcite","Meroplanktonic","No","Crabs, lobsters, shrimp"
"1948",0.175771769510462,0.11886004775546,23,28.75,"Eukaryota","Arthropoda","Copepoda","Calanoida","Heterorhabdidae",NA,NA,"Variable","Variable","Variable","Exoskeleton","Exoskeleton","Chitin + Calcium","Holoplanktonic","No","Copepods"
"2483",0.175148793923687,0.120193599001852,5,6.25,"Eukaryota","Arthropoda","Copepoda","Poecilostomatoida","Oncaeidae","Oncaea","Oncaea sp.","Variable","Variable","Variable","Exoskeleton","Exoskeleton","Chitin + Calcium","Holoplanktonic","No","Parasitic or predatory copepods"
"1165",0.174498941135392,0.121596894506415,9,11.25,"Eukaryota","Arthropoda","Copepoda","Calanoida","Calanidae",NA,NA,"Variable","Variable","Variable","Exoskeleton","Exoskeleton","Chitin + Calcium","Holoplanktonic","No","Copepods"
"57",0.1743681104584,0.121880924113881,78,97.5,"Eukaryota","Arthropoda","Copepoda","Calanoida","Calanidae","Ctenocalanus","Ctenocalanus vanus","Variable","Variable","Variable","Exoskeleton","Exoskeleton","Chitin + Calcium","Holoplanktonic","No","Copepods"
"2447",0.173631844323054,0.12348883094052,4,5,"Eukaryota","Arthropoda","Copepoda","Calanoida","Clausocalanidae","Clausocalanus","Clausocalanus jobei","Variable","Variable","Variable","Exoskeleton","Exoskeleton","Chitin + Calcium","Holoplanktonic","No","Copepods"
"835",0.172961473048369,0.124966910019696,1,1.25,"Eukaryota","Arthropoda","Copepoda","Calanoida","Euchaetidae","Euchaeta","Euchaeta marina","Variable","Variable","Variable","Exoskeleton","Exoskeleton","Chitin + Calcium","Holoplanktonic","No","Copepods"
"1038",0.172961473048369,0.124966910019696,1,1.25,"Eukaryota","Arthropoda","Copepoda","Calanoida","Candaciidae","Candacia","Candacia curta","Variable","Variable","Variable","Exoskeleton","Exoskeleton","Chitin + Calcium","Holoplanktonic","No","Copepods"
"1221",0.172961473048369,0.124966910019696,1,1.25,"Eukaryota","Mollusca","Gastropoda","Nudibranchia","Glaucidae","Hermissenda","Hermissenda opalescens","Variable","Variable","No","External shell","None","Aragonite","Meroplanktonic","No","Shell-less sea slugs"
"1885",0.172961473048369,0.124966910019696,1,1.25,"Eukaryota","Arthropoda","Copepoda","Calanoida","Pontellidae","Labidocera","Labidocera trispinosa","Variable","Variable","Variable","Exoskeleton","Exoskeleton","Chitin + Calcium","Holoplanktonic","No","Copepods"
"1964",0.172961473048369,0.124966910019696,1,1.25,"Eukaryota","Arthropoda","Copepoda","Calanoida","Pontellidae","Labidocera","Labidocera trispinosa","Variable","Variable","Variable","Exoskeleton","Exoskeleton","Chitin + Calcium","Holoplanktonic","No","Copepods"
"2427",0.172961473048369,0.124966910019696,1,1.25,"Eukaryota","Arthropoda","Copepoda","Calanoida","Pontellidae","Labidocera","Labidocera trispinosa","Variable","Variable","Variable","Exoskeleton","Exoskeleton","Chitin + Calcium","Holoplanktonic","No","Copepods"
"2499",0.172961473048369,0.124966910019696,1,1.25,"Eukaryota","Arthropoda","Copepoda","Poecilostomatoida","Oncaeidae","Oncaea","Oncaea sp.","Variable","Variable","Variable","Exoskeleton","Exoskeleton","Chitin + Calcium","Holoplanktonic","No","Parasitic or predatory copepods"
"2668",0.172961473048369,0.124966910019696,1,1.25,"Eukaryota","Bryozoa","Gymnolaemata","Cheilostomatida","Membraniporidae","Membranipora","Membranipora villosa","Yes","Yes","Yes","External shell","External shell","Calcite","Meroplanktonic","No","Encrusting bryozoans"
"2736",0.172961473048369,0.124966910019696,1,1.25,"Eukaryota","Arthropoda","Copepoda","Calanoida","Calanidae","Calanus","Calanus pacificus","Variable","Variable","Variable","Exoskeleton","Exoskeleton","Chitin + Calcium","Holoplanktonic","No","Copepods"
"2853",0.172961473048369,0.124966910019696,1,1.25,"Eukaryota","Arthropoda","Copepoda","Calanoida","Metridinidae","Pleuromamma","Pleuromamma borealis","Variable","Variable","Variable","Exoskeleton","Exoskeleton","Chitin + Calcium","Holoplanktonic","No","Copepods"
"3360",0.172961473048369,0.124966910019696,1,1.25,"Eukaryota","Bryozoa","Gymnolaemata","Cheilostomatida","Membraniporidae","Membranipora","Membranipora villosa","Yes","Yes","Yes","External shell","External shell","Calcite","Meroplanktonic","No","Encrusting bryozoans"
"3424",0.172961473048369,0.124966910019696,1,1.25,"Eukaryota","Bryozoa","Gymnolaemata","Cheilostomatida","Membraniporidae","Membranipora","Membranipora villosa","Yes","Yes","Yes","External shell","External shell","Calcite","Meroplanktonic","No","Encrusting bryozoans"
"3482",0.172961473048369,0.124966910019696,1,1.25,"Eukaryota","Arthropoda","Copepoda","Calanoida","Calocalanidae","Calocalanus",NA,"Variable","Variable","Variable","Exoskeleton","Exoskeleton","Chitin + Calcium","Holoplanktonic","No","Copepods"
"3911",0.172961473048369,0.124966910019696,1,1.25,"Eukaryota","Arthropoda","Copepoda","Calanoida","Pontellidae","Labidocera","Labidocera trispinosa","Variable","Variable","Variable","Exoskeleton","Exoskeleton","Chitin + Calcium","Holoplanktonic","No","Copepods"
"4000",0.172961473048369,0.124966910019696,1,1.25,"Eukaryota","Arthropoda","Copepoda","Calanoida","Calanidae","Calanus","Calanus pacificus","Variable","Variable","Variable","Exoskeleton","Exoskeleton","Chitin + Calcium","Holoplanktonic","No","Copepods"
"4189",0.172961473048369,0.124966910019696,1,1.25,"Eukaryota","Mollusca","Gastropoda","Pteropoda","Cliidae","Clio","Clio pyramidata","Yes","Yes","Yes","External shell","External shell","Aragonite","Holoplanktonic","No","Sea butterflies"
"4446",0.172961473048369,0.124966910019696,1,1.25,"Eukaryota","Arthropoda","Copepoda","Calanoida","Pontellidae","Labidocera","Labidocera trispinosa","Variable","Variable","Variable","Exoskeleton","Exoskeleton","Chitin + Calcium","Holoplanktonic","No","Copepods"
"4661",0.172961473048369,0.124966910019696,1,1.25,"Eukaryota","Echinodermata","Ophiuroidea","Amphilepidida","Ophiocomidae",NA,NA,"Yes","Yes","Yes","Internal skeleton","Internal skeleton","Calcite","Meroplanktonic","No","Brittle stars"
"4875",0.172961473048369,0.124966910019696,1,1.25,"Eukaryota","Arthropoda","Copepoda","Calanoida","Paracalanidae","Paracalanus","Paracalanus tropicus","Variable","Variable","Variable","Exoskeleton","Exoskeleton","Chitin + Calcium","Holoplanktonic","No","Copepods"
"5274",0.172961473048369,0.124966910019696,1,1.25,"Eukaryota","Annelida","Polychaeta","Phyllodocida","Sigalionidae","Sthenelanella","Sthenelanella uniformis","No","No","No","None","None","None","Benthic + Meroplanktonic","No","Active marine polychaetes"
"5698",0.172961473048369,0.124966910019696,1,1.25,"Eukaryota","Arthropoda","Malacostraca","Euphausiacea","Euphausiidae","Hansarsia","Hansarsia difficilis","Variable","No","Variable","None","Exoskeleton","Chitin + Calcium","Holoplanktonic","No","Krill"
"5699",0.172961473048369,0.124966910019696,1,1.25,"Eukaryota","Mollusca","Gastropoda","Littorinimorpha","Eulimidae","Melanella","Melanella thersites","Yes","Yes","Yes","External shell","External shell","Aragonite/Calcite","Meroplanktonic","No","Periwinkles and related snails"
"5848",0.172961473048369,0.124966910019696,1,1.25,"Eukaryota","Chordata","Actinopteri","Pleuronectiformes","Pleuronectidae","Parophrys","Parophrys vetulus","No","No","No","None","None","None","Meroplanktonic","No","Flatfishes (flounders, soles, halibut)"
"6223",0.172961473048369,0.124966910019696,1,1.25,"Eukaryota","Arthropoda","Copepoda","Calanoida","Pontellidae","Labidocera","Labidocera trispinosa","Variable","Variable","Variable","Exoskeleton","Exoskeleton","Chitin + Calcium","Holoplanktonic","No","Copepods"
"6224",0.172961473048369,0.124966910019696,1,1.25,"Eukaryota","Arthropoda","Copepoda","Calanoida","Metridinidae",NA,NA,"Variable","Variable","Variable","Exoskeleton","Exoskeleton","Chitin + Calcium","Holoplanktonic","No","Copepods"
"6225",0.172961473048369,0.124966910019696,1,1.25,"Eukaryota","Cnidaria","Hydrozoa","Leptothecata","Obeliidae",NA,NA,"No","No","No","None","None","None","Benthic + Holoplanktonic","No","Hydroids"
"6668",0.172961473048369,0.124966910019696,1,1.25,"Eukaryota","Mollusca","Bivalvia","Adapedonta","Hiatellidae","Panopea","Panopea generosa","Yes","Yes","Yes","External shell","External shell","Aragonite/Calcite","Meroplanktonic","No","Burrowing clams"
"6927",0.172961473048369,0.124966910019696,1,1.25,"Eukaryota","Arthropoda","Malacostraca","Decapoda","Pinnotheridae","Pinnixa","Pinnixa occidentalis","Variable","No","Variable","None","Exoskeleton","Calcite","Meroplanktonic","No","Crabs, lobsters, shrimp"
"6928",0.172961473048369,0.124966910019696,1,1.25,"Eukaryota","Mollusca","Gastropoda","Pteropoda","Limacinidae",NA,NA,"Yes","Yes","Yes","External shell","External shell","Aragonite","Holoplanktonic","No","Sea butterflies"
"6930",0.172961473048369,0.124966910019696,1,1.25,"Eukaryota","Arthropoda","Malacostraca","Decapoda","Paguridae","Pagurus","Pagurus sp. 10BIOBC_01170","Variable","No","Variable","None","Exoskeleton","Calcite","Meroplanktonic","No","Crabs, lobsters, shrimp"
"7153",0.172961473048369,0.124966910019696,1,1.25,"Eukaryota","Arthropoda","Copepoda","Calanoida","Eucalanidae","Eucalanus","Eucalanus californicus","Variable","Variable","Variable","Exoskeleton","Exoskeleton","Chitin + Calcium","Holoplanktonic","No","Copepods"
"7437",0.172961473048369,0.124966910019696,1,1.25,"Eukaryota","Arthropoda","Copepoda","Calanoida","Heterorhabdidae",NA,NA,"Variable","Variable","Variable","Exoskeleton","Exoskeleton","Chitin + Calcium","Holoplanktonic","No","Copepods"
"7629",0.172961473048369,0.124966910019696,1,1.25,"Eukaryota","Mollusca","Gastropoda","Littorinimorpha","Calyptraeidae","Crepipatella","Crepipatella lingulata","Yes","Yes","Yes","External shell","External shell","Aragonite/Calcite","Meroplanktonic","No","Periwinkles and related snails"
"177",0.172265324902883,0.126516100215983,55,68.75,"Eukaryota","Arthropoda","Malacostraca","Euphausiacea","Euphausiidae","Hansarsia","Hansarsia difficilis","Variable","No","Variable","None","Exoskeleton","Chitin + Calcium","Holoplanktonic","No","Krill"
"353",0.168089318877992,0.1361187583431,1,1.25,"Eukaryota","Arthropoda","Copepoda","Calanoida","Pontellidae","Labidocera","Labidocera trispinosa","Variable","Variable","Variable","Exoskeleton","Exoskeleton","Chitin + Calcium","Holoplanktonic","No","Copepods"
"440",0.168089318877992,0.1361187583431,1,1.25,"Eukaryota","Arthropoda","Copepoda","Calanoida","Pontellidae","Labidocera","Labidocera trispinosa","Variable","Variable","Variable","Exoskeleton","Exoskeleton","Chitin + Calcium","Holoplanktonic","No","Copepods"
"475",0.168089318877992,0.1361187583431,1,1.25,"Eukaryota","Arthropoda","Copepoda","Calanoida","Pontellidae","Labidocera","Labidocera trispinosa","Variable","Variable","Variable","Exoskeleton","Exoskeleton","Chitin + Calcium","Holoplanktonic","No","Copepods"
"504",0.168089318877992,0.1361187583431,1,1.25,"Eukaryota","Arthropoda","Copepoda","Calanoida","Pontellidae","Labidocera","Labidocera trispinosa","Variable","Variable","Variable","Exoskeleton","Exoskeleton","Chitin + Calcium","Holoplanktonic","No","Copepods"
"559",0.168089318877992,0.1361187583431,1,1.25,"Eukaryota","Arthropoda","Copepoda","Calanoida","Pontellidae","Labidocera","Labidocera trispinosa","Variable","Variable","Variable","Exoskeleton","Exoskeleton","Chitin + Calcium","Holoplanktonic","No","Copepods"
"795",0.168089318877992,0.1361187583431,1,1.25,"Eukaryota","Arthropoda","Copepoda","Calanoida","Pontellidae","Labidocera","Labidocera trispinosa","Variable","Variable","Variable","Exoskeleton","Exoskeleton","Chitin + Calcium","Holoplanktonic","No","Copepods"
"1104",0.168089318877992,0.1361187583431,1,1.25,"Eukaryota","Arthropoda","Copepoda","Calanoida","Pontellidae","Labidocera","Labidocera trispinosa","Variable","Variable","Variable","Exoskeleton","Exoskeleton","Chitin + Calcium","Holoplanktonic","No","Copepods"
"1562",0.168089318877992,0.1361187583431,1,1.25,"Eukaryota","Arthropoda","Copepoda","Calanoida","Pontellidae","Labidocera","Labidocera trispinosa","Variable","Variable","Variable","Exoskeleton","Exoskeleton","Chitin + Calcium","Holoplanktonic","No","Copepods"
"1738",0.168089318877992,0.1361187583431,1,1.25,"Eukaryota","Arthropoda","Copepoda","Calanoida","Pontellidae","Labidocera","Labidocera trispinosa","Variable","Variable","Variable","Exoskeleton","Exoskeleton","Chitin + Calcium","Holoplanktonic","No","Copepods"
"2136",0.168089318877992,0.1361187583431,1,1.25,"Eukaryota","Arthropoda","Copepoda","Calanoida","Pontellidae","Labidocera","Labidocera trispinosa","Variable","Variable","Variable","Exoskeleton","Exoskeleton","Chitin + Calcium","Holoplanktonic","No","Copepods"
"2525",0.168089318877992,0.1361187583431,1,1.25,"Eukaryota","Arthropoda","Copepoda","Calanoida","Pontellidae","Labidocera","Labidocera trispinosa","Variable","Variable","Variable","Exoskeleton","Exoskeleton","Chitin + Calcium","Holoplanktonic","No","Copepods"
"2610",0.168089318877992,0.1361187583431,1,1.25,"Eukaryota","Arthropoda","Malacostraca","Decapoda","Cancridae","Romaleon","Romaleon antennarium","Variable","No","Variable","None","Exoskeleton","Calcite","Meroplanktonic","No","Crabs, lobsters, shrimp"
"2774",0.168089318877992,0.1361187583431,1,1.25,"Eukaryota","Arthropoda","Copepoda","Calanoida","Pontellidae","Labidocera","Labidocera trispinosa","Variable","Variable","Variable","Exoskeleton","Exoskeleton","Chitin + Calcium","Holoplanktonic","No","Copepods"
"2814",0.168089318877992,0.1361187583431,1,1.25,"Eukaryota","Arthropoda","Ostracoda","Halocyprida","Halocyprididae","Macrochoecilla","Macrochoecilla macrocheira","Variable","No","Variable","None","Exoskeleton","Chitin + Calcium","Holoplanktonic","No","Ostracods (seed shrimp)"
"2844",0.168089318877992,0.1361187583431,1,1.25,"Eukaryota","Arthropoda","Copepoda","Calanoida","Scolecitrichidae","Scolecithricella","Scolecithricella dentata","Variable","Variable","Variable","Exoskeleton","Exoskeleton","Chitin + Calcium","Holoplanktonic","No","Copepods"
"3090",0.168089318877992,0.1361187583431,1,1.25,"Eukaryota","Arthropoda","Copepoda","Calanoida","Pontellidae","Labidocera",NA,"Variable","Variable","Variable","Exoskeleton","Exoskeleton","Chitin + Calcium","Holoplanktonic","No","Copepods"
"3246",0.168089318877992,0.1361187583431,1,1.25,"Eukaryota","Arthropoda","Copepoda","Calanoida","Pontellidae","Labidocera","Labidocera trispinosa","Variable","Variable","Variable","Exoskeleton","Exoskeleton","Chitin + Calcium","Holoplanktonic","No","Copepods"
"3297",0.168089318877992,0.1361187583431,1,1.25,"Eukaryota","Chordata","Actinopteri","Aulopiformes","Synodontidae","Synodus","Synodus lucioceps","No","No","No","None","None","None","Meroplanktonic","No","Lizardfish and deep-sea teleosts"
"3351",0.168089318877992,0.1361187583431,1,1.25,"Eukaryota","Mollusca","Gastropoda","Nudibranchia","Glaucidae","Hermissenda","Hermissenda opalescens","Variable","Variable","No","External shell","None","Aragonite","Meroplanktonic","No","Shell-less sea slugs"
"3656",0.168089318877992,0.1361187583431,1,1.25,"Eukaryota","Arthropoda","Copepoda","Calanoida","Pontellidae",NA,NA,"Variable","Variable","Variable","Exoskeleton","Exoskeleton","Chitin + Calcium","Holoplanktonic","No","Copepods"
"3826",0.168089318877992,0.1361187583431,1,1.25,"Eukaryota","Mollusca","Gastropoda","Littorinimorpha","Atlantidae","Atlanta","Atlanta sp. USNM IZ 1230636","Yes","Yes","Yes","External shell","External shell","Aragonite/Calcite","Meroplanktonic","No","Periwinkles and related snails"
"3897",0.168089318877992,0.1361187583431,1,1.25,"Eukaryota","Arthropoda","Malacostraca","Decapoda","Pinnotheridae","Pinnixa","Pinnixa franciscana","Variable","No","Variable","None","Exoskeleton","Calcite","Meroplanktonic","No","Crabs, lobsters, shrimp"
"4252",0.168089318877992,0.1361187583431,1,1.25,"Eukaryota","Arthropoda","Malacostraca","Decapoda","Cancridae","Metacarcinus","Metacarcinus gracilis","Variable","No","Variable","None","Exoskeleton","Calcite","Meroplanktonic","No","Crabs, lobsters, shrimp"
"4338",0.168089318877992,0.1361187583431,1,1.25,"Eukaryota","Arthropoda","Malacostraca","Euphausiacea","Euphausiidae","Nyctiphanes","Nyctiphanes simplex","Variable","No","Variable","None","Exoskeleton","Chitin + Calcium","Holoplanktonic","No","Krill"
"5367",0.168089318877992,0.1361187583431,1,1.25,"Eukaryota","Arthropoda","Malacostraca","Decapoda","Hippidae","Emerita","Emerita analoga","Variable","No","Variable","None","Exoskeleton","Calcite","Meroplanktonic","No","Crabs, lobsters, shrimp"
"5368",0.168089318877992,0.1361187583431,1,1.25,"Eukaryota","Echinodermata","Ophiuroidea","Amphilepidida","Amphiuridae",NA,NA,"Yes","Yes","Yes","Internal skeleton","Internal skeleton","Calcite","Meroplanktonic","No","Brittle stars"
"5525",0.168089318877992,0.1361187583431,1,1.25,"Eukaryota","Arthropoda","Copepoda","Poecilostomatoida","Oncaeidae","Oncaea","Oncaea sp.","Variable","Variable","Variable","Exoskeleton","Exoskeleton","Chitin + Calcium","Holoplanktonic","No","Parasitic or predatory copepods"
"5810",0.168089318877992,0.1361187583431,1,1.25,"Eukaryota","Arthropoda","Ostracoda","Halocyprida","Halocyprididae","Macrochoecilla","Macrochoecilla macrocheira","Variable","No","Variable","None","Exoskeleton","Chitin + Calcium","Holoplanktonic","No","Ostracods (seed shrimp)"
"6371",0.168089318877992,0.1361187583431,1,1.25,"Eukaryota","Arthropoda","Ostracoda","Halocyprida","Halocyprididae","Mikroconchoecia","Mikroconchoecia sp. USNM IZ 1448470","Variable","No","Variable","None","Exoskeleton","Chitin + Calcium","Holoplanktonic","No","Ostracods (seed shrimp)"
"6372",0.168089318877992,0.1361187583431,1,1.25,"Eukaryota","Arthropoda","Ostracoda","Halocyprida","Halocyprididae","Proceroecia","Proceroecia procera","Variable","No","Variable","None","Exoskeleton","Chitin + Calcium","Holoplanktonic","No","Ostracods (seed shrimp)"
"6605",0.168089318877992,0.1361187583431,1,1.25,"Eukaryota","Arthropoda","Ostracoda","Halocyprida","Halocyprididae","Proceroecia","Proceroecia procera","Variable","No","Variable","None","Exoskeleton","Chitin + Calcium","Holoplanktonic","No","Ostracods (seed shrimp)"
"6868",0.168089318877992,0.1361187583431,1,1.25,"Eukaryota","Annelida","Polychaeta","Phyllodocida","Phyllodocidae",NA,NA,"No","No","No","None","None","None","Benthic + Meroplanktonic","No","Active marine polychaetes"
"6871",0.168089318877992,0.1361187583431,1,1.25,"Eukaryota","Arthropoda","Copepoda","Calanoida","Acartiidae","Acartia","Acartia californiensis","Variable","Variable","Variable","Exoskeleton","Exoskeleton","Chitin + Calcium","Holoplanktonic","No","Copepods"
"59",0.167964179195697,0.136414799630005,73,91.25,"Eukaryota","Arthropoda","Malacostraca","Euphausiacea","Euphausiidae","Hansarsia","Hansarsia difficilis","Variable","No","Variable","None","Exoskeleton","Chitin + Calcium","Holoplanktonic","No","Krill"
"2605",0.16745619874302,0.137621527829003,4,5,"Eukaryota","Arthropoda","Copepoda","Calanoida","Clausocalanidae","Clausocalanus","Clausocalanus jobei","Variable","Variable","Variable","Exoskeleton","Exoskeleton","Chitin + Calcium","Holoplanktonic","No","Copepods"
"789",0.166127732814112,0.140815492032204,16,20,"Eukaryota","Arthropoda","Copepoda","Calanoida","Metridinidae","Pleuromamma","Pleuromamma abdominalis","Variable","Variable","Variable","Exoskeleton","Exoskeleton","Chitin + Calcium","Holoplanktonic","No","Copepods"
"261",0.164595437149648,0.144568557647869,28,35,"Eukaryota","Arthropoda","Copepoda","Calanoida","Calocalanidae","Calocalanus",NA,"Variable","Variable","Variable","Exoskeleton","Exoskeleton","Chitin + Calcium","Holoplanktonic","No","Copepods"
"76",0.163758392707831,0.146650228709422,74,92.5,"Eukaryota","Arthropoda","Copepoda","Calanoida","Metridinidae","Pleuromamma","Pleuromamma borealis","Variable","Variable","Variable","Exoskeleton","Exoskeleton","Chitin + Calcium","Holoplanktonic","No","Copepods"
"459",0.163217164707616,0.148008143528415,1,1.25,"Eukaryota","Mollusca","Gastropoda","Nudibranchia","Glaucidae","Hermissenda","Hermissenda opalescens","Variable","Variable","No","External shell","None","Aragonite","Meroplanktonic","No","Shell-less sea slugs"
"1132",0.163217164707616,0.148008143528415,1,1.25,"Eukaryota","Arthropoda","Malacostraca","Decapoda","Hippolytidae","Lysmata","Lysmata californica","Variable","No","Variable","None","Exoskeleton","Calcite","Meroplanktonic","No","Crabs, lobsters, shrimp"
"1379",0.163217164707616,0.148008143528415,1,1.25,"Eukaryota","Arthropoda","Copepoda","Calanoida","Calanidae","Calanus","Calanus pacificus","Variable","Variable","Variable","Exoskeleton","Exoskeleton","Chitin + Calcium","Holoplanktonic","No","Copepods"
"1465",0.163217164707616,0.148008143528415,1,1.25,"Eukaryota","Arthropoda","Copepoda","Poecilostomatoida","Oncaeidae","Oncaea","Oncaea sp.","Variable","Variable","Variable","Exoskeleton","Exoskeleton","Chitin + Calcium","Holoplanktonic","No","Parasitic or predatory copepods"
"1933",0.163217164707616,0.148008143528415,1,1.25,"Eukaryota","Chordata","Actinopteri","Myctophiformes","Myctophidae","Nannobrachium","Nannobrachium ritteri","No","No","No","None","None","None","Meroplanktonic","No","Lanternfishes"
"2331",0.163217164707616,0.148008143528415,1,1.25,"Eukaryota","Arthropoda","Malacostraca","Decapoda","Pinnotheridae","Pinnixa","Pinnixa franciscana","Variable","No","Variable","None","Exoskeleton","Calcite","Meroplanktonic","No","Crabs, lobsters, shrimp"
"2466",0.163217164707616,0.148008143528415,1,1.25,"Eukaryota","Chordata","Actinopteri","Myctophiformes","Myctophidae","Nannobrachium","Nannobrachium ritteri","No","No","No","None","None","None","Meroplanktonic","No","Lanternfishes"
"2507",0.163217164707616,0.148008143528415,1,1.25,"Eukaryota","Arthropoda","Ostracoda","Halocyprida","Halocyprididae","Discoconchoecia",NA,"Variable","No","Variable","None","Exoskeleton","Chitin + Calcium","Holoplanktonic","No","Ostracods (seed shrimp)"
"2562",0.163217164707616,0.148008143528415,1,1.25,"Eukaryota","Arthropoda","Malacostraca","Decapoda","Hippolytidae","Lysmata",NA,"Variable","No","Variable","None","Exoskeleton","Calcite","Meroplanktonic","No","Crabs, lobsters, shrimp"
"3170",0.163217164707616,0.148008143528415,1,1.25,"Eukaryota","Arthropoda","Copepoda","Poecilostomatoida","Oncaeidae","Oncaea","Oncaea sp.","Variable","Variable","Variable","Exoskeleton","Exoskeleton","Chitin + Calcium","Holoplanktonic","No","Parasitic or predatory copepods"
"3377",0.163217164707616,0.148008143528415,1,1.25,"Eukaryota","Arthropoda","Copepoda","Poecilostomatoida","Oncaeidae","Oncaea","Oncaea sp.","Variable","Variable","Variable","Exoskeleton","Exoskeleton","Chitin + Calcium","Holoplanktonic","No","Parasitic or predatory copepods"
"3496",0.163217164707616,0.148008143528415,1,1.25,"Eukaryota","Echinodermata","Holothuroidea","Dendrochirotida","Psolidae","Psolus",NA,"Yes","Yes","Yes","Internal skeleton","Internal skeleton","Calcite","Meroplanktonic","No","Sea cucumbers"
"3559",0.163217164707616,0.148008143528415,1,1.25,"Eukaryota","Echinodermata","Ophiuroidea","Amphilepidida","Amphiuridae",NA,NA,"Yes","Yes","Yes","Internal skeleton","Internal skeleton","Calcite","Meroplanktonic","No","Brittle stars"
"3934",0.163217164707616,0.148008143528415,1,1.25,"Eukaryota","Arthropoda","Copepoda","Poecilostomatoida","Oncaeidae","Oncaea","Oncaea sp.","Variable","Variable","Variable","Exoskeleton","Exoskeleton","Chitin + Calcium","Holoplanktonic","No","Parasitic or predatory copepods"
"4106",0.163217164707616,0.148008143528415,1,1.25,"Eukaryota","Echinodermata","Ophiuroidea","Amphilepidida","Amphiuridae","Amphiodia",NA,"Yes","Yes","Yes","Internal skeleton","Internal skeleton","Calcite","Meroplanktonic","No","Brittle stars"
"4296",0.163217164707616,0.148008143528415,1,1.25,"Eukaryota","Annelida","Polychaeta","Chaetopteridae","Chaetopteridae","Phyllochaetopterus","Phyllochaetopterus sp. 5 JM_2017","No","No","No","None","None","None","Benthic + Meroplanktonic","No","Tube-dwelling marine polychaetes"
"4297",0.163217164707616,0.148008143528415,1,1.25,"Eukaryota","Arthropoda","Copepoda","Calanoida","Clausocalanidae","Clausocalanus","Clausocalanus jobei","Variable","Variable","Variable","Exoskeleton","Exoskeleton","Chitin + Calcium","Holoplanktonic","No","Copepods"
"4580",0.163217164707616,0.148008143528415,1,1.25,"Eukaryota","Arthropoda","Copepoda","Calanoida","Eucalanidae","Rhincalanus",NA,"Variable","Variable","Variable","Exoskeleton","Exoskeleton","Chitin + Calcium","Holoplanktonic","No","Copepods"
"4701",0.163217164707616,0.148008143528415,1,1.25,"Eukaryota","Arthropoda","Copepoda","Calanoida","Clausocalanidae","Clausocalanus","Clausocalanus arcuicornis","Variable","Variable","Variable","Exoskeleton","Exoskeleton","Chitin + Calcium","Holoplanktonic","No","Copepods"
"4904",0.163217164707616,0.148008143528415,1,1.25,"Eukaryota","Arthropoda","Malacostraca","Euphausiacea","Euphausiidae","Hansarsia",NA,"Variable","No","Variable","None","Exoskeleton","Chitin + Calcium","Holoplanktonic","No","Krill"
"5018",0.163217164707616,0.148008143528415,1,1.25,"Eukaryota","Arthropoda","Malacostraca","Decapoda","Munididae","Pleuroncodes","Pleuroncodes planipes","Variable","No","Variable","None","Exoskeleton","Calcite","Meroplanktonic","No","Crabs, lobsters, shrimp"
"5604",0.163217164707616,0.148008143528415,1,1.25,"Eukaryota","Arthropoda","Copepoda","Poecilostomatoida","Oncaeidae","Oncaea","Oncaea sp.","Variable","Variable","Variable","Exoskeleton","Exoskeleton","Chitin + Calcium","Holoplanktonic","No","Parasitic or predatory copepods"
"5605",0.163217164707616,0.148008143528415,1,1.25,"Eukaryota","Arthropoda","Copepoda","Calanoida","Clausocalanidae",NA,NA,"Variable","Variable","Variable","Exoskeleton","Exoskeleton","Chitin + Calcium","Holoplanktonic","No","Copepods"
"5606",0.163217164707616,0.148008143528415,1,1.25,"Eukaryota","Arthropoda","Copepoda","Calanoida","Euchaetidae","Euchaeta","Euchaeta marina","Variable","Variable","Variable","Exoskeleton","Exoskeleton","Chitin + Calcium","Holoplanktonic","No","Copepods"
"5740",0.163217164707616,0.148008143528415,1,1.25,"Eukaryota","Arthropoda","Malacostraca","Decapoda","Munididae","Pleuroncodes","Pleuroncodes planipes","Variable","No","Variable","None","Exoskeleton","Calcite","Meroplanktonic","No","Crabs, lobsters, shrimp"
"5904",0.163217164707616,0.148008143528415,1,1.25,"Eukaryota","Arthropoda","Malacostraca","Euphausiacea","Euphausiidae",NA,NA,"Variable","No","Variable","None","Exoskeleton","Chitin + Calcium","Holoplanktonic","No","Krill"
"6288",0.163217164707616,0.148008143528415,1,1.25,"Eukaryota","Arthropoda","Copepoda","Calanoida","Calocalanidae","Calocalanus",NA,"Variable","Variable","Variable","Exoskeleton","Exoskeleton","Chitin + Calcium","Holoplanktonic","No","Copepods"
"6764",0.163217164707616,0.148008143528415,1,1.25,"Eukaryota","Arthropoda","Malacostraca","Decapoda","Hippolytidae",NA,NA,"Variable","No","Variable","None","Exoskeleton","Calcite","Meroplanktonic","No","Crabs, lobsters, shrimp"
"6765",0.163217164707616,0.148008143528415,1,1.25,"Eukaryota","Mollusca","Gastropoda","Pteropoda","Limacinidae",NA,NA,"Yes","Yes","Yes","External shell","External shell","Aragonite","Holoplanktonic","No","Sea butterflies"
"7249",0.163217164707616,0.148008143528415,1,1.25,"Eukaryota","Echinodermata","Ophiuroidea","Amphilepidida","Ophiotrichidae","Ophiothrix","Ophiothrix spiculata","Yes","Yes","Yes","Internal skeleton","Internal skeleton","Calcite","Meroplanktonic","No","Brittle stars"
"7503",0.163217164707616,0.148008143528415,1,1.25,"Eukaryota","Chaetognatha","Sagittoidea","Aphragmophora","Sagittidae","Flaccisagitta",NA,"No","No","No","None","None","None","Holoplanktonic","No","Chaetognaths (arrow worms)"
"7505",0.163217164707616,0.148008143528415,1,1.25,"Eukaryota","Arthropoda","Copepoda","Calanoida","Calocalanidae","Calocalanus",NA,"Variable","Variable","Variable","Exoskeleton","Exoskeleton","Chitin + Calcium","Holoplanktonic","No","Copepods"
"7665",0.163217164707616,0.148008143528415,1,1.25,"Eukaryota","Arthropoda","Copepoda","Calanoida","Paracalanidae","Paracalanus","Paracalanus tropicus","Variable","Variable","Variable","Exoskeleton","Exoskeleton","Chitin + Calcium","Holoplanktonic","No","Copepods"
"1593",0.162375262846941,0.150139126800053,11,13.75,"Eukaryota","Arthropoda","Copepoda","Calanoida","Clausocalanidae","Clausocalanus","Clausocalanus parapergens","Variable","Variable","Variable","Exoskeleton","Exoskeleton","Chitin + Calcium","Holoplanktonic","No","Copepods"
"4218",0.160448549607337,0.155102150539974,3,3.75,"Eukaryota","Chordata","Actinopteri","Pleuronectiformes","Cyclopsettidae","Citharichthys",NA,"No","No","No","None","None","None","Meroplanktonic","No","Flatfishes (flounders, soles, halibut)"
"79",0.158705337230311,0.159696836938877,42,52.5,"Eukaryota","Mollusca","Gastropoda","Nudibranchia","Glaucidae","Hermissenda",NA,"Variable","Variable","No","External shell","None","Aragonite","Meroplanktonic","No","Shell-less sea slugs"
"282",0.158345010537239,0.160659031619725,1,1.25,"Eukaryota","Arthropoda","Copepoda","Calanoida","Eucalanidae","Eucalanus","Eucalanus californicus","Variable","Variable","Variable","Exoskeleton","Exoskeleton","Chitin + Calcium","Holoplanktonic","No","Copepods"
"398",0.158345010537239,0.160659031619725,1,1.25,"Eukaryota","Arthropoda","Copepoda","Calanoida","Pontellidae","Labidocera","Labidocera trispinosa","Variable","Variable","Variable","Exoskeleton","Exoskeleton","Chitin + Calcium","Holoplanktonic","No","Copepods"
"646",0.158345010537239,0.160659031619725,1,1.25,"Eukaryota","Arthropoda","Copepoda","Calanoida","Eucalanidae","Eucalanus","Eucalanus californicus","Variable","Variable","Variable","Exoskeleton","Exoskeleton","Chitin + Calcium","Holoplanktonic","No","Copepods"
"1286",0.158345010537239,0.160659031619725,1,1.25,"Eukaryota","Mollusca","Gastropoda","Nudibranchia","Glaucidae","Hermissenda","Hermissenda opalescens","Variable","Variable","No","External shell","None","Aragonite","Meroplanktonic","No","Shell-less sea slugs"
"1551",0.158345010537239,0.160659031619725,1,1.25,"Eukaryota","Arthropoda","Copepoda","Poecilostomatoida","Oncaeidae","Oncaea","Oncaea sp.","Variable","Variable","Variable","Exoskeleton","Exoskeleton","Chitin + Calcium","Holoplanktonic","No","Parasitic or predatory copepods"
"1683",0.158345010537239,0.160659031619725,1,1.25,"Eukaryota","Arthropoda","Copepoda","Calanoida","Scolecitrichidae","Scolecithricella","Scolecithricella dentata","Variable","Variable","Variable","Exoskeleton","Exoskeleton","Chitin + Calcium","Holoplanktonic","No","Copepods"
"1715",0.158345010537239,0.160659031619725,1,1.25,"Eukaryota","Arthropoda","Copepoda","Calanoida","Calanidae","Calanus","Calanus pacificus","Variable","Variable","Variable","Exoskeleton","Exoskeleton","Chitin + Calcium","Holoplanktonic","No","Copepods"
"1934",0.158345010537239,0.160659031619725,1,1.25,"Eukaryota","Arthropoda","Ostracoda","Halocyprida","Halocyprididae","Proceroecia","Proceroecia procera","Variable","No","Variable","None","Exoskeleton","Chitin + Calcium","Holoplanktonic","No","Ostracods (seed shrimp)"
"1966",0.158345010537239,0.160659031619725,1,1.25,"Eukaryota","Arthropoda","Copepoda","Calanoida","Clausocalanidae",NA,NA,"Variable","Variable","Variable","Exoskeleton","Exoskeleton","Chitin + Calcium","Holoplanktonic","No","Copepods"
"2358",0.158345010537239,0.160659031619725,1,1.25,"Eukaryota","Arthropoda","Copepoda","Calanoida","Eucalanidae","Eucalanus","Eucalanus californicus","Variable","Variable","Variable","Exoskeleton","Exoskeleton","Chitin + Calcium","Holoplanktonic","No","Copepods"
"2788",0.158345010537239,0.160659031619725,1,1.25,"Eukaryota","Annelida","Polychaeta","Phyllodocida","Phyllodocidae",NA,NA,"No","No","No","None","None","None","Benthic + Meroplanktonic","No","Active marine polychaetes"
"2900",0.158345010537239,0.160659031619725,1,1.25,"Eukaryota","Echinodermata","Ophiuroidea","Amphilepidida","Amphiuridae","Amphiodia",NA,"Yes","Yes","Yes","Internal skeleton","Internal skeleton","Calcite","Meroplanktonic","No","Brittle stars"
"3268",0.158345010537239,0.160659031619725,1,1.25,"Eukaryota","Arthropoda","Copepoda","Calanoida","Pontellidae","Labidocera","Labidocera trispinosa","Variable","Variable","Variable","Exoskeleton","Exoskeleton","Chitin + Calcium","Holoplanktonic","No","Copepods"
"3326",0.158345010537239,0.160659031619725,1,1.25,"Eukaryota","Arthropoda","Thecostraca","Balanomorpha","Chthamalidae","Chthamalus","Chthamalus fissus","Yes","Yes","Yes","External shell","External shell","Calcite","Meroplanktonic","No","Barnacles"
"3630",0.158345010537239,0.160659031619725,1,1.25,"Eukaryota","Arthropoda","Malacostraca","Decapoda","Cancridae","Romaleon","Romaleon antennarium","Variable","No","Variable","None","Exoskeleton","Calcite","Meroplanktonic","No","Crabs, lobsters, shrimp"
"3772",0.158345010537239,0.160659031619725,1,1.25,"Eukaryota","Arthropoda","Ostracoda","Halocyprida","Halocyprididae","Discoconchoecia",NA,"Variable","No","Variable","None","Exoskeleton","Chitin + Calcium","Holoplanktonic","No","Ostracods (seed shrimp)"
"3935",0.158345010537239,0.160659031619725,1,1.25,"Eukaryota","Arthropoda","Copepoda","Calanoida","Eucalanidae","Eucalanus","Eucalanus californicus","Variable","Variable","Variable","Exoskeleton","Exoskeleton","Chitin + Calcium","Holoplanktonic","No","Copepods"
"4209",0.158345010537239,0.160659031619725,1,1.25,"Eukaryota","Arthropoda","Copepoda","Calanoida","Eucalanidae","Eucalanus","Eucalanus californicus","Variable","Variable","Variable","Exoskeleton","Exoskeleton","Chitin + Calcium","Holoplanktonic","No","Copepods"
"4298",0.158345010537239,0.160659031619725,1,1.25,"Eukaryota","Chordata","Actinopteri","Sciaenidae","Sciaenidae","Genyonemus","Genyonemus lineatus","No","No","No","None","None","None","Meroplanktonic","No","Drums and croakers (marine fish)"
"4299",0.158345010537239,0.160659031619725,1,1.25,"Eukaryota","Echinodermata","Ophiuroidea","Amphilepidida","Amphiuridae","Amphiodia",NA,"Yes","Yes","Yes","Internal skeleton","Internal skeleton","Calcite","Meroplanktonic","No","Brittle stars"
"4475",0.158345010537239,0.160659031619725,1,1.25,"Eukaryota","Arthropoda","Copepoda","Calanoida","Eucalanidae","Eucalanus","Eucalanus californicus","Variable","Variable","Variable","Exoskeleton","Exoskeleton","Chitin + Calcium","Holoplanktonic","No","Copepods"
"4906",0.158345010537239,0.160659031619725,1,1.25,"Eukaryota","Arthropoda","Copepoda","Calanoida","Heterorhabdidae",NA,NA,"Variable","Variable","Variable","Exoskeleton","Exoskeleton","Chitin + Calcium","Holoplanktonic","No","Copepods"
"4907",0.158345010537239,0.160659031619725,1,1.25,"Eukaryota","Mollusca","Gastropoda","Nudibranchia","Glaucidae","Hermissenda","Hermissenda opalescens","Variable","Variable","No","External shell","None","Aragonite","Meroplanktonic","No","Shell-less sea slugs"
"5019",0.158345010537239,0.160659031619725,1,1.25,"Eukaryota","Arthropoda","Copepoda","Calanoida","Clausocalanidae","Clausocalanus",NA,"Variable","Variable","Variable","Exoskeleton","Exoskeleton","Chitin + Calcium","Holoplanktonic","No","Copepods"
"5586",0.158345010537239,0.160659031619725,1,1.25,"Eukaryota","Mollusca","Gastropoda","Nudibranchia","Tritoniidae","Tritonia","Tritonia tetraquetra","Variable","Variable","No","External shell","None","Aragonite","Meroplanktonic","No","Shell-less sea slugs"
"5608",0.158345010537239,0.160659031619725,1,1.25,"Eukaryota","Arthropoda","Copepoda","Poecilostomatoida","Oncaeidae","Oncaea","Oncaea sp.","Variable","Variable","Variable","Exoskeleton","Exoskeleton","Chitin + Calcium","Holoplanktonic","No","Parasitic or predatory copepods"
"6094",0.158345010537239,0.160659031619725,1,1.25,"Eukaryota","Nemertea","Palaeonemertea","Tubulaniformes","Tubulanidae","Carinina","Carinina chocolata","No","No","No","None","None","None","Benthic + Meroplanktonic","No","Unsegmented ribbon worms (nemerteans)"
"6292",0.158345010537239,0.160659031619725,1,1.25,"Eukaryota","Arthropoda","Copepoda","Poecilostomatoida","Oncaeidae","Oncaea","Oncaea sp.","Variable","Variable","Variable","Exoskeleton","Exoskeleton","Chitin + Calcium","Holoplanktonic","No","Parasitic or predatory copepods"
"6293",0.158345010537239,0.160659031619725,1,1.25,"Eukaryota","Arthropoda","Copepoda","Poecilostomatoida","Oncaeidae","Oncaea","Oncaea sp.","Variable","Variable","Variable","Exoskeleton","Exoskeleton","Chitin + Calcium","Holoplanktonic","No","Parasitic or predatory copepods"
"6504",0.158345010537239,0.160659031619725,1,1.25,"Eukaryota","Arthropoda","Copepoda","Poecilostomatoida","Oncaeidae","Oncaea","Oncaea sp.","Variable","Variable","Variable","Exoskeleton","Exoskeleton","Chitin + Calcium","Holoplanktonic","No","Parasitic or predatory copepods"
"6767",0.158345010537239,0.160659031619725,1,1.25,"Eukaryota","Arthropoda","Copepoda","Calanoida","Scolecitrichidae","Scolecithrix","Scolecithrix bradyi","Variable","Variable","Variable","Exoskeleton","Exoskeleton","Chitin + Calcium","Holoplanktonic","No","Copepods"
"6768",0.158345010537239,0.160659031619725,1,1.25,"Eukaryota","Mollusca","Gastropoda","Nudibranchia","Polyceridae","Limacia","Limacia cockerelli","Variable","Variable","No","External shell","None","Aragonite","Meroplanktonic","No","Shell-less sea slugs"
"6769",0.158345010537239,0.160659031619725,1,1.25,"Eukaryota","Arthropoda","Copepoda","Poecilostomatoida","Oncaeidae","Oncaea","Oncaea sp.","Variable","Variable","Variable","Exoskeleton","Exoskeleton","Chitin + Calcium","Holoplanktonic","No","Parasitic or predatory copepods"
"7251",0.158345010537239,0.160659031619725,1,1.25,"Eukaryota","Arthropoda","Ostracoda","Halocyprida","Halocyprididae","Porroecia",NA,"Variable","No","Variable","None","Exoskeleton","Chitin + Calcium","Holoplanktonic","No","Ostracods (seed shrimp)"
"7253",0.158345010537239,0.160659031619725,1,1.25,"Eukaryota","Arthropoda","Copepoda","Calanoida","Temoridae","Temora","Temora discaudata","Variable","Variable","Variable","Exoskeleton","Exoskeleton","Chitin + Calcium","Holoplanktonic","No","Copepods"
"7666",0.158345010537239,0.160659031619725,1,1.25,"Eukaryota","Arthropoda","Copepoda","Calanoida","Paracalanidae","Paracalanus","Paracalanus tropicus","Variable","Variable","Variable","Exoskeleton","Exoskeleton","Chitin + Calcium","Holoplanktonic","No","Copepods"
"1222",0.158177213675533,0.161108569461587,4,5,"Eukaryota","Bryozoa","Gymnolaemata","Cheilostomatida","Membraniporidae","Membranipora","Membranipora villosa","Yes","Yes","Yes","External shell","External shell","Calcite","Meroplanktonic","No","Encrusting bryozoans"
"717",0.158123804541682,0.161251851020668,13,16.25,"Eukaryota","Arthropoda","Copepoda","Calanoida","Lucicutiidae","Lucicutia","Lucicutia flavicornis","Variable","Variable","Variable","Exoskeleton","Exoskeleton","Chitin + Calcium","Holoplanktonic","No","Copepods"
"205",0.157029017065049,0.164209685503948,13,16.25,"Eukaryota","Echinodermata","Echinoidea","Temnopleuroida","Toxopneustidae","Lytechinus","Lytechinus pictus","Yes","Yes","Yes","Internal skeleton","Exoskeleton","Calcite","Meroplanktonic","No","Short-spined sea urchins"
"2789",0.156789165221744,0.164863021951126,2,2.5,"Eukaryota","Arthropoda","Malacostraca","Decapoda","Galatheidae","Janetogalathea","Janetogalathea californiensis","Variable","No","Variable","None","Exoskeleton","Calcite","Meroplanktonic","No","Crabs, lobsters, shrimp"
"644",0.155392306071582,0.168706125186097,31,38.75,"Eukaryota","Arthropoda","Malacostraca","Euphausiacea","Euphausiidae",NA,NA,"Variable","No","Variable","None","Exoskeleton","Chitin + Calcium","Holoplanktonic","No","Krill"
"1206",0.154622371893638,0.170852381501186,2,2.5,"Eukaryota","Bryozoa","Gymnolaemata","Cheilostomatida","Membraniporidae","Membranipora",NA,"Yes","Yes","Yes","External shell","External shell","Calcite","Meroplanktonic","No","Encrusting bryozoans"
"921",0.153472856366863,0.174093973483199,1,1.25,"Eukaryota","Arthropoda","Copepoda","Calanoida","Eucalanidae","Eucalanus","Eucalanus californicus","Variable","Variable","Variable","Exoskeleton","Exoskeleton","Chitin + Calcium","Holoplanktonic","No","Copepods"
"1295",0.153472856366863,0.174093973483199,1,1.25,"Eukaryota","Arthropoda","Ostracoda","Halocyprida","Halocyprididae","Halocypris","Halocypris inflata","Variable","No","Variable","None","Exoskeleton","Chitin + Calcium","Holoplanktonic","No","Ostracods (seed shrimp)"
"1528",0.153472856366863,0.174093973483199,1,1.25,"Eukaryota","Arthropoda","Copepoda","Calanoida","Calanidae","Calanus","Calanus pacificus","Variable","Variable","Variable","Exoskeleton","Exoskeleton","Chitin + Calcium","Holoplanktonic","No","Copepods"
"1684",0.153472856366863,0.174093973483199,1,1.25,"Eukaryota","Arthropoda","Ostracoda","Halocyprida","Halocyprididae","Discoconchoecia",NA,"Variable","No","Variable","None","Exoskeleton","Chitin + Calcium","Holoplanktonic","No","Ostracods (seed shrimp)"
"1697",0.153472856366863,0.174093973483199,1,1.25,"Eukaryota","Cnidaria","Hydrozoa","Siphonophorae","Diphyidae","Lensia","Lensia campanella","No","No","No","None","None","None","Holoplanktonic","No","Colonial hydrozoans (e.g., Portuguese man o' war)"
"1830",0.153472856366863,0.174093973483199,1,1.25,"Eukaryota","Echinodermata","Echinoidea","Temnopleuroida","Toxopneustidae","Lytechinus","Lytechinus pictus","Yes","Yes","Yes","Internal skeleton","Exoskeleton","Calcite","Meroplanktonic","No","Short-spined sea urchins"
"2251",0.153472856366863,0.174093973483199,1,1.25,"Eukaryota","Arthropoda","Copepoda","Calanoida","Mecynoceridae","Mecynocera","Mecynocera clausi","Variable","Variable","Variable","Exoskeleton","Exoskeleton","Chitin + Calcium","Holoplanktonic","No","Copepods"
"2406",0.153472856366863,0.174093973483199,1,1.25,"Eukaryota","Arthropoda","Copepoda","Calanoida","Clausocalanidae","Clausocalanus",NA,"Variable","Variable","Variable","Exoskeleton","Exoskeleton","Chitin + Calcium","Holoplanktonic","No","Copepods"
"2564",0.153472856366863,0.174093973483199,1,1.25,"Eukaryota","Arthropoda","Ostracoda","Halocyprida","Halocyprididae","Discoconchoecia",NA,"Variable","No","Variable","None","Exoskeleton","Chitin + Calcium","Holoplanktonic","No","Ostracods (seed shrimp)"
"3174",0.153472856366863,0.174093973483199,1,1.25,"Eukaryota","Arthropoda","Copepoda","Poecilostomatoida","Oncaeidae","Oncaea","Oncaea sp.","Variable","Variable","Variable","Exoskeleton","Exoskeleton","Chitin + Calcium","Holoplanktonic","No","Parasitic or predatory copepods"
"3632",0.153472856366863,0.174093973483199,1,1.25,"Eukaryota","Arthropoda","Copepoda","Calanoida","Eucalanidae","Eucalanus","Eucalanus californicus","Variable","Variable","Variable","Exoskeleton","Exoskeleton","Chitin + Calcium","Holoplanktonic","No","Copepods"
"3939",0.153472856366863,0.174093973483199,1,1.25,"Eukaryota","Arthropoda","Copepoda","Calanoida","Eucalanidae","Eucalanus","Eucalanus californicus","Variable","Variable","Variable","Exoskeleton","Exoskeleton","Chitin + Calcium","Holoplanktonic","No","Copepods"
"4111",0.153472856366863,0.174093973483199,1,1.25,"Eukaryota","Mollusca","Gastropoda","Limapontiidae","Limapontiidae",NA,NA,"Variable","Variable","No","External shell","None","Aragonite","Meroplanktonic","No","Sap-sucking sea slugs"
"4112",0.153472856366863,0.174093973483199,1,1.25,"Eukaryota","Echinodermata","Echinoidea","Camarodonta","Strongylocentrotidae","Mesocentrotus",NA,"Yes","Yes","Yes","Internal skeleton","Exoskeleton","Calcite","Meroplanktonic","No","Sea urchins"
"4114",0.153472856366863,0.174093973483199,1,1.25,"Eukaryota","Arthropoda","Copepoda","Calanoida","Eucalanidae","Eucalanus","Eucalanus californicus","Variable","Variable","Variable","Exoskeleton","Exoskeleton","Chitin + Calcium","Holoplanktonic","No","Copepods"
"4115",0.153472856366863,0.174093973483199,1,1.25,"Eukaryota","Arthropoda","Malacostraca","Euphausiacea","Euphausiidae","Hansarsia","Hansarsia difficilis","Variable","No","Variable","None","Exoskeleton","Chitin + Calcium","Holoplanktonic","No","Krill"
"4211",0.153472856366863,0.174093973483199,1,1.25,"Eukaryota","Arthropoda","Copepoda","Poecilostomatoida","Oncaeidae","Oncaea","Oncaea sp.","Variable","Variable","Variable","Exoskeleton","Exoskeleton","Chitin + Calcium","Holoplanktonic","No","Parasitic or predatory copepods"
"5021",0.153472856366863,0.174093973483199,1,1.25,"Eukaryota","Mollusca","Gastropoda","Pteropoda","Limacinidae",NA,NA,"Yes","Yes","Yes","External shell","External shell","Aragonite","Holoplanktonic","No","Sea butterflies"
"5144",0.153472856366863,0.174093973483199,1,1.25,"Eukaryota","Bryozoa","Gymnolaemata","Cheilostomatida","Membraniporidae","Membranipora","Membranipora villosa","Yes","Yes","Yes","External shell","External shell","Calcite","Meroplanktonic","No","Encrusting bryozoans"
"5145",0.153472856366863,0.174093973483199,1,1.25,"Eukaryota","Arthropoda","Copepoda","Calanoida","Calanidae","Calanus","Calanus pacificus","Variable","Variable","Variable","Exoskeleton","Exoskeleton","Chitin + Calcium","Holoplanktonic","No","Copepods"
"5148",0.153472856366863,0.174093973483199,1,1.25,"Eukaryota","Arthropoda","Copepoda","Calanoida","Candaciidae","Candacia","Candacia curta","Variable","Variable","Variable","Exoskeleton","Exoskeleton","Chitin + Calcium","Holoplanktonic","No","Copepods"
"5310",0.153472856366863,0.174093973483199,1,1.25,"Eukaryota","Arthropoda","Copepoda","Calanoida","Eucalanidae","Eucalanus","Eucalanus californicus","Variable","Variable","Variable","Exoskeleton","Exoskeleton","Chitin + Calcium","Holoplanktonic","No","Copepods"
"5311",0.153472856366863,0.174093973483199,1,1.25,"Eukaryota","Arthropoda","Malacostraca","Decapoda","Munididae","Antillimunida","Antillimunida bapensis","Variable","No","Variable","None","Exoskeleton","Calcite","Meroplanktonic","No","Crabs, lobsters, shrimp"
"5312",0.153472856366863,0.174093973483199,1,1.25,"Eukaryota","Echinodermata","Ophiuroidea","Amphilepidida","Ophionereidae","Ophionereis",NA,"Yes","Yes","Yes","Internal skeleton","Internal skeleton","Calcite","Meroplanktonic","No","Brittle stars"
"5313",0.153472856366863,0.174093973483199,1,1.25,"Eukaryota","Echinodermata","Ophiuroidea","Amphilepidida","Amphiuridae",NA,NA,"Yes","Yes","Yes","Internal skeleton","Internal skeleton","Calcite","Meroplanktonic","No","Brittle stars"
"5314",0.153472856366863,0.174093973483199,1,1.25,"Eukaryota","Chaetognatha","Sagittoidea","Aphragmophora","Sagittidae","Flaccisagitta",NA,"No","No","No","None","None","None","Holoplanktonic","No","Chaetognaths (arrow worms)"
"5458",0.153472856366863,0.174093973483199,1,1.25,"Eukaryota","Arthropoda","Copepoda","Calanoida","Eucalanidae","Eucalanus","Eucalanus hyalinus","Variable","Variable","Variable","Exoskeleton","Exoskeleton","Chitin + Calcium","Holoplanktonic","No","Copepods"
"6098",0.153472856366863,0.174093973483199,1,1.25,"Eukaryota","Arthropoda","Copepoda","Calanoida","Calanidae","Mesocalanus","Mesocalanus tenuicornis","Variable","Variable","Variable","Exoskeleton","Exoskeleton","Chitin + Calcium","Holoplanktonic","No","Copepods"
"6295",0.153472856366863,0.174093973483199,1,1.25,"Eukaryota","Arthropoda","Malacostraca","Decapoda","Pinnotheridae","Pinnixa","Pinnixa occidentalis","Variable","No","Variable","None","Exoskeleton","Calcite","Meroplanktonic","No","Crabs, lobsters, shrimp"
"6508",0.153472856366863,0.174093973483199,1,1.25,"Eukaryota","Arthropoda","Malacostraca","Euphausiacea","Euphausiidae","Hansarsia","Hansarsia difficilis","Variable","No","Variable","None","Exoskeleton","Chitin + Calcium","Holoplanktonic","No","Krill"
"7002",0.153472856366863,0.174093973483199,1,1.25,"Eukaryota","Arthropoda","Copepoda","Calanoida","Calanidae","Neocalanus",NA,"Variable","Variable","Variable","Exoskeleton","Exoskeleton","Chitin + Calcium","Holoplanktonic","No","Copepods"
"7259",0.153472856366863,0.174093973483199,1,1.25,"Eukaryota","Arthropoda","Copepoda","Calanoida","Candaciidae","Candacia","Candacia bipinnata","Variable","Variable","Variable","Exoskeleton","Exoskeleton","Chitin + Calcium","Holoplanktonic","No","Copepods"
"7510",0.153472856366863,0.174093973483199,1,1.25,"Eukaryota","Arthropoda","Copepoda","Calanoida","Temoridae","Temora","Temora discaudata","Variable","Variable","Variable","Exoskeleton","Exoskeleton","Chitin + Calcium","Holoplanktonic","No","Copepods"
"7511",0.153472856366863,0.174093973483199,1,1.25,"Eukaryota","Arthropoda","Copepoda","Calanoida","Scolecitrichidae","Scolecithrix","Scolecithrix bradyi","Variable","Variable","Variable","Exoskeleton","Exoskeleton","Chitin + Calcium","Holoplanktonic","No","Copepods"
"5669",0.152585586165218,0.176626676904978,2,2.5,"Eukaryota","Arthropoda","Copepoda","Calanoida","Calocalanidae","Calocalanus",NA,"Variable","Variable","Variable","Exoskeleton","Exoskeleton","Chitin + Calcium","Holoplanktonic","No","Copepods"
"4095",0.15241224269897,0.177124612175749,2,2.5,"Eukaryota","Arthropoda","Copepoda","Calanoida","Paracalanidae","Paracalanus","Paracalanus tropicus","Variable","Variable","Variable","Exoskeleton","Exoskeleton","Chitin + Calcium","Holoplanktonic","No","Copepods"
"1185",0.151369396267963,0.180141881137679,34,42.5,"Eukaryota","Arthropoda","Malacostraca","Euphausiacea","Euphausiidae","Hansarsia","Hansarsia difficilis","Variable","No","Variable","None","Exoskeleton","Chitin + Calcium","Holoplanktonic","No","Krill"
"619",0.149363729531163,0.186049824986609,4,5,"Eukaryota","Arthropoda","Copepoda","Calanoida","Candaciidae","Candacia","Candacia curta","Variable","Variable","Variable","Exoskeleton","Exoskeleton","Chitin + Calcium","Holoplanktonic","No","Copepods"
"299",0.148600702196486,0.18833389756356,1,1.25,"Eukaryota","Arthropoda","Copepoda","Calanoida","Pontellidae","Labidocera","Labidocera trispinosa","Variable","Variable","Variable","Exoskeleton","Exoskeleton","Chitin + Calcium","Holoplanktonic","No","Copepods"
"733",0.148600702196486,0.18833389756356,1,1.25,"Eukaryota","Arthropoda","Copepoda","Calanoida","Pontellidae","Labidocera","Labidocera trispinosa","Variable","Variable","Variable","Exoskeleton","Exoskeleton","Chitin + Calcium","Holoplanktonic","No","Copepods"
"1225",0.148600702196486,0.18833389756356,1,1.25,"Eukaryota","Mollusca","Gastropoda","Nudibranchia","Glaucidae","Hermissenda","Hermissenda opalescens","Variable","Variable","No","External shell","None","Aragonite","Meroplanktonic","No","Shell-less sea slugs"
"2478",0.148600702196486,0.18833389756356,1,1.25,"Eukaryota","Mollusca","Gastropoda","Nudibranchia","Glaucidae","Hermissenda","Hermissenda opalescens","Variable","Variable","No","External shell","None","Aragonite","Meroplanktonic","No","Shell-less sea slugs"
"2693",0.148600702196486,0.18833389756356,1,1.25,"Eukaryota","Mollusca","Gastropoda","Nudibranchia","Glaucidae","Hermissenda","Hermissenda opalescens","Variable","Variable","No","External shell","None","Aragonite","Meroplanktonic","No","Shell-less sea slugs"
"3148",0.148600702196486,0.18833389756356,1,1.25,"Eukaryota","Arthropoda","Copepoda","Poecilostomatoida","Oncaeidae","Oncaea","Oncaea sp.","Variable","Variable","Variable","Exoskeleton","Exoskeleton","Chitin + Calcium","Holoplanktonic","No","Parasitic or predatory copepods"
"3200",0.148600702196486,0.18833389756356,1,1.25,"Eukaryota","Arthropoda","Copepoda","Poecilostomatoida","Oncaeidae","Oncaea","Oncaea sp.","Variable","Variable","Variable","Exoskeleton","Exoskeleton","Chitin + Calcium","Holoplanktonic","No","Parasitic or predatory copepods"
"3472",0.148600702196486,0.18833389756356,1,1.25,"Eukaryota","Arthropoda","Copepoda","Calanoida","Acartiidae","Acartia","Acartia tonsa","Variable","Variable","Variable","Exoskeleton","Exoskeleton","Chitin + Calcium","Holoplanktonic","No","Copepods"
"3607",0.148600702196486,0.18833389756356,1,1.25,"Eukaryota","Arthropoda","Malacostraca","Euphausiacea","Euphausiidae","Hansarsia","Hansarsia difficilis","Variable","No","Variable","None","Exoskeleton","Chitin + Calcium","Holoplanktonic","No","Krill"
"3830",0.148600702196486,0.18833389756356,1,1.25,"Eukaryota","Echinodermata","Ophiuroidea","Amphilepidida","Ophionereidae",NA,NA,"Yes","Yes","Yes","Internal skeleton","Internal skeleton","Calcite","Meroplanktonic","No","Brittle stars"
"3986",0.148600702196486,0.18833389756356,1,1.25,"Eukaryota","Arthropoda","Copepoda","Poecilostomatoida","Oncaeidae","Oncaea","Oncaea sp.","Variable","Variable","Variable","Exoskeleton","Exoskeleton","Chitin + Calcium","Holoplanktonic","No","Parasitic or predatory copepods"
"4432",0.148600702196486,0.18833389756356,1,1.25,"Eukaryota","Arthropoda","Copepoda","Poecilostomatoida","Oncaeidae","Oncaea","Oncaea sp.","Variable","Variable","Variable","Exoskeleton","Exoskeleton","Chitin + Calcium","Holoplanktonic","No","Parasitic or predatory copepods"
"4637",0.148600702196486,0.18833389756356,1,1.25,"Eukaryota","Arthropoda","Copepoda","Poecilostomatoida","Oncaeidae","Oncaea","Oncaea sp.","Variable","Variable","Variable","Exoskeleton","Exoskeleton","Chitin + Calcium","Holoplanktonic","No","Parasitic or predatory copepods"
"4966",0.148600702196486,0.18833389756356,1,1.25,"Eukaryota","Arthropoda","Copepoda","Calanoida","Clausocalanidae",NA,NA,"Variable","Variable","Variable","Exoskeleton","Exoskeleton","Chitin + Calcium","Holoplanktonic","No","Copepods"
"5243",0.148600702196486,0.18833389756356,1,1.25,"Eukaryota","Arthropoda","Malacostraca","Euphausiacea","Euphausiidae","Thysanoessa","Thysanoessa gregaria","Variable","No","Variable","None","Exoskeleton","Chitin + Calcium","Holoplanktonic","No","Krill"
"5681",0.148600702196486,0.18833389756356,1,1.25,"Eukaryota","Arthropoda","Malacostraca","Euphausiacea","Euphausiidae","Hansarsia","Hansarsia difficilis","Variable","No","Variable","None","Exoskeleton","Chitin + Calcium","Holoplanktonic","No","Krill"
"5682",0.148600702196486,0.18833389756356,1,1.25,"Eukaryota","Arthropoda","Copepoda","Calanoida","Metridinidae","Pleuromamma","Pleuromamma abdominalis","Variable","Variable","Variable","Exoskeleton","Exoskeleton","Chitin + Calcium","Holoplanktonic","No","Copepods"
"5821",0.148600702196486,0.18833389756356,1,1.25,"Eukaryota","Arthropoda","Copepoda","Poecilostomatoida","Oncaeidae","Oncaea","Oncaea sp.","Variable","Variable","Variable","Exoskeleton","Exoskeleton","Chitin + Calcium","Holoplanktonic","No","Parasitic or predatory copepods"
"5823",0.148600702196486,0.18833389756356,1,1.25,"Eukaryota","Arthropoda","Ostracoda","Halocyprida","Halocyprididae",NA,NA,"Variable","No","Variable","None","Exoskeleton","Chitin + Calcium","Holoplanktonic","No","Ostracods (seed shrimp)"
"6009",0.148600702196486,0.18833389756356,1,1.25,"Eukaryota","Arthropoda","Copepoda","Poecilostomatoida","Oncaeidae","Oncaea","Oncaea sp.","Variable","Variable","Variable","Exoskeleton","Exoskeleton","Chitin + Calcium","Holoplanktonic","No","Parasitic or predatory copepods"
"6010",0.148600702196486,0.18833389756356,1,1.25,"Eukaryota","Chaetognatha","Sagittoidea","Aphragmophora","Sagittidae","Flaccisagitta",NA,"No","No","No","None","None","None","Holoplanktonic","No","Chaetognaths (arrow worms)"
"6190",0.148600702196486,0.18833389756356,1,1.25,"Eukaryota","Arthropoda","Copepoda","Calanoida","Acartiidae","Acartia","Acartia tonsa","Variable","Variable","Variable","Exoskeleton","Exoskeleton","Chitin + Calcium","Holoplanktonic","No","Copepods"
"6631",0.148600702196486,0.18833389756356,1,1.25,"Eukaryota","Arthropoda","Copepoda","Poecilostomatoida","Oncaeidae","Oncaea","Oncaea sp.","Variable","Variable","Variable","Exoskeleton","Exoskeleton","Chitin + Calcium","Holoplanktonic","No","Parasitic or predatory copepods"
"6886",0.148600702196486,0.18833389756356,1,1.25,"Eukaryota","Arthropoda","Malacostraca","Euphausiacea","Euphausiidae",NA,NA,"Variable","No","Variable","None","Exoskeleton","Chitin + Calcium","Holoplanktonic","No","Krill"
"7122",0.148600702196486,0.18833389756356,1,1.25,"Eukaryota","Arthropoda","Copepoda","Poecilostomatoida","Oncaeidae","Oncaea","Oncaea sp.","Variable","Variable","Variable","Exoskeleton","Exoskeleton","Chitin + Calcium","Holoplanktonic","No","Parasitic or predatory copepods"
"7388",0.148600702196486,0.18833389756356,1,1.25,"Eukaryota","Mollusca","Bivalvia","Mytilida","Modiolidae",NA,NA,"Yes","Yes","Yes","External shell","External shell","Aragonite/Calcite","Meroplanktonic","No","Mussels"
"7389",0.148600702196486,0.18833389756356,1,1.25,"Eukaryota","Arthropoda","Copepoda","Calanoida","Calocalanidae",NA,NA,"Variable","Variable","Variable","Exoskeleton","Exoskeleton","Chitin + Calcium","Holoplanktonic","No","Copepods"
"7390",0.148600702196486,0.18833389756356,1,1.25,"Eukaryota","Annelida","Polychaeta","Phyllodocida","Polynoidae",NA,NA,"No","No","No","None","None","None","Benthic + Meroplanktonic","No","Active marine polychaetes"
"7601",0.148600702196486,0.18833389756356,1,1.25,"Eukaryota","Annelida","Polychaeta","Phyllodocida","Phyllodocidae","Krohnia",NA,"No","No","No","None","None","None","Benthic + Meroplanktonic","No","Active marine polychaetes"
"7602",0.148600702196486,0.18833389756356,1,1.25,"Eukaryota","Arthropoda","Copepoda","Calanoida","Calocalanidae","Calocalanus",NA,"Variable","Variable","Variable","Exoskeleton","Exoskeleton","Chitin + Calcium","Holoplanktonic","No","Copepods"
"3554",0.146105567087574,0.195944425056375,6,7.5,"Eukaryota","Arthropoda","Copepoda","Calanoida","Aetideidae",NA,NA,"Variable","Variable","Variable","Exoskeleton","Exoskeleton","Chitin + Calcium","Holoplanktonic","No","Copepods"
"139",0.145505099591452,0.197808475450429,48,60,"Eukaryota","Arthropoda","Copepoda","Calanoida","Calocalanidae","Calocalanus",NA,"Variable","Variable","Variable","Exoskeleton","Exoskeleton","Chitin + Calcium","Holoplanktonic","No","Copepods"
"3266",0.144638705837773,0.200520418830005,3,3.75,"Eukaryota","Arthropoda","Copepoda","Calanoida","Lucicutiidae","Lucicutia","Lucicutia flavicornis","Variable","Variable","Variable","Exoskeleton","Exoskeleton","Chitin + Calcium","Holoplanktonic","No","Copepods"
"1149",0.144140197250444,0.202092834529872,3,3.75,"Eukaryota","Arthropoda","Ostracoda","Halocyprida","Halocyprididae","Halocypris","Halocypris inflata","Variable","No","Variable","None","Exoskeleton","Chitin + Calcium","Holoplanktonic","No","Ostracods (seed shrimp)"
"1479",0.143728548026109,0.203397903023868,1,1.25,"Eukaryota","Echinodermata","Asteroidea","Paxillosida","Luidiidae","Luidia","Luidia foliolata","Variable","No","Yes","None","Internal skeleton","Calcite","Meroplanktonic","No","Starfish without suckers"
"1496",0.143728548026109,0.203397903023868,1,1.25,"Eukaryota","Arthropoda","Copepoda","Calanoida","Calanidae","Calanus","Calanus pacificus","Variable","Variable","Variable","Exoskeleton","Exoskeleton","Chitin + Calcium","Holoplanktonic","No","Copepods"
"1807",0.143728548026109,0.203397903023868,1,1.25,"Eukaryota","Arthropoda","Copepoda","Calanoida","Calanidae","Calanus","Calanus pacificus","Variable","Variable","Variable","Exoskeleton","Exoskeleton","Chitin + Calcium","Holoplanktonic","No","Copepods"
"2040",0.143728548026109,0.203397903023868,1,1.25,"Eukaryota","Mollusca","Gastropoda","Nudibranchia","Glaucidae","Hermissenda","Hermissenda opalescens","Variable","Variable","No","External shell","None","Aragonite","Meroplanktonic","No","Shell-less sea slugs"
"2067",0.143728548026109,0.203397903023868,1,1.25,"Eukaryota","Arthropoda","Malacostraca","Euphausiacea","Euphausiidae","Hansarsia",NA,"Variable","No","Variable","None","Exoskeleton","Chitin + Calcium","Holoplanktonic","No","Krill"
"2083",0.143728548026109,0.203397903023868,1,1.25,"Eukaryota","Arthropoda","Copepoda","Calanoida","Calanidae","Calanus","Calanus pacificus","Variable","Variable","Variable","Exoskeleton","Exoskeleton","Chitin + Calcium","Holoplanktonic","No","Copepods"
"2622",0.143728548026109,0.203397903023868,1,1.25,"Eukaryota","Arthropoda","Copepoda","Calanoida","Eucalanidae","Eucalanus","Eucalanus californicus","Variable","Variable","Variable","Exoskeleton","Exoskeleton","Chitin + Calcium","Holoplanktonic","No","Copepods"
"2709",0.143728548026109,0.203397903023868,1,1.25,"Eukaryota","Arthropoda","Copepoda","Calanoida","Calanidae",NA,NA,"Variable","Variable","Variable","Exoskeleton","Exoskeleton","Chitin + Calcium","Holoplanktonic","No","Copepods"
"3172",0.143728548026109,0.203397903023868,1,1.25,"Eukaryota","Arthropoda","Copepoda","Calanoida","Eucalanidae","Eucalanus","Eucalanus californicus","Variable","Variable","Variable","Exoskeleton","Exoskeleton","Chitin + Calcium","Holoplanktonic","No","Copepods"
"3173",0.143728548026109,0.203397903023868,1,1.25,"Eukaryota","Bryozoa","Gymnolaemata","Cheilostomatida","Membraniporidae","Membranipora","Membranipora villosa","Yes","Yes","Yes","External shell","External shell","Calcite","Meroplanktonic","No","Encrusting bryozoans"
"3228",0.143728548026109,0.203397903023868,1,1.25,"Eukaryota","Arthropoda","Copepoda","Poecilostomatoida","Oncaeidae","Oncaea","Oncaea sp.","Variable","Variable","Variable","Exoskeleton","Exoskeleton","Chitin + Calcium","Holoplanktonic","No","Parasitic or predatory copepods"
"3497",0.143728548026109,0.203397903023868,1,1.25,"Eukaryota","Arthropoda","Copepoda","Cyclopoida","Oithonidae","Oithona","Oithona similis","Variable","Variable","Variable","Exoskeleton","Exoskeleton","Chitin + Calcium","Holoplanktonic","No","Cyclopoid copepods"
"3560",0.143728548026109,0.203397903023868,1,1.25,"Eukaryota","Arthropoda","Copepoda","Calanoida","Calocalanidae","Calocalanus","Calocalanus tenuis","Variable","Variable","Variable","Exoskeleton","Exoskeleton","Chitin + Calcium","Holoplanktonic","No","Copepods"
"3686",0.143728548026109,0.203397903023868,1,1.25,"Eukaryota","Arthropoda","Copepoda","Calanoida","Eucalanidae","Eucalanus","Eucalanus californicus","Variable","Variable","Variable","Exoskeleton","Exoskeleton","Chitin + Calcium","Holoplanktonic","No","Copepods"
"3773",0.143728548026109,0.203397903023868,1,1.25,"Eukaryota","Mollusca","Gastropoda","Pteropoda","Creseidae","Styliola","Styliola sp.","Yes","Yes","Yes","External shell","External shell","Aragonite","Holoplanktonic","No","Sea butterflies"
"3857",0.143728548026109,0.203397903023868,1,1.25,"Eukaryota","Arthropoda","Copepoda","Calanoida","Calocalanidae","Calocalanus","Calocalanus tenuis","Variable","Variable","Variable","Exoskeleton","Exoskeleton","Chitin + Calcium","Holoplanktonic","No","Copepods"
"3937",0.143728548026109,0.203397903023868,1,1.25,"Eukaryota","Mollusca","Gastropoda","Nudibranchia","Glaucidae","Hermissenda",NA,"Variable","Variable","No","External shell","None","Aragonite","Meroplanktonic","No","Shell-less sea slugs"
"4301",0.143728548026109,0.203397903023868,1,1.25,"Eukaryota","Arthropoda","Copepoda","Calanoida","Eucalanidae","Eucalanus","Eucalanus californicus","Variable","Variable","Variable","Exoskeleton","Exoskeleton","Chitin + Calcium","Holoplanktonic","No","Copepods"
"4384",0.143728548026109,0.203397903023868,1,1.25,"Eukaryota","Bryozoa","Gymnolaemata","Cheilostomatida","Membraniporidae","Membranipora","Membranipora villosa","Yes","Yes","Yes","External shell","External shell","Calcite","Meroplanktonic","No","Encrusting bryozoans"
"4703",0.143728548026109,0.203397903023868,1,1.25,"Eukaryota","Mollusca","Gastropoda","Pteropoda","Creseidae","Styliola","Styliola sp.","Yes","Yes","Yes","External shell","External shell","Aragonite","Holoplanktonic","No","Sea butterflies"
"5020",0.143728548026109,0.203397903023868,1,1.25,"Eukaryota","Arthropoda","Copepoda","Calanoida","Eucalanidae","Eucalanus","Eucalanus californicus","Variable","Variable","Variable","Exoskeleton","Exoskeleton","Chitin + Calcium","Holoplanktonic","No","Copepods"
"5143",0.143728548026109,0.203397903023868,1,1.25,"Eukaryota","Mollusca","Gastropoda","Littorinimorpha","Atlantidae","Atlanta","Atlanta sp. USNM IZ 1230636","Yes","Yes","Yes","External shell","External shell","Aragonite/Calcite","Meroplanktonic","No","Periwinkles and related snails"
"5309",0.143728548026109,0.203397903023868,1,1.25,"Eukaryota","Arthropoda","Copepoda","Calanoida","Eucalanidae","Eucalanus","Eucalanus californicus","Variable","Variable","Variable","Exoskeleton","Exoskeleton","Chitin + Calcium","Holoplanktonic","No","Copepods"
"5609",0.143728548026109,0.203397903023868,1,1.25,"Eukaryota","Cnidaria","Hydrozoa","Trachymedusae","Halicreatidae",NA,NA,"No","No","No","None","None","None","Holoplanktonic","No","Deep-sea jellyfish"
"5909",0.143728548026109,0.203397903023868,1,1.25,"Eukaryota","Arthropoda","Copepoda","Calanoida","Clausocalanidae","Clausocalanus","Clausocalanus jobei","Variable","Variable","Variable","Exoskeleton","Exoskeleton","Chitin + Calcium","Holoplanktonic","No","Copepods"
"5910",0.143728548026109,0.203397903023868,1,1.25,"Eukaryota","Arthropoda","Copepoda","Poecilostomatoida","Corycaeidae","Farranula",NA,"Variable","Variable","Variable","Exoskeleton","Exoskeleton","Chitin + Calcium","Holoplanktonic","No","Parasitic or predatory copepods"
"6095",0.143728548026109,0.203397903023868,1,1.25,"Eukaryota","Arthropoda","Copepoda","Calanoida","Scolecitrichidae","Scolecithrix","Scolecithrix danae","Variable","Variable","Variable","Exoskeleton","Exoskeleton","Chitin + Calcium","Holoplanktonic","No","Copepods"
"6506",0.143728548026109,0.203397903023868,1,1.25,"Eukaryota","Arthropoda","Ostracoda","Halocyprida","Halocyprididae","Mikroconchoecia","Mikroconchoecia sp. Os099_1_3","Variable","No","Variable","None","Exoskeleton","Chitin + Calcium","Holoplanktonic","No","Ostracods (seed shrimp)"
"6771",0.143728548026109,0.203397903023868,1,1.25,"Eukaryota","Arthropoda","Copepoda","Poecilostomatoida","Oncaeidae","Oncaea","Oncaea sp.","Variable","Variable","Variable","Exoskeleton","Exoskeleton","Chitin + Calcium","Holoplanktonic","No","Parasitic or predatory copepods"
"6774",0.143728548026109,0.203397903023868,1,1.25,"Eukaryota","Arthropoda","Malacostraca","Decapoda","Munididae","Pleuroncodes","Pleuroncodes planipes","Variable","No","Variable","None","Exoskeleton","Calcite","Meroplanktonic","No","Crabs, lobsters, shrimp"
"6775",0.143728548026109,0.203397903023868,1,1.25,"Eukaryota","Arthropoda","Copepoda","Calanoida","Scolecitrichidae","Scolecithrix","Scolecithrix bradyi","Variable","Variable","Variable","Exoskeleton","Exoskeleton","Chitin + Calcium","Holoplanktonic","No","Copepods"
"7258",0.143728548026109,0.203397903023868,1,1.25,"Eukaryota","Ctenophora","Tentaculata","Cydippida","Pleurobrachiidae","Pleurobrachia","Pleurobrachia bachei","No","No","No","None","None","None","Holoplanktonic","No","Comb jellies (round-bodied ctenophores)"
"1658",0.143478561797911,0.204193375141865,8,10,"Eukaryota","Arthropoda","Ostracoda","Halocyprida","Halocyprididae","Discoconchoecia","Discoconchoecia sp. S8_D6","Variable","No","Variable","None","Exoskeleton","Chitin + Calcium","Holoplanktonic","No","Ostracods (seed shrimp)"
"3844",0.142974863510794,0.205802911475343,12,15,"Eukaryota","Bryozoa","Gymnolaemata","Cheilostomatida","Membraniporidae","Membranipora","Membranipora villosa","Yes","Yes","Yes","External shell","External shell","Calcite","Meroplanktonic","No","Encrusting bryozoans"
"511",0.141415977933308,0.210841453885239,14,17.5,"Eukaryota","Arthropoda","Copepoda","Calanoida","Calanidae",NA,NA,"Variable","Variable","Variable","Exoskeleton","Exoskeleton","Chitin + Calcium","Holoplanktonic","No","Copepods"
"899",0.141353091748281,0.21104653086785,28,35,"Eukaryota","Arthropoda","Copepoda","Calanoida","Clausocalanidae","Clausocalanus","Clausocalanus parapergens","Variable","Variable","Variable","Exoskeleton","Exoskeleton","Chitin + Calcium","Holoplanktonic","No","Copepods"
"354",0.14108863508642,0.211910493831668,7,8.75,"Eukaryota","Echinodermata","Echinoidea","Temnopleuroida","Toxopneustidae","Lytechinus","Lytechinus pictus","Yes","Yes","Yes","Internal skeleton","Exoskeleton","Calcite","Meroplanktonic","No","Short-spined sea urchins"
"223",0.140650019282232,0.213348943697867,55,68.75,"Eukaryota","Arthropoda","Malacostraca","Euphausiacea","Euphausiidae","Hansarsia",NA,"Variable","No","Variable","None","Exoskeleton","Chitin + Calcium","Holoplanktonic","No","Krill"
"28",0.140311587717758,0.214463550435363,63,78.75,"Eukaryota","Mollusca","Gastropoda","Nudibranchia","Glaucidae","Hermissenda","Hermissenda opalescens","Variable","Variable","No","External shell","None","Aragonite","Meroplanktonic","No","Shell-less sea slugs"
"2611",0.138856393855733,0.219303055144788,1,1.25,"Eukaryota","Arthropoda","Copepoda","Poecilostomatoida","Oncaeidae","Oncaea","Oncaea sp.","Variable","Variable","Variable","Exoskeleton","Exoskeleton","Chitin + Calcium","Holoplanktonic","No","Parasitic or predatory copepods"
"3302",0.138856393855733,0.219303055144788,1,1.25,"Eukaryota","Arthropoda","Copepoda","Calanoida","Clausocalanidae","Clausocalanus",NA,"Variable","Variable","Variable","Exoskeleton","Exoskeleton","Chitin + Calcium","Holoplanktonic","No","Copepods"
"3355",0.138856393855733,0.219303055144788,1,1.25,"Eukaryota","Mollusca","Gastropoda","Nudibranchia","Glaucidae","Hermissenda","Hermissenda opalescens","Variable","Variable","No","External shell","None","Aragonite","Meroplanktonic","No","Shell-less sea slugs"
"3983",0.138856393855733,0.219303055144788,1,1.25,"Eukaryota","Echinodermata","Ophiuroidea","Amphilepidida","Ophionereidae",NA,NA,"Yes","Yes","Yes","Internal skeleton","Internal skeleton","Calcite","Meroplanktonic","No","Brittle stars"
"4342",0.138856393855733,0.219303055144788,1,1.25,"Eukaryota","Arthropoda","Malacostraca","Euphausiacea","Euphausiidae","Hansarsia","Hansarsia difficilis","Variable","No","Variable","None","Exoskeleton","Chitin + Calcium","Holoplanktonic","No","Krill"
"4430",0.138856393855733,0.219303055144788,1,1.25,"Eukaryota","Arthropoda","Copepoda","Calanoida","Pontellidae","Labidocera","Labidocera trispinosa","Variable","Variable","Variable","Exoskeleton","Exoskeleton","Chitin + Calcium","Holoplanktonic","No","Copepods"
"5240",0.138856393855733,0.219303055144788,1,1.25,"Eukaryota","Mollusca","Gastropoda","Pteropoda","Cliidae","Clio","Clio pyramidata","Yes","Yes","Yes","External shell","External shell","Aragonite","Holoplanktonic","No","Sea butterflies"
"5817",0.138856393855733,0.219303055144788,1,1.25,"Eukaryota","Arthropoda","Copepoda","Calanoida","Candaciidae","Candacia","Candacia simplex","Variable","Variable","Variable","Exoskeleton","Exoskeleton","Chitin + Calcium","Holoplanktonic","No","Copepods"
"6000",0.138856393855733,0.219303055144788,1,1.25,"Eukaryota","Arthropoda","Ostracoda","Halocyprida","Halocyprididae","Proceroecia","Proceroecia procera","Variable","No","Variable","None","Exoskeleton","Chitin + Calcium","Holoplanktonic","No","Ostracods (seed shrimp)"
"6181",0.138856393855733,0.219303055144788,1,1.25,"Eukaryota","Bryozoa","Gymnolaemata","Cheilostomatida","Membraniporidae",NA,NA,"Yes","Yes","Yes","External shell","External shell","Calcite","Meroplanktonic","No","Encrusting bryozoans"
"6387",0.138856393855733,0.219303055144788,1,1.25,"Eukaryota","Bryozoa","Gymnolaemata","Cheilostomatida","Membraniporidae","Membranipora","Membranipora villosa","Yes","Yes","Yes","External shell","External shell","Calcite","Meroplanktonic","No","Encrusting bryozoans"
"6388",0.138856393855733,0.219303055144788,1,1.25,"Eukaryota","Arthropoda","Copepoda","Calanoida","Calanidae","Neocalanus","Neocalanus gracilis","Variable","Variable","Variable","Exoskeleton","Exoskeleton","Chitin + Calcium","Holoplanktonic","No","Copepods"
"7380",0.138856393855733,0.219303055144788,1,1.25,"Eukaryota","Arthropoda","Malacostraca","Euphausiacea","Euphausiidae","Thysanoessa","Thysanoessa gregaria","Variable","No","Variable","None","Exoskeleton","Chitin + Calcium","Holoplanktonic","No","Krill"
"7381",0.138856393855733,0.219303055144788,1,1.25,"Eukaryota","Arthropoda","Copepoda","Calanoida","Metridinidae","Pleuromamma","Pleuromamma abdominalis","Variable","Variable","Variable","Exoskeleton","Exoskeleton","Chitin + Calcium","Holoplanktonic","No","Copepods"
"7592",0.138856393855733,0.219303055144788,1,1.25,"Eukaryota","Arthropoda","Copepoda","Poecilostomatoida","Oncaeidae","Oncaea","Oncaea sp.","Variable","Variable","Variable","Exoskeleton","Exoskeleton","Chitin + Calcium","Holoplanktonic","No","Parasitic or predatory copepods"
"2360",0.138834051961838,0.219377951443844,5,6.25,"Eukaryota","Arthropoda","Copepoda","Calanoida","Clausocalanidae","Clausocalanus","Clausocalanus jobei","Variable","Variable","Variable","Exoskeleton","Exoskeleton","Chitin + Calcium","Holoplanktonic","No","Copepods"
"368",0.138111406733471,0.22181017798641,2,2.5,"Eukaryota","Echinodermata","Ophiuroidea","Amphilepidida","Ophiotrichidae","Ophiothrix","Ophiothrix spiculata","Yes","Yes","Yes","Internal skeleton","Internal skeleton","Calcite","Meroplanktonic","No","Brittle stars"
"1972",0.138086878690025,0.221893063737303,3,3.75,"Eukaryota","Arthropoda","Copepoda","Poecilostomatoida","Oncaeidae","Oncaea","Oncaea sp.","Variable","Variable","Variable","Exoskeleton","Exoskeleton","Chitin + Calcium","Holoplanktonic","No","Parasitic or predatory copepods"
"190",0.137380225207644,0.224290351982302,33,41.25,"Eukaryota","Cnidaria","Hydrozoa","Siphonophorae","Sphaeronectidae",NA,NA,"No","No","No","None","None","None","Holoplanktonic","No","Colonial hydrozoans (e.g., Portuguese man o' war)"
"3432",0.137167605345469,0.225015194354324,4,5,"Eukaryota","Echinodermata","Ophiuroidea","Amphilepidida","Amphiuridae",NA,NA,"Yes","Yes","Yes","Internal skeleton","Internal skeleton","Calcite","Meroplanktonic","No","Brittle stars"
"1375",0.135931888192096,0.229260360225584,17,21.25,"Eukaryota","Arthropoda","Malacostraca","Euphausiacea","Euphausiidae","Hansarsia","Hansarsia difficilis","Variable","No","Variable","None","Exoskeleton","Chitin + Calcium","Holoplanktonic","No","Krill"
"104",0.135333763345585,0.231335097834631,76,95,"Eukaryota","Arthropoda","Ostracoda","Halocyprida","Halocyprididae","Discoconchoecia",NA,"Variable","No","Variable","None","Exoskeleton","Chitin + Calcium","Holoplanktonic","No","Ostracods (seed shrimp)"
"175",0.133984239685356,0.23606418492976,1,1.25,"Eukaryota","Mollusca","Gastropoda","Nudibranchia","Glaucidae","Hermissenda",NA,"Variable","Variable","No","External shell","None","Aragonite","Meroplanktonic","No","Shell-less sea slugs"
"340",0.133984239685356,0.23606418492976,1,1.25,"Eukaryota","Mollusca","Gastropoda","Nudibranchia","Glaucidae","Hermissenda","Hermissenda opalescens","Variable","Variable","No","External shell","None","Aragonite","Meroplanktonic","No","Shell-less sea slugs"
"765",0.133984239685356,0.23606418492976,1,1.25,"Eukaryota","Mollusca","Gastropoda","Nudibranchia","Glaucidae","Hermissenda","Hermissenda opalescens","Variable","Variable","No","External shell","None","Aragonite","Meroplanktonic","No","Shell-less sea slugs"
"783",0.133984239685356,0.23606418492976,1,1.25,"Eukaryota","Mollusca","Gastropoda","Nudibranchia","Glaucidae","Hermissenda","Hermissenda crassicornis","Variable","Variable","No","External shell","None","Aragonite","Meroplanktonic","No","Shell-less sea slugs"
"1645",0.133984239685356,0.23606418492976,1,1.25,"Eukaryota","Mollusca","Gastropoda","Nudibranchia","Glaucidae","Hermissenda","Hermissenda opalescens","Variable","Variable","No","External shell","None","Aragonite","Meroplanktonic","No","Shell-less sea slugs"
"1646",0.133984239685356,0.23606418492976,1,1.25,"Eukaryota","Mollusca","Gastropoda","Nudibranchia","Glaucidae","Hermissenda","Hermissenda opalescens","Variable","Variable","No","External shell","None","Aragonite","Meroplanktonic","No","Shell-less sea slugs"
"1691",0.133984239685356,0.23606418492976,1,1.25,"Eukaryota","Mollusca","Gastropoda","Nudibranchia","Glaucidae","Hermissenda",NA,"Variable","Variable","No","External shell","None","Aragonite","Meroplanktonic","No","Shell-less sea slugs"
"1837",0.133984239685356,0.23606418492976,1,1.25,"Eukaryota","Bryozoa","Gymnolaemata","Cheilostomatida","Membraniporidae","Membranipora","Membranipora villosa","Yes","Yes","Yes","External shell","External shell","Calcite","Meroplanktonic","No","Encrusting bryozoans"
"1908",0.133984239685356,0.23606418492976,1,1.25,"Eukaryota","Mollusca","Gastropoda","Nudibranchia","Glaucidae","Hermissenda","Hermissenda opalescens","Variable","Variable","No","External shell","None","Aragonite","Meroplanktonic","No","Shell-less sea slugs"
"2115",0.133984239685356,0.23606418492976,1,1.25,"Eukaryota","Bryozoa","Gymnolaemata","Cheilostomatida","Membraniporidae","Membranipora","Membranipora villosa","Yes","Yes","Yes","External shell","External shell","Calcite","Meroplanktonic","No","Encrusting bryozoans"
"2116",0.133984239685356,0.23606418492976,1,1.25,"Eukaryota","Arthropoda","Copepoda","Calanoida","Candaciidae","Candacia","Candacia curta","Variable","Variable","Variable","Exoskeleton","Exoskeleton","Chitin + Calcium","Holoplanktonic","No","Copepods"
"2995",0.133984239685356,0.23606418492976,1,1.25,"Eukaryota","Mollusca","Gastropoda","Pteropoda","Cuvierinidae","Cuvierina","Cuvierina pacifica","Yes","Yes","Yes","External shell","External shell","Aragonite","Holoplanktonic","No","Sea butterflies"
"3144",0.133984239685356,0.23606418492976,1,1.25,"Eukaryota","Mollusca","Gastropoda","Nudibranchia","Glaucidae","Hermissenda","Hermissenda opalescens","Variable","Variable","No","External shell","None","Aragonite","Meroplanktonic","No","Shell-less sea slugs"
"3145",0.133984239685356,0.23606418492976,1,1.25,"Eukaryota","Mollusca","Gastropoda","Pteropoda","Cuvierinidae","Cuvierina","Cuvierina pacifica","Yes","Yes","Yes","External shell","External shell","Aragonite","Holoplanktonic","No","Sea butterflies"
"3199",0.133984239685356,0.23606418492976,1,1.25,"Eukaryota","Bryozoa","Gymnolaemata","Cheilostomatida","Membraniporidae","Membranipora","Membranipora villosa","Yes","Yes","Yes","External shell","External shell","Calcite","Meroplanktonic","No","Encrusting bryozoans"
"3729",0.133984239685356,0.23606418492976,1,1.25,"Eukaryota","Chordata","Actinopteri","Scombriformes","Tetragonuridae","Tetragonurus","Tetragonurus cuvieri","No","No","No","None","None","None","Meroplanktonic","No","Mackerels and tunas"
"4059",0.133984239685356,0.23606418492976,1,1.25,"Eukaryota","Mollusca","Gastropoda","Littorinimorpha","Atlantidae",NA,NA,"Yes","Yes","Yes","External shell","External shell","Aragonite/Calcite","Meroplanktonic","No","Periwinkles and related snails"
"4165",0.133984239685356,0.23606418492976,1,1.25,"Eukaryota","Bryozoa","Gymnolaemata","Cheilostomatida","Membraniporidae","Membranipora","Membranipora villosa","Yes","Yes","Yes","External shell","External shell","Calcite","Meroplanktonic","No","Encrusting bryozoans"
"4339",0.133984239685356,0.23606418492976,1,1.25,"Eukaryota","Bryozoa","Gymnolaemata","Cheilostomatida","Membraniporidae","Membranipora","Membranipora villosa","Yes","Yes","Yes","External shell","External shell","Calcite","Meroplanktonic","No","Encrusting bryozoans"
"4340",0.133984239685356,0.23606418492976,1,1.25,"Eukaryota","Arthropoda","Ostracoda","Halocyprida","Halocyprididae","Discoconchoecia",NA,"Variable","No","Variable","None","Exoskeleton","Chitin + Calcium","Holoplanktonic","No","Ostracods (seed shrimp)"
"4532",0.133984239685356,0.23606418492976,1,1.25,"Eukaryota","Mollusca","Gastropoda","Pteropoda","Cuvierinidae","Cuvierina","Cuvierina pacifica","Yes","Yes","Yes","External shell","External shell","Aragonite","Holoplanktonic","No","Sea butterflies"
"4759",0.133984239685356,0.23606418492976,1,1.25,"Eukaryota","Arthropoda","Copepoda","Poecilostomatoida","Oncaeidae","Oncaea","Oncaea sp.","Variable","Variable","Variable","Exoskeleton","Exoskeleton","Chitin + Calcium","Holoplanktonic","No","Parasitic or predatory copepods"
"5077",0.133984239685356,0.23606418492976,1,1.25,"Eukaryota","Arthropoda","Ostracoda","Halocyprida","Halocyprididae","Paraconchoecia","Paraconchoecia allotherium","Variable","No","Variable","None","Exoskeleton","Chitin + Calcium","Holoplanktonic","No","Ostracods (seed shrimp)"
"5237",0.133984239685356,0.23606418492976,1,1.25,"Eukaryota","Arthropoda","Ostracoda","Halocyprida","Halocyprididae",NA,NA,"Variable","No","Variable","None","Exoskeleton","Chitin + Calcium","Holoplanktonic","No","Ostracods (seed shrimp)"
"5531",0.133984239685356,0.23606418492976,1,1.25,"Eukaryota","Bryozoa","Gymnolaemata","Cheilostomatida","Membraniporidae",NA,NA,"Yes","Yes","Yes","External shell","External shell","Calcite","Meroplanktonic","No","Encrusting bryozoans"
"5671",0.133984239685356,0.23606418492976,1,1.25,"Eukaryota","Arthropoda","Malacostraca","Euphausiacea","Euphausiidae","Nyctiphanes","Nyctiphanes simplex","Variable","No","Variable","None","Exoskeleton","Chitin + Calcium","Holoplanktonic","No","Krill"
"5672",0.133984239685356,0.23606418492976,1,1.25,"Eukaryota","Chaetognatha","Sagittoidea","Aphragmophora","Sagittidae","Flaccisagitta",NA,"No","No","No","None","None","None","Holoplanktonic","No","Chaetognaths (arrow worms)"
"6177",0.133984239685356,0.23606418492976,1,1.25,"Eukaryota","Mollusca","Gastropoda","Pteropoda","Creseidae","Styliola","Styliola sp.","Yes","Yes","Yes","External shell","External shell","Aragonite","Holoplanktonic","No","Sea butterflies"
"6178",0.133984239685356,0.23606418492976,1,1.25,"Eukaryota","Mollusca","Gastropoda","Epitoniidae","Epitoniidae","Epitonium",NA,"Yes","Yes","Yes","External shell","External shell","Aragonite","Meroplanktonic","No","Wentletraps (small predatory snails)"
"6381",0.133984239685356,0.23606418492976,1,1.25,"Eukaryota","Arthropoda","Copepoda","Calanoida","Calocalanidae","Calocalanus",NA,"Variable","Variable","Variable","Exoskeleton","Exoskeleton","Chitin + Calcium","Holoplanktonic","No","Copepods"
"6611",0.133984239685356,0.23606418492976,1,1.25,"Eukaryota","Arthropoda","Thecostraca","Balanomorpha","Chthamalidae","Chthamalus","Chthamalus fissus","Yes","Yes","Yes","External shell","External shell","Calcite","Meroplanktonic","No","Barnacles"
"6877",0.133984239685356,0.23606418492976,1,1.25,"Eukaryota","Arthropoda","Copepoda","Calanoida","Calocalanidae","Calocalanus",NA,"Variable","Variable","Variable","Exoskeleton","Exoskeleton","Chitin + Calcium","Holoplanktonic","No","Copepods"
"6878",0.133984239685356,0.23606418492976,1,1.25,"Eukaryota","Arthropoda","Ostracoda","Halocyprida","Halocyprididae","Halocypris","Halocypris inflata","Variable","No","Variable","None","Exoskeleton","Chitin + Calcium","Holoplanktonic","No","Ostracods (seed shrimp)"
"7370",0.133984239685356,0.23606418492976,1,1.25,"Eukaryota","Mollusca","Gastropoda","Littorinimorpha","Carinariidae",NA,NA,"Yes","Yes","Yes","External shell","External shell","Aragonite/Calcite","Meroplanktonic","No","Periwinkles and related snails"
"7373",0.133984239685356,0.23606418492976,1,1.25,"Eukaryota","Annelida","Polychaeta","Capitellidae","Capitellidae",NA,NA,"No","No","No","None","None","None","Benthic + Meroplanktonic","No","Marine bristle worms (mud-dwelling)"
"7674",0.133984239685356,0.23606418492976,1,1.25,"Eukaryota","Arthropoda","Copepoda","Calanoida","Metridinidae","Pleuromamma",NA,"Variable","Variable","Variable","Exoskeleton","Exoskeleton","Chitin + Calcium","Holoplanktonic","No","Copepods"
"2341",0.133907827676945,0.236333943976117,2,2.5,"Eukaryota","Mollusca","Gastropoda","Nudibranchia","Glaucidae","Hermissenda","Hermissenda opalescens","Variable","Variable","No","External shell","None","Aragonite","Meroplanktonic","No","Shell-less sea slugs"
"145",0.133879134210291,0.23643529635764,61,76.25,"Eukaryota","Arthropoda","Malacostraca","Euphausiacea","Euphausiidae","Hansarsia",NA,"Variable","No","Variable","None","Exoskeleton","Chitin + Calcium","Holoplanktonic","No","Krill"
"3674",0.133532023444503,0.237663764858808,7,8.75,"Eukaryota","Arthropoda","Copepoda","Calanoida","Metridinidae","Pleuromamma","Pleuromamma gracilis","Variable","Variable","Variable","Exoskeleton","Exoskeleton","Chitin + Calcium","Holoplanktonic","No","Copepods"
"2811",0.133431133144762,0.238021656014122,2,2.5,"Eukaryota","Arthropoda","Copepoda","Calanoida","Aetideidae","Undeuchaeta",NA,"Variable","Variable","Variable","Exoskeleton","Exoskeleton","Chitin + Calcium","Holoplanktonic","No","Copepods"
"1872",0.132916030247657,0.239854711386513,4,5,"Eukaryota","Arthropoda","Copepoda","Calanoida","Mecynoceridae","Mecynocera","Mecynocera clausi","Variable","Variable","Variable","Exoskeleton","Exoskeleton","Chitin + Calcium","Holoplanktonic","No","Copepods"
"553",0.132703285996038,0.24061462732493,19,23.75,"Eukaryota","Arthropoda","Malacostraca","Decapoda","Munididae","Pleuroncodes","Pleuroncodes planipes","Variable","No","Variable","None","Exoskeleton","Calcite","Meroplanktonic","No","Crabs, lobsters, shrimp"
"2504",0.132465004910068,0.241467732760634,5,6.25,"Eukaryota","Arthropoda","Copepoda","Calanoida","Clausocalanidae","Clausocalanus","Clausocalanus jobei","Variable","Variable","Variable","Exoskeleton","Exoskeleton","Chitin + Calcium","Holoplanktonic","No","Copepods"
"780",0.132264328955291,0.242187820275678,4,5,"Eukaryota","Mollusca","Gastropoda","Nudibranchia","Glaucidae","Hermissenda","Hermissenda opalescens","Variable","Variable","No","External shell","None","Aragonite","Meroplanktonic","No","Shell-less sea slugs"
"4021",0.132264328955291,0.242187820275678,4,5,"Eukaryota","Arthropoda","Copepoda","Calanoida","Calocalanidae","Calocalanus",NA,"Variable","Variable","Variable","Exoskeleton","Exoskeleton","Chitin + Calcium","Holoplanktonic","No","Copepods"
"3428",0.131871041948526,0.243603348949728,2,2.5,"Eukaryota","Echinodermata","Echinoidea","Spatangoida","Brissidae","Brissopsis",NA,"Yes","Yes","Yes","Internal skeleton","Exoskeleton","Calcite","Meroplanktonic","No","Heart urchins"
"268",0.13178840637156,0.243901496188405,33,41.25,"Eukaryota","Arthropoda","Ostracoda","Halocyprida","Halocyprididae","Paraconchoecia","Paraconchoecia allotherium","Variable","No","Variable","None","Exoskeleton","Chitin + Calcium","Holoplanktonic","No","Ostracods (seed shrimp)"
"1005",0.131643661057801,0.244424339386844,4,5,"Eukaryota","Chordata","Actinopteri","Sciaenidae","Sciaenidae","Genyonemus","Genyonemus lineatus","No","No","No","None","None","None","Meroplanktonic","No","Drums and croakers (marine fish)"
"3775",0.130039525780292,0.250270414631871,3,3.75,"Eukaryota","Chordata","Actinopteri","Clupeiformes","Engraulidae","Engraulis","Engraulis mordax","No","No","No","None","None","None","Meroplanktonic","No","Anchovies and herrings"
"1938",0.129295054198243,0.253015819723964,8,10,"Eukaryota","Arthropoda","Copepoda","Calanoida","Clausocalanidae","Clausocalanus","Clausocalanus jobei","Variable","Variable","Variable","Exoskeleton","Exoskeleton","Chitin + Calcium","Holoplanktonic","No","Copepods"
"1298",0.12911208551498,0.253693694912414,1,1.25,"Eukaryota","Mollusca","Gastropoda","Nudibranchia","Glaucidae","Hermissenda","Hermissenda opalescens","Variable","Variable","No","External shell","None","Aragonite","Meroplanktonic","No","Shell-less sea slugs"
"2078",0.12911208551498,0.253693694912414,1,1.25,"Eukaryota","Arthropoda","Copepoda","Poecilostomatoida","Oncaeidae","Oncaea",NA,"Variable","Variable","Variable","Exoskeleton","Exoskeleton","Chitin + Calcium","Holoplanktonic","No","Parasitic or predatory copepods"
"2351",0.12911208551498,0.253693694912414,1,1.25,"Eukaryota","Arthropoda","Copepoda","Calanoida","Metridinidae","Pleuromamma","Pleuromamma borealis","Variable","Variable","Variable","Exoskeleton","Exoskeleton","Chitin + Calcium","Holoplanktonic","No","Copepods"
"2376",0.12911208551498,0.253693694912414,1,1.25,"Eukaryota","Arthropoda","Ostracoda","Halocyprida","Halocyprididae","Discoconchoecia",NA,"Variable","No","Variable","None","Exoskeleton","Chitin + Calcium","Holoplanktonic","No","Ostracods (seed shrimp)"
"2425",0.12911208551498,0.253693694912414,1,1.25,"Eukaryota","Echinodermata","Echinoidea","Temnopleuroida","Toxopneustidae","Lytechinus","Lytechinus pictus","Yes","Yes","Yes","Internal skeleton","Exoskeleton","Calcite","Meroplanktonic","No","Short-spined sea urchins"
"2750",0.12911208551498,0.253693694912414,1,1.25,"Eukaryota","Echinodermata","Asteroidea","Forcipulatida","Asteriidae","Pisaster","Pisaster giganteus","Yes","Yes","Yes","Internal skeleton","Internal skeleton","Calcite","Meroplanktonic","No","Starfish"
"2935",0.12911208551498,0.253693694912414,1,1.25,"Eukaryota","Mollusca","Gastropoda","Pteropoda","Creseidae","Styliola","Styliola sp.","Yes","Yes","Yes","External shell","External shell","Aragonite","Holoplanktonic","No","Sea butterflies"
"3008",0.12911208551498,0.253693694912414,1,1.25,"Eukaryota","Arthropoda","Copepoda","Poecilostomatoida","Oncaeidae","Oncaea","Oncaea scottodicarloi","Variable","Variable","Variable","Exoskeleton","Exoskeleton","Chitin + Calcium","Holoplanktonic","No","Parasitic or predatory copepods"
"3064",0.12911208551498,0.253693694912414,1,1.25,"Eukaryota","Arthropoda","Copepoda","Calanoida","Mecynoceridae","Mecynocera","Mecynocera clausi","Variable","Variable","Variable","Exoskeleton","Exoskeleton","Chitin + Calcium","Holoplanktonic","No","Copepods"
"3156",0.12911208551498,0.253693694912414,1,1.25,"Eukaryota","Arthropoda","Copepoda","Poecilostomatoida","Oncaeidae","Oncaea","Oncaea sp.","Variable","Variable","Variable","Exoskeleton","Exoskeleton","Chitin + Calcium","Holoplanktonic","No","Parasitic or predatory copepods"
"3254",0.12911208551498,0.253693694912414,1,1.25,"Eukaryota","Arthropoda","Copepoda","Poecilostomatoida","Oncaeidae","Oncaea","Oncaea sp.","Variable","Variable","Variable","Exoskeleton","Exoskeleton","Chitin + Calcium","Holoplanktonic","No","Parasitic or predatory copepods"
"3364",0.12911208551498,0.253693694912414,1,1.25,"Eukaryota","Mollusca","Gastropoda","Nudibranchia","Glaucidae","Hermissenda","Hermissenda opalescens","Variable","Variable","No","External shell","None","Aragonite","Meroplanktonic","No","Shell-less sea slugs"
"3425",0.12911208551498,0.253693694912414,1,1.25,"Eukaryota","Arthropoda","Copepoda","Poecilostomatoida","Oncaeidae","Oncaea","Oncaea sp.","Variable","Variable","Variable","Exoskeleton","Exoskeleton","Chitin + Calcium","Holoplanktonic","No","Parasitic or predatory copepods"
"3618",0.12911208551498,0.253693694912414,1,1.25,"Eukaryota","Arthropoda","Copepoda","Poecilostomatoida","Oncaeidae","Oncaea","Oncaea sp.","Variable","Variable","Variable","Exoskeleton","Exoskeleton","Chitin + Calcium","Holoplanktonic","No","Parasitic or predatory copepods"
"3626",0.12911208551498,0.253693694912414,1,1.25,"Eukaryota","Arthropoda","Copepoda","Calanoida","Eucalanidae","Eucalanus","Eucalanus californicus","Variable","Variable","Variable","Exoskeleton","Exoskeleton","Chitin + Calcium","Holoplanktonic","No","Copepods"
"4004",0.12911208551498,0.253693694912414,1,1.25,"Eukaryota","Echinodermata","Echinoidea","Camarodonta","Strongylocentrotidae","Strongylocentrotus","Strongylocentrotus purpuratus","Yes","Yes","Yes","Internal skeleton","Exoskeleton","Calcite","Meroplanktonic","No","Sea urchins"
"4993",0.12911208551498,0.253693694912414,1,1.25,"Eukaryota","Echinodermata","Ophiuroidea","Amphilepidida","Ophiotrichidae","Ophiothrix","Ophiothrix spiculata","Yes","Yes","Yes","Internal skeleton","Internal skeleton","Calcite","Meroplanktonic","No","Brittle stars"
"5012",0.12911208551498,0.253693694912414,1,1.25,"Eukaryota","Arthropoda","Malacostraca","Decapoda","Hippolytidae",NA,NA,"Variable","No","Variable","None","Exoskeleton","Calcite","Meroplanktonic","No","Crabs, lobsters, shrimp"
"5113",0.12911208551498,0.253693694912414,1,1.25,"Eukaryota","Arthropoda","Copepoda","Poecilostomatoida","Oncaeidae","Oncaea","Oncaea sp.","Variable","Variable","Variable","Exoskeleton","Exoskeleton","Chitin + Calcium","Holoplanktonic","No","Parasitic or predatory copepods"
"5419",0.12911208551498,0.253693694912414,1,1.25,"Eukaryota","Echinodermata","Ophiuroidea","Amphilepidida","Ophiotrichidae","Ophiothrix","Ophiothrix spiculata","Yes","Yes","Yes","Internal skeleton","Internal skeleton","Calcite","Meroplanktonic","No","Brittle stars"
"5420",0.12911208551498,0.253693694912414,1,1.25,"Eukaryota","Annelida","Polychaeta","Phyllodocida","Polynoidae",NA,NA,"No","No","No","None","None","None","Benthic + Meroplanktonic","No","Active marine polychaetes"
"5421",0.12911208551498,0.253693694912414,1,1.25,"Eukaryota","Annelida","Polychaeta","Sabellida","Sabellariidae","Phragmatopoma","Phragmatopoma californica","Variable","Variable","Variable","External tube","External tube","Aragonite","Benthic + Meroplanktonic","No","Fan worms and feather duster worms"
"5727",0.12911208551498,0.253693694912414,1,1.25,"Eukaryota","Arthropoda","Malacostraca","Euphausiacea","Euphausiidae",NA,NA,"Variable","No","Variable","None","Exoskeleton","Chitin + Calcium","Holoplanktonic","No","Krill"
"5863",0.12911208551498,0.253693694912414,1,1.25,"Eukaryota","Echinodermata","Asteroidea","Paxillosida","Luidiidae","Luidia","Luidia foliolata","Variable","No","Yes","None","Internal skeleton","Calcite","Meroplanktonic","No","Starfish without suckers"
"6058",0.12911208551498,0.253693694912414,1,1.25,"Eukaryota","Chordata","Actinopteri","Pleuronectiformes","Cyclopsettidae","Citharichthys","Citharichthys stigmaeus","No","No","No","None","None","None","Meroplanktonic","No","Flatfishes (flounders, soles, halibut)"
"6059",0.12911208551498,0.253693694912414,1,1.25,"Eukaryota","Mollusca","Cephalopoda","Myopsida","Loliginidae","Doryteuthis","Doryteuthis opalescens","Variable","Yes","No","Statoliths","None","Aragonite","Meroplanktonic","No","Coastal squid"
"6241",0.12911208551498,0.253693694912414,1,1.25,"Eukaryota","Annelida","Polychaeta","Sabellida","Sabellariidae","Phragmatopoma","Phragmatopoma californica","Variable","Variable","Variable","External tube","External tube","Aragonite","Benthic + Meroplanktonic","No","Fan worms and feather duster worms"
"6707",0.12911208551498,0.253693694912414,1,1.25,"Eukaryota","Arthropoda","Copepoda","Calanoida","Metridinidae","Pleuromamma","Pleuromamma borealis","Variable","Variable","Variable","Exoskeleton","Exoskeleton","Chitin + Calcium","Holoplanktonic","No","Copepods"
"7189",0.12911208551498,0.253693694912414,1,1.25,"Eukaryota","Arthropoda","Ostracoda","Halocyprida","Halocyprididae","Porroecia",NA,"Variable","No","Variable","None","Exoskeleton","Chitin + Calcium","Holoplanktonic","No","Ostracods (seed shrimp)"
"7190",0.12911208551498,0.253693694912414,1,1.25,"Eukaryota","Echinodermata","Ophiuroidea","Amphilepidida","Amphiuridae","Amphipholis","Amphipholis pugetana","Yes","Yes","Yes","Internal skeleton","Internal skeleton","Calcite","Meroplanktonic","No","Brittle stars"
"7463",0.12911208551498,0.253693694912414,1,1.25,"Eukaryota","Arthropoda","Ostracoda","Halocyprida","Halocyprididae","Conchoecia","Conchoecia sp. USNM IZ 1448956","Variable","No","Variable","None","Exoskeleton","Chitin + Calcium","Holoplanktonic","No","Ostracods (seed shrimp)"
"1960",0.129054210621988,0.253908371743694,2,2.5,"Eukaryota","Mollusca","Gastropoda","Nudibranchia","Glaucidae","Hermissenda","Hermissenda opalescens","Variable","Variable","No","External shell","None","Aragonite","Meroplanktonic","No","Shell-less sea slugs"
"476",0.127505683786664,0.259698436150779,20,25,"Eukaryota","Arthropoda","Copepoda","Poecilostomatoida","Oncaeidae","Oncaea","Oncaea sp.","Variable","Variable","Variable","Exoskeleton","Exoskeleton","Chitin + Calcium","Holoplanktonic","No","Parasitic or predatory copepods"
"2404",0.126933990365109,0.261858523616274,5,6.25,"Eukaryota","Arthropoda","Copepoda","Calanoida","Paracalanidae","Paracalanus","Paracalanus tropicus","Variable","Variable","Variable","Exoskeleton","Exoskeleton","Chitin + Calcium","Holoplanktonic","No","Copepods"
"201",0.126870444079479,0.262099376646363,25,31.25,"Eukaryota","Arthropoda","Copepoda","Calanoida","Calanidae",NA,NA,"Variable","Variable","Variable","Exoskeleton","Exoskeleton","Chitin + Calcium","Holoplanktonic","No","Copepods"
"1112",0.126800745560758,0.262363720390159,2,2.5,"Eukaryota","Arthropoda","Malacostraca","Decapoda","Hippolytidae","Lysmata","Lysmata californica","Variable","No","Variable","None","Exoskeleton","Calcite","Meroplanktonic","No","Crabs, lobsters, shrimp"
"209",0.126633985502253,0.262996919560774,32,40,"Eukaryota","Mollusca","Gastropoda","Littorinimorpha","Atlantidae","Atlanta","Atlanta sp. USNM IZ 1230636","Yes","Yes","Yes","External shell","External shell","Aragonite/Calcite","Meroplanktonic","No","Periwinkles and related snails"
"1802",0.126461084113752,0.263654529223713,4,5,"Eukaryota","Arthropoda","Copepoda","Calanoida","Candaciidae","Candacia","Candacia bipinnata","Variable","Variable","Variable","Exoskeleton","Exoskeleton","Chitin + Calcium","Holoplanktonic","No","Copepods"
"350",0.125700736814523,0.266559614225589,25,31.25,"Eukaryota","Arthropoda","Copepoda","Calanoida","Calocalanidae","Calocalanus",NA,"Variable","Variable","Variable","Exoskeleton","Exoskeleton","Chitin + Calcium","Holoplanktonic","No","Copepods"
"277",0.125685498810523,0.266618054468979,39,48.75,"Eukaryota","Arthropoda","Copepoda","Calanoida","Calanidae",NA,NA,"Variable","Variable","Variable","Exoskeleton","Exoskeleton","Chitin + Calcium","Holoplanktonic","No","Copepods"
"2785",0.125522980612212,0.26724187612494,6,7.5,"Eukaryota","Arthropoda","Copepoda","Calanoida","Metridinidae","Pleuromamma","Pleuromamma abdominalis","Variable","Variable","Variable","Exoskeleton","Exoskeleton","Chitin + Calcium","Holoplanktonic","No","Copepods"
"4796",0.124983224394531,0.26932077370147,3,3.75,"Eukaryota","Arthropoda","Copepoda","Calanoida","Calanidae",NA,NA,"Variable","Variable","Variable","Exoskeleton","Exoskeleton","Chitin + Calcium","Holoplanktonic","No","Copepods"
"1018",0.124239931344603,0.27220137319059,1,1.25,"Eukaryota","Cnidaria","Hydrozoa","Siphonophorae","Diphyidae","Lensia","Lensia campanella","No","No","No","None","None","None","Holoplanktonic","No","Colonial hydrozoans (e.g., Portuguese man o' war)"
"1181",0.124239931344603,0.27220137319059,1,1.25,"Eukaryota","Arthropoda","Copepoda","Calanoida","Pontellidae","Labidocera","Labidocera trispinosa","Variable","Variable","Variable","Exoskeleton","Exoskeleton","Chitin + Calcium","Holoplanktonic","No","Copepods"
"1894",0.124239931344603,0.27220137319059,1,1.25,"Eukaryota","Arthropoda","Copepoda","Calanoida","Calanidae","Calanus","Calanus pacificus","Variable","Variable","Variable","Exoskeleton","Exoskeleton","Chitin + Calcium","Holoplanktonic","No","Copepods"
"2137",0.124239931344603,0.27220137319059,1,1.25,"Eukaryota","Arthropoda","Copepoda","Calanoida","Mecynoceridae","Mecynocera","Mecynocera clausi","Variable","Variable","Variable","Exoskeleton","Exoskeleton","Chitin + Calcium","Holoplanktonic","No","Copepods"
"2375",0.124239931344603,0.27220137319059,1,1.25,"Eukaryota","Mollusca","Gastropoda","Nudibranchia","Glaucidae","Hermissenda","Hermissenda opalescens","Variable","Variable","No","External shell","None","Aragonite","Meroplanktonic","No","Shell-less sea slugs"
"2461",0.124239931344603,0.27220137319059,1,1.25,"Eukaryota","Arthropoda","Malacostraca","Amphipoda","Paraphronimidae","Paraphronima",NA,"Variable","Yes","Yes","Exoskeleton","Exoskeleton","Chitin + Calcium","Benthic + Holoplanktonic","No","Amphipods"
"2890",0.124239931344603,0.27220137319059,1,1.25,"Eukaryota","Arthropoda","Copepoda","Calanoida","Clausocalanidae","Clausocalanus","Clausocalanus furcatus","Variable","Variable","Variable","Exoskeleton","Exoskeleton","Chitin + Calcium","Holoplanktonic","No","Copepods"
"3111",0.124239931344603,0.27220137319059,1,1.25,"Eukaryota","Mollusca","Gastropoda","Pteropoda","Creseidae","Styliola","Styliola sp.","Yes","Yes","Yes","External shell","External shell","Aragonite","Holoplanktonic","No","Sea butterflies"
"3495",0.124239931344603,0.27220137319059,1,1.25,"Eukaryota","Mollusca","Gastropoda","Littorinimorpha","Atlantidae","Atlanta","Atlanta sp. USNM IZ 1230636","Yes","Yes","Yes","External shell","External shell","Aragonite/Calcite","Meroplanktonic","No","Periwinkles and related snails"
"3617",0.124239931344603,0.27220137319059,1,1.25,"Eukaryota","Arthropoda","Copepoda","Calanoida","Clausocalanidae",NA,NA,"Variable","Variable","Variable","Exoskeleton","Exoskeleton","Chitin + Calcium","Holoplanktonic","No","Copepods"
"4358",0.124239931344603,0.27220137319059,1,1.25,"Eukaryota","Arthropoda","Copepoda","Calanoida","Mecynoceridae","Mecynocera","Mecynocera clausi","Variable","Variable","Variable","Exoskeleton","Exoskeleton","Chitin + Calcium","Holoplanktonic","No","Copepods"
"4359",0.124239931344603,0.27220137319059,1,1.25,"Eukaryota","Arthropoda","Copepoda","Calanoida","Eucalanidae","Eucalanus","Eucalanus californicus","Variable","Variable","Variable","Exoskeleton","Exoskeleton","Chitin + Calcium","Holoplanktonic","No","Copepods"
"5011",0.124239931344603,0.27220137319059,1,1.25,"Eukaryota","Cnidaria","Hydrozoa","Narcomedusae","Solmarisidae","Pegantha","Pegantha cf_ martagon","No","No","No","None","None","None","Holoplanktonic","No","Deep-sea jellyfish"
"5110",0.124239931344603,0.27220137319059,1,1.25,"Eukaryota","Arthropoda","Copepoda","Calanoida","Eucalanidae","Eucalanus","Eucalanus californicus","Variable","Variable","Variable","Exoskeleton","Exoskeleton","Chitin + Calcium","Holoplanktonic","No","Copepods"
"5708",0.124239931344603,0.27220137319059,1,1.25,"Eukaryota","Mollusca","Gastropoda","Pteropoda","Limacinidae",NA,NA,"Yes","Yes","Yes","External shell","External shell","Aragonite","Holoplanktonic","No","Sea butterflies"
"6456",0.124239931344603,0.27220137319059,1,1.25,"Eukaryota","Arthropoda","Copepoda","Calanoida","Mecynoceridae","Mecynocera","Mecynocera clausi","Variable","Variable","Variable","Exoskeleton","Exoskeleton","Chitin + Calcium","Holoplanktonic","No","Copepods"
"6457",0.124239931344603,0.27220137319059,1,1.25,"Eukaryota","Annelida","Polychaeta","Phyllodocida","Phyllodocidae",NA,NA,"No","No","No","None","None","None","Benthic + Meroplanktonic","No","Active marine polychaetes"
"6458",0.124239931344603,0.27220137319059,1,1.25,"Eukaryota","Arthropoda","Copepoda","Calanoida","Clausocalanidae","Clausocalanus","Clausocalanus mastigophorus","Variable","Variable","Variable","Exoskeleton","Exoskeleton","Chitin + Calcium","Holoplanktonic","No","Copepods"
"6704",0.124239931344603,0.27220137319059,1,1.25,"Eukaryota","Arthropoda","Copepoda","Calanoida","Clausocalanidae","Clausocalanus","Clausocalanus mastigophorus","Variable","Variable","Variable","Exoskeleton","Exoskeleton","Chitin + Calcium","Holoplanktonic","No","Copepods"
"6705",0.124239931344603,0.27220137319059,1,1.25,"Eukaryota","Arthropoda","Copepoda","Calanoida","Calocalanidae","Calocalanus",NA,"Variable","Variable","Variable","Exoskeleton","Exoskeleton","Chitin + Calcium","Holoplanktonic","No","Copepods"
"6706",0.124239931344603,0.27220137319059,1,1.25,"Eukaryota","Annelida","Polychaeta","Phyllodocida","Polynoidae",NA,NA,"No","No","No","None","None","None","Benthic + Meroplanktonic","No","Active marine polychaetes"
"6948",0.124239931344603,0.27220137319059,1,1.25,"Eukaryota","Echinodermata","Asteroidea","Forcipulatida","Labidiasteridae","Rathbunaster","Rathbunaster californicus","Yes","Yes","Yes","Internal skeleton","Internal skeleton","Calcite","Meroplanktonic","No","Starfish"
"7187",0.124239931344603,0.27220137319059,1,1.25,"Eukaryota","Arthropoda","Copepoda","Poecilostomatoida","Oncaeidae","Oncaea","Oncaea sp.","Variable","Variable","Variable","Exoskeleton","Exoskeleton","Chitin + Calcium","Holoplanktonic","No","Parasitic or predatory copepods"
"7656",0.124239931344603,0.27220137319059,1,1.25,"Eukaryota","Arthropoda","Malacostraca","Decapoda","Munididae","Grimothea","Grimothea monodon","Variable","No","Variable","None","Exoskeleton","Calcite","Meroplanktonic","No","Crabs, lobsters, shrimp"
"1456",0.124003438987196,0.27312220931905,17,21.25,"Eukaryota","Arthropoda","Ostracoda","Halocyprida","Halocyprididae","Porroecia",NA,"Variable","No","Variable","None","Exoskeleton","Chitin + Calcium","Holoplanktonic","No","Ostracods (seed shrimp)"
"1139",0.123692542188311,0.274335930755988,27,33.75,"Eukaryota","Arthropoda","Malacostraca","Euphausiacea","Euphausiidae","Hansarsia","Hansarsia difficilis","Variable","No","Variable","None","Exoskeleton","Chitin + Calcium","Holoplanktonic","No","Krill"
"378",0.12362383921673,0.274604629475372,6,7.5,"Eukaryota","Mollusca","Gastropoda","Nudibranchia","Glaucidae","Hermissenda","Hermissenda opalescens","Variable","Variable","No","External shell","None","Aragonite","Meroplanktonic","No","Shell-less sea slugs"
"781",0.123600620590544,0.2746954778286,10,12.5,"Eukaryota","Bryozoa","Gymnolaemata","Cheilostomatida","Membraniporidae","Membranipora","Membranipora villosa","Yes","Yes","Yes","External shell","External shell","Calcite","Meroplanktonic","No","Encrusting bryozoans"
"329",0.123513424103305,0.275036834362197,20,25,"Eukaryota","Arthropoda","Ostracoda","Halocyprida","Halocyprididae","Conchoecia","Conchoecia magna","Variable","No","Variable","None","Exoskeleton","Chitin + Calcium","Holoplanktonic","No","Ostracods (seed shrimp)"
"675",0.12332069481366,0.275792337478161,36,45,"Eukaryota","Arthropoda","Copepoda","Calanoida","Clausocalanidae","Clausocalanus","Clausocalanus parapergens","Variable","Variable","Variable","Exoskeleton","Exoskeleton","Chitin + Calcium","Holoplanktonic","No","Copepods"
"1813",0.123131621070167,0.276534858591434,3,3.75,"Eukaryota","Mollusca","Gastropoda","Nudibranchia","Glaucidae","Hermissenda","Hermissenda opalescens","Variable","Variable","No","External shell","None","Aragonite","Meroplanktonic","No","Shell-less sea slugs"
"3324",0.122490681457887,0.279061861569154,3,3.75,"Eukaryota","Arthropoda","Malacostraca","Euphausiacea","Euphausiidae","Thysanoessa","Thysanoessa gregaria","Variable","No","Variable","None","Exoskeleton","Chitin + Calcium","Holoplanktonic","No","Krill"
"4377",0.120875073036335,0.285499797601028,4,5,"Eukaryota","Echinodermata","Ophiuroidea","Amphilepidida","Amphiuridae","Amphiodia","Amphiodia cf_ urtica EAC_2010","Yes","Yes","Yes","Internal skeleton","Internal skeleton","Calcite","Meroplanktonic","No","Brittle stars"
"244",0.119512726570487,0.29100444826728,32,40,"Eukaryota","Arthropoda","Copepoda","Calanoida","Calocalanidae","Calocalanus","Calocalanus tenuis","Variable","Variable","Variable","Exoskeleton","Exoskeleton","Chitin + Calcium","Holoplanktonic","No","Copepods"
"586",0.119367777174226,0.291594217716064,1,1.25,"Eukaryota","Arthropoda","Copepoda","Calanoida","Calanidae","Calanus","Calanus pacificus","Variable","Variable","Variable","Exoskeleton","Exoskeleton","Chitin + Calcium","Holoplanktonic","No","Copepods"
"730",0.119367777174226,0.291594217716064,1,1.25,"Eukaryota","Arthropoda","Copepoda","Calanoida","Calanidae","Calanus","Calanus pacificus","Variable","Variable","Variable","Exoskeleton","Exoskeleton","Chitin + Calcium","Holoplanktonic","No","Copepods"
"935",0.119367777174226,0.291594217716064,1,1.25,"Eukaryota","Arthropoda","Copepoda","Calanoida","Calanidae","Calanus","Calanus pacificus","Variable","Variable","Variable","Exoskeleton","Exoskeleton","Chitin + Calcium","Holoplanktonic","No","Copepods"
"1429",0.119367777174226,0.291594217716064,1,1.25,"Eukaryota","Chordata","Actinopteri","Argentiniformes","Bathylagidae","Leuroglossus","Leuroglossus stilbius","No","No","No","None","None","None","Meroplanktonic","No","Deep-sea smelts and related fish"
"1682",0.119367777174226,0.291594217716064,1,1.25,"Eukaryota","Echinodermata","Echinoidea","Camarodonta","Strongylocentrotidae","Mesocentrotus","Mesocentrotus franciscanus","Yes","Yes","Yes","Internal skeleton","Exoskeleton","Calcite","Meroplanktonic","No","Sea urchins"
"1827",0.119367777174226,0.291594217716064,1,1.25,"Eukaryota","Mollusca","Gastropoda","Nudibranchia","Glaucidae","Hermissenda","Hermissenda opalescens","Variable","Variable","No","External shell","None","Aragonite","Meroplanktonic","No","Shell-less sea slugs"
"2158",0.119367777174226,0.291594217716064,1,1.25,"Eukaryota","Mollusca","Gastropoda","Nudibranchia","Paracoryphellidae",NA,NA,"Variable","Variable","No","External shell","None","Aragonite","Meroplanktonic","No","Shell-less sea slugs"
"2737",0.119367777174226,0.291594217716064,1,1.25,"Eukaryota","Echinodermata","Ophiuroidea","Amphilepidida","Amphiuridae",NA,NA,"Yes","Yes","Yes","Internal skeleton","Internal skeleton","Calcite","Meroplanktonic","No","Brittle stars"
"2888",0.119367777174226,0.291594217716064,1,1.25,"Eukaryota","Arthropoda","Copepoda","Poecilostomatoida","Oncaeidae","Oncaea","Oncaea sp.","Variable","Variable","Variable","Exoskeleton","Exoskeleton","Chitin + Calcium","Holoplanktonic","No","Parasitic or predatory copepods"
"3314",0.119367777174226,0.291594217716064,1,1.25,"Eukaryota","Nemertea","Enopla","Monostilifera","Poseidonemertidae","Poseidonemertes","Poseidonemertes sp.","No","No","No","None","None","None","Benthic + Meroplanktonic","No","Ribbon worms (with a single stylet)"
"3361",0.119367777174226,0.291594217716064,1,1.25,"Eukaryota","Arthropoda","Copepoda","Poecilostomatoida","Oncaeidae","Oncaea","Oncaea sp.","Variable","Variable","Variable","Exoskeleton","Exoskeleton","Chitin + Calcium","Holoplanktonic","No","Parasitic or predatory copepods"
"3913",0.119367777174226,0.291594217716064,1,1.25,"Eukaryota","Arthropoda","Copepoda","Cyclopoida","Oithonidae","Oithona","Oithona similis","Variable","Variable","Variable","Exoskeleton","Exoskeleton","Chitin + Calcium","Holoplanktonic","No","Cyclopoid copepods"
"4447",0.119367777174226,0.291594217716064,1,1.25,"Eukaryota","Annelida","Polychaeta","Phyllodocida","Phyllodocidae","Phyllodoce","Phyllodoce medipapillata","No","No","No","None","None","None","Benthic + Meroplanktonic","No","Active marine polychaetes"
"4448",0.119367777174226,0.291594217716064,1,1.25,"Eukaryota","Bryozoa","Gymnolaemata","Cheilostomatida","Membraniporidae",NA,NA,"Yes","Yes","Yes","External shell","External shell","Calcite","Meroplanktonic","No","Encrusting bryozoans"
"4877",0.119367777174226,0.291594217716064,1,1.25,"Eukaryota","Arthropoda","Copepoda","Calanoida","Eucalanidae","Eucalanus","Eucalanus californicus","Variable","Variable","Variable","Exoskeleton","Exoskeleton","Chitin + Calcium","Holoplanktonic","No","Copepods"
"4889",0.119367777174226,0.291594217716064,1,1.25,"Eukaryota","Arthropoda","Copepoda","Poecilostomatoida","Oncaeidae","Oncaea","Oncaea sp.","Variable","Variable","Variable","Exoskeleton","Exoskeleton","Chitin + Calcium","Holoplanktonic","No","Parasitic or predatory copepods"
"5096",0.119367777174226,0.291594217716064,1,1.25,"Eukaryota","Mollusca","Gastropoda","Pteropoda","Limacinidae",NA,NA,"Yes","Yes","Yes","External shell","External shell","Aragonite","Holoplanktonic","No","Sea butterflies"
"5097",0.119367777174226,0.291594217716064,1,1.25,"Eukaryota","Arthropoda","Copepoda","Poecilostomatoida","Oncaeidae","Oncaea","Oncaea sp.","Variable","Variable","Variable","Exoskeleton","Exoskeleton","Chitin + Calcium","Holoplanktonic","No","Parasitic or predatory copepods"
"5559",0.119367777174226,0.291594217716064,1,1.25,"Eukaryota","Arthropoda","Copepoda","Poecilostomatoida","Oncaeidae","Oncaea","Oncaea sp.","Variable","Variable","Variable","Exoskeleton","Exoskeleton","Chitin + Calcium","Holoplanktonic","No","Parasitic or predatory copepods"
"5723",0.119367777174226,0.291594217716064,1,1.25,"Eukaryota","Annelida","Polychaeta","Terebellida","Flabelligeridae","Poeobius","Poeobius meseres","Variable","Variable","Variable","External tube","External tube","None","Benthic + Meroplanktonic","No","Spaghetti worms (tube-building polychaetes)"
"5873",0.119367777174226,0.291594217716064,1,1.25,"Eukaryota","Arthropoda","Copepoda","Calanoida","Calocalanidae","Calocalanus","Calocalanus styliremis","Variable","Variable","Variable","Exoskeleton","Exoskeleton","Chitin + Calcium","Holoplanktonic","No","Copepods"
"6226",0.119367777174226,0.291594217716064,1,1.25,"Eukaryota","Annelida","Polychaeta","Phyllodocida","Polynoidae",NA,NA,"No","No","No","None","None","None","Benthic + Meroplanktonic","No","Active marine polychaetes"
"6430",0.119367777174226,0.291594217716064,1,1.25,"Eukaryota","Cnidaria","Hydrozoa","Siphonophorae","Sphaeronectidae","Sphaeronectes",NA,"No","No","No","None","None","None","Holoplanktonic","No","Colonial hydrozoans (e.g., Portuguese man o' war)"
"6431",0.119367777174226,0.291594217716064,1,1.25,"Eukaryota","Annelida","Polychaeta","Phyllodocida","Phyllodocidae",NA,NA,"No","No","No","None","None","None","Benthic + Meroplanktonic","No","Active marine polychaetes"
"6432",0.119367777174226,0.291594217716064,1,1.25,"Eukaryota","Arthropoda","Copepoda","Calanoida","Aetideidae",NA,NA,"Variable","Variable","Variable","Exoskeleton","Exoskeleton","Chitin + Calcium","Holoplanktonic","No","Copepods"
"6673",0.119367777174226,0.291594217716064,1,1.25,"Eukaryota","Arthropoda","Copepoda","Calanoida","Clausocalanidae","Clausocalanus","Clausocalanus arcuicornis","Variable","Variable","Variable","Exoskeleton","Exoskeleton","Chitin + Calcium","Holoplanktonic","No","Copepods"
"6933",0.119367777174226,0.291594217716064,1,1.25,"Eukaryota","Arthropoda","Malacostraca","Decapoda","Sergestidae","Eusergestes","Eusergestes similis","Variable","No","Variable","None","Exoskeleton","Calcite","Meroplanktonic","No","Crabs, lobsters, shrimp"
"6935",0.119367777174226,0.291594217716064,1,1.25,"Eukaryota","Ctenophora","Tentaculata","Cestida","Cestidae","Velamen",NA,"No","No","No","None","None","None","Holoplanktonic","No","Ribbon comb jellies"
"7160",0.119367777174226,0.291594217716064,1,1.25,"Eukaryota","Mollusca","Bivalvia","Galeommatida","Lasaeidae",NA,NA,"Yes","Yes","Yes","External shell","External shell","Aragonite/Calcite","Meroplanktonic","No","Small clams and bivalves"
"7161",0.119367777174226,0.291594217716064,1,1.25,"Eukaryota","Arthropoda","Malacostraca","Euphausiacea","Euphausiidae","Euphausia","Euphausia recurva","Variable","No","Variable","None","Exoskeleton","Chitin + Calcium","Holoplanktonic","No","Krill"
"7162",0.119367777174226,0.291594217716064,1,1.25,"Eukaryota","Arthropoda","Copepoda","Calanoida","Aetideidae",NA,NA,"Variable","Variable","Variable","Exoskeleton","Exoskeleton","Chitin + Calcium","Holoplanktonic","No","Copepods"
"7441",0.119367777174226,0.291594217716064,1,1.25,"Eukaryota","Arthropoda","Copepoda","Calanoida","Metridinidae","Pleuromamma",NA,"Variable","Variable","Variable","Exoskeleton","Exoskeleton","Chitin + Calcium","Holoplanktonic","No","Copepods"
"7634",0.119367777174226,0.291594217716064,1,1.25,"Eukaryota","Mollusca","Gastropoda","Cephalaspidea","Philinidae",NA,NA,"Variable","Yes","Yes","External shell","External shell","Aragonite","Meroplanktonic","No","Bubble snails"
"7637",0.119367777174226,0.291594217716064,1,1.25,"Eukaryota","Arthropoda","Malacostraca","Euphausiacea","Euphausiidae","Euphausia","Euphausia gibboides","Variable","No","Variable","None","Exoskeleton","Chitin + Calcium","Holoplanktonic","No","Krill"
"3222",0.119056484801077,0.292863463664305,5,6.25,"Eukaryota","Arthropoda","Malacostraca","Euphausiacea","Euphausiidae","Hansarsia",NA,"Variable","No","Variable","None","Exoskeleton","Chitin + Calcium","Holoplanktonic","No","Krill"
"869",0.118330334656623,0.295838344688627,4,5,"Eukaryota","Arthropoda","Copepoda","Calanoida","Candaciidae","Candacia","Candacia bipinnata","Variable","Variable","Variable","Exoskeleton","Exoskeleton","Chitin + Calcium","Holoplanktonic","No","Copepods"
"1829",0.116591883238863,0.303040730741862,6,7.5,"Eukaryota","Arthropoda","Ostracoda","Halocyprida","Halocyprididae","Proceroecia","Proceroecia procera","Variable","No","Variable","None","Exoskeleton","Chitin + Calcium","Holoplanktonic","No","Ostracods (seed shrimp)"
"1640",0.114753374656489,0.310780985379716,2,2.5,"Eukaryota","Arthropoda","Copepoda","Calanoida","Mecynoceridae","Mecynocera","Mecynocera clausi","Variable","Variable","Variable","Exoskeleton","Exoskeleton","Chitin + Calcium","Holoplanktonic","No","Copepods"
"580",0.114564421478821,0.311583677434694,6,7.5,"Eukaryota","Mollusca","Gastropoda","Nudibranchia","Glaucidae","Hermissenda",NA,"Variable","Variable","No","External shell","None","Aragonite","Meroplanktonic","No","Shell-less sea slugs"
"557",0.11449562300385,0.31187627284953,1,1.25,"Eukaryota","Arthropoda","Copepoda","Calanoida","Eucalanidae","Eucalanus","Eucalanus californicus","Variable","Variable","Variable","Exoskeleton","Exoskeleton","Chitin + Calcium","Holoplanktonic","No","Copepods"
"1863",0.11449562300385,0.31187627284953,1,1.25,"Eukaryota","Arthropoda","Copepoda","Calanoida","Calanidae","Calanus","Calanus pacificus","Variable","Variable","Variable","Exoskeleton","Exoskeleton","Chitin + Calcium","Holoplanktonic","No","Copepods"
"2015",0.11449562300385,0.31187627284953,1,1.25,"Eukaryota","Mollusca","Gastropoda","Nudibranchia","Glaucidae","Hermissenda","Hermissenda opalescens","Variable","Variable","No","External shell","None","Aragonite","Meroplanktonic","No","Shell-less sea slugs"
"2284",0.11449562300385,0.31187627284953,1,1.25,"Eukaryota","Echinodermata","Echinoidea","Temnopleuroida","Toxopneustidae","Lytechinus","Lytechinus pictus","Yes","Yes","Yes","Internal skeleton","Exoskeleton","Calcite","Meroplanktonic","No","Short-spined sea urchins"
"2832",0.11449562300385,0.31187627284953,1,1.25,"Eukaryota","Arthropoda","Copepoda","Calanoida","Pontellidae","Labidocera","Labidocera trispinosa","Variable","Variable","Variable","Exoskeleton","Exoskeleton","Chitin + Calcium","Holoplanktonic","No","Copepods"
"2898",0.11449562300385,0.31187627284953,1,1.25,"Eukaryota","Arthropoda","Copepoda","Calanoida","Eucalanidae","Eucalanus","Eucalanus californicus","Variable","Variable","Variable","Exoskeleton","Exoskeleton","Chitin + Calcium","Holoplanktonic","No","Copepods"
"3374",0.11449562300385,0.31187627284953,1,1.25,"Eukaryota","Echinodermata","Ophiuroidea","Amphilepidida","Ophiocomidae","Ophiopteris","Ophiopteris papillosa","Yes","Yes","Yes","Internal skeleton","Internal skeleton","Calcite","Meroplanktonic","No","Brittle stars"
"3437",0.11449562300385,0.31187627284953,1,1.25,"Eukaryota","Arthropoda","Copepoda","Calanoida","Eucalanidae","Eucalanus","Eucalanus californicus","Variable","Variable","Variable","Exoskeleton","Exoskeleton","Chitin + Calcium","Holoplanktonic","No","Copepods"
"3627",0.11449562300385,0.31187627284953,1,1.25,"Eukaryota","Mollusca","Gastropoda","Pteropoda","Creseidae","Styliola","Styliola sp.","Yes","Yes","Yes","External shell","External shell","Aragonite","Holoplanktonic","No","Sea butterflies"
"3855",0.11449562300385,0.31187627284953,1,1.25,"Eukaryota","Mollusca","Gastropoda","Nudibranchia","Glaucidae","Hermissenda","Hermissenda opalescens","Variable","Variable","No","External shell","None","Aragonite","Meroplanktonic","No","Shell-less sea slugs"
"3930",0.11449562300385,0.31187627284953,1,1.25,"Eukaryota","Arthropoda","Copepoda","Calanoida","Eucalanidae","Eucalanus","Eucalanus californicus","Variable","Variable","Variable","Exoskeleton","Exoskeleton","Chitin + Calcium","Holoplanktonic","No","Copepods"
"4472",0.11449562300385,0.31187627284953,1,1.25,"Eukaryota","Arthropoda","Copepoda","Calanoida","Eucalanidae","Eucalanus","Eucalanus californicus","Variable","Variable","Variable","Exoskeleton","Exoskeleton","Chitin + Calcium","Holoplanktonic","No","Copepods"
"4695",0.11449562300385,0.31187627284953,1,1.25,"Eukaryota","Arthropoda","Copepoda","Calanoida","Calanidae","Calanus","Calanus pacificus","Variable","Variable","Variable","Exoskeleton","Exoskeleton","Chitin + Calcium","Holoplanktonic","No","Copepods"
"5139",0.11449562300385,0.31187627284953,1,1.25,"Eukaryota","Mollusca","Gastropoda","Pteropoda","Limacinidae",NA,NA,"Yes","Yes","Yes","External shell","External shell","Aragonite","Holoplanktonic","No","Sea butterflies"
"5450",0.11449562300385,0.31187627284953,1,1.25,"Eukaryota","Arthropoda","Copepoda","Calanoida","Eucalanidae","Eucalanus","Eucalanus californicus","Variable","Variable","Variable","Exoskeleton","Exoskeleton","Chitin + Calcium","Holoplanktonic","No","Copepods"
"5901",0.11449562300385,0.31187627284953,1,1.25,"Eukaryota","Annelida","Polychaeta","Terebellida","Terebellidae","Pista","Pista wui","Variable","Variable","Variable","External tube","External tube","None","Benthic + Meroplanktonic","No","Spaghetti worms (tube-building polychaetes)"
"6279",0.11449562300385,0.31187627284953,1,1.25,"Eukaryota","Annelida","Polychaeta","Terebellida","Flabelligeridae","Poeobius","Poeobius meseres","Variable","Variable","Variable","External tube","External tube","None","Benthic + Meroplanktonic","No","Spaghetti worms (tube-building polychaetes)"
"6280",0.11449562300385,0.31187627284953,1,1.25,"Eukaryota","Echinodermata","Ophiuroidea","Amphilepidida","Amphiuridae","Amphiodia",NA,"Yes","Yes","Yes","Internal skeleton","Internal skeleton","Calcite","Meroplanktonic","No","Brittle stars"
"6496",0.11449562300385,0.31187627284953,1,1.25,"Eukaryota","Echinodermata","Ophiuroidea","Amphilepidida","Amphiuridae","Amphiodia","Amphiodia cf_ urtica EAC_2010","Yes","Yes","Yes","Internal skeleton","Internal skeleton","Calcite","Meroplanktonic","No","Brittle stars"
"6498",0.11449562300385,0.31187627284953,1,1.25,"Eukaryota","Arthropoda","Thecostraca","Balanomorpha","Balanidae","Megabalanus","Megabalanus californicus","Yes","Yes","Yes","External shell","External shell","Calcite","Meroplanktonic","No","Barnacles"
"6750",0.11449562300385,0.31187627284953,1,1.25,"Eukaryota","Arthropoda","Copepoda","Calanoida","Paracalanidae","Paracalanus",NA,"Variable","Variable","Variable","Exoskeleton","Exoskeleton","Chitin + Calcium","Holoplanktonic","No","Copepods"
"6752",0.11449562300385,0.31187627284953,1,1.25,"Eukaryota","Echinodermata","Asteroidea","Valvatida","Asterinidae","Patiria","Patiria miniata","Variable","No","Yes","None","Internal skeleton","Calcite","Meroplanktonic","No","Sea stars"
"6981",0.11449562300385,0.31187627284953,1,1.25,"Eukaryota","Echinodermata","Ophiuroidea","Amphilepidida","Ophiotrichidae","Ophiothrix","Ophiothrix spiculata","Yes","Yes","Yes","Internal skeleton","Internal skeleton","Calcite","Meroplanktonic","No","Brittle stars"
"6982",0.11449562300385,0.31187627284953,1,1.25,"Eukaryota","Annelida","Polychaeta","Phyllodocida","Phyllodocidae",NA,NA,"No","No","No","None","None","None","Benthic + Meroplanktonic","No","Active marine polychaetes"
"7237",0.11449562300385,0.31187627284953,1,1.25,"Eukaryota","Mollusca","Gastropoda","Nudibranchia","Aeolidiidae","Cerberilla","Cerberilla mosslandica","Variable","Variable","No","External shell","None","Aragonite","Meroplanktonic","No","Shell-less sea slugs"
"7239",0.11449562300385,0.31187627284953,1,1.25,"Eukaryota","Arthropoda","Ostracoda","Halocyprida","Halocyprididae","Discoconchoecia","Discoconchoecia sp. S8_D6","Variable","No","Variable","None","Exoskeleton","Chitin + Calcium","Holoplanktonic","No","Ostracods (seed shrimp)"
"695",0.114229682010728,0.313008972097919,3,3.75,"Eukaryota","Mollusca","Gastropoda","Nudibranchia","Glaucidae","Hermissenda",NA,"Variable","Variable","No","External shell","None","Aragonite","Meroplanktonic","No","Shell-less sea slugs"
"3493",0.114087250985777,0.313616706981944,3,3.75,"Eukaryota","Mollusca","Gastropoda","Littorinimorpha","Carinariidae",NA,NA,"Yes","Yes","Yes","External shell","External shell","Aragonite/Calcite","Meroplanktonic","No","Periwinkles and related snails"
"702",0.112690304318069,0.319617623402235,14,17.5,"Eukaryota","Arthropoda","Copepoda","Calanoida","Scolecitrichidae","Scolecithricella","Scolecithricella dentata","Variable","Variable","Variable","Exoskeleton","Exoskeleton","Chitin + Calcium","Holoplanktonic","No","Copepods"
"113",0.111852030717705,0.323253753035679,39,48.75,"Eukaryota","Mollusca","Gastropoda","Nudibranchia","Glaucidae","Hermissenda","Hermissenda opalescens","Variable","Variable","No","External shell","None","Aragonite","Meroplanktonic","No","Shell-less sea slugs"
"5302",0.111309845999231,0.32561958074006,3,3.75,"Eukaryota","Arthropoda","Ostracoda","Halocyprida","Halocyprididae","Conchoecia","Conchoecia magna","Variable","No","Variable","None","Exoskeleton","Chitin + Calcium","Holoplanktonic","No","Ostracods (seed shrimp)"
"3524",0.110597690874476,0.328743807820035,3,3.75,"Eukaryota","Arthropoda","Ostracoda","Halocyprida","Halocyprididae","Porroecia","Porroecia spinirostris","Variable","No","Variable","None","Exoskeleton","Chitin + Calcium","Holoplanktonic","No","Ostracods (seed shrimp)"
"3017",0.110549795599964,0.328954606217572,2,2.5,"Eukaryota","Arthropoda","Malacostraca","Euphausiacea","Euphausiidae","Nyctiphanes","Nyctiphanes simplex","Variable","No","Variable","None","Exoskeleton","Chitin + Calcium","Holoplanktonic","No","Krill"
"5130",0.110289780400591,0.330100493227826,2,2.5,"Eukaryota","Arthropoda","Copepoda","Calanoida","Acartiidae","Acartia","Acartia tonsa","Variable","Variable","Variable","Exoskeleton","Exoskeleton","Chitin + Calcium","Holoplanktonic","No","Copepods"
"1119",0.109623468833473,0.333048480145834,1,1.25,"Eukaryota","Bryozoa","Gymnolaemata","Cheilostomatida","Membraniporidae","Membranipora",NA,"Yes","Yes","Yes","External shell","External shell","Calcite","Meroplanktonic","No","Encrusting bryozoans"
"1137",0.109623468833473,0.333048480145834,1,1.25,"Eukaryota","Arthropoda","Copepoda","Calanoida","Calanidae","Calanus","Calanus pacificus","Variable","Variable","Variable","Exoskeleton","Exoskeleton","Chitin + Calcium","Holoplanktonic","No","Copepods"
"1425",0.109623468833473,0.333048480145834,1,1.25,"Eukaryota","Arthropoda","Copepoda","Calanoida","Calanidae","Calanus","Calanus pacificus","Variable","Variable","Variable","Exoskeleton","Exoskeleton","Chitin + Calcium","Holoplanktonic","No","Copepods"
"1588",0.109623468833473,0.333048480145834,1,1.25,"Eukaryota","Arthropoda","Copepoda","Calanoida","Calanidae","Calanus","Calanus pacificus","Variable","Variable","Variable","Exoskeleton","Exoskeleton","Chitin + Calcium","Holoplanktonic","No","Copepods"
"1755",0.109623468833473,0.333048480145834,1,1.25,"Eukaryota","Arthropoda","Copepoda","Calanoida","Calanidae","Calanus","Calanus pacificus","Variable","Variable","Variable","Exoskeleton","Exoskeleton","Chitin + Calcium","Holoplanktonic","No","Copepods"
"1944",0.109623468833473,0.333048480145834,1,1.25,"Eukaryota","Arthropoda","Copepoda","Calanoida","Calanidae","Calanus","Calanus pacificus","Variable","Variable","Variable","Exoskeleton","Exoskeleton","Chitin + Calcium","Holoplanktonic","No","Copepods"
"2607",0.109623468833473,0.333048480145834,1,1.25,"Eukaryota","Arthropoda","Copepoda","Calanoida","Calanidae","Calanus","Calanus pacificus","Variable","Variable","Variable","Exoskeleton","Exoskeleton","Chitin + Calcium","Holoplanktonic","No","Copepods"
"2728",0.109623468833473,0.333048480145834,1,1.25,"Eukaryota","Arthropoda","Ostracoda","Halocyprida","Halocyprididae","Conchoecia","Conchoecia magna","Variable","No","Variable","None","Exoskeleton","Chitin + Calcium","Holoplanktonic","No","Ostracods (seed shrimp)"
"2878",0.109623468833473,0.333048480145834,1,1.25,"Eukaryota","Chordata","Actinopteri","Stomiiformes","Sternoptychidae","Danaphos","Danaphos oculatus","No","No","No","None","None","None","Meroplanktonic","No","Deep-sea fishes (e.g., dragonfishes)"
"2921",0.109623468833473,0.333048480145834,1,1.25,"Eukaryota","Mollusca","Gastropoda","Littorinimorpha","Atlantidae","Atlanta","Atlanta sp. USNM IZ 1230636","Yes","Yes","Yes","External shell","External shell","Aragonite/Calcite","Meroplanktonic","No","Periwinkles and related snails"
"3295",0.109623468833473,0.333048480145834,1,1.25,"Eukaryota","Arthropoda","Copepoda","Calanoida","Pontellidae","Labidocera","Labidocera trispinosa","Variable","Variable","Variable","Exoskeleton","Exoskeleton","Chitin + Calcium","Holoplanktonic","No","Copepods"
"4529",0.109623468833473,0.333048480145834,1,1.25,"Eukaryota","Arthropoda","Copepoda","Poecilostomatoida","Oncaeidae","Oncaea","Oncaea sp.","Variable","Variable","Variable","Exoskeleton","Exoskeleton","Chitin + Calcium","Holoplanktonic","No","Parasitic or predatory copepods"
"4753",0.109623468833473,0.333048480145834,1,1.25,"Eukaryota","Arthropoda","Copepoda","Poecilostomatoida","Oncaeidae","Oncaea","Oncaea sp.","Variable","Variable","Variable","Exoskeleton","Exoskeleton","Chitin + Calcium","Holoplanktonic","No","Parasitic or predatory copepods"
"4850",0.109623468833473,0.333048480145834,1,1.25,"Eukaryota","Arthropoda","Copepoda","Calanoida","Pontellidae","Labidocera","Labidocera trispinosa","Variable","Variable","Variable","Exoskeleton","Exoskeleton","Chitin + Calcium","Holoplanktonic","No","Copepods"
"4958",0.109623468833473,0.333048480145834,1,1.25,"Eukaryota","Arthropoda","Copepoda","Calanoida","Clausocalanidae","Clausocalanus","Clausocalanus mastigophorus","Variable","Variable","Variable","Exoskeleton","Exoskeleton","Chitin + Calcium","Holoplanktonic","No","Copepods"
"4959",0.109623468833473,0.333048480145834,1,1.25,"Eukaryota","Bryozoa","Gymnolaemata","Cheilostomatida","Membraniporidae","Membranipora","Membranipora villosa","Yes","Yes","Yes","External shell","External shell","Calcite","Meroplanktonic","No","Encrusting bryozoans"
"5071",0.109623468833473,0.333048480145834,1,1.25,"Eukaryota","Arthropoda","Copepoda","Poecilostomatoida","Oncaeidae","Oncaea","Oncaea sp.","Variable","Variable","Variable","Exoskeleton","Exoskeleton","Chitin + Calcium","Holoplanktonic","No","Parasitic or predatory copepods"
"5362",0.109623468833473,0.333048480145834,1,1.25,"Eukaryota","Chaetognatha","Sagittoidea","Aphragmophora","Sagittidae","Flaccisagitta",NA,"No","No","No","None","None","None","Holoplanktonic","No","Chaetognaths (arrow worms)"
"5520",0.109623468833473,0.333048480145834,1,1.25,"Eukaryota","Arthropoda","Copepoda","Poecilostomatoida","Oncaeidae","Oncaea","Oncaea sp.","Variable","Variable","Variable","Exoskeleton","Exoskeleton","Chitin + Calcium","Holoplanktonic","No","Parasitic or predatory copepods"
"5521",0.109623468833473,0.333048480145834,1,1.25,"Eukaryota","Arthropoda","Copepoda","Poecilostomatoida","Oncaeidae","Oncaea","Oncaea sp.","Variable","Variable","Variable","Exoskeleton","Exoskeleton","Chitin + Calcium","Holoplanktonic","No","Parasitic or predatory copepods"
"5667",0.109623468833473,0.333048480145834,1,1.25,"Eukaryota","Bryozoa","Gymnolaemata","Cheilostomatida","Membraniporidae","Membranipora","Membranipora villosa","Yes","Yes","Yes","External shell","External shell","Calcite","Meroplanktonic","No","Encrusting bryozoans"
"5804",0.109623468833473,0.333048480145834,1,1.25,"Eukaryota","Arthropoda","Copepoda","Poecilostomatoida","Oncaeidae","Oncaea","Oncaea sp.","Variable","Variable","Variable","Exoskeleton","Exoskeleton","Chitin + Calcium","Holoplanktonic","No","Parasitic or predatory copepods"
"5805",0.109623468833473,0.333048480145834,1,1.25,"Eukaryota","Arthropoda","Ostracoda","Halocyprida","Halocyprididae",NA,NA,"Variable","No","Variable","None","Exoskeleton","Chitin + Calcium","Holoplanktonic","No","Ostracods (seed shrimp)"
"5981",0.109623468833473,0.333048480145834,1,1.25,"Eukaryota","Mollusca","Bivalvia","Mytilida","Modiolidae",NA,NA,"Yes","Yes","Yes","External shell","External shell","Aragonite/Calcite","Meroplanktonic","No","Mussels"
"6169",0.109623468833473,0.333048480145834,1,1.25,"Eukaryota","Cnidaria","Anthozoa","Actiniaria","Actiniidae","Bunodactis",NA,"No","No","No","None","None","None","Benthic + Meroplanktonic","No","Sea anemones"
"6170",0.109623468833473,0.333048480145834,1,1.25,"Eukaryota","Arthropoda","Ostracoda","Halocyprida","Halocyprididae","Paraconchoecia","Paraconchoecia oblonga","Variable","No","Variable","None","Exoskeleton","Chitin + Calcium","Holoplanktonic","No","Ostracods (seed shrimp)"
"6171",0.109623468833473,0.333048480145834,1,1.25,"Eukaryota","Arthropoda","Copepoda","Calanoida","Scolecitrichidae","Scolecithricella","Scolecithricella dentata","Variable","Variable","Variable","Exoskeleton","Exoskeleton","Chitin + Calcium","Holoplanktonic","No","Copepods"
"6599",0.109623468833473,0.333048480145834,1,1.25,"Eukaryota","Arthropoda","Copepoda","Calanoida","Eucalanidae","Eucalanus","Eucalanus californicus","Variable","Variable","Variable","Exoskeleton","Exoskeleton","Chitin + Calcium","Holoplanktonic","No","Copepods"
"7352",0.109623468833473,0.333048480145834,1,1.25,"Eukaryota","Arthropoda","Copepoda","Calanoida","Candaciidae","Candacia","Candacia bipinnata","Variable","Variable","Variable","Exoskeleton","Exoskeleton","Chitin + Calcium","Holoplanktonic","No","Copepods"
"7583",0.109623468833473,0.333048480145834,1,1.25,"Eukaryota","Mollusca","Gastropoda","Pteropoda","Creseidae","Creseis","Creseis conica","Yes","Yes","Yes","External shell","External shell","Aragonite","Holoplanktonic","No","Sea butterflies"
"3754",0.109516850512253,0.333521737412727,4,5,"Eukaryota","Annelida","Polychaeta","Chaetopteridae","Chaetopteridae","Phyllochaetopterus","Phyllochaetopterus sp. 5 JM_2017","No","No","No","None","None","None","Benthic + Meroplanktonic","No","Tube-dwelling marine polychaetes"
"705",0.109256729805315,0.334678145207476,17,21.25,"Eukaryota","Bryozoa","Gymnolaemata","Cheilostomatida","Membraniporidae","Membranipora","Membranipora villosa","Yes","Yes","Yes","External shell","External shell","Calcite","Meroplanktonic","No","Encrusting bryozoans"
"920",0.109175483168633,0.335039858689893,4,5,"Eukaryota","Chordata","Actinopteri","Myctophiformes","Myctophidae",NA,NA,"No","No","No","None","None","None","Meroplanktonic","No","Lanternfishes"
"5573",0.108686353337792,0.337222701655014,2,2.5,"Eukaryota","Arthropoda","Copepoda","Calanoida","Scolecitrichidae","Scolecithrix","Scolecithrix bradyi","Variable","Variable","Variable","Exoskeleton","Exoskeleton","Chitin + Calcium","Holoplanktonic","No","Copepods"
"1981",0.1081548738235,0.339604676656718,8,10,"Eukaryota","Arthropoda","Malacostraca","Euphausiacea","Euphausiidae","Thysanoessa","Thysanoessa gregaria","Variable","No","Variable","None","Exoskeleton","Chitin + Calcium","Holoplanktonic","No","Krill"
"1743",0.107814829351976,0.341134217658466,17,21.25,"Eukaryota","Cnidaria","Hydrozoa","Siphonophorae","Agalmatidae","Nanomia",NA,"No","No","No","None","None","None","Holoplanktonic","No","Colonial hydrozoans (e.g., Portuguese man o' war)"
"116",0.107746517395904,0.341442009957136,60,75,"Eukaryota","Arthropoda","Ostracoda","Halocyprida","Halocyprididae","Discoconchoecia",NA,"Variable","No","Variable","None","Exoskeleton","Chitin + Calcium","Holoplanktonic","No","Ostracods (seed shrimp)"
"4374",0.107535423838029,0.342394232576037,3,3.75,"Eukaryota","Echinodermata","Ophiuroidea","Amphilepidida","Amphiuridae","Amphiodia",NA,"Yes","Yes","Yes","Internal skeleton","Internal skeleton","Calcite","Meroplanktonic","No","Brittle stars"
"596",0.107179346275652,0.344004233318168,3,3.75,"Eukaryota","Arthropoda","Copepoda","Calanoida","Pontellidae","Labidocera","Labidocera trispinosa","Variable","Variable","Variable","Exoskeleton","Exoskeleton","Chitin + Calcium","Holoplanktonic","No","Copepods"
"11",0.106704172526957,0.345437102342774,80,100,"Eukaryota","Arthropoda","Copepoda","Calanoida","Metridinidae","Pleuromamma","Pleuromamma borealis","Variable","Variable","Variable","Exoskeleton","Exoskeleton","Chitin + Calcium","Holoplanktonic","No","Copepods"
"1712",0.106462136170295,0.347261449822572,7,8.75,"Eukaryota","Arthropoda","Copepoda","Calanoida","Euchaetidae","Euchaeta","Euchaeta marina","Variable","Variable","Variable","Exoskeleton","Exoskeleton","Chitin + Calcium","Holoplanktonic","No","Copepods"
"1701",0.106422947773809,0.34743997694895,11,13.75,"Eukaryota","Bryozoa","Gymnolaemata","Cheilostomatida","Membraniporidae","Membranipora","Membranipora villosa","Yes","Yes","Yes","External shell","External shell","Calcite","Meroplanktonic","No","Encrusting bryozoans"
"324",0.106413580852801,0.347482657482605,35,43.75,"Eukaryota","Arthropoda","Copepoda","Calanoida","Calocalanidae","Calocalanus","Calocalanus tenuis","Variable","Variable","Variable","Exoskeleton","Exoskeleton","Chitin + Calcium","Holoplanktonic","No","Copepods"
"3807",0.105479499212196,0.351755232810358,2,2.5,"Eukaryota","Arthropoda","Copepoda","Calanoida","Calocalanidae",NA,NA,"Variable","Variable","Variable","Exoskeleton","Exoskeleton","Chitin + Calcium","Holoplanktonic","No","Copepods"
"3318",0.10542465872453,0.352007088018588,10,12.5,"Eukaryota","Mollusca","Bivalvia","Adapedonta","Hiatellidae",NA,NA,"Yes","Yes","Yes","External shell","External shell","Aragonite/Calcite","Meroplanktonic","No","Burrowing clams"
"1848",0.105312751689362,0.352521368865472,5,6.25,"Eukaryota","Arthropoda","Thecostraca","Balanomorpha","Balanidae","Balanus","Balanus trigonus","Yes","Yes","Yes","External shell","External shell","Calcite","Meroplanktonic","No","Barnacles"
"4291",0.105033407520425,0.353807158425197,5,6.25,"Eukaryota","Arthropoda","Copepoda","Calanoida","Metridinidae",NA,NA,"Variable","Variable","Variable","Exoskeleton","Exoskeleton","Chitin + Calcium","Holoplanktonic","No","Copepods"
"831",0.105017008255445,0.353882732593164,4,5,"Eukaryota","Echinodermata","Echinoidea","Temnopleuroida","Toxopneustidae","Lytechinus","Lytechinus pictus","Yes","Yes","Yes","Internal skeleton","Exoskeleton","Calcite","Meroplanktonic","No","Short-spined sea urchins"
"2119",0.104751314663097,0.355108545264433,1,1.25,"Eukaryota","Arthropoda","Copepoda","Calanoida","Calanidae","Calanus","Calanus pacificus","Variable","Variable","Variable","Exoskeleton","Exoskeleton","Chitin + Calcium","Holoplanktonic","No","Copepods"
"2185",0.104751314663097,0.355108545264433,1,1.25,"Eukaryota","Arthropoda","Copepoda","Poecilostomatoida","Oncaeidae","Oncaea","Oncaea sp.","Variable","Variable","Variable","Exoskeleton","Exoskeleton","Chitin + Calcium","Holoplanktonic","No","Parasitic or predatory copepods"
"2815",0.104751314663097,0.355108545264433,1,1.25,"Eukaryota","Echinodermata","Ophiuroidea","Amphilepidida","Amphiuridae",NA,NA,"Yes","Yes","Yes","Internal skeleton","Internal skeleton","Calcite","Meroplanktonic","No","Brittle stars"
"2923",0.104751314663097,0.355108545264433,1,1.25,"Eukaryota","Arthropoda","Copepoda","Calanoida","Calanidae","Calanus","Calanus pacificus","Variable","Variable","Variable","Exoskeleton","Exoskeleton","Chitin + Calcium","Holoplanktonic","No","Copepods"
"3146",0.104751314663097,0.355108545264433,1,1.25,"Eukaryota","Bryozoa","Gymnolaemata","Cheilostomatida","Membraniporidae","Membranipora","Membranipora villosa","Yes","Yes","Yes","External shell","External shell","Calcite","Meroplanktonic","No","Encrusting bryozoans"
"3829",0.104751314663097,0.355108545264433,1,1.25,"Eukaryota","Arthropoda","Copepoda","Poecilostomatoida","Oncaeidae","Oncaea","Oncaea sp.","Variable","Variable","Variable","Exoskeleton","Exoskeleton","Chitin + Calcium","Holoplanktonic","No","Parasitic or predatory copepods"
"3901",0.104751314663097,0.355108545264433,1,1.25,"Eukaryota","Arthropoda","Copepoda","Calanoida","Lucicutiidae","Lucicutia","Lucicutia flavicornis","Variable","Variable","Variable","Exoskeleton","Exoskeleton","Chitin + Calcium","Holoplanktonic","No","Copepods"
"3985",0.104751314663097,0.355108545264433,1,1.25,"Eukaryota","Arthropoda","Malacostraca","Euphausiacea","Euphausiidae","Hansarsia","Hansarsia difficilis","Variable","No","Variable","None","Exoskeleton","Chitin + Calcium","Holoplanktonic","No","Krill"
"4257",0.104751314663097,0.355108545264433,1,1.25,"Eukaryota","Arthropoda","Copepoda","Poecilostomatoida","Oncaeidae","Oncaea","Oncaea sp.","Variable","Variable","Variable","Exoskeleton","Exoskeleton","Chitin + Calcium","Holoplanktonic","No","Parasitic or predatory copepods"
"4344",0.104751314663097,0.355108545264433,1,1.25,"Eukaryota","Cnidaria","Hydrozoa","Siphonophorae","Physophoridae","Physophora","Physophora hydrostatica","No","No","No","None","None","None","Holoplanktonic","No","Colonial hydrozoans (e.g., Portuguese man o' war)"
"4431",0.104751314663097,0.355108545264433,1,1.25,"Eukaryota","Arthropoda","Copepoda","Calanoida","Pontellidae","Labidocera","Labidocera trispinosa","Variable","Variable","Variable","Exoskeleton","Exoskeleton","Chitin + Calcium","Holoplanktonic","No","Copepods"
"4859",0.104751314663097,0.355108545264433,1,1.25,"Eukaryota","Arthropoda","Copepoda","Calanoida","Scolecitrichidae","Scolecithricella","Scolecithricella dentata","Variable","Variable","Variable","Exoskeleton","Exoskeleton","Chitin + Calcium","Holoplanktonic","No","Copepods"
"5084",0.104751314663097,0.355108545264433,1,1.25,"Eukaryota","Arthropoda","Copepoda","Poecilostomatoida","Oncaeidae","Oncaea",NA,"Variable","Variable","Variable","Exoskeleton","Exoskeleton","Chitin + Calcium","Holoplanktonic","No","Parasitic or predatory copepods"
"5085",0.104751314663097,0.355108545264433,1,1.25,"Eukaryota","Chaetognatha","Sagittoidea","Aphragmophora","Sagittidae","Flaccisagitta",NA,"No","No","No","None","None","None","Holoplanktonic","No","Chaetognaths (arrow worms)"
"5375",0.104751314663097,0.355108545264433,1,1.25,"Eukaryota","Arthropoda","Copepoda","Calanoida","Paracalanidae","Paracalanus","Paracalanus sp. C AC_2013","Variable","Variable","Variable","Exoskeleton","Exoskeleton","Chitin + Calcium","Holoplanktonic","No","Copepods"
"5376",0.104751314663097,0.355108545264433,1,1.25,"Eukaryota","Bryozoa","Gymnolaemata","Cheilostomatida","Membraniporidae","Membranipora","Membranipora villosa","Yes","Yes","Yes","External shell","External shell","Calcite","Meroplanktonic","No","Encrusting bryozoans"
"5536",0.104751314663097,0.355108545264433,1,1.25,"Eukaryota","Arthropoda","Copepoda","Calanoida","Eucalanidae","Eucalanus","Eucalanus californicus","Variable","Variable","Variable","Exoskeleton","Exoskeleton","Chitin + Calcium","Holoplanktonic","No","Copepods"
"5678",0.104751314663097,0.355108545264433,1,1.25,"Eukaryota","Arthropoda","Ostracoda","Halocyprida","Halocyprididae",NA,NA,"Variable","No","Variable","None","Exoskeleton","Chitin + Calcium","Holoplanktonic","No","Ostracods (seed shrimp)"
"6007",0.104751314663097,0.355108545264433,1,1.25,"Eukaryota","Chordata","Actinopteri","Myctophiformes","Myctophidae","Stenobrachius","Stenobrachius leucopsarus","No","No","No","None","None","None","Meroplanktonic","No","Lanternfishes"
"6189",0.104751314663097,0.355108545264433,1,1.25,"Eukaryota","Arthropoda","Copepoda","Calanoida","Pontellidae","Labidocera","Labidocera trispinosa","Variable","Variable","Variable","Exoskeleton","Exoskeleton","Chitin + Calcium","Holoplanktonic","No","Copepods"
"6628",0.104751314663097,0.355108545264433,1,1.25,"Eukaryota","Arthropoda","Copepoda","Calanoida","Eucalanidae","Eucalanus","Eucalanus californicus","Variable","Variable","Variable","Exoskeleton","Exoskeleton","Chitin + Calcium","Holoplanktonic","No","Copepods"
"6629",0.104751314663097,0.355108545264433,1,1.25,"Eukaryota","Arthropoda","Copepoda","Calanoida","Eucalanidae","Rhincalanus","Rhincalanus nasutus","Variable","Variable","Variable","Exoskeleton","Exoskeleton","Chitin + Calcium","Holoplanktonic","No","Copepods"
"6882",0.104751314663097,0.355108545264433,1,1.25,"Eukaryota","Chordata","Actinopteri","Stomiiformes","Sternoptychidae","Danaphos","Danaphos oculatus","No","No","No","None","None","None","Meroplanktonic","No","Deep-sea fishes (e.g., dragonfishes)"
"6884",0.104751314663097,0.355108545264433,1,1.25,"Eukaryota","Arthropoda","Copepoda","Calanoida","Calocalanidae","Calocalanus",NA,"Variable","Variable","Variable","Exoskeleton","Exoskeleton","Chitin + Calcium","Holoplanktonic","No","Copepods"
"7597",0.104751314663097,0.355108545264433,1,1.25,"Eukaryota","Arthropoda","Copepoda","Calanoida","Pontellidae","Labidocera","Labidocera trispinosa","Variable","Variable","Variable","Exoskeleton","Exoskeleton","Chitin + Calcium","Holoplanktonic","No","Copepods"
"537",0.100701984166811,0.374114695160202,27,33.75,"Eukaryota","Arthropoda","Ostracoda","Halocyprida","Halocyprididae","Paraconchoecia","Paraconchoecia allotherium","Variable","No","Variable","None","Exoskeleton","Chitin + Calcium","Holoplanktonic","No","Ostracods (seed shrimp)"
"821",0.100053364271454,0.377215406690831,7,8.75,"Eukaryota","Mollusca","Gastropoda","Nudibranchia","Glaucidae","Hermissenda","Hermissenda opalescens","Variable","Variable","No","External shell","None","Aragonite","Meroplanktonic","No","Shell-less sea slugs"
"1850",0.0998791604927201,0.378050822804697,1,1.25,"Eukaryota","Arthropoda","Copepoda","Poecilostomatoida","Corycaeidae","Farranula",NA,"Variable","Variable","Variable","Exoskeleton","Exoskeleton","Chitin + Calcium","Holoplanktonic","No","Parasitic or predatory copepods"
"2209",0.0998791604927201,0.378050822804697,1,1.25,"Eukaryota","Mollusca","Gastropoda","Pteropoda","Limacinidae",NA,NA,"Yes","Yes","Yes","External shell","External shell","Aragonite","Holoplanktonic","No","Sea butterflies"
"2377",0.0998791604927201,0.378050822804697,1,1.25,"Eukaryota","Arthropoda","Copepoda","Calanoida","Calanidae","Calanus","Calanus pacificus","Variable","Variable","Variable","Exoskeleton","Exoskeleton","Chitin + Calcium","Holoplanktonic","No","Copepods"
"2930",0.0998791604927201,0.378050822804697,1,1.25,"Eukaryota","Arthropoda","Copepoda","Calanoida","Clausocalanidae","Clausocalanus","Clausocalanus parapergens","Variable","Variable","Variable","Exoskeleton","Exoskeleton","Chitin + Calcium","Holoplanktonic","No","Copepods"
"2973",0.0998791604927201,0.378050822804697,1,1.25,"Eukaryota","Arthropoda","Copepoda","Calanoida","Calanidae","Calanus","Calanus pacificus","Variable","Variable","Variable","Exoskeleton","Exoskeleton","Chitin + Calcium","Holoplanktonic","No","Copepods"
"3009",0.0998791604927201,0.378050822804697,1,1.25,"Eukaryota","Echinodermata","Echinoidea","Camarodonta","Strongylocentrotidae","Strongylocentrotus","Strongylocentrotus purpuratus","Yes","Yes","Yes","Internal skeleton","Exoskeleton","Calcite","Meroplanktonic","No","Sea urchins"
"3426",0.0998791604927201,0.378050822804697,1,1.25,"Eukaryota","Arthropoda","Copepoda","Calanoida","Calanidae","Calanus","Calanus pacificus","Variable","Variable","Variable","Exoskeleton","Exoskeleton","Chitin + Calcium","Holoplanktonic","No","Copepods"
"3544",0.0998791604927201,0.378050822804697,1,1.25,"Eukaryota","Arthropoda","Malacostraca","Euphausiacea","Euphausiidae","Euphausia","Euphausia pacifica","Variable","No","Variable","None","Exoskeleton","Chitin + Calcium","Holoplanktonic","No","Krill"
"4669",0.0998791604927201,0.378050822804697,1,1.25,"Eukaryota","Echinodermata","Asteroidea","Paxillosida","Luidiidae","Luidia","Luidia foliolata","Variable","No","Yes","None","Internal skeleton","Calcite","Meroplanktonic","No","Starfish without suckers"
"4670",0.0998791604927201,0.378050822804697,1,1.25,"Eukaryota","Mollusca","Gastropoda","Pteropoda","Creseidae","Styliola","Styliola sp.","Yes","Yes","Yes","External shell","External shell","Aragonite","Holoplanktonic","No","Sea butterflies"
"4886",0.0998791604927201,0.378050822804697,1,1.25,"Eukaryota","Bryozoa","Gymnolaemata","Cheilostomatida","Membraniporidae","Membranipora","Membranipora villosa","Yes","Yes","Yes","External shell","External shell","Calcite","Meroplanktonic","No","Encrusting bryozoans"
"5864",0.0998791604927201,0.378050822804697,1,1.25,"Eukaryota","Arthropoda","Ostracoda","Halocyprida","Halocyprididae","Porroecia","Porroecia spinirostris","Variable","No","Variable","None","Exoskeleton","Chitin + Calcium","Holoplanktonic","No","Ostracods (seed shrimp)"
"6061",0.0998791604927201,0.378050822804697,1,1.25,"Eukaryota","Arthropoda","Ostracoda","Halocyprida","Halocyprididae",NA,NA,"Variable","No","Variable","None","Exoskeleton","Chitin + Calcium","Holoplanktonic","No","Ostracods (seed shrimp)"
"6084",0.0998791604927201,0.378050822804697,1,1.25,"Eukaryota","Arthropoda","Copepoda","Calanoida","Eucalanidae","Rhincalanus","Rhincalanus nasutus","Variable","Variable","Variable","Exoskeleton","Exoskeleton","Chitin + Calcium","Holoplanktonic","No","Copepods"
"6712",0.0998791604927201,0.378050822804697,1,1.25,"Eukaryota","Arthropoda","Copepoda","Calanoida","Eucalanidae","Eucalanus","Eucalanus californicus","Variable","Variable","Variable","Exoskeleton","Exoskeleton","Chitin + Calcium","Holoplanktonic","No","Copepods"
"6713",0.0998791604927201,0.378050822804697,1,1.25,"Eukaryota","Arthropoda","Malacostraca","Euphausiacea","Euphausiidae","Hansarsia",NA,"Variable","No","Variable","None","Exoskeleton","Chitin + Calcium","Holoplanktonic","No","Krill"
"7194",0.0998791604927201,0.378050822804697,1,1.25,"Eukaryota","Mollusca","Gastropoda","Pyramidellidae","Pyramidellidae",NA,NA,"Yes","Yes","Yes","External shell","External shell","Aragonite/Calcite","Benthic + Meroplanktonic","No","Parasitic snails"
"7465",0.0998791604927201,0.378050822804697,1,1.25,"Eukaryota","Cnidaria","Hydrozoa","Anthoathecata","Pandeidae",NA,NA,"No","No","No","None","None","None","Benthic + Holoplanktonic","No","Colonial hydroids and small medusae"
"7052",0.0996305019532468,0.379245230375964,3,3.75,"Eukaryota","Arthropoda","Copepoda","Calanoida","Clausocalanidae","Clausocalanus","Clausocalanus parapergens","Variable","Variable","Variable","Exoskeleton","Exoskeleton","Chitin + Calcium","Holoplanktonic","No","Copepods"
"2004",0.0994620305729022,0.380055758684174,4,5,"Eukaryota","Arthropoda","Malacostraca","Euphausiacea","Euphausiidae","Hansarsia","Hansarsia difficilis","Variable","No","Variable","None","Exoskeleton","Chitin + Calcium","Holoplanktonic","No","Krill"
"1266",0.0994482825336989,0.380121947564735,6,7.5,"Eukaryota","Arthropoda","Copepoda","Calanoida","Candaciidae","Candacia","Candacia bipinnata","Variable","Variable","Variable","Exoskeleton","Exoskeleton","Chitin + Calcium","Holoplanktonic","No","Copepods"
"1772",0.0992824702938128,0.380920784937459,2,2.5,"Eukaryota","Bryozoa","Gymnolaemata","Cheilostomatida","Membraniporidae","Membranipora",NA,"Yes","Yes","Yes","External shell","External shell","Calcite","Meroplanktonic","No","Encrusting bryozoans"
"4369",0.0989034294651605,0.382750691275545,4,5,"Eukaryota","Arthropoda","Ostracoda","Halocyprida","Halocyprididae","Metaconchoecia",NA,"Variable","No","Variable","None","Exoskeleton","Chitin + Calcium","Holoplanktonic","No","Ostracods (seed shrimp)"
"1735",0.0983724170960083,0.385323141305306,2,2.5,"Eukaryota","Mollusca","Cephalopoda","Oegopsida","Enoploteuthidae",NA,NA,"Variable","Yes","No","Statoliths","None","Aragonite","Meroplanktonic","No","Squid"
"725",0.0983145434126906,0.385604130808678,30,37.5,"Eukaryota","Cnidaria","Hydrozoa","Trachymedusae","Halicreatidae",NA,NA,"No","No","No","None","None","None","Holoplanktonic","No","Deep-sea jellyfish"
"1896",0.0977748431243564,0.388230400470014,10,12.5,"Eukaryota","Arthropoda","Ostracoda","Halocyprida","Halocyprididae","Archiconchoecia","Archiconchoecia striata","Variable","No","Variable","None","Exoskeleton","Chitin + Calcium","Holoplanktonic","No","Ostracods (seed shrimp)"
"473",0.0950070063223435,0.401866220745227,1,1.25,"Eukaryota","Arthropoda","Copepoda","Calanoida","Pontellidae","Labidocera","Labidocera trispinosa","Variable","Variable","Variable","Exoskeleton","Exoskeleton","Chitin + Calcium","Holoplanktonic","No","Copepods"
"589",0.0950070063223435,0.401866220745227,1,1.25,"Eukaryota","Arthropoda","Copepoda","Calanoida","Eucalanidae","Eucalanus","Eucalanus californicus","Variable","Variable","Variable","Exoskeleton","Exoskeleton","Chitin + Calcium","Holoplanktonic","No","Copepods"
"739",0.0950070063223435,0.401866220745227,1,1.25,"Eukaryota","Arthropoda","Copepoda","Calanoida","Pontellidae","Labidocera","Labidocera trispinosa","Variable","Variable","Variable","Exoskeleton","Exoskeleton","Chitin + Calcium","Holoplanktonic","No","Copepods"
"814",0.0950070063223435,0.401866220745227,1,1.25,"Eukaryota","Arthropoda","Copepoda","Calanoida","Eucalanidae","Eucalanus","Eucalanus californicus","Variable","Variable","Variable","Exoskeleton","Exoskeleton","Chitin + Calcium","Holoplanktonic","No","Copepods"
"847",0.0950070063223435,0.401866220745227,1,1.25,"Eukaryota","Mollusca","Gastropoda","Nudibranchia","Glaucidae","Hermissenda","Hermissenda opalescens","Variable","Variable","No","External shell","None","Aragonite","Meroplanktonic","No","Shell-less sea slugs"
"1258",0.0950070063223435,0.401866220745227,1,1.25,"Eukaryota","Arthropoda","Copepoda","Calanoida","Pontellidae","Labidocera","Labidocera trispinosa","Variable","Variable","Variable","Exoskeleton","Exoskeleton","Chitin + Calcium","Holoplanktonic","No","Copepods"
"1515",0.0950070063223435,0.401866220745227,1,1.25,"Eukaryota","Arthropoda","Copepoda","Calanoida","Eucalanidae","Eucalanus","Eucalanus californicus","Variable","Variable","Variable","Exoskeleton","Exoskeleton","Chitin + Calcium","Holoplanktonic","No","Copepods"
"1524",0.0950070063223435,0.401866220745227,1,1.25,"Eukaryota","Arthropoda","Copepoda","Calanoida","Pontellidae","Labidocera","Labidocera trispinosa","Variable","Variable","Variable","Exoskeleton","Exoskeleton","Chitin + Calcium","Holoplanktonic","No","Copepods"
"1725",0.0950070063223435,0.401866220745227,1,1.25,"Eukaryota","Arthropoda","Copepoda","Calanoida","Pontellidae","Labidocera","Labidocera trispinosa","Variable","Variable","Variable","Exoskeleton","Exoskeleton","Chitin + Calcium","Holoplanktonic","No","Copepods"
"1737",0.0950070063223435,0.401866220745227,1,1.25,"Eukaryota","Arthropoda","Copepoda","Calanoida","Pontellidae","Labidocera","Labidocera trispinosa","Variable","Variable","Variable","Exoskeleton","Exoskeleton","Chitin + Calcium","Holoplanktonic","No","Copepods"
"1778",0.0950070063223435,0.401866220745227,1,1.25,"Eukaryota","Chordata","Actinopteri","Myctophiformes","Myctophidae","Triphoturus","Triphoturus mexicanus","No","No","No","None","None","None","Meroplanktonic","No","Lanternfishes"
"1906",0.0950070063223435,0.401866220745227,1,1.25,"Eukaryota","Arthropoda","Copepoda","Calanoida","Pontellidae","Labidocera",NA,"Variable","Variable","Variable","Exoskeleton","Exoskeleton","Chitin + Calcium","Holoplanktonic","No","Copepods"
"1943",0.0950070063223435,0.401866220745227,1,1.25,"Eukaryota","Arthropoda","Copepoda","Calanoida","Pontellidae","Labidocera","Labidocera trispinosa","Variable","Variable","Variable","Exoskeleton","Exoskeleton","Chitin + Calcium","Holoplanktonic","No","Copepods"
"2074",0.0950070063223435,0.401866220745227,1,1.25,"Eukaryota","Arthropoda","Copepoda","Calanoida","Pontellidae","Labidocera","Labidocera trispinosa","Variable","Variable","Variable","Exoskeleton","Exoskeleton","Chitin + Calcium","Holoplanktonic","No","Copepods"
"2093",0.0950070063223435,0.401866220745227,1,1.25,"Eukaryota","Arthropoda","Copepoda","Calanoida","Pontellidae","Labidocera","Labidocera trispinosa","Variable","Variable","Variable","Exoskeleton","Exoskeleton","Chitin + Calcium","Holoplanktonic","No","Copepods"
"2113",0.0950070063223435,0.401866220745227,1,1.25,"Eukaryota","Arthropoda","Copepoda","Calanoida","Pontellidae","Labidocera","Labidocera trispinosa","Variable","Variable","Variable","Exoskeleton","Exoskeleton","Chitin + Calcium","Holoplanktonic","No","Copepods"
"2220",0.0950070063223435,0.401866220745227,1,1.25,"Eukaryota","Arthropoda","Copepoda","Calanoida","Pontellidae","Labidocera","Labidocera trispinosa","Variable","Variable","Variable","Exoskeleton","Exoskeleton","Chitin + Calcium","Holoplanktonic","No","Copepods"
"2280",0.0950070063223435,0.401866220745227,1,1.25,"Eukaryota","Arthropoda","Copepoda","Calanoida","Pontellidae","Labidocera","Labidocera trispinosa","Variable","Variable","Variable","Exoskeleton","Exoskeleton","Chitin + Calcium","Holoplanktonic","No","Copepods"
"2369",0.0950070063223435,0.401866220745227,1,1.25,"Eukaryota","Arthropoda","Copepoda","Calanoida","Pontellidae","Labidocera","Labidocera trispinosa","Variable","Variable","Variable","Exoskeleton","Exoskeleton","Chitin + Calcium","Holoplanktonic","No","Copepods"
"2550",0.0950070063223435,0.401866220745227,1,1.25,"Eukaryota","Arthropoda","Ostracoda","Halocyprida","Halocyprididae","Discoconchoecia",NA,"Variable","No","Variable","None","Exoskeleton","Chitin + Calcium","Holoplanktonic","No","Ostracods (seed shrimp)"
"2658",0.0950070063223435,0.401866220745227,1,1.25,"Eukaryota","Arthropoda","Malacostraca","Euphausiacea","Euphausiidae","Hansarsia","Hansarsia difficilis","Variable","No","Variable","None","Exoskeleton","Chitin + Calcium","Holoplanktonic","No","Krill"
"2771",0.0950070063223435,0.401866220745227,1,1.25,"Eukaryota","Arthropoda","Copepoda","Calanoida","Pontellidae","Labidocera","Labidocera trispinosa","Variable","Variable","Variable","Exoskeleton","Exoskeleton","Chitin + Calcium","Holoplanktonic","No","Copepods"
"2958",0.0950070063223435,0.401866220745227,1,1.25,"Eukaryota","Arthropoda","Copepoda","Calanoida","Eucalanidae","Eucalanus","Eucalanus californicus","Variable","Variable","Variable","Exoskeleton","Exoskeleton","Chitin + Calcium","Holoplanktonic","No","Copepods"
"2959",0.0950070063223435,0.401866220745227,1,1.25,"Eukaryota","Arthropoda","Copepoda","Calanoida","Pontellidae","Labidocera","Labidocera trispinosa","Variable","Variable","Variable","Exoskeleton","Exoskeleton","Chitin + Calcium","Holoplanktonic","No","Copepods"
"3136",0.0950070063223435,0.401866220745227,1,1.25,"Eukaryota","Arthropoda","Copepoda","Calanoida","Pontellidae","Labidocera","Labidocera trispinosa","Variable","Variable","Variable","Exoskeleton","Exoskeleton","Chitin + Calcium","Holoplanktonic","No","Copepods"
"3137",0.0950070063223435,0.401866220745227,1,1.25,"Eukaryota","Arthropoda","Copepoda","Calanoida","Eucalanidae","Eucalanus","Eucalanus californicus","Variable","Variable","Variable","Exoskeleton","Exoskeleton","Chitin + Calcium","Holoplanktonic","No","Copepods"
"3138",0.0950070063223435,0.401866220745227,1,1.25,"Eukaryota","Arthropoda","Copepoda","Calanoida","Pontellidae","Labidocera","Labidocera trispinosa","Variable","Variable","Variable","Exoskeleton","Exoskeleton","Chitin + Calcium","Holoplanktonic","No","Copepods"
"3194",0.0950070063223435,0.401866220745227,1,1.25,"Eukaryota","Arthropoda","Copepoda","Calanoida","Eucalanidae","Eucalanus","Eucalanus californicus","Variable","Variable","Variable","Exoskeleton","Exoskeleton","Chitin + Calcium","Holoplanktonic","No","Copepods"
"3243",0.0950070063223435,0.401866220745227,1,1.25,"Eukaryota","Arthropoda","Copepoda","Calanoida","Pontellidae","Labidocera","Labidocera trispinosa","Variable","Variable","Variable","Exoskeleton","Exoskeleton","Chitin + Calcium","Holoplanktonic","No","Copepods"
"3348",0.0950070063223435,0.401866220745227,1,1.25,"Eukaryota","Arthropoda","Copepoda","Calanoida","Eucalanidae","Eucalanus",NA,"Variable","Variable","Variable","Exoskeleton","Exoskeleton","Chitin + Calcium","Holoplanktonic","No","Copepods"
"3406",0.0950070063223435,0.401866220745227,1,1.25,"Eukaryota","Arthropoda","Copepoda","Calanoida","Pontellidae","Labidocera",NA,"Variable","Variable","Variable","Exoskeleton","Exoskeleton","Chitin + Calcium","Holoplanktonic","No","Copepods"
"3407",0.0950070063223435,0.401866220745227,1,1.25,"Eukaryota","Arthropoda","Copepoda","Calanoida","Eucalanidae","Eucalanus","Eucalanus californicus","Variable","Variable","Variable","Exoskeleton","Exoskeleton","Chitin + Calcium","Holoplanktonic","No","Copepods"
"3467",0.0950070063223435,0.401866220745227,1,1.25,"Eukaryota","Arthropoda","Copepoda","Calanoida","Eucalanidae","Eucalanus","Eucalanus californicus","Variable","Variable","Variable","Exoskeleton","Exoskeleton","Chitin + Calcium","Holoplanktonic","No","Copepods"
"3720",0.0950070063223435,0.401866220745227,1,1.25,"Eukaryota","Arthropoda","Ostracoda","Halocyprida","Halocyprididae","Paraconchoecia","Paraconchoecia allotherium","Variable","No","Variable","None","Exoskeleton","Chitin + Calcium","Holoplanktonic","No","Ostracods (seed shrimp)"
"3821",0.0950070063223435,0.401866220745227,1,1.25,"Eukaryota","Arthropoda","Copepoda","Calanoida","Eucalanidae","Eucalanus","Eucalanus californicus","Variable","Variable","Variable","Exoskeleton","Exoskeleton","Chitin + Calcium","Holoplanktonic","No","Copepods"
"3970",0.0950070063223435,0.401866220745227,1,1.25,"Eukaryota","Arthropoda","Copepoda","Calanoida","Eucalanidae","Eucalanus","Eucalanus californicus","Variable","Variable","Variable","Exoskeleton","Exoskeleton","Chitin + Calcium","Holoplanktonic","No","Copepods"
"4056",0.0950070063223435,0.401866220745227,1,1.25,"Eukaryota","Arthropoda","Copepoda","Calanoida","Calanidae","Calanus","Calanus pacificus","Variable","Variable","Variable","Exoskeleton","Exoskeleton","Chitin + Calcium","Holoplanktonic","No","Copepods"
"4057",0.0950070063223435,0.401866220745227,1,1.25,"Eukaryota","Arthropoda","Copepoda","Calanoida","Eucalanidae","Eucalanus","Eucalanus californicus","Variable","Variable","Variable","Exoskeleton","Exoskeleton","Chitin + Calcium","Holoplanktonic","No","Copepods"
"4157",0.0950070063223435,0.401866220745227,1,1.25,"Eukaryota","Arthropoda","Copepoda","Calanoida","Eucalanidae","Eucalanus","Eucalanus californicus","Variable","Variable","Variable","Exoskeleton","Exoskeleton","Chitin + Calcium","Holoplanktonic","No","Copepods"
"4242",0.0950070063223435,0.401866220745227,1,1.25,"Eukaryota","Arthropoda","Malacostraca","Euphausiacea","Euphausiidae","Nyctiphanes","Nyctiphanes simplex","Variable","No","Variable","None","Exoskeleton","Chitin + Calcium","Holoplanktonic","No","Krill"
"4330",0.0950070063223435,0.401866220745227,1,1.25,"Eukaryota","Arthropoda","Copepoda","Calanoida","Eucalanidae","Eucalanus","Eucalanus californicus","Variable","Variable","Variable","Exoskeleton","Exoskeleton","Chitin + Calcium","Holoplanktonic","No","Copepods"
"4331",0.0950070063223435,0.401866220745227,1,1.25,"Eukaryota","Arthropoda","Copepoda","Calanoida","Eucalanidae","Eucalanus","Eucalanus californicus","Variable","Variable","Variable","Exoskeleton","Exoskeleton","Chitin + Calcium","Holoplanktonic","No","Copepods"
"4421",0.0950070063223435,0.401866220745227,1,1.25,"Eukaryota","Arthropoda","Copepoda","Calanoida","Eucalanidae","Eucalanus","Eucalanus californicus","Variable","Variable","Variable","Exoskeleton","Exoskeleton","Chitin + Calcium","Holoplanktonic","No","Copepods"
"4422",0.0950070063223435,0.401866220745227,1,1.25,"Eukaryota","Arthropoda","Copepoda","Calanoida","Eucalanidae","Eucalanus","Eucalanus californicus","Variable","Variable","Variable","Exoskeleton","Exoskeleton","Chitin + Calcium","Holoplanktonic","No","Copepods"
"4520",0.0950070063223435,0.401866220745227,1,1.25,"Eukaryota","Arthropoda","Copepoda","Calanoida","Eucalanidae","Eucalanus","Eucalanus californicus","Variable","Variable","Variable","Exoskeleton","Exoskeleton","Chitin + Calcium","Holoplanktonic","No","Copepods"
"4742",0.0950070063223435,0.401866220745227,1,1.25,"Eukaryota","Arthropoda","Ostracoda","Halocyprida","Halocyprididae","Conchoecetta","Conchoecetta giesbrechti","Variable","No","Variable","None","Exoskeleton","Chitin + Calcium","Holoplanktonic","No","Ostracods (seed shrimp)"
"4743",0.0950070063223435,0.401866220745227,1,1.25,"Eukaryota","Arthropoda","Copepoda","Calanoida","Eucalanidae","Eucalanus","Eucalanus californicus","Variable","Variable","Variable","Exoskeleton","Exoskeleton","Chitin + Calcium","Holoplanktonic","No","Copepods"
"4949",0.0950070063223435,0.401866220745227,1,1.25,"Eukaryota","Arthropoda","Copepoda","Calanoida","Heterorhabdidae","Heterorhabdus",NA,"Variable","Variable","Variable","Exoskeleton","Exoskeleton","Chitin + Calcium","Holoplanktonic","No","Copepods"
"5065",0.0950070063223435,0.401866220745227,1,1.25,"Eukaryota","Arthropoda","Copepoda","Calanoida","Eucalanidae","Eucalanus","Eucalanus californicus","Variable","Variable","Variable","Exoskeleton","Exoskeleton","Chitin + Calcium","Holoplanktonic","No","Copepods"
"5067",0.0950070063223435,0.401866220745227,1,1.25,"Eukaryota","Arthropoda","Copepoda","Calanoida","Eucalanidae","Eucalanus","Eucalanus californicus","Variable","Variable","Variable","Exoskeleton","Exoskeleton","Chitin + Calcium","Holoplanktonic","No","Copepods"
"5218",0.0950070063223435,0.401866220745227,1,1.25,"Eukaryota","Echinodermata","Echinoidea","Temnopleuroida","Toxopneustidae","Lytechinus","Lytechinus pictus","Yes","Yes","Yes","Internal skeleton","Exoskeleton","Calcite","Meroplanktonic","No","Short-spined sea urchins"
"5356",0.0950070063223435,0.401866220745227,1,1.25,"Eukaryota","Arthropoda","Copepoda","Calanoida","Eucalanidae","Eucalanus","Eucalanus californicus","Variable","Variable","Variable","Exoskeleton","Exoskeleton","Chitin + Calcium","Holoplanktonic","No","Copepods"
"5357",0.0950070063223435,0.401866220745227,1,1.25,"Eukaryota","Chordata","Actinopteri","Myctophiformes","Myctophidae","Triphoturus","Triphoturus mexicanus","No","No","No","None","None","None","Meroplanktonic","No","Lanternfishes"
"5512",0.0950070063223435,0.401866220745227,1,1.25,"Eukaryota","Arthropoda","Copepoda","Calanoida","Eucalanidae","Eucalanus",NA,"Variable","Variable","Variable","Exoskeleton","Exoskeleton","Chitin + Calcium","Holoplanktonic","No","Copepods"
"5513",0.0950070063223435,0.401866220745227,1,1.25,"Eukaryota","Arthropoda","Copepoda","Calanoida","Eucalanidae","Eucalanus","Eucalanus californicus","Variable","Variable","Variable","Exoskeleton","Exoskeleton","Chitin + Calcium","Holoplanktonic","No","Copepods"
"5799",0.0950070063223435,0.401866220745227,1,1.25,"Eukaryota","Echinodermata","Echinoidea","Temnopleuroida","Toxopneustidae","Lytechinus","Lytechinus pictus","Yes","Yes","Yes","Internal skeleton","Exoskeleton","Calcite","Meroplanktonic","No","Short-spined sea urchins"
"6160",0.0950070063223435,0.401866220745227,1,1.25,"Eukaryota","Arthropoda","Copepoda","Calanoida","Candaciidae","Candacia","Candacia bipinnata","Variable","Variable","Variable","Exoskeleton","Exoskeleton","Chitin + Calcium","Holoplanktonic","No","Copepods"
"6161",0.0950070063223435,0.401866220745227,1,1.25,"Eukaryota","Bryozoa","Gymnolaemata","Cheilostomatida","Membraniporidae","Membranipora","Membranipora villosa","Yes","Yes","Yes","External shell","External shell","Calcite","Meroplanktonic","No","Encrusting bryozoans"
"6361",0.0950070063223435,0.401866220745227,1,1.25,"Eukaryota","Arthropoda","Copepoda","Calanoida","Clausocalanidae","Clausocalanus","Clausocalanus jobei","Variable","Variable","Variable","Exoskeleton","Exoskeleton","Chitin + Calcium","Holoplanktonic","No","Copepods"
"6576",0.0950070063223435,0.401866220745227,1,1.25,"Eukaryota","Arthropoda","Copepoda","Calanoida","Eucalanidae","Eucalanus","Eucalanus californicus","Variable","Variable","Variable","Exoskeleton","Exoskeleton","Chitin + Calcium","Holoplanktonic","No","Copepods"
"6577",0.0950070063223435,0.401866220745227,1,1.25,"Eukaryota","Arthropoda","Copepoda","Calanoida","Eucalanidae","Eucalanus","Eucalanus californicus","Variable","Variable","Variable","Exoskeleton","Exoskeleton","Chitin + Calcium","Holoplanktonic","No","Copepods"
"7073",0.0950070063223435,0.401866220745227,1,1.25,"Eukaryota","Mollusca","Gastropoda","Neogastropoda","Mitridae",NA,NA,"Yes","Yes","Yes","External shell","External shell","Aragonite/Calcite","Meroplanktonic","No","Whelks and predatory snails"
"7075",0.0950070063223435,0.401866220745227,1,1.25,"Eukaryota","Arthropoda","Malacostraca","Euphausiacea","Euphausiidae","Hansarsia",NA,"Variable","No","Variable","None","Exoskeleton","Chitin + Calcium","Holoplanktonic","No","Krill"
"7335",0.0950070063223435,0.401866220745227,1,1.25,"Eukaryota","Arthropoda","Copepoda","Calanoida","Aetideidae",NA,NA,"Variable","Variable","Variable","Exoskeleton","Exoskeleton","Chitin + Calcium","Holoplanktonic","No","Copepods"
"7575",0.0950070063223435,0.401866220745227,1,1.25,"Eukaryota","Arthropoda","Malacostraca","Euphausiacea","Euphausiidae","Thysanoessa","Thysanoessa gregaria","Variable","No","Variable","None","Exoskeleton","Chitin + Calcium","Holoplanktonic","No","Krill"
"248",0.0948414536051481,0.402690651001899,16,20,"Eukaryota","Mollusca","Gastropoda","Nudibranchia","Glaucidae","Hermissenda","Hermissenda opalescens","Variable","Variable","No","External shell","None","Aragonite","Meroplanktonic","No","Shell-less sea slugs"
"2215",0.0941739877609702,0.406024610761841,8,10,"Eukaryota","Bryozoa","Gymnolaemata","Cheilostomatida","Membraniporidae","Membranipora","Membranipora villosa","Yes","Yes","Yes","External shell","External shell","Calcite","Meroplanktonic","No","Encrusting bryozoans"
"607",0.0937880723404979,0.407959591365484,7,8.75,"Eukaryota","Arthropoda","Copepoda","Calanoida","Calanidae","Calanus","Calanus pacificus","Variable","Variable","Variable","Exoskeleton","Exoskeleton","Chitin + Calcium","Holoplanktonic","No","Copepods"
"4700",0.0930322643057183,0.411764785667193,6,7.5,"Eukaryota","Arthropoda","Copepoda","Calanoida","Metridinidae","Pleuromamma","Pleuromamma borealis","Variable","Variable","Variable","Exoskeleton","Exoskeleton","Chitin + Calcium","Holoplanktonic","No","Copepods"
"875",0.0920887164445012,0.416544034004314,2,2.5,"Eukaryota","Arthropoda","Copepoda","Calanoida","Calanidae","Calanus","Calanus pacificus","Variable","Variable","Variable","Exoskeleton","Exoskeleton","Chitin + Calcium","Holoplanktonic","No","Copepods"
"1157",0.0919747992349805,0.417123209246607,11,13.75,"Eukaryota","Mollusca","Gastropoda","Cephalaspidea","Philinidae","Philine",NA,"Variable","Yes","Yes","External shell","External shell","Aragonite","Meroplanktonic","No","Bubble snails"
"2741",0.0916986936454421,0.418528909124024,2,2.5,"Eukaryota","Arthropoda","Malacostraca","Decapoda","Inachoididae",NA,NA,"Variable","No","Variable","None","Exoskeleton","Calcite","Meroplanktonic","No","Crabs, lobsters, shrimp"
"2620",0.0912270714811359,0.420936330251662,3,3.75,"Eukaryota","Arthropoda","Thecostraca","Balanomorpha","Balanidae","Balanus","Balanus trigonus","Yes","Yes","Yes","External shell","External shell","Calcite","Meroplanktonic","No","Barnacles"
"590",0.0909158274514635,0.422529448498851,41,51.25,"Eukaryota","Arthropoda","Malacostraca","Euphausiacea","Euphausiidae","Hansarsia","Hansarsia difficilis","Variable","No","Variable","None","Exoskeleton","Chitin + Calcium","Holoplanktonic","No","Krill"
"2138",0.0907531221771723,0.42336364043937,9,11.25,"Eukaryota","Arthropoda","Ostracoda","Halocyprida","Halocyprididae",NA,NA,"Variable","No","Variable","None","Exoskeleton","Chitin + Calcium","Holoplanktonic","No","Ostracods (seed shrimp)"
"1416",0.0901348521519669,0.426542126021653,1,1.25,"Eukaryota","Mollusca","Gastropoda","Nudibranchia","Glaucidae","Hermissenda","Hermissenda opalescens","Variable","Variable","No","External shell","None","Aragonite","Meroplanktonic","No","Shell-less sea slugs"
"1909",0.0901348521519669,0.426542126021653,1,1.25,"Eukaryota","Mollusca","Gastropoda","Nudibranchia","Glaucidae","Hermissenda","Hermissenda opalescens","Variable","Variable","No","External shell","None","Aragonite","Meroplanktonic","No","Shell-less sea slugs"
"1973",0.0901348521519669,0.426542126021653,1,1.25,"Eukaryota","Mollusca","Gastropoda","Nudibranchia","Glaucidae","Hermissenda","Hermissenda opalescens","Variable","Variable","No","External shell","None","Aragonite","Meroplanktonic","No","Shell-less sea slugs"
"2118",0.0901348521519669,0.426542126021653,1,1.25,"Eukaryota","Arthropoda","Copepoda","Calanoida","Pontellidae","Labidocera","Labidocera trispinosa","Variable","Variable","Variable","Exoskeleton","Exoskeleton","Chitin + Calcium","Holoplanktonic","No","Copepods"
"4256",0.0901348521519669,0.426542126021653,1,1.25,"Eukaryota","Bryozoa","Gymnolaemata","Cheilostomatida","Membraniporidae","Membranipora","Membranipora villosa","Yes","Yes","Yes","External shell","External shell","Calcite","Meroplanktonic","No","Encrusting bryozoans"
"4537",0.0901348521519669,0.426542126021653,1,1.25,"Eukaryota","Arthropoda","Copepoda","Poecilostomatoida","Corycaeidae","Farranula",NA,"Variable","Variable","Variable","Exoskeleton","Exoskeleton","Chitin + Calcium","Holoplanktonic","No","Parasitic or predatory copepods"
"4857",0.0901348521519669,0.426542126021653,1,1.25,"Eukaryota","Echinodermata","Ophiuroidea","Amphilepidida","Ophiotrichidae","Ophiothrix","Ophiothrix spiculata","Yes","Yes","Yes","Internal skeleton","Internal skeleton","Calcite","Meroplanktonic","No","Brittle stars"
"6004",0.0901348521519669,0.426542126021653,1,1.25,"Eukaryota","Arthropoda","Ostracoda","Halocyprida","Halocyprididae","Discoconchoecia","Discoconchoecia sp. S8_D6","Variable","No","Variable","None","Exoskeleton","Chitin + Calcium","Holoplanktonic","No","Ostracods (seed shrimp)"
"6624",0.0901348521519669,0.426542126021653,1,1.25,"Eukaryota","Echinodermata","Ophiuroidea","Amphilepidida","Ophiocomidae","Ophiopteris","Ophiopteris papillosa","Yes","Yes","Yes","Internal skeleton","Internal skeleton","Calcite","Meroplanktonic","No","Brittle stars"
"7594",0.0901348521519669,0.426542126021653,1,1.25,"Eukaryota","Arthropoda","Malacostraca","Euphausiacea","Euphausiidae","Thysanoessa","Thysanoessa gregaria","Variable","No","Variable","None","Exoskeleton","Chitin + Calcium","Holoplanktonic","No","Krill"
"7596",0.0901348521519669,0.426542126021653,1,1.25,"Eukaryota","Mollusca","Gastropoda","Pteropoda","Cliidae","Clio","Clio pyramidata","Yes","Yes","Yes","External shell","External shell","Aragonite","Holoplanktonic","No","Sea butterflies"
"1023",0.0896619079170225,0.428982684590208,2,2.5,"Eukaryota","Echinodermata","Echinoidea","Temnopleuroida","Toxopneustidae","Lytechinus","Lytechinus pictus","Yes","Yes","Yes","Internal skeleton","Exoskeleton","Calcite","Meroplanktonic","No","Short-spined sea urchins"
"2013",0.0891084493325173,0.431848809499699,8,10,"Eukaryota","Arthropoda","Thecostraca","Balanomorpha","Balanidae","Balanus","Balanus trigonus","Yes","Yes","Yes","External shell","External shell","Calcite","Meroplanktonic","No","Barnacles"
"5016",0.0890552057851529,0.432125107512841,2,2.5,"Eukaryota","Arthropoda","Ostracoda","Halocyprida","Halocyprididae","Halocypris","Halocypris inflata","Variable","No","Variable","None","Exoskeleton","Chitin + Calcium","Holoplanktonic","No","Ostracods (seed shrimp)"
"2189",0.088500584721103,0.435009180152323,8,10,"Eukaryota","Arthropoda","Copepoda","Calanoida","Metridinidae","Pleuromamma","Pleuromamma borealis","Variable","Variable","Variable","Exoskeleton","Exoskeleton","Chitin + Calcium","Holoplanktonic","No","Copepods"
"2509",0.0880223734197377,0.437504639216067,3,3.75,"Eukaryota","Arthropoda","Copepoda","Calanoida","Eucalanidae","Eucalanus","Eucalanus californicus","Variable","Variable","Variable","Exoskeleton","Exoskeleton","Chitin + Calcium","Holoplanktonic","No","Copepods"
"2626",0.0879284732545378,0.437995587328034,2,2.5,"Eukaryota","Arthropoda","Copepoda","Calanoida","Lucicutiidae","Lucicutia","Lucicutia flavicornis","Variable","Variable","Variable","Exoskeleton","Exoskeleton","Chitin + Calcium","Holoplanktonic","No","Copepods"
"2266",0.0876171449213027,0.439625559047512,6,7.5,"Eukaryota","Echinodermata","Echinoidea","Spatangoida","Brissidae","Brissopsis",NA,"Yes","Yes","Yes","Internal skeleton","Exoskeleton","Calcite","Meroplanktonic","No","Heart urchins"
"3557",0.0873091760463596,0.441241296034391,6,7.5,"Eukaryota","Arthropoda","Copepoda","Calanoida","Calocalanidae","Calocalanus",NA,"Variable","Variable","Variable","Exoskeleton","Exoskeleton","Chitin + Calcium","Holoplanktonic","No","Copepods"
"856",0.0855883364601834,0.450330714406794,2,2.5,"Eukaryota","Arthropoda","Copepoda","Calanoida","Pontellidae","Labidocera","Labidocera trispinosa","Variable","Variable","Variable","Exoskeleton","Exoskeleton","Chitin + Calcium","Holoplanktonic","No","Copepods"
"1114",0.0852626979815903,0.452062352609563,1,1.25,"Eukaryota","Chordata","Actinopteri","Argentiniformes","Bathylagidae","Leuroglossus","Leuroglossus stilbius","No","No","No","None","None","None","Meroplanktonic","No","Deep-sea smelts and related fish"
"2465",0.0852626979815903,0.452062352609563,1,1.25,"Eukaryota","Arthropoda","Copepoda","Calanoida","Pontellidae","Labidocera","Labidocera trispinosa","Variable","Variable","Variable","Exoskeleton","Exoskeleton","Chitin + Calcium","Holoplanktonic","No","Copepods"
"2506",0.0852626979815903,0.452062352609563,1,1.25,"Eukaryota","Arthropoda","Copepoda","Calanoida","Mecynoceridae","Mecynocera","Mecynocera clausi","Variable","Variable","Variable","Exoskeleton","Exoskeleton","Chitin + Calcium","Holoplanktonic","No","Copepods"
"2533",0.0852626979815903,0.452062352609563,1,1.25,"Eukaryota","Arthropoda","Copepoda","Calanoida","Eucalanidae","Eucalanus","Eucalanus californicus","Variable","Variable","Variable","Exoskeleton","Exoskeleton","Chitin + Calcium","Holoplanktonic","No","Copepods"
"2593",0.0852626979815903,0.452062352609563,1,1.25,"Eukaryota","Chordata","Actinopteri","Sciaenidae","Sciaenidae","Genyonemus","Genyonemus lineatus","No","No","No","None","None","None","Meroplanktonic","No","Drums and croakers (marine fish)"
"2669",0.0852626979815903,0.452062352609563,1,1.25,"Eukaryota","Echinodermata","Ophiuroidea","Amphilepidida","Ophiuridae","Ophiura","Ophiura luetkenii","Yes","Yes","Yes","Internal skeleton","Internal skeleton","Calcite","Meroplanktonic","No","Brittle stars"
"2707",0.0852626979815903,0.452062352609563,1,1.25,"Eukaryota","Arthropoda","Copepoda","Calanoida","Eucalanidae","Eucalanus","Eucalanus californicus","Variable","Variable","Variable","Exoskeleton","Exoskeleton","Chitin + Calcium","Holoplanktonic","No","Copepods"
"3114",0.0852626979815903,0.452062352609563,1,1.25,"Eukaryota","Arthropoda","Copepoda","Calanoida","Eucalanidae","Rhincalanus",NA,"Variable","Variable","Variable","Exoskeleton","Exoskeleton","Chitin + Calcium","Holoplanktonic","No","Copepods"
"3115",0.0852626979815903,0.452062352609563,1,1.25,"Eukaryota","Bryozoa","Gymnolaemata","Cheilostomatida","Membraniporidae","Membranipora","Membranipora villosa","Yes","Yes","Yes","External shell","External shell","Calcite","Meroplanktonic","No","Encrusting bryozoans"
"3223",0.0852626979815903,0.452062352609563,1,1.25,"Eukaryota","Arthropoda","Copepoda","Calanoida","Pontellidae","Labidocera","Labidocera trispinosa","Variable","Variable","Variable","Exoskeleton","Exoskeleton","Chitin + Calcium","Holoplanktonic","No","Copepods"
"3767",0.0852626979815903,0.452062352609563,1,1.25,"Eukaryota","Bryozoa","Gymnolaemata","Cheilostomatida","Membraniporidae","Membranipora",NA,"Yes","Yes","Yes","External shell","External shell","Calcite","Meroplanktonic","No","Encrusting bryozoans"
"3927",0.0852626979815903,0.452062352609563,1,1.25,"Eukaryota","Arthropoda","Copepoda","Calanoida","Eucalanidae","Eucalanus","Eucalanus californicus","Variable","Variable","Variable","Exoskeleton","Exoskeleton","Chitin + Calcium","Holoplanktonic","No","Copepods"
"4199",0.0852626979815903,0.452062352609563,1,1.25,"Eukaryota","Arthropoda","Copepoda","Calanoida","Clausocalanidae","Clausocalanus",NA,"Variable","Variable","Variable","Exoskeleton","Exoskeleton","Chitin + Calcium","Holoplanktonic","No","Copepods"
"4289",0.0852626979815903,0.452062352609563,1,1.25,"Eukaryota","Mollusca","Gastropoda","Pteropoda","Limacinidae",NA,NA,"Yes","Yes","Yes","External shell","External shell","Aragonite","Holoplanktonic","No","Sea butterflies"
"4376",0.0852626979815903,0.452062352609563,1,1.25,"Eukaryota","Arthropoda","Thecostraca","Lepadidae","Lepadidae","Dosima","Dosima fascicularis","Yes","Variable","Yes","External shell","External shell","Chitin + Calcium","Meroplanktonic","No","Goose barnacles"
"4694",0.0852626979815903,0.452062352609563,1,1.25,"Eukaryota","Arthropoda","Ostracoda","Halocyprida","Halocyprididae","Porroecia","Porroecia spinirostris","Variable","No","Variable","None","Exoskeleton","Chitin + Calcium","Holoplanktonic","No","Ostracods (seed shrimp)"
"5014",0.0852626979815903,0.452062352609563,1,1.25,"Eukaryota","Annelida","Polychaeta","Sabellida","Sabellariidae","Phragmatopoma","Phragmatopoma californica","Variable","Variable","Variable","External tube","External tube","Aragonite","Benthic + Meroplanktonic","No","Fan worms and feather duster worms"
"5138",0.0852626979815903,0.452062352609563,1,1.25,"Eukaryota","Annelida","Polychaeta","Phyllodocida","Polynoidae",NA,NA,"No","No","No","None","None","None","Benthic + Meroplanktonic","No","Active marine polychaetes"
"5594",0.0852626979815903,0.452062352609563,1,1.25,"Eukaryota","Arthropoda","Copepoda","Calanoida","Calanidae","Calanus","Calanus pacificus","Variable","Variable","Variable","Exoskeleton","Exoskeleton","Chitin + Calcium","Holoplanktonic","No","Copepods"
"5900",0.0852626979815903,0.452062352609563,1,1.25,"Eukaryota","Chordata","Actinopteri","Argentiniformes","Bathylagidae","Leuroglossus","Leuroglossus stilbius","No","No","No","None","None","None","Meroplanktonic","No","Deep-sea smelts and related fish"
"6071",0.0852626979815903,0.452062352609563,1,1.25,"Eukaryota","Arthropoda","Malacostraca","Euphausiacea","Euphausiidae","Thysanoessa","Thysanoessa spinifera","Variable","No","Variable","None","Exoskeleton","Chitin + Calcium","Holoplanktonic","No","Krill"
"6274",0.0852626979815903,0.452062352609563,1,1.25,"Eukaryota","Annelida","Polychaeta","Phyllodocida","Phyllodocidae",NA,NA,"No","No","No","None","None","None","Benthic + Meroplanktonic","No","Active marine polychaetes"
"6275",0.0852626979815903,0.452062352609563,1,1.25,"Eukaryota","Arthropoda","Malacostraca","Decapoda","Munididae","Antillimunida","Antillimunida bapensis","Variable","No","Variable","None","Exoskeleton","Calcite","Meroplanktonic","No","Crabs, lobsters, shrimp"
"6492",0.0852626979815903,0.452062352609563,1,1.25,"Eukaryota","Annelida","Polychaeta","Echiuroidea","Thalassematidae","Arhynchite","Arhynchite cf_ pugettensis A6200","No","No","No","None","None","None","Benthic + Meroplanktonic","No","Spoon worms (marine burrowers)"
"6494",0.0852626979815903,0.452062352609563,1,1.25,"Eukaryota","Cnidaria","Hydrozoa","Trachymedusae","Halicreatidae",NA,NA,"No","No","No","None","None","None","Holoplanktonic","No","Deep-sea jellyfish"
"6746",0.0852626979815903,0.452062352609563,1,1.25,"Eukaryota","Arthropoda","Copepoda","Calanoida","Aetideidae",NA,NA,"Variable","Variable","Variable","Exoskeleton","Exoskeleton","Chitin + Calcium","Holoplanktonic","No","Copepods"
"7229",0.0852626979815903,0.452062352609563,1,1.25,"Eukaryota","Echinodermata","Ophiuroidea","Amphilepidida","Amphiuridae","Amphipholis","Amphipholis pugetana","Yes","Yes","Yes","Internal skeleton","Internal skeleton","Calcite","Meroplanktonic","No","Brittle stars"
"7233",0.0852626979815903,0.452062352609563,1,1.25,"Eukaryota","Arthropoda","Copepoda","Calanoida","Paracalanidae",NA,NA,"Variable","Variable","Variable","Exoskeleton","Exoskeleton","Chitin + Calcium","Holoplanktonic","No","Copepods"
"1468",0.0840282452639472,0.458660170084022,2,2.5,"Eukaryota","Mollusca","Gastropoda","Nudibranchia","Glaucidae","Hermissenda","Hermissenda opalescens","Variable","Variable","No","External shell","None","Aragonite","Meroplanktonic","No","Shell-less sea slugs"
"424",0.0837877348783063,0.459951766175269,13,16.25,"Eukaryota","Annelida","Polychaeta","Phyllodocida","Phyllodocidae",NA,NA,"No","No","No","None","None","None","Benthic + Meroplanktonic","No","Active marine polychaetes"
"894",0.0835108932553952,0.461440937331979,6,7.5,"Eukaryota","Arthropoda","Copepoda","Calanoida","Calanidae","Calanus","Calanus pacificus","Variable","Variable","Variable","Exoskeleton","Exoskeleton","Chitin + Calcium","Holoplanktonic","No","Copepods"
"2128",0.0833618613408913,0.462243693839123,7,8.75,"Eukaryota","Arthropoda","Copepoda","Calanoida","Euchaetidae","Euchaeta","Euchaeta marina","Variable","Variable","Variable","Exoskeleton","Exoskeleton","Chitin + Calcium","Holoplanktonic","No","Copepods"
"2592",0.0825177969714031,0.466804614817805,4,5,"Eukaryota","Arthropoda","Copepoda","Calanoida","Clausocalanidae","Clausocalanus","Clausocalanus jobei","Variable","Variable","Variable","Exoskeleton","Exoskeleton","Chitin + Calcium","Holoplanktonic","No","Copepods"
"1650",0.0815147650033443,0.472256201710477,2,2.5,"Eukaryota","Arthropoda","Malacostraca","Euphausiacea","Euphausiidae","Hansarsia",NA,"Variable","No","Variable","None","Exoskeleton","Chitin + Calcium","Holoplanktonic","No","Krill"
"866",0.0814513893053701,0.472601806708311,18,22.5,"Eukaryota","Arthropoda","Ostracoda","Halocyprida","Halocyprididae","Discoconchoecia","Discoconchoecia sp. S8_D6","Variable","No","Variable","None","Exoskeleton","Chitin + Calcium","Holoplanktonic","No","Ostracods (seed shrimp)"
"657",0.0810114344900701,0.475004760959477,11,13.75,"Eukaryota","Arthropoda","Copepoda","Calanoida","Calanidae",NA,NA,"Variable","Variable","Variable","Exoskeleton","Exoskeleton","Chitin + Calcium","Holoplanktonic","No","Copepods"
"4524",0.0809080628714747,0.475570310741491,2,2.5,"Eukaryota","Mollusca","Gastropoda","Cephalaspidea","Philinidae","Philine",NA,"Variable","Yes","Yes","External shell","External shell","Aragonite","Meroplanktonic","No","Bubble snails"
"460",0.0803905438112137,0.478407113289728,1,1.25,"Eukaryota","Arthropoda","Copepoda","Calanoida","Pontellidae","Labidocera","Labidocera trispinosa","Variable","Variable","Variable","Exoskeleton","Exoskeleton","Chitin + Calcium","Holoplanktonic","No","Copepods"
"1074",0.0803905438112137,0.478407113289728,1,1.25,"Eukaryota","Arthropoda","Copepoda","Calanoida","Calanidae","Calanus","Calanus pacificus","Variable","Variable","Variable","Exoskeleton","Exoskeleton","Chitin + Calcium","Holoplanktonic","No","Copepods"
"1281",0.0803905438112137,0.478407113289728,1,1.25,"Eukaryota","Mollusca","Gastropoda","Nudibranchia","Glaucidae","Hermissenda","Hermissenda opalescens","Variable","Variable","No","External shell","None","Aragonite","Meroplanktonic","No","Shell-less sea slugs"
"1303",0.0803905438112137,0.478407113289728,1,1.25,"Eukaryota","Arthropoda","Copepoda","Calanoida","Pontellidae","Labidocera","Labidocera trispinosa","Variable","Variable","Variable","Exoskeleton","Exoskeleton","Chitin + Calcium","Holoplanktonic","No","Copepods"
"1665",0.0803905438112137,0.478407113289728,1,1.25,"Eukaryota","Arthropoda","Copepoda","Calanoida","Calanidae","Calanus","Calanus pacificus","Variable","Variable","Variable","Exoskeleton","Exoskeleton","Chitin + Calcium","Holoplanktonic","No","Copepods"
"2551",0.0803905438112137,0.478407113289728,1,1.25,"Eukaryota","Arthropoda","Copepoda","Calanoida","Calanidae","Calanus","Calanus pacificus","Variable","Variable","Variable","Exoskeleton","Exoskeleton","Chitin + Calcium","Holoplanktonic","No","Copepods"
"2813",0.0803905438112137,0.478407113289728,1,1.25,"Eukaryota","Mollusca","Gastropoda","Nudibranchia","Glaucidae","Hermissenda","Hermissenda opalescens","Variable","Variable","No","External shell","None","Aragonite","Meroplanktonic","No","Shell-less sea slugs"
"2843",0.0803905438112137,0.478407113289728,1,1.25,"Eukaryota","Arthropoda","Copepoda","Calanoida","Clausocalanidae","Clausocalanus","Clausocalanus furcatus","Variable","Variable","Variable","Exoskeleton","Exoskeleton","Chitin + Calcium","Holoplanktonic","No","Copepods"
"3350",0.0803905438112137,0.478407113289728,1,1.25,"Eukaryota","Arthropoda","Malacostraca","Decapoda","Cancridae",NA,NA,"Variable","No","Variable","None","Exoskeleton","Calcite","Meroplanktonic","No","Crabs, lobsters, shrimp"
"3471",0.0803905438112137,0.478407113289728,1,1.25,"Eukaryota","Arthropoda","Copepoda","Calanoida","Euchaetidae","Euchaeta","Euchaeta marina","Variable","Variable","Variable","Exoskeleton","Exoskeleton","Chitin + Calcium","Holoplanktonic","No","Copepods"
"3896",0.0803905438112137,0.478407113289728,1,1.25,"Eukaryota","Arthropoda","Copepoda","Poecilostomatoida","Oncaeidae","Oncaea","Oncaea sp.","Variable","Variable","Variable","Exoskeleton","Exoskeleton","Chitin + Calcium","Holoplanktonic","No","Parasitic or predatory copepods"
"3979",0.0803905438112137,0.478407113289728,1,1.25,"Eukaryota","Arthropoda","Copepoda","Calanoida","Lucicutiidae","Lucicutia","Lucicutia flavicornis","Variable","Variable","Variable","Exoskeleton","Exoskeleton","Chitin + Calcium","Holoplanktonic","No","Copepods"
"4160",0.0803905438112137,0.478407113289728,1,1.25,"Eukaryota","Arthropoda","Copepoda","Calanoida","Pontellidae","Labidocera","Labidocera trispinosa","Variable","Variable","Variable","Exoskeleton","Exoskeleton","Chitin + Calcium","Holoplanktonic","No","Copepods"
"4251",0.0803905438112137,0.478407113289728,1,1.25,"Eukaryota","Arthropoda","Copepoda","Poecilostomatoida","Oncaeidae","Oncaea","Oncaea sp.","Variable","Variable","Variable","Exoskeleton","Exoskeleton","Chitin + Calcium","Holoplanktonic","No","Parasitic or predatory copepods"
"4633",0.0803905438112137,0.478407113289728,1,1.25,"Eukaryota","Arthropoda","Copepoda","Calanoida","Lucicutiidae","Lucicutia","Lucicutia flavicornis","Variable","Variable","Variable","Exoskeleton","Exoskeleton","Chitin + Calcium","Holoplanktonic","No","Copepods"
"5363",0.0803905438112137,0.478407113289728,1,1.25,"Eukaryota","Arthropoda","Copepoda","Poecilostomatoida","Oncaeidae","Oncaea","Oncaea sp.","Variable","Variable","Variable","Exoskeleton","Exoskeleton","Chitin + Calcium","Holoplanktonic","No","Parasitic or predatory copepods"
"5808",0.0803905438112137,0.478407113289728,1,1.25,"Eukaryota","Cnidaria","Anthozoa","Scleralcyonacea","Anthoptilidae","Anthoptilum",NA,"Variable","No","Variable","None","Internal skeleton","Calcite","Meroplanktonic","No","Sea pens (sampled Scleralcyonacea lineages)"
"6368",0.0803905438112137,0.478407113289728,1,1.25,"Eukaryota","Arthropoda","Malacostraca","Decapoda","Hippidae","Emerita","Emerita analoga","Variable","No","Variable","None","Exoskeleton","Calcite","Meroplanktonic","No","Crabs, lobsters, shrimp"
"7095",0.0803905438112137,0.478407113289728,1,1.25,"Eukaryota","Arthropoda","Copepoda","Calanoida","Euchaetidae","Euchaeta","Euchaeta marina","Variable","Variable","Variable","Exoskeleton","Exoskeleton","Chitin + Calcium","Holoplanktonic","No","Copepods"
"7354",0.0803905438112137,0.478407113289728,1,1.25,"Eukaryota","Arthropoda","Ostracoda","Halocyprida","Halocyprididae","Porroecia","Porroecia sp. S9_F12","Variable","No","Variable","None","Exoskeleton","Chitin + Calcium","Holoplanktonic","No","Ostracods (seed shrimp)"
"2440",0.0801902923558126,0.479507228124197,4,5,"Eukaryota","Arthropoda","Copepoda","Calanoida","Candaciidae","Candacia","Candacia bipinnata","Variable","Variable","Variable","Exoskeleton","Exoskeleton","Chitin + Calcium","Holoplanktonic","No","Copepods"
"665",0.0801174515349555,0.479907726805715,3,3.75,"Eukaryota","Mollusca","Cephalopoda","Myopsida","Loliginidae",NA,NA,"Variable","Yes","No","Statoliths","None","Aragonite","Meroplanktonic","No","Coastal squid"
"130",0.0780621891040014,0.491281501587786,55,68.75,"Eukaryota","Arthropoda","Copepoda","Calanoida","Scolecitrichidae","Scolecithricella","Scolecithricella dentata","Variable","Variable","Variable","Exoskeleton","Exoskeleton","Chitin + Calcium","Holoplanktonic","No","Copepods"
"21",0.0780516413951422,0.491340236185424,74,92.5,"Eukaryota","Cnidaria","Hydrozoa","Siphonophorae","Sphaeronectidae",NA,NA,"No","No","No","None","None","None","Holoplanktonic","No","Colonial hydrozoans (e.g., Portuguese man o' war)"
"880",0.0779178880786885,0.492085358121294,2,2.5,"Eukaryota","Chordata","Actinopteri","Argentiniformes","Bathylagidae","Leuroglossus","Leuroglossus stilbius","No","No","No","None","None","None","Meroplanktonic","No","Deep-sea smelts and related fish"
"556",0.0776249085983124,0.493719582713786,3,3.75,"Eukaryota","Echinodermata","Ophiuroidea","Amphilepidida","Ophiotrichidae","Ophiothrix","Ophiothrix spiculata","Yes","Yes","Yes","Internal skeleton","Internal skeleton","Calcite","Meroplanktonic","No","Brittle stars"
"968",0.0775221506067446,0.494293435578746,14,17.5,"Eukaryota","Arthropoda","Ostracoda","Halocyprida","Halocyprididae","Mikroconchoecia","Mikroconchoecia sp. Os099_1_3","Variable","No","Variable","None","Exoskeleton","Chitin + Calcium","Holoplanktonic","No","Ostracods (seed shrimp)"
"1887",0.0772041622441499,0.496071458130761,12,15,"Eukaryota","Arthropoda","Copepoda","Calanoida","Aetideidae",NA,NA,"Variable","Variable","Variable","Exoskeleton","Exoskeleton","Chitin + Calcium","Holoplanktonic","No","Copepods"
"2165",0.0771976155234593,0.496108099047233,3,3.75,"Eukaryota","Arthropoda","Copepoda","Calanoida","Candaciidae","Candacia","Candacia bipinnata","Variable","Variable","Variable","Exoskeleton","Exoskeleton","Chitin + Calcium","Holoplanktonic","No","Copepods"
"5285",0.075907683863126,0.50335517072231,4,5,"Eukaryota","Arthropoda","Copepoda","Calanoida","Lucicutiidae","Lucicutia","Lucicutia flavicornis","Variable","Variable","Variable","Exoskeleton","Exoskeleton","Chitin + Calcium","Holoplanktonic","No","Copepods"
"370",0.0756128598296063,0.505019209130318,31,38.75,"Eukaryota","Arthropoda","Copepoda","Calanoida","Lucicutiidae","Lucicutia","Lucicutia flavicornis","Variable","Variable","Variable","Exoskeleton","Exoskeleton","Chitin + Calcium","Holoplanktonic","No","Copepods"
"327",0.0755183896408371,0.505553016063705,1,1.25,"Eukaryota","Arthropoda","Copepoda","Calanoida","Eucalanidae","Eucalanus","Eucalanus californicus","Variable","Variable","Variable","Exoskeleton","Exoskeleton","Chitin + Calcium","Holoplanktonic","No","Copepods"
"363",0.0755183896408371,0.505553016063705,1,1.25,"Eukaryota","Arthropoda","Copepoda","Calanoida","Eucalanidae","Eucalanus","Eucalanus californicus","Variable","Variable","Variable","Exoskeleton","Exoskeleton","Chitin + Calcium","Holoplanktonic","No","Copepods"
"1268",0.0755183896408371,0.505553016063705,1,1.25,"Eukaryota","Arthropoda","Copepoda","Calanoida","Eucalanidae","Eucalanus","Eucalanus californicus","Variable","Variable","Variable","Exoskeleton","Exoskeleton","Chitin + Calcium","Holoplanktonic","No","Copepods"
"1505",0.0755183896408371,0.505553016063705,1,1.25,"Eukaryota","Mollusca","Gastropoda","Nudibranchia","Glaucidae","Hermissenda","Hermissenda opalescens","Variable","Variable","No","External shell","None","Aragonite","Meroplanktonic","No","Shell-less sea slugs"
"1675",0.0755183896408371,0.505553016063705,1,1.25,"Eukaryota","Chordata","Actinopteri","Gadiformes","Merlucciidae","Merluccius","Merluccius productus","No","No","No","None","None","None","Meroplanktonic","No","Cods and grenadiers"
"2560",0.0755183896408371,0.505553016063705,1,1.25,"Eukaryota","Arthropoda","Copepoda","Calanoida","Eucalanidae","Eucalanus","Eucalanus californicus","Variable","Variable","Variable","Exoskeleton","Exoskeleton","Chitin + Calcium","Holoplanktonic","No","Copepods"
"2783",0.0755183896408371,0.505553016063705,1,1.25,"Eukaryota","Arthropoda","Copepoda","Calanoida","Pontellidae","Labidocera","Labidocera trispinosa","Variable","Variable","Variable","Exoskeleton","Exoskeleton","Chitin + Calcium","Holoplanktonic","No","Copepods"
"2857",0.0755183896408371,0.505553016063705,1,1.25,"Eukaryota","Arthropoda","Copepoda","Calanoida","Calanidae","Calanus","Calanus pacificus","Variable","Variable","Variable","Exoskeleton","Exoskeleton","Chitin + Calcium","Holoplanktonic","No","Copepods"
"2931",0.0755183896408371,0.505553016063705,1,1.25,"Eukaryota","Arthropoda","Copepoda","Calanoida","Mecynoceridae","Mecynocera","Mecynocera clausi","Variable","Variable","Variable","Exoskeleton","Exoskeleton","Chitin + Calcium","Holoplanktonic","No","Copepods"
"3109",0.0755183896408371,0.505553016063705,1,1.25,"Eukaryota","Arthropoda","Copepoda","Calanoida","Eucalanidae","Eucalanus","Eucalanus californicus","Variable","Variable","Variable","Exoskeleton","Exoskeleton","Chitin + Calcium","Holoplanktonic","No","Copepods"
"3210",0.0755183896408371,0.505553016063705,1,1.25,"Eukaryota","Arthropoda","Ostracoda","Halocyprida","Halocyprididae","Conchoecia","Conchoecia magna","Variable","No","Variable","None","Exoskeleton","Chitin + Calcium","Holoplanktonic","No","Ostracods (seed shrimp)"
"3211",0.0755183896408371,0.505553016063705,1,1.25,"Eukaryota","Arthropoda","Copepoda","Calanoida","Clausocalanidae","Clausocalanus","Clausocalanus paululus","Variable","Variable","Variable","Exoskeleton","Exoskeleton","Chitin + Calcium","Holoplanktonic","No","Copepods"
"4450",0.0755183896408371,0.505553016063705,1,1.25,"Eukaryota","Arthropoda","Copepoda","Calanoida","Eucalanidae","Eucalanus","Eucalanus californicus","Variable","Variable","Variable","Exoskeleton","Exoskeleton","Chitin + Calcium","Holoplanktonic","No","Copepods"
"4666",0.0755183896408371,0.505553016063705,1,1.25,"Eukaryota","Arthropoda","Malacostraca","Decapoda","Hippolytidae",NA,NA,"Variable","No","Variable","None","Exoskeleton","Calcite","Meroplanktonic","No","Crabs, lobsters, shrimp"
"4786",0.0755183896408371,0.505553016063705,1,1.25,"Eukaryota","Arthropoda","Copepoda","Calanoida","Eucalanidae","Eucalanus","Eucalanus californicus","Variable","Variable","Variable","Exoskeleton","Exoskeleton","Chitin + Calcium","Holoplanktonic","No","Copepods"
"4793",0.0755183896408371,0.505553016063705,1,1.25,"Eukaryota","Arthropoda","Malacostraca","Decapoda","Pinnotheridae","Pinnixa","Pinnixa occidentalis","Variable","No","Variable","None","Exoskeleton","Calcite","Meroplanktonic","No","Crabs, lobsters, shrimp"
"4987",0.0755183896408371,0.505553016063705,1,1.25,"Eukaryota","Arthropoda","Malacostraca","Decapoda","Hippolytidae","Lysmata","Lysmata californica","Variable","No","Variable","None","Exoskeleton","Calcite","Meroplanktonic","No","Crabs, lobsters, shrimp"
"5002",0.0755183896408371,0.505553016063705,1,1.25,"Eukaryota","Nemertea","Palaeonemertea","Tubulaniformes","Tubulanidae","Carinina","Carinina chocolata","No","No","No","None","None","None","Benthic + Meroplanktonic","No","Unsegmented ribbon worms (nemerteans)"
"5103",0.0755183896408371,0.505553016063705,1,1.25,"Eukaryota","Arthropoda","Malacostraca","Euphausiacea","Euphausiidae","Nyctiphanes","Nyctiphanes simplex","Variable","No","Variable","None","Exoskeleton","Chitin + Calcium","Holoplanktonic","No","Krill"
"5126",0.0755183896408371,0.505553016063705,1,1.25,"Eukaryota","Arthropoda","Copepoda","Calanoida","Lucicutiidae","Lucicutia","Lucicutia flavicornis","Variable","Variable","Variable","Exoskeleton","Exoskeleton","Chitin + Calcium","Holoplanktonic","No","Copepods"
"5702",0.0755183896408371,0.505553016063705,1,1.25,"Eukaryota","Mollusca","Gastropoda","Pteropoda","Limacinidae",NA,NA,"Yes","Yes","Yes","External shell","External shell","Aragonite","Holoplanktonic","No","Sea butterflies"
"5855",0.0755183896408371,0.505553016063705,1,1.25,"Eukaryota","Arthropoda","Malacostraca","Decapoda","Hippolytidae","Lysmata","Lysmata californica","Variable","No","Variable","None","Exoskeleton","Calcite","Meroplanktonic","No","Crabs, lobsters, shrimp"
"5856",0.0755183896408371,0.505553016063705,1,1.25,"Eukaryota","Arthropoda","Malacostraca","Decapoda","Hippolytidae",NA,NA,"Variable","No","Variable","None","Exoskeleton","Calcite","Meroplanktonic","No","Crabs, lobsters, shrimp"
"6682",0.0755183896408371,0.505553016063705,1,1.25,"Eukaryota","Arthropoda","Malacostraca","Decapoda","Hippolytidae","Lysmata",NA,"Variable","No","Variable","None","Exoskeleton","Calcite","Meroplanktonic","No","Crabs, lobsters, shrimp"
"6684",0.0755183896408371,0.505553016063705,1,1.25,"Eukaryota","Arthropoda","Ostracoda","Halocyprida","Halocyprididae","Conchoecia","Conchoecia magna","Variable","No","Variable","None","Exoskeleton","Chitin + Calcium","Holoplanktonic","No","Ostracods (seed shrimp)"
"6942",0.0755183896408371,0.505553016063705,1,1.25,"Eukaryota","Arthropoda","Copepoda","Calanoida","Metridinidae","Pleuromamma","Pleuromamma xiphias","Variable","Variable","Variable","Exoskeleton","Exoskeleton","Chitin + Calcium","Holoplanktonic","No","Copepods"
"7170",0.0755183896408371,0.505553016063705,1,1.25,"Eukaryota","Arthropoda","Malacostraca","Isopoda","Hemioniscidae","Hemioniscus","Hemioniscus balani","Variable","No","Variable","None","Exoskeleton","Chitin + Calcium","Benthic + Meroplanktonic","No","Isopods"
"7172",0.0755183896408371,0.505553016063705,1,1.25,"Eukaryota","Echinodermata","Ophiuroidea","Amphilepidida","Ophionereidae",NA,NA,"Yes","Yes","Yes","Internal skeleton","Internal skeleton","Calcite","Meroplanktonic","No","Brittle stars"
"7448",0.0755183896408371,0.505553016063705,1,1.25,"Eukaryota","Arthropoda","Ostracoda","Halocyprida","Halocyprididae","Paraconchoecia","Paraconchoecia oblonga","Variable","No","Variable","None","Exoskeleton","Chitin + Calcium","Holoplanktonic","No","Ostracods (seed shrimp)"
"7449",0.0755183896408371,0.505553016063705,1,1.25,"Eukaryota","Mollusca","Gastropoda","Acteonidae","Acteonidae","Rictaxis","Rictaxis punctocaelatus","Yes","Yes","Yes","External shell","External shell","Aragonite","Benthic + Meroplanktonic","No","Bubble snails (Acteon and Rictaxis)"
"7645",0.0755183896408371,0.505553016063705,1,1.25,"Eukaryota","Mollusca","Gastropoda","Cephalaspidea","Philinidae",NA,NA,"Variable","Yes","Yes","External shell","External shell","Aragonite","Meroplanktonic","No","Bubble snails"
"662",0.0753910152008566,0.506273210476537,38,47.5,"Eukaryota","Arthropoda","Copepoda","Calanoida","Clausocalanidae","Clausocalanus","Clausocalanus parapergens","Variable","Variable","Variable","Exoskeleton","Exoskeleton","Chitin + Calcium","Holoplanktonic","No","Copepods"
"1121",0.0753180493605097,0.506686008671871,4,5,"Eukaryota","Arthropoda","Copepoda","Calanoida","Calanidae","Calanus","Calanus pacificus","Variable","Variable","Variable","Exoskeleton","Exoskeleton","Chitin + Calcium","Holoplanktonic","No","Copepods"
"1711",0.0750950672421382,0.507948585966552,27,33.75,"Eukaryota","Bryozoa","Gymnolaemata","Cheilostomatida","Membraniporidae","Membranipora","Membranipora villosa","Yes","Yes","Yes","External shell","External shell","Calcite","Meroplanktonic","No","Encrusting bryozoans"
"683",0.0746639644126737,0.51039417422214,21,26.25,"Eukaryota","Arthropoda","Copepoda","Calanoida","Euchaetidae","Euchaeta","Euchaeta marina","Variable","Variable","Variable","Exoskeleton","Exoskeleton","Chitin + Calcium","Holoplanktonic","No","Copepods"
"3923",0.0741691707154554,0.513208495075027,6,7.5,"Eukaryota","Arthropoda","Copepoda","Calanoida","Metridinidae","Pleuromamma","Pleuromamma piseki","Variable","Variable","Variable","Exoskeleton","Exoskeleton","Chitin + Calcium","Holoplanktonic","No","Copepods"
"352",0.0740773213895129,0.513731792558698,18,22.5,"Eukaryota","Arthropoda","Copepoda","Calanoida","Calanidae","Calanus","Calanus pacificus","Variable","Variable","Variable","Exoskeleton","Exoskeleton","Chitin + Calcium","Holoplanktonic","No","Copepods"
"6601",0.073324286223104,0.518032339657999,2,2.5,"Eukaryota","Arthropoda","Ostracoda","Halocyprida","Halocyprididae","Porroecia","Porroecia spinirostris","Variable","No","Variable","None","Exoskeleton","Chitin + Calcium","Holoplanktonic","No","Ostracods (seed shrimp)"
"112",0.0732745450162393,0.518317050679589,39,48.75,"Eukaryota","Mollusca","Gastropoda","Littorinimorpha","Atlantidae","Atlanta","Atlanta sp. USNM IZ 1230636","Yes","Yes","Yes","External shell","External shell","Aragonite/Calcite","Meroplanktonic","No","Periwinkles and related snails"
"2039",0.0729905447449192,0.519944142581168,4,5,"Eukaryota","Arthropoda","Copepoda","Calanoida","Clausocalanidae","Clausocalanus","Clausocalanus jobei","Variable","Variable","Variable","Exoskeleton","Exoskeleton","Chitin + Calcium","Holoplanktonic","No","Copepods"
"186",0.0717140210628446,0.527289353026118,3,3.75,"Eukaryota","Arthropoda","Copepoda","Calanoida","Pontellidae","Labidocera","Labidocera trispinosa","Variable","Variable","Variable","Exoskeleton","Exoskeleton","Chitin + Calcium","Holoplanktonic","No","Copepods"
"516",0.0712132252528577,0.530185078195698,28,35,"Eukaryota","Arthropoda","Ostracoda","Halocyprida","Halocyprididae","Conchoecia","Conchoecia magna","Variable","No","Variable","None","Exoskeleton","Chitin + Calcium","Holoplanktonic","No","Ostracods (seed shrimp)"
"1503",0.0711017301218145,0.530830846937864,16,20,"Eukaryota","Arthropoda","Copepoda","Calanoida","Clausocalanidae","Clausocalanus","Clausocalanus parapergens","Variable","Variable","Variable","Exoskeleton","Exoskeleton","Chitin + Calcium","Holoplanktonic","No","Copepods"
"736",0.070911307288325,0.531934661431528,4,5,"Eukaryota","Arthropoda","Malacostraca","Decapoda","Hippolytidae","Lysmata",NA,"Variable","No","Variable","None","Exoskeleton","Calcite","Meroplanktonic","No","Crabs, lobsters, shrimp"
"3441",0.0706630401293286,0.533375489606278,4,5,"Eukaryota","Arthropoda","Ostracoda","Halocyprida","Halocyprididae","Conchoecia","Conchoecia magna","Variable","No","Variable","None","Exoskeleton","Chitin + Calcium","Holoplanktonic","No","Ostracods (seed shrimp)"
"365",0.0706462354704605,0.53347308596119,1,1.25,"Eukaryota","Arthropoda","Copepoda","Calanoida","Pontellidae","Labidocera","Labidocera trispinosa","Variable","Variable","Variable","Exoskeleton","Exoskeleton","Chitin + Calcium","Holoplanktonic","No","Copepods"
"979",0.0706462354704605,0.53347308596119,1,1.25,"Eukaryota","Arthropoda","Copepoda","Calanoida","Calanidae","Calanus","Calanus pacificus","Variable","Variable","Variable","Exoskeleton","Exoskeleton","Chitin + Calcium","Holoplanktonic","No","Copepods"
"1793",0.0706462354704605,0.53347308596119,1,1.25,"Eukaryota","Bryozoa","Gymnolaemata","Cheilostomatida","Membraniporidae","Membranipora","Membranipora villosa","Yes","Yes","Yes","External shell","External shell","Calcite","Meroplanktonic","No","Encrusting bryozoans"
"2342",0.0706462354704605,0.53347308596119,1,1.25,"Eukaryota","Mollusca","Gastropoda","Nudibranchia","Glaucidae","Hermissenda","Hermissenda opalescens","Variable","Variable","No","External shell","None","Aragonite","Meroplanktonic","No","Shell-less sea slugs"
"2692",0.0706462354704605,0.53347308596119,1,1.25,"Eukaryota","Arthropoda","Copepoda","Calanoida","Calanidae","Calanus","Calanus pacificus","Variable","Variable","Variable","Exoskeleton","Exoskeleton","Chitin + Calcium","Holoplanktonic","No","Copepods"
"2775",0.0706462354704605,0.53347308596119,1,1.25,"Eukaryota","Bryozoa","Gymnolaemata","Cheilostomatida","Membraniporidae","Membranipora",NA,"Yes","Yes","Yes","External shell","External shell","Calcite","Meroplanktonic","No","Encrusting bryozoans"
"3728",0.0706462354704605,0.53347308596119,1,1.25,"Eukaryota","Arthropoda","Ostracoda","Halocyprida","Halocyprididae","Discoconchoecia",NA,"Variable","No","Variable","None","Exoskeleton","Chitin + Calcium","Holoplanktonic","No","Ostracods (seed shrimp)"
"4164",0.0706462354704605,0.53347308596119,1,1.25,"Eukaryota","Chaetognatha","Sagittoidea","Aphragmophora","Sagittidae","Flaccisagitta",NA,"No","No","No","None","None","None","Holoplanktonic","No","Chaetognaths (arrow worms)"
"4429",0.0706462354704605,0.53347308596119,1,1.25,"Eukaryota","Arthropoda","Copepoda","Calanoida","Euchaetidae","Euchaeta","Euchaeta marina","Variable","Variable","Variable","Exoskeleton","Exoskeleton","Chitin + Calcium","Holoplanktonic","No","Copepods"
"4757",0.0706462354704605,0.53347308596119,1,1.25,"Eukaryota","Bryozoa","Gymnolaemata","Cheilostomatida","Membraniporidae","Membranipora","Membranipora villosa","Yes","Yes","Yes","External shell","External shell","Calcite","Meroplanktonic","No","Encrusting bryozoans"
"5075",0.0706462354704605,0.53347308596119,1,1.25,"Eukaryota","Arthropoda","Copepoda","Poecilostomatoida","Oncaeidae","Oncaea","Oncaea sp.","Variable","Variable","Variable","Exoskeleton","Exoskeleton","Chitin + Calcium","Holoplanktonic","No","Parasitic or predatory copepods"
"5076",0.0706462354704605,0.53347308596119,1,1.25,"Eukaryota","Mollusca","Gastropoda","Nudibranchia","Glaucidae","Hermissenda","Hermissenda opalescens","Variable","Variable","No","External shell","None","Aragonite","Meroplanktonic","No","Shell-less sea slugs"
"5233",0.0706462354704605,0.53347308596119,1,1.25,"Eukaryota","Mollusca","Gastropoda","Pteropoda","Cliidae","Clio","Clio pyramidata","Yes","Yes","Yes","External shell","External shell","Aragonite","Holoplanktonic","No","Sea butterflies"
"5371",0.0706462354704605,0.53347308596119,1,1.25,"Eukaryota","Arthropoda","Malacostraca","Euphausiacea","Euphausiidae","Hansarsia","Hansarsia difficilis","Variable","No","Variable","None","Exoskeleton","Chitin + Calcium","Holoplanktonic","No","Krill"
"5530",0.0706462354704605,0.53347308596119,1,1.25,"Eukaryota","Arthropoda","Malacostraca","Amphipoda","Paraphronimidae",NA,NA,"Variable","Yes","Yes","Exoskeleton","Exoskeleton","Chitin + Calcium","Benthic + Holoplanktonic","No","Amphipods"
"5986",0.0706462354704605,0.53347308596119,1,1.25,"Eukaryota","Arthropoda","Copepoda","Calanoida","Euchaetidae","Euchaeta","Euchaeta marina","Variable","Variable","Variable","Exoskeleton","Exoskeleton","Chitin + Calcium","Holoplanktonic","No","Copepods"
"5987",0.0706462354704605,0.53347308596119,1,1.25,"Eukaryota","Mollusca","Gastropoda","Pteropoda","Creseidae","Styliola",NA,"Yes","Yes","Yes","External shell","External shell","Aragonite","Holoplanktonic","No","Sea butterflies"
"5989",0.0706462354704605,0.53347308596119,1,1.25,"Eukaryota","Arthropoda","Copepoda","Calanoida","Candaciidae","Candacia","Candacia bipinnata","Variable","Variable","Variable","Exoskeleton","Exoskeleton","Chitin + Calcium","Holoplanktonic","No","Copepods"
"6610",0.0706462354704605,0.53347308596119,1,1.25,"Eukaryota","Arthropoda","Copepoda","Poecilostomatoida","Oncaeidae","Oncaea","Oncaea sp.","Variable","Variable","Variable","Exoskeleton","Exoskeleton","Chitin + Calcium","Holoplanktonic","No","Parasitic or predatory copepods"
"6876",0.0706462354704605,0.53347308596119,1,1.25,"Eukaryota","Arthropoda","Copepoda","Calanoida","Aetideidae","Gaetanus","Gaetanus minor","Variable","Variable","Variable","Exoskeleton","Exoskeleton","Chitin + Calcium","Holoplanktonic","No","Copepods"
"7366",0.0706462354704605,0.53347308596119,1,1.25,"Eukaryota","Arthropoda","Copepoda","Poecilostomatoida","Corycaeidae","Farranula",NA,"Variable","Variable","Variable","Exoskeleton","Exoskeleton","Chitin + Calcium","Holoplanktonic","No","Parasitic or predatory copepods"
"7368",0.0706462354704605,0.53347308596119,1,1.25,"Eukaryota","Annelida","Polychaeta","Capitellidae","Capitellidae",NA,NA,"No","No","No","None","None","None","Benthic + Meroplanktonic","No","Marine bristle worms (mud-dwelling)"
"5235",0.0697274092984482,0.5388227842966,2,2.5,"Eukaryota","Arthropoda","Ostracoda","Halocyprida","Halocyprididae","Paraconchoecia","Paraconchoecia oblonga","Variable","No","Variable","None","Exoskeleton","Chitin + Calcium","Holoplanktonic","No","Ostracods (seed shrimp)"
"2035",0.0691891304913552,0.541969017718393,16,20,"Eukaryota","Arthropoda","Copepoda","Calanoida","Metridinidae","Pleuromamma","Pleuromamma borealis","Variable","Variable","Variable","Exoskeleton","Exoskeleton","Chitin + Calcium","Holoplanktonic","No","Copepods"
"1231",0.0688654005638239,0.543865533487451,3,3.75,"Eukaryota","Arthropoda","Malacostraca","Decapoda","Crangonidae",NA,NA,"Variable","No","Variable","None","Exoskeleton","Calcite","Meroplanktonic","No","Crabs, lobsters, shrimp"
"2309",0.0685093230014464,0.545955283737732,3,3.75,"Eukaryota","Arthropoda","Copepoda","Calanoida","Lucicutiidae","Lucicutia","Lucicutia flavicornis","Variable","Variable","Variable","Exoskeleton","Exoskeleton","Chitin + Calcium","Holoplanktonic","No","Copepods"
"6856",0.0684273333015846,0.546437017748273,2,2.5,"Eukaryota","Arthropoda","Copepoda","Calanoida","Calocalanidae","Calocalanus",NA,"Variable","Variable","Variable","Exoskeleton","Exoskeleton","Chitin + Calcium","Holoplanktonic","No","Copepods"
"2860",0.0679907824619005,0.549005462516969,8,10,"Eukaryota","Arthropoda","Copepoda","Calanoida","Calocalanidae","Calocalanus",NA,"Variable","Variable","Variable","Exoskeleton","Exoskeleton","Chitin + Calcium","Holoplanktonic","No","Copepods"
"1068",0.0674431107507047,0.552235924572654,33,41.25,"Eukaryota","Arthropoda","Copepoda","Calanoida","Calocalanidae",NA,NA,"Variable","Variable","Variable","Exoskeleton","Exoskeleton","Chitin + Calcium","Holoplanktonic","No","Copepods"
"3719",0.0669972497050347,0.554872591432784,2,2.5,"Eukaryota","Arthropoda","Malacostraca","Decapoda","Hippidae","Emerita","Emerita analoga","Variable","No","Variable","None","Exoskeleton","Calcite","Meroplanktonic","No","Crabs, lobsters, shrimp"
"1052",0.0666703584103284,0.556809538774882,7,8.75,"Eukaryota","Echinodermata","Ophiuroidea","Amphilepidida","Amphiuridae",NA,NA,"Yes","Yes","Yes","Internal skeleton","Internal skeleton","Calcite","Meroplanktonic","No","Brittle stars"
"3433",0.0665865041646074,0.557306925254152,3,3.75,"Eukaryota","Arthropoda","Copepoda","Calanoida","Euchaetidae","Euchaeta","Euchaeta marina","Variable","Variable","Variable","Exoskeleton","Exoskeleton","Chitin + Calcium","Holoplanktonic","No","Copepods"
"318",0.0659252238692029,0.561236764347544,5,6.25,"Eukaryota","Arthropoda","Copepoda","Calanoida","Pontellidae","Labidocera","Labidocera trispinosa","Variable","Variable","Variable","Exoskeleton","Exoskeleton","Chitin + Calcium","Holoplanktonic","No","Copepods"
"785",0.0657740813000839,0.562136812739025,1,1.25,"Eukaryota","Arthropoda","Copepoda","Calanoida","Eucalanidae","Eucalanus","Eucalanus californicus","Variable","Variable","Variable","Exoskeleton","Exoskeleton","Chitin + Calcium","Holoplanktonic","No","Copepods"
"1055",0.0657740813000839,0.562136812739025,1,1.25,"Eukaryota","Mollusca","Gastropoda","Nudibranchia","Glaucidae","Hermissenda","Hermissenda opalescens","Variable","Variable","No","External shell","None","Aragonite","Meroplanktonic","No","Shell-less sea slugs"
"1387",0.0657740813000839,0.562136812739025,1,1.25,"Eukaryota","Chordata","Actinopteri","Gobiiformes","Gobiidae","Typhlogobius","Typhlogobius californiensis","No","No","No","None","None","None","Meroplanktonic","No","Gobies and dartfish"
"1785",0.0657740813000839,0.562136812739025,1,1.25,"Eukaryota","Chordata","Actinopteri","Argentiniformes","Bathylagidae","Leuroglossus","Leuroglossus stilbius","No","No","No","None","None","None","Meroplanktonic","No","Deep-sea smelts and related fish"
"2288",0.0657740813000839,0.562136812739025,1,1.25,"Eukaryota","Chordata","Actinopteri","Pleuronectiformes","Pleuronectidae","Pleuronichthys","Pleuronichthys verticalis","No","No","No","None","None","None","Meroplanktonic","No","Flatfishes (flounders, soles, halibut)"
"2439",0.0657740813000839,0.562136812739025,1,1.25,"Eukaryota","Arthropoda","Copepoda","Calanoida","Pontellidae","Labidocera","Labidocera trispinosa","Variable","Variable","Variable","Exoskeleton","Exoskeleton","Chitin + Calcium","Holoplanktonic","No","Copepods"
"2486",0.0657740813000839,0.562136812739025,1,1.25,"Eukaryota","Arthropoda","Copepoda","Calanoida","Eucalanidae","Eucalanus","Eucalanus californicus","Variable","Variable","Variable","Exoskeleton","Exoskeleton","Chitin + Calcium","Holoplanktonic","No","Copepods"
"2623",0.0657740813000839,0.562136812739025,1,1.25,"Eukaryota","Echinodermata","Ophiuroidea","Amphilepidida","Ophiotrichidae","Ophiothrix","Ophiothrix spiculata","Yes","Yes","Yes","Internal skeleton","Internal skeleton","Calcite","Meroplanktonic","No","Brittle stars"
"2713",0.0657740813000839,0.562136812739025,1,1.25,"Eukaryota","Chordata","Actinopteri","Myctophiformes","Myctophidae","Stenobrachius","Stenobrachius leucopsarus","No","No","No","None","None","None","Meroplanktonic","No","Lanternfishes"
"3029",0.0657740813000839,0.562136812739025,1,1.25,"Eukaryota","Arthropoda","Copepoda","Calanoida","Eucalanidae","Eucalanus","Eucalanus californicus","Variable","Variable","Variable","Exoskeleton","Exoskeleton","Chitin + Calcium","Holoplanktonic","No","Copepods"
"3125",0.0657740813000839,0.562136812739025,1,1.25,"Eukaryota","Arthropoda","Copepoda","Calanoida","Eucalanidae","Eucalanus","Eucalanus californicus","Variable","Variable","Variable","Exoskeleton","Exoskeleton","Chitin + Calcium","Holoplanktonic","No","Copepods"
"3218",0.0657740813000839,0.562136812739025,1,1.25,"Eukaryota","Echinodermata","Asteroidea","Paxillosida","Luidiidae","Luidia","Luidia foliolata","Variable","No","Yes","None","Internal skeleton","Calcite","Meroplanktonic","No","Starfish without suckers"
"3274",0.0657740813000839,0.562136812739025,1,1.25,"Eukaryota","Arthropoda","Malacostraca","Decapoda","Hippolytidae","Lysmata","Lysmata californica","Variable","No","Variable","None","Exoskeleton","Calcite","Meroplanktonic","No","Crabs, lobsters, shrimp"
"3382",0.0657740813000839,0.562136812739025,1,1.25,"Eukaryota","Arthropoda","Copepoda","Calanoida","Eucalanidae","Eucalanus","Eucalanus californicus","Variable","Variable","Variable","Exoskeleton","Exoskeleton","Chitin + Calcium","Holoplanktonic","No","Copepods"
"3565",0.0657740813000839,0.562136812739025,1,1.25,"Eukaryota","Arthropoda","Copepoda","Calanoida","Eucalanidae","Eucalanus","Eucalanus californicus","Variable","Variable","Variable","Exoskeleton","Exoskeleton","Chitin + Calcium","Holoplanktonic","No","Copepods"
"3690",0.0657740813000839,0.562136812739025,1,1.25,"Eukaryota","Mollusca","Gastropoda","Pteropoda","Creseidae","Styliola","Styliola sp.","Yes","Yes","Yes","External shell","External shell","Aragonite","Holoplanktonic","No","Sea butterflies"
"3691",0.0657740813000839,0.562136812739025,1,1.25,"Eukaryota","Mollusca","Gastropoda","Nudibranchia","Glaucidae","Hermissenda","Hermissenda opalescens","Variable","Variable","No","External shell","None","Aragonite","Meroplanktonic","No","Shell-less sea slugs"
"3782",0.0657740813000839,0.562136812739025,1,1.25,"Eukaryota","Echinodermata","Ophiuroidea","Amphilepidida","Ophiocomidae","Ophiopteris","Ophiopteris papillosa","Yes","Yes","Yes","Internal skeleton","Internal skeleton","Calcite","Meroplanktonic","No","Brittle stars"
"3783",0.0657740813000839,0.562136812739025,1,1.25,"Eukaryota","Arthropoda","Copepoda","Calanoida","Eucalanidae","Eucalanus","Eucalanus californicus","Variable","Variable","Variable","Exoskeleton","Exoskeleton","Chitin + Calcium","Holoplanktonic","No","Copepods"
"3863",0.0657740813000839,0.562136812739025,1,1.25,"Eukaryota","Mollusca","Gastropoda","Nudibranchia","Glaucidae","Hermissenda","Hermissenda opalescens","Variable","Variable","No","External shell","None","Aragonite","Meroplanktonic","No","Shell-less sea slugs"
"3944",0.0657740813000839,0.562136812739025,1,1.25,"Eukaryota","Arthropoda","Copepoda","Calanoida","Eucalanidae","Eucalanus","Eucalanus californicus","Variable","Variable","Variable","Exoskeleton","Exoskeleton","Chitin + Calcium","Holoplanktonic","No","Copepods"
"4029",0.0657740813000839,0.562136812739025,1,1.25,"Eukaryota","Arthropoda","Copepoda","Calanoida","Eucalanidae","Eucalanus","Eucalanus californicus","Variable","Variable","Variable","Exoskeleton","Exoskeleton","Chitin + Calcium","Holoplanktonic","No","Copepods"
"4121",0.0657740813000839,0.562136812739025,1,1.25,"Eukaryota","Echinodermata","Ophiuroidea","Amphilepidida","Ophiocomidae","Ophiopteris","Ophiopteris papillosa","Yes","Yes","Yes","Internal skeleton","Internal skeleton","Calcite","Meroplanktonic","No","Brittle stars"
"4122",0.0657740813000839,0.562136812739025,1,1.25,"Eukaryota","Arthropoda","Copepoda","Calanoida","Eucalanidae","Eucalanus","Eucalanus californicus","Variable","Variable","Variable","Exoskeleton","Exoskeleton","Chitin + Calcium","Holoplanktonic","No","Copepods"
"4123",0.0657740813000839,0.562136812739025,1,1.25,"Eukaryota","Arthropoda","Copepoda","Calanoida","Eucalanidae","Eucalanus","Eucalanus californicus","Variable","Variable","Variable","Exoskeleton","Exoskeleton","Chitin + Calcium","Holoplanktonic","No","Copepods"
"4216",0.0657740813000839,0.562136812739025,1,1.25,"Eukaryota","Echinodermata","Ophiuroidea","Amphilepidida","Ophiotrichidae","Ophiothrix","Ophiothrix spiculata","Yes","Yes","Yes","Internal skeleton","Internal skeleton","Calcite","Meroplanktonic","No","Brittle stars"
"4217",0.0657740813000839,0.562136812739025,1,1.25,"Eukaryota","Arthropoda","Copepoda","Calanoida","Eucalanidae","Eucalanus","Eucalanus californicus","Variable","Variable","Variable","Exoskeleton","Exoskeleton","Chitin + Calcium","Holoplanktonic","No","Copepods"
"4310",0.0657740813000839,0.562136812739025,1,1.25,"Eukaryota","Arthropoda","Copepoda","Calanoida","Eucalanidae","Eucalanus","Eucalanus californicus","Variable","Variable","Variable","Exoskeleton","Exoskeleton","Chitin + Calcium","Holoplanktonic","No","Copepods"
"4396",0.0657740813000839,0.562136812739025,1,1.25,"Eukaryota","Arthropoda","Copepoda","Calanoida","Eucalanidae","Eucalanus","Eucalanus californicus","Variable","Variable","Variable","Exoskeleton","Exoskeleton","Chitin + Calcium","Holoplanktonic","No","Copepods"
"4481",0.0657740813000839,0.562136812739025,1,1.25,"Eukaryota","Arthropoda","Copepoda","Calanoida","Eucalanidae","Eucalanus","Eucalanus californicus","Variable","Variable","Variable","Exoskeleton","Exoskeleton","Chitin + Calcium","Holoplanktonic","No","Copepods"
"4484",0.0657740813000839,0.562136812739025,1,1.25,"Eukaryota","Arthropoda","Copepoda","Calanoida","Calanidae","Calanus","Calanus pacificus","Variable","Variable","Variable","Exoskeleton","Exoskeleton","Chitin + Calcium","Holoplanktonic","No","Copepods"
"4708",0.0657740813000839,0.562136812739025,1,1.25,"Eukaryota","Arthropoda","Copepoda","Calanoida","Eucalanidae","Eucalanus","Eucalanus californicus","Variable","Variable","Variable","Exoskeleton","Exoskeleton","Chitin + Calcium","Holoplanktonic","No","Copepods"
"4815",0.0657740813000839,0.562136812739025,1,1.25,"Eukaryota","Echinodermata","Ophiuroidea","Amphilepidida","Amphiuridae",NA,NA,"Yes","Yes","Yes","Internal skeleton","Internal skeleton","Calcite","Meroplanktonic","No","Brittle stars"
"4912",0.0657740813000839,0.562136812739025,1,1.25,"Eukaryota","Arthropoda","Copepoda","Calanoida","Eucalanidae","Eucalanus","Eucalanus californicus","Variable","Variable","Variable","Exoskeleton","Exoskeleton","Chitin + Calcium","Holoplanktonic","No","Copepods"
"5322",0.0657740813000839,0.562136812739025,1,1.25,"Eukaryota","Nemertea","Palaeonemertea","Carinomiformes","Carinomidae",NA,NA,"No","No","No","None","None","None","Benthic + Meroplanktonic","No","Ribbon worms (marine)"
"5323",0.0657740813000839,0.562136812739025,1,1.25,"Eukaryota","Arthropoda","Copepoda","Calanoida","Eucalanidae","Eucalanus","Eucalanus californicus","Variable","Variable","Variable","Exoskeleton","Exoskeleton","Chitin + Calcium","Holoplanktonic","No","Copepods"
"5324",0.0657740813000839,0.562136812739025,1,1.25,"Eukaryota","Echinodermata","Ophiuroidea","Amphilepidida","Ophiactidae","Ophiopholis","Ophiopholis sp. EAC01","Yes","Yes","Yes","Internal skeleton","Internal skeleton","Calcite","Meroplanktonic","No","Brittle stars"
"5622",0.0657740813000839,0.562136812739025,1,1.25,"Eukaryota","Arthropoda","Malacostraca","Decapoda","Panopeidae","Lophopanopeus","Lophopanopeus bellus","Variable","No","Variable","None","Exoskeleton","Calcite","Meroplanktonic","No","Crabs, lobsters, shrimp"
"5923",0.0657740813000839,0.562136812739025,1,1.25,"Eukaryota","Arthropoda","Thecostraca","Balanomorpha","Balanidae","Solidobalanus","Solidobalanus engbergi","Yes","Yes","Yes","External shell","External shell","Calcite","Meroplanktonic","No","Barnacles"
"6105",0.0657740813000839,0.562136812739025,1,1.25,"Eukaryota","Arthropoda","Ostracoda","Halocyprida","Halocyprididae","Conchoecia","Conchoecia magna","Variable","No","Variable","None","Exoskeleton","Chitin + Calcium","Holoplanktonic","No","Ostracods (seed shrimp)"
"6106",0.0657740813000839,0.562136812739025,1,1.25,"Eukaryota","Arthropoda","Ostracoda","Halocyprida","Halocyprididae",NA,NA,"Variable","No","Variable","None","Exoskeleton","Chitin + Calcium","Holoplanktonic","No","Ostracods (seed shrimp)"
"6107",0.0657740813000839,0.562136812739025,1,1.25,"Eukaryota","Cnidaria","Hydrozoa","Anthoathecata","Pandeidae","Leuckartiara","Leuckartiara longicalcar","No","No","No","None","None","None","Benthic + Holoplanktonic","No","Colonial hydroids and small medusae"
"6306",0.0657740813000839,0.562136812739025,1,1.25,"Eukaryota","Arthropoda","Copepoda","Calanoida","Eucalanidae","Eucalanus","Eucalanus californicus","Variable","Variable","Variable","Exoskeleton","Exoskeleton","Chitin + Calcium","Holoplanktonic","No","Copepods"
"6516",0.0657740813000839,0.562136812739025,1,1.25,"Eukaryota","Arthropoda","Malacostraca","Decapoda","Pisidae","Scyra","Scyra acutifrons","Variable","No","Variable","None","Exoskeleton","Calcite","Meroplanktonic","No","Crabs, lobsters, shrimp"
"6518",0.0657740813000839,0.562136812739025,1,1.25,"Eukaryota","Echinodermata","Ophiuroidea","Amphilepidida","Amphiuridae","Amphipholis","Amphipholis pugetana","Yes","Yes","Yes","Internal skeleton","Internal skeleton","Calcite","Meroplanktonic","No","Brittle stars"
"6520",0.0657740813000839,0.562136812739025,1,1.25,"Eukaryota","Arthropoda","Ostracoda","Halocyprida","Halocyprididae","Paraconchoecia","Paraconchoecia allotherium","Variable","No","Variable","None","Exoskeleton","Chitin + Calcium","Holoplanktonic","No","Ostracods (seed shrimp)"
"6521",0.0657740813000839,0.562136812739025,1,1.25,"Eukaryota","Arthropoda","Malacostraca","Euphausiacea","Euphausiidae","Thysanopoda","Thysanopoda orientalis","Variable","No","Variable","None","Exoskeleton","Chitin + Calcium","Holoplanktonic","No","Krill"
"6522",0.0657740813000839,0.562136812739025,1,1.25,"Eukaryota","Echinodermata","Echinoidea","Camarodonta","Strongylocentrotidae","Strongylocentrotus","Strongylocentrotus purpuratus","Yes","Yes","Yes","Internal skeleton","Exoskeleton","Calcite","Meroplanktonic","No","Sea urchins"
"7013",0.0657740813000839,0.562136812739025,1,1.25,"Eukaryota","Annelida","Polychaeta","Phyllodocida","Pholoidae","Pholoides","Pholoides asperus","No","No","No","None","None","None","Benthic + Meroplanktonic","No","Active marine polychaetes"
"7267",0.0657740813000839,0.562136812739025,1,1.25,"Eukaryota","Arthropoda","Malacostraca","Decapoda","Hippolytidae","Eualus","Eualus subtilis","Variable","No","Variable","None","Exoskeleton","Calcite","Meroplanktonic","No","Crabs, lobsters, shrimp"
"7269",0.0657740813000839,0.562136812739025,1,1.25,"Eukaryota","Arthropoda","Malacostraca","Decapoda","Cancridae","Metacarcinus","Metacarcinus gracilis","Variable","No","Variable","None","Exoskeleton","Calcite","Meroplanktonic","No","Crabs, lobsters, shrimp"
"7270",0.0657740813000839,0.562136812739025,1,1.25,"Eukaryota","Mollusca","Gastropoda","Littorinimorpha","Naticidae","Neverita",NA,"Yes","Yes","Yes","External shell","External shell","Aragonite/Calcite","Meroplanktonic","No","Periwinkles and related snails"
"7519",0.0657740813000839,0.562136812739025,1,1.25,"Eukaryota","Chordata","Thaliacea","Salpida","Salpidae","Salpa","Salpa fusiformis","No","No","No","None","None","None","Holoplanktonic","No","Salps (planktonic tunicates)"
"1533",0.0650037998431773,0.566734401434772,2,2.5,"Eukaryota","Arthropoda","Ostracoda","Halocyprida","Halocyprididae","Proceroecia","Proceroecia procera","Variable","No","Variable","None","Exoskeleton","Chitin + Calcium","Holoplanktonic","No","Ostracods (seed shrimp)"
"1791",0.0647871205103667,0.568030876699669,2,2.5,"Eukaryota","Arthropoda","Ostracoda","Halocyprida","Halocyprididae","Halocypris","Halocypris inflata","Variable","No","Variable","None","Exoskeleton","Chitin + Calcium","Holoplanktonic","No","Ostracods (seed shrimp)"
"4953",0.0643788232778664,0.570477649281446,3,3.75,"Eukaryota","Arthropoda","Ostracoda","Halocyprida","Halocyprididae","Proceroecia","Proceroecia procera","Variable","No","Variable","None","Exoskeleton","Chitin + Calcium","Holoplanktonic","No","Ostracods (seed shrimp)"
"812",0.0634181458049465,0.576253971575809,7,8.75,"Eukaryota","Mollusca","Gastropoda","Nudibranchia","Glaucidae","Hermissenda","Hermissenda opalescens","Variable","Variable","No","External shell","None","Aragonite","Meroplanktonic","No","Shell-less sea slugs"
"5733",0.0634003727803789,0.576361090961846,2,2.5,"Eukaryota","Arthropoda","Copepoda","Calanoida","Heterorhabdidae","Heterorhabdus","Heterorhabdus papilliger","Variable","Variable","Variable","Exoskeleton","Exoskeleton","Chitin + Calcium","Holoplanktonic","No","Copepods"
"1318",0.0633917411500355,0.576413117784865,11,13.75,"Eukaryota","Arthropoda","Copepoda","Calanoida","Metridinidae","Pleuromamma","Pleuromamma abdominalis","Variable","Variable","Variable","Exoskeleton","Exoskeleton","Chitin + Calcium","Holoplanktonic","No","Copepods"
"1594",0.0631954060829652,0.577597106178893,8,10,"Eukaryota","Arthropoda","Copepoda","Calanoida","Metridinidae","Pleuromamma","Pleuromamma xiphias","Variable","Variable","Variable","Exoskeleton","Exoskeleton","Chitin + Calcium","Holoplanktonic","No","Copepods"
"876",0.0631403575810062,0.577929274708094,2,2.5,"Eukaryota","Chordata","Actinopteri","Myctophiformes","Myctophidae","Nannobrachium","Nannobrachium ritteri","No","No","No","None","None","None","Meroplanktonic","No","Lanternfishes"
"3112",0.0631219251748153,0.578040517505007,4,5,"Eukaryota","Arthropoda","Copepoda","Calanoida","Metridinidae","Pleuromamma","Pleuromamma abdominalis","Variable","Variable","Variable","Exoskeleton","Exoskeleton","Chitin + Calcium","Holoplanktonic","No","Copepods"
"1636",0.0619574958536989,0.585087986021372,3,3.75,"Eukaryota","Mollusca","Gastropoda","Pteropoda","Creseidae","Creseis","Creseis conica","Yes","Yes","Yes","External shell","External shell","Aragonite","Holoplanktonic","No","Sea butterflies"
"3440",0.0619355194701401,0.585221369178614,7,8.75,"Eukaryota","Arthropoda","Copepoda","Calanoida","Calocalanidae","Calocalanus",NA,"Variable","Variable","Variable","Exoskeleton","Exoskeleton","Chitin + Calcium","Holoplanktonic","No","Copepods"
"208",0.0609019271297074,0.591510224718096,1,1.25,"Eukaryota","Chordata","Actinopteri","Myctophiformes","Myctophidae","Nannobrachium","Nannobrachium ritteri","No","No","No","None","None","None","Meroplanktonic","No","Lanternfishes"
"576",0.0609019271297074,0.591510224718096,1,1.25,"Eukaryota","Arthropoda","Copepoda","Calanoida","Calanidae","Calanus","Calanus pacificus","Variable","Variable","Variable","Exoskeleton","Exoskeleton","Chitin + Calcium","Holoplanktonic","No","Copepods"
"716",0.0609019271297074,0.591510224718096,1,1.25,"Eukaryota","Arthropoda","Ostracoda","Halocyprida","Halocyprididae","Halocypris","Halocypris inflata","Variable","No","Variable","None","Exoskeleton","Chitin + Calcium","Holoplanktonic","No","Ostracods (seed shrimp)"
"1317",0.0609019271297074,0.591510224718096,1,1.25,"Eukaryota","Bryozoa","Gymnolaemata","Cheilostomatida","Membraniporidae","Membranipora","Membranipora villosa","Yes","Yes","Yes","External shell","External shell","Calcite","Meroplanktonic","No","Encrusting bryozoans"
"1949",0.0609019271297074,0.591510224718096,1,1.25,"Eukaryota","Bryozoa","Gymnolaemata","Cheilostomatida","Membraniporidae","Membranipora","Membranipora villosa","Yes","Yes","Yes","External shell","External shell","Calcite","Meroplanktonic","No","Encrusting bryozoans"
"2208",0.0609019271297074,0.591510224718096,1,1.25,"Eukaryota","Echinodermata","Echinoidea","Camarodonta","Strongylocentrotidae","Strongylocentrotus","Strongylocentrotus purpuratus","Yes","Yes","Yes","Internal skeleton","Exoskeleton","Calcite","Meroplanktonic","No","Sea urchins"
"2559",0.0609019271297074,0.591510224718096,1,1.25,"Eukaryota","Arthropoda","Copepoda","Calanoida","Mecynoceridae","Mecynocera","Mecynocera clausi","Variable","Variable","Variable","Exoskeleton","Exoskeleton","Chitin + Calcium","Holoplanktonic","No","Copepods"
"2643",0.0609019271297074,0.591510224718096,1,1.25,"Eukaryota","Arthropoda","Copepoda","Calanoida","Eucalanidae","Eucalanus","Eucalanus californicus","Variable","Variable","Variable","Exoskeleton","Exoskeleton","Chitin + Calcium","Holoplanktonic","No","Copepods"
"2782",0.0609019271297074,0.591510224718096,1,1.25,"Eukaryota","Arthropoda","Copepoda","Calanoida","Calanidae","Calanus","Calanus pacificus","Variable","Variable","Variable","Exoskeleton","Exoskeleton","Chitin + Calcium","Holoplanktonic","No","Copepods"
"3616",0.0609019271297074,0.591510224718096,1,1.25,"Eukaryota","Arthropoda","Copepoda","Calanoida","Eucalanidae","Rhincalanus","Rhincalanus nasutus","Variable","Variable","Variable","Exoskeleton","Exoskeleton","Chitin + Calcium","Holoplanktonic","No","Copepods"
"4352",0.0609019271297074,0.591510224718096,1,1.25,"Eukaryota","Bryozoa","Gymnolaemata","Cheilostomatida","Membraniporidae",NA,NA,"Yes","Yes","Yes","External shell","External shell","Calcite","Meroplanktonic","No","Encrusting bryozoans"
"4355",0.0609019271297074,0.591510224718096,1,1.25,"Eukaryota","Bryozoa","Gymnolaemata","Cheilostomatida","Membraniporidae","Membranipora","Membranipora villosa","Yes","Yes","Yes","External shell","External shell","Calcite","Meroplanktonic","No","Encrusting bryozoans"
"4356",0.0609019271297074,0.591510224718096,1,1.25,"Eukaryota","Arthropoda","Copepoda","Calanoida","Acartiidae","Acartia","Acartia californiensis","Variable","Variable","Variable","Exoskeleton","Exoskeleton","Chitin + Calcium","Holoplanktonic","No","Copepods"
"4449",0.0609019271297074,0.591510224718096,1,1.25,"Eukaryota","Arthropoda","Copepoda","Poecilostomatoida","Oncaeidae","Oncaea","Oncaea sp.","Variable","Variable","Variable","Exoskeleton","Exoskeleton","Chitin + Calcium","Holoplanktonic","No","Parasitic or predatory copepods"
"4553",0.0609019271297074,0.591510224718096,1,1.25,"Eukaryota","Arthropoda","Copepoda","Calanoida","Calanidae","Neocalanus",NA,"Variable","Variable","Variable","Exoskeleton","Exoskeleton","Chitin + Calcium","Holoplanktonic","No","Copepods"
"4664",0.0609019271297074,0.591510224718096,1,1.25,"Eukaryota","Arthropoda","Copepoda","Calanoida","Clausocalanidae","Clausocalanus","Clausocalanus parapergens","Variable","Variable","Variable","Exoskeleton","Exoskeleton","Chitin + Calcium","Holoplanktonic","No","Copepods"
"4785",0.0609019271297074,0.591510224718096,1,1.25,"Eukaryota","Bryozoa","Gymnolaemata","Cheilostomatida","Membraniporidae","Membranipora","Membranipora villosa","Yes","Yes","Yes","External shell","External shell","Calcite","Meroplanktonic","No","Encrusting bryozoans"
"4880",0.0609019271297074,0.591510224718096,1,1.25,"Eukaryota","Arthropoda","Malacostraca","Euphausiacea","Euphausiidae","Hansarsia",NA,"Variable","No","Variable","None","Exoskeleton","Chitin + Calcium","Holoplanktonic","No","Krill"
"4881",0.0609019271297074,0.591510224718096,1,1.25,"Eukaryota","Echinodermata","Ophiuroidea","Amphilepidida","Amphiuridae",NA,NA,"Yes","Yes","Yes","Internal skeleton","Internal skeleton","Calcite","Meroplanktonic","No","Brittle stars"
"4892",0.0609019271297074,0.591510224718096,1,1.25,"Eukaryota","Cnidaria","Hydrozoa","Siphonophorae","Athorybiidae",NA,NA,"No","No","No","None","None","None","Holoplanktonic","No","Colonial hydrozoans (e.g., Portuguese man o' war)"
"5098",0.0609019271297074,0.591510224718096,1,1.25,"Eukaryota","Arthropoda","Malacostraca","Euphausiacea","Euphausiidae","Stylocheiron",NA,"Variable","No","Variable","None","Exoskeleton","Chitin + Calcium","Holoplanktonic","No","Krill"
"5099",0.0609019271297074,0.591510224718096,1,1.25,"Eukaryota","Arthropoda","Ostracoda","Halocyprida","Halocyprididae","Mikroconchoecia","Mikroconchoecia sp. Os099_1_3","Variable","No","Variable","None","Exoskeleton","Chitin + Calcium","Holoplanktonic","No","Ostracods (seed shrimp)"
"5100",0.0609019271297074,0.591510224718096,1,1.25,"Eukaryota","Mollusca","Gastropoda","Pteropoda","Limacinidae",NA,NA,"Yes","Yes","Yes","External shell","External shell","Aragonite","Holoplanktonic","No","Sea butterflies"
"5277",0.0609019271297074,0.591510224718096,1,1.25,"Eukaryota","Arthropoda","Malacostraca","Euphausiacea","Euphausiidae","Nyctiphanes","Nyctiphanes simplex","Variable","No","Variable","None","Exoskeleton","Chitin + Calcium","Holoplanktonic","No","Krill"
"5406",0.0609019271297074,0.591510224718096,1,1.25,"Eukaryota","Arthropoda","Malacostraca","Euphausiacea","Euphausiidae","Stylocheiron",NA,"Variable","No","Variable","None","Exoskeleton","Chitin + Calcium","Holoplanktonic","No","Krill"
"5407",0.0609019271297074,0.591510224718096,1,1.25,"Eukaryota","Arthropoda","Malacostraca","Euphausiacea","Euphausiidae",NA,NA,"Variable","No","Variable","None","Exoskeleton","Chitin + Calcium","Holoplanktonic","No","Krill"
"5408",0.0609019271297074,0.591510224718096,1,1.25,"Eukaryota","Arthropoda","Malacostraca","Euphausiacea","Euphausiidae","Hansarsia","Hansarsia difficilis","Variable","No","Variable","None","Exoskeleton","Chitin + Calcium","Holoplanktonic","No","Krill"
"5852",0.0609019271297074,0.591510224718096,1,1.25,"Eukaryota","Bryozoa","Gymnolaemata","Cheilostomatida","Membraniporidae","Membranipora","Membranipora villosa","Yes","Yes","Yes","External shell","External shell","Calcite","Meroplanktonic","No","Encrusting bryozoans"
"5853",0.0609019271297074,0.591510224718096,1,1.25,"Eukaryota","Arthropoda","Copepoda","Calanoida","Calanidae","Calanus","Calanus pacificus","Variable","Variable","Variable","Exoskeleton","Exoskeleton","Chitin + Calcium","Holoplanktonic","No","Copepods"
"5854",0.0609019271297074,0.591510224718096,1,1.25,"Eukaryota","Mollusca","Gastropoda","Pteropoda","Creseidae","Styliola","Styliola sp.","Yes","Yes","Yes","External shell","External shell","Aragonite","Holoplanktonic","No","Sea butterflies"
"6227",0.0609019271297074,0.591510224718096,1,1.25,"Eukaryota","Mollusca","Gastropoda","Pteropoda","Creseidae","Styliola",NA,"Yes","Yes","Yes","External shell","External shell","Aragonite","Holoplanktonic","No","Sea butterflies"
"6229",0.0609019271297074,0.591510224718096,1,1.25,"Eukaryota","Arthropoda","Copepoda","Calanoida","Metridinidae","Pleuromamma","Pleuromamma gracilis","Variable","Variable","Variable","Exoskeleton","Exoskeleton","Chitin + Calcium","Holoplanktonic","No","Copepods"
"6230",0.0609019271297074,0.591510224718096,1,1.25,"Eukaryota","Arthropoda","Malacostraca","Euphausiacea","Euphausiidae",NA,NA,"Variable","No","Variable","None","Exoskeleton","Chitin + Calcium","Holoplanktonic","No","Krill"
"6231",0.0609019271297074,0.591510224718096,1,1.25,"Eukaryota","Arthropoda","Malacostraca","Euphausiacea","Euphausiidae","Euphausia","Euphausia recurva","Variable","No","Variable","None","Exoskeleton","Chitin + Calcium","Holoplanktonic","No","Krill"
"6677",0.0609019271297074,0.591510224718096,1,1.25,"Eukaryota","Arthropoda","Copepoda","Calanoida","Metridinidae","Pleuromamma",NA,"Variable","Variable","Variable","Exoskeleton","Exoskeleton","Chitin + Calcium","Holoplanktonic","No","Copepods"
"6678",0.0609019271297074,0.591510224718096,1,1.25,"Eukaryota","Arthropoda","Malacostraca","Euphausiacea","Euphausiidae",NA,NA,"Variable","No","Variable","None","Exoskeleton","Chitin + Calcium","Holoplanktonic","No","Krill"
"6681",0.0609019271297074,0.591510224718096,1,1.25,"Eukaryota","Annelida","Polychaeta","Spionida","Spionidae",NA,NA,"No","No","No","None","None","None","Benthic + Meroplanktonic","No","Marine worms (sediment burrowers)"
"6939",0.0609019271297074,0.591510224718096,1,1.25,"Eukaryota","Mollusca","Gastropoda","Nudibranchia","Dendronotidae","Dendronotus","Dendronotus iris","Variable","Variable","No","External shell","None","Aragonite","Meroplanktonic","No","Shell-less sea slugs"
"7165",0.0609019271297074,0.591510224718096,1,1.25,"Eukaryota","Arthropoda","Malacostraca","Euphausiacea","Euphausiidae","Hansarsia",NA,"Variable","No","Variable","None","Exoskeleton","Chitin + Calcium","Holoplanktonic","No","Krill"
"7166",0.0609019271297074,0.591510224718096,1,1.25,"Eukaryota","Arthropoda","Ostracoda","Halocyprida","Halocyprididae","Discoconchoecia","Discoconchoecia sp. S8_D6","Variable","No","Variable","None","Exoskeleton","Chitin + Calcium","Holoplanktonic","No","Ostracods (seed shrimp)"
"7444",0.0609019271297074,0.591510224718096,1,1.25,"Eukaryota","Gastrotricha","Macrodasyida","Macrodasyida","Macrodasyidae",NA,NA,"No","No","No","None","None","None","Benthic","No","Interstitial gastrotrichs (marine meiofauna)"
"3011",0.0608180476540906,0.592021919338502,3,3.75,"Eukaryota","Arthropoda","Malacostraca","Euphausiacea","Euphausiidae","Thysanoessa","Thysanoessa gregaria","Variable","No","Variable","None","Exoskeleton","Chitin + Calcium","Holoplanktonic","No","Krill"
"574",0.0608113129486696,0.592063012075743,30,37.5,"Eukaryota","Arthropoda","Malacostraca","Euphausiacea","Euphausiidae","Hansarsia","Hansarsia difficilis","Variable","No","Variable","None","Exoskeleton","Chitin + Calcium","Holoplanktonic","No","Krill"
"873",0.0602483235542865,0.595502699086945,3,3.75,"Eukaryota","Arthropoda","Copepoda","Calanoida","Calanidae","Calanus","Calanus pacificus","Variable","Variable","Variable","Exoskeleton","Exoskeleton","Chitin + Calcium","Holoplanktonic","No","Copepods"
"41",0.0595874355368026,0.598856491495045,80,100,"Eukaryota","Arthropoda","Ostracoda","Halocyprida","Halocyprididae","Discoconchoecia",NA,"Variable","No","Variable","None","Exoskeleton","Chitin + Calcium","Holoplanktonic","No","Ostracods (seed shrimp)"
"1048",0.0593668843949959,0.600905887084198,4,5,"Eukaryota","Arthropoda","Copepoda","Calanoida","Pontellidae","Labidocera","Labidocera trispinosa","Variable","Variable","Variable","Exoskeleton","Exoskeleton","Chitin + Calcium","Holoplanktonic","No","Copepods"
"1032",0.0593225218921048,0.60117840060279,3,3.75,"Eukaryota","Arthropoda","Copepoda","Calanoida","Calanidae","Calanus","Calanus pacificus","Variable","Variable","Variable","Exoskeleton","Exoskeleton","Chitin + Calcium","Holoplanktonic","No","Copepods"
"229",0.0592513063796293,0.601615983309232,3,3.75,"Eukaryota","Arthropoda","Copepoda","Calanoida","Pontellidae","Labidocera","Labidocera trispinosa","Variable","Variable","Variable","Exoskeleton","Exoskeleton","Chitin + Calcium","Holoplanktonic","No","Copepods"
"711",0.0590157774168085,0.603064190189881,10,12.5,"Eukaryota","Bryozoa","Gymnolaemata","Cheilostomatida","Membraniporidae",NA,NA,"Yes","Yes","Yes","External shell","External shell","Calcite","Meroplanktonic","No","Encrusting bryozoans"
"3756",0.0584358825487597,0.606636351395661,4,5,"Eukaryota","Arthropoda","Ostracoda","Halocyprida","Halocyprididae","Proceroecia","Proceroecia procera","Variable","No","Variable","None","Exoskeleton","Chitin + Calcium","Holoplanktonic","No","Ostracods (seed shrimp)"
"2942",0.0582542892049721,0.607756872819826,3,3.75,"Eukaryota","Arthropoda","Copepoda","Calanoida","Eucalanidae","Eucalanus","Eucalanus californicus","Variable","Variable","Variable","Exoskeleton","Exoskeleton","Chitin + Calcium","Holoplanktonic","No","Copepods"
"2516",0.0578801118038086,0.610068582882575,5,6.25,"Eukaryota","Arthropoda","Copepoda","Calanoida","Scolecitrichidae","Scolecithricella","Scolecithricella dentata","Variable","Variable","Variable","Exoskeleton","Exoskeleton","Chitin + Calcium","Holoplanktonic","No","Copepods"
"992",0.0569311869253562,0.615948236797396,11,13.75,"Eukaryota","Arthropoda","Copepoda","Calanoida","Metridinidae","Pleuromamma","Pleuromamma abdominalis","Variable","Variable","Variable","Exoskeleton","Exoskeleton","Chitin + Calcium","Holoplanktonic","No","Copepods"
"2214",0.0568126305239584,0.616684538433102,10,12.5,"Eukaryota","Arthropoda","Ostracoda","Halocyprida","Halocyprididae","Discoconchoecia","Discoconchoecia sp. S15_D2","Variable","No","Variable","None","Exoskeleton","Chitin + Calcium","Holoplanktonic","No","Ostracods (seed shrimp)"
"4893",0.0565451169055597,0.618347336457467,3,3.75,"Eukaryota","Arthropoda","Ostracoda","Halocyprida","Halocyprididae","Porroecia","Porroecia spinirostris","Variable","No","Variable","None","Exoskeleton","Chitin + Calcium","Holoplanktonic","No","Ostracods (seed shrimp)"
"578",0.0562919740666833,0.619922576384414,7,8.75,"Eukaryota","Mollusca","Gastropoda","Nudibranchia","Glaucidae","Hermissenda","Hermissenda opalescens","Variable","Variable","No","External shell","None","Aragonite","Meroplanktonic","No","Shell-less sea slugs"
"472",0.0560297729593308,0.621555988741761,1,1.25,"Eukaryota","Arthropoda","Copepoda","Calanoida","Calanidae","Calanus","Calanus pacificus","Variable","Variable","Variable","Exoskeleton","Exoskeleton","Chitin + Calcium","Holoplanktonic","No","Copepods"
"491",0.0560297729593308,0.621555988741761,1,1.25,"Eukaryota","Arthropoda","Copepoda","Calanoida","Eucalanidae","Eucalanus","Eucalanus californicus","Variable","Variable","Variable","Exoskeleton","Exoskeleton","Chitin + Calcium","Holoplanktonic","No","Copepods"
"840",0.0560297729593308,0.621555988741761,1,1.25,"Eukaryota","Arthropoda","Copepoda","Calanoida","Calanidae","Calanus","Calanus pacificus","Variable","Variable","Variable","Exoskeleton","Exoskeleton","Chitin + Calcium","Holoplanktonic","No","Copepods"
"1410",0.0560297729593308,0.621555988741761,1,1.25,"Eukaryota","Arthropoda","Copepoda","Calanoida","Candaciidae","Candacia","Candacia curta","Variable","Variable","Variable","Exoskeleton","Exoskeleton","Chitin + Calcium","Holoplanktonic","No","Copepods"
"2081",0.0560297729593308,0.621555988741761,1,1.25,"Eukaryota","Arthropoda","Malacostraca","Decapoda","Hippolytidae","Lysmata","Lysmata californica","Variable","No","Variable","None","Exoskeleton","Calcite","Meroplanktonic","No","Crabs, lobsters, shrimp"
"2247",0.0560297729593308,0.621555988741761,1,1.25,"Eukaryota","Arthropoda","Copepoda","Calanoida","Scolecitrichidae","Scolecithricella","Scolecithricella dentata","Variable","Variable","Variable","Exoskeleton","Exoskeleton","Chitin + Calcium","Holoplanktonic","No","Copepods"
"2400",0.0560297729593308,0.621555988741761,1,1.25,"Eukaryota","Arthropoda","Copepoda","Calanoida","Eucalanidae","Eucalanus","Eucalanus californicus","Variable","Variable","Variable","Exoskeleton","Exoskeleton","Chitin + Calcium","Holoplanktonic","No","Copepods"
"2401",0.0560297729593308,0.621555988741761,1,1.25,"Eukaryota","Arthropoda","Copepoda","Calanoida","Eucalanidae","Eucalanus","Eucalanus californicus","Variable","Variable","Variable","Exoskeleton","Exoskeleton","Chitin + Calcium","Holoplanktonic","No","Copepods"
"2618",0.0560297729593308,0.621555988741761,1,1.25,"Eukaryota","Arthropoda","Copepoda","Calanoida","Eucalanidae","Eucalanus","Eucalanus californicus","Variable","Variable","Variable","Exoskeleton","Exoskeleton","Chitin + Calcium","Holoplanktonic","No","Copepods"
"2666",0.0560297729593308,0.621555988741761,1,1.25,"Eukaryota","Bryozoa","Gymnolaemata","Cheilostomatida","Membraniporidae","Membranipora","Membranipora villosa","Yes","Yes","Yes","External shell","External shell","Calcite","Meroplanktonic","No","Encrusting bryozoans"
"2971",0.0560297729593308,0.621555988741761,1,1.25,"Eukaryota","Mollusca","Gastropoda","Pteropoda","Creseidae","Styliola","Styliola sp.","Yes","Yes","Yes","External shell","External shell","Aragonite","Holoplanktonic","No","Sea butterflies"
"2972",0.0560297729593308,0.621555988741761,1,1.25,"Eukaryota","Arthropoda","Copepoda","Calanoida","Mecynoceridae","Mecynocera","Mecynocera clausi","Variable","Variable","Variable","Exoskeleton","Exoskeleton","Chitin + Calcium","Holoplanktonic","No","Copepods"
"3102",0.0560297729593308,0.621555988741761,1,1.25,"Eukaryota","Arthropoda","Copepoda","Poecilostomatoida","Oncaeidae","Oncaea","Oncaea sp.","Variable","Variable","Variable","Exoskeleton","Exoskeleton","Chitin + Calcium","Holoplanktonic","No","Parasitic or predatory copepods"
"3103",0.0560297729593308,0.621555988741761,1,1.25,"Eukaryota","Arthropoda","Copepoda","Calanoida","Calanidae","Calanus","Calanus pacificus","Variable","Variable","Variable","Exoskeleton","Exoskeleton","Chitin + Calcium","Holoplanktonic","No","Copepods"
"3362",0.0560297729593308,0.621555988741761,1,1.25,"Eukaryota","Mollusca","Gastropoda","Nudibranchia","Glaucidae","Hermissenda","Hermissenda opalescens","Variable","Variable","No","External shell","None","Aragonite","Meroplanktonic","No","Shell-less sea slugs"
"3540",0.0560297729593308,0.621555988741761,1,1.25,"Eukaryota","Chordata","Actinopteri","Gadiformes","Moridae","Physiculus","Physiculus rastrelliger","No","No","No","None","None","None","Meroplanktonic","No","Cods and grenadiers"
"3671",0.0560297729593308,0.621555988741761,1,1.25,"Eukaryota","Mollusca","Gastropoda","Pteropoda","Creseidae","Styliola","Styliola sp.","Yes","Yes","Yes","External shell","External shell","Aragonite","Holoplanktonic","No","Sea butterflies"
"3749",0.0560297729593308,0.621555988741761,1,1.25,"Eukaryota","Arthropoda","Copepoda","Poecilostomatoida","Corycaeidae","Farranula",NA,"Variable","Variable","Variable","Exoskeleton","Exoskeleton","Chitin + Calcium","Holoplanktonic","No","Parasitic or predatory copepods"
"3750",0.0560297729593308,0.621555988741761,1,1.25,"Eukaryota","Arthropoda","Copepoda","Calanoida","Lucicutiidae","Lucicutia","Lucicutia flavicornis","Variable","Variable","Variable","Exoskeleton","Exoskeleton","Chitin + Calcium","Holoplanktonic","No","Copepods"
"4011",0.0560297729593308,0.621555988741761,1,1.25,"Eukaryota","Arthropoda","Copepoda","Calanoida","Eucalanidae","Eucalanus","Eucalanus californicus","Variable","Variable","Variable","Exoskeleton","Exoskeleton","Chitin + Calcium","Holoplanktonic","No","Copepods"
"4438",0.0560297729593308,0.621555988741761,1,1.25,"Eukaryota","Arthropoda","Copepoda","Calanoida","Eucalanidae","Eucalanus","Eucalanus californicus","Variable","Variable","Variable","Exoskeleton","Exoskeleton","Chitin + Calcium","Holoplanktonic","No","Copepods"
"4453",0.0560297729593308,0.621555988741761,1,1.25,"Eukaryota","Arthropoda","Copepoda","Calanoida","Eucalanidae","Eucalanus","Eucalanus californicus","Variable","Variable","Variable","Exoskeleton","Exoskeleton","Chitin + Calcium","Holoplanktonic","No","Copepods"
"4556",0.0560297729593308,0.621555988741761,1,1.25,"Eukaryota","Bryozoa","Gymnolaemata","Cheilostomatida","Membraniporidae","Membranipora",NA,"Yes","Yes","Yes","External shell","External shell","Calcite","Meroplanktonic","No","Encrusting bryozoans"
"4668",0.0560297729593308,0.621555988741761,1,1.25,"Eukaryota","Cnidaria","Hydrozoa","Siphonophorae","Diphyidae","Diphyes","Diphyes sp. HAW01","No","No","No","None","None","None","Holoplanktonic","No","Colonial hydrozoans (e.g., Portuguese man o' war)"
"4787",0.0560297729593308,0.621555988741761,1,1.25,"Eukaryota","Arthropoda","Copepoda","Poecilostomatoida","Oncaeidae","Oncaea","Oncaea sp.","Variable","Variable","Variable","Exoskeleton","Exoskeleton","Chitin + Calcium","Holoplanktonic","No","Parasitic or predatory copepods"
"5009",0.0560297729593308,0.621555988741761,1,1.25,"Eukaryota","Mollusca","Gastropoda","Acteonidae","Acteonidae","Rictaxis","Rictaxis punctocaelatus","Yes","Yes","Yes","External shell","External shell","Aragonite","Benthic + Meroplanktonic","No","Bubble snails (Acteon and Rictaxis)"
"5281",0.0560297729593308,0.621555988741761,1,1.25,"Eukaryota","Bryozoa","Gymnolaemata","Cheilostomatida","Membraniporidae","Membranipora",NA,"Yes","Yes","Yes","External shell","External shell","Calcite","Meroplanktonic","No","Encrusting bryozoans"
"5413",0.0560297729593308,0.621555988741761,1,1.25,"Eukaryota","Mollusca","Gastropoda","Cephalaspidea","Philinidae","Philine",NA,"Variable","Yes","Yes","External shell","External shell","Aragonite","Meroplanktonic","No","Bubble snails"
"5566",0.0560297729593308,0.621555988741761,1,1.25,"Eukaryota","Arthropoda","Copepoda","Calanoida","Metridinidae","Pleuromamma","Pleuromamma abdominalis","Variable","Variable","Variable","Exoskeleton","Exoskeleton","Chitin + Calcium","Holoplanktonic","No","Copepods"
"5860",0.0560297729593308,0.621555988741761,1,1.25,"Eukaryota","Arthropoda","Malacostraca","Euphausiacea","Euphausiidae","Hansarsia","Hansarsia difficilis","Variable","No","Variable","None","Exoskeleton","Chitin + Calcium","Holoplanktonic","No","Krill"
"6446",0.0560297729593308,0.621555988741761,1,1.25,"Eukaryota","Echinodermata","Asteroidea","Paxillosida","Luidiidae","Luidia","Luidia foliolata","Variable","No","Yes","None","Internal skeleton","Calcite","Meroplanktonic","No","Starfish without suckers"
"6447",0.0560297729593308,0.621555988741761,1,1.25,"Eukaryota","Annelida","Sipuncula","Phascolosomatiformes","Phascolosomatidae","Phascolosoma","Phascolosoma agassizii","No","No","No","None","None","None","Benthic + Meroplanktonic","No","Peanut worms (marine unsegmented worms)"
"6449",0.0560297729593308,0.621555988741761,1,1.25,"Eukaryota","Arthropoda","Malacostraca","Euphausiacea","Euphausiidae","Euphausia","Euphausia pacifica","Variable","No","Variable","None","Exoskeleton","Chitin + Calcium","Holoplanktonic","No","Krill"
"6450",0.0560297729593308,0.621555988741761,1,1.25,"Eukaryota","Mollusca","Gastropoda","Nudibranchia","Glaucidae","Hermissenda","Hermissenda opalescens","Variable","Variable","No","External shell","None","Aragonite","Meroplanktonic","No","Shell-less sea slugs"
"6695",0.0560297729593308,0.621555988741761,1,1.25,"Eukaryota","Bryozoa","Gymnolaemata","Cheilostomatida","Membraniporidae",NA,NA,"Yes","Yes","Yes","External shell","External shell","Calcite","Meroplanktonic","No","Encrusting bryozoans"
"6696",0.0560297729593308,0.621555988741761,1,1.25,"Eukaryota","Echinodermata","Echinoidea","Camarodonta","Strongylocentrotidae","Allocentrotus","Allocentrotus fragilis","Yes","Yes","Yes","Internal skeleton","Exoskeleton","Calcite","Meroplanktonic","No","Sea urchins"
"6697",0.0560297729593308,0.621555988741761,1,1.25,"Eukaryota","Arthropoda","Malacostraca","Decapoda","Munididae","Pleuroncodes","Pleuroncodes planipes","Variable","No","Variable","None","Exoskeleton","Calcite","Meroplanktonic","No","Crabs, lobsters, shrimp"
"7183",0.0560297729593308,0.621555988741761,1,1.25,"Eukaryota","Arthropoda","Thecostraca","Balanomorpha","Chthamalidae","Chthamalus","Chthamalus fissus","Yes","Yes","Yes","External shell","External shell","Calcite","Meroplanktonic","No","Barnacles"
"7454",0.0560297729593308,0.621555988741761,1,1.25,"Eukaryota","Arthropoda","Copepoda","Calanoida","Paracalanidae",NA,NA,"Variable","Variable","Variable","Exoskeleton","Exoskeleton","Chitin + Calcium","Holoplanktonic","No","Copepods"
"7680",0.0560297729593308,0.621555988741761,1,1.25,"Eukaryota","Arthropoda","Copepoda","Calanoida","Calocalanidae","Calocalanus",NA,"Variable","Variable","Variable","Exoskeleton","Exoskeleton","Chitin + Calcium","Holoplanktonic","No","Copepods"
"3854",0.0550532425074348,0.627655450383425,4,5,"Eukaryota","Mollusca","Bivalvia","Cardiida","Tellinidae",NA,NA,"Yes","Yes","Yes","External shell","External shell","Aragonite/Calcite","Meroplanktonic","No","Clams"
"964",0.0543705078201949,0.631934746516848,4,5,"Eukaryota","Mollusca","Gastropoda","Nudibranchia","Glaucidae","Hermissenda","Hermissenda opalescens","Variable","Variable","No","External shell","None","Aragonite","Meroplanktonic","No","Shell-less sea slugs"
"1301",0.0536899492697491,0.636212470631024,5,6.25,"Eukaryota","Bryozoa","Gymnolaemata","Cheilostomatida","Membraniporidae","Membranipora","Membranipora villosa","Yes","Yes","Yes","External shell","External shell","Calcite","Meroplanktonic","No","Encrusting bryozoans"
"495",0.0532286433370173,0.63911885004328,22,27.5,"Eukaryota","Arthropoda","Ostracoda","Halocyprida","Halocyprididae","Discoconchoecia",NA,"Variable","No","Variable","None","Exoskeleton","Chitin + Calcium","Holoplanktonic","No","Ostracods (seed shrimp)"
"2535",0.0521814907574877,0.645736403347275,5,6.25,"Eukaryota","Echinodermata","Echinoidea","Camarodonta","Strongylocentrotidae","Allocentrotus","Allocentrotus fragilis","Yes","Yes","Yes","Internal skeleton","Exoskeleton","Calcite","Meroplanktonic","No","Sea urchins"
"2210",0.0516312465447491,0.64922480517336,3,3.75,"Eukaryota","Mollusca","Gastropoda","Littorinimorpha","Atlantidae","Atlanta","Atlanta sp. USNM IZ 1230636","Yes","Yes","Yes","External shell","External shell","Aragonite/Calcite","Meroplanktonic","No","Periwinkles and related snails"
"4309",0.0515600310322736,0.64967684650028,3,3.75,"Eukaryota","Arthropoda","Ostracoda","Halocyprida","Halocyprididae","Proceroecia","Proceroecia procera","Variable","No","Variable","None","Exoskeleton","Chitin + Calcium","Holoplanktonic","No","Ostracods (seed shrimp)"
"211",0.0511576187889542,0.652233535971199,1,1.25,"Eukaryota","Arthropoda","Copepoda","Calanoida","Pontellidae","Labidocera","Labidocera trispinosa","Variable","Variable","Variable","Exoskeleton","Exoskeleton","Chitin + Calcium","Holoplanktonic","No","Copepods"
"338",0.0511576187889542,0.652233535971199,1,1.25,"Eukaryota","Arthropoda","Copepoda","Calanoida","Pontellidae","Labidocera","Labidocera trispinosa","Variable","Variable","Variable","Exoskeleton","Exoskeleton","Chitin + Calcium","Holoplanktonic","No","Copepods"
"412",0.0511576187889542,0.652233535971199,1,1.25,"Eukaryota","Arthropoda","Copepoda","Calanoida","Pontellidae","Labidocera","Labidocera trispinosa","Variable","Variable","Variable","Exoskeleton","Exoskeleton","Chitin + Calcium","Holoplanktonic","No","Copepods"
"431",0.0511576187889542,0.652233535971199,1,1.25,"Eukaryota","Arthropoda","Copepoda","Calanoida","Pontellidae","Labidocera","Labidocera trispinosa","Variable","Variable","Variable","Exoskeleton","Exoskeleton","Chitin + Calcium","Holoplanktonic","No","Copepods"
"500",0.0511576187889542,0.652233535971199,1,1.25,"Eukaryota","Arthropoda","Copepoda","Calanoida","Pontellidae","Labidocera","Labidocera trispinosa","Variable","Variable","Variable","Exoskeleton","Exoskeleton","Chitin + Calcium","Holoplanktonic","No","Copepods"
"585",0.0511576187889542,0.652233535971199,1,1.25,"Eukaryota","Arthropoda","Copepoda","Calanoida","Pontellidae","Labidocera","Labidocera trispinosa","Variable","Variable","Variable","Exoskeleton","Exoskeleton","Chitin + Calcium","Holoplanktonic","No","Copepods"
"1030",0.0511576187889542,0.652233535971199,1,1.25,"Eukaryota","Arthropoda","Copepoda","Calanoida","Pontellidae","Labidocera","Labidocera trispinosa","Variable","Variable","Variable","Exoskeleton","Exoskeleton","Chitin + Calcium","Holoplanktonic","No","Copepods"
"1067",0.0511576187889542,0.652233535971199,1,1.25,"Eukaryota","Arthropoda","Copepoda","Calanoida","Calanidae","Calanus","Calanus pacificus","Variable","Variable","Variable","Exoskeleton","Exoskeleton","Chitin + Calcium","Holoplanktonic","No","Copepods"
"1167",0.0511576187889542,0.652233535971199,1,1.25,"Eukaryota","Arthropoda","Copepoda","Calanoida","Eucalanidae","Eucalanus","Eucalanus californicus","Variable","Variable","Variable","Exoskeleton","Exoskeleton","Chitin + Calcium","Holoplanktonic","No","Copepods"
"1532",0.0511576187889542,0.652233535971199,1,1.25,"Eukaryota","Mollusca","Gastropoda","Pteropoda","Creseidae","Styliola","Styliola sp.","Yes","Yes","Yes","External shell","External shell","Aragonite","Holoplanktonic","No","Sea butterflies"
"1621",0.0511576187889542,0.652233535971199,1,1.25,"Eukaryota","Arthropoda","Copepoda","Calanoida","Eucalanidae","Eucalanus","Eucalanus californicus","Variable","Variable","Variable","Exoskeleton","Exoskeleton","Chitin + Calcium","Holoplanktonic","No","Copepods"
"1856",0.0511576187889542,0.652233535971199,1,1.25,"Eukaryota","Chordata","Actinopteri","Clupeiformes","Clupeidae","Sardinops","Sardinops sagax","No","No","No","None","None","None","Meroplanktonic","No","Anchovies and herrings"
"1942",0.0511576187889542,0.652233535971199,1,1.25,"Eukaryota","Arthropoda","Copepoda","Calanoida","Calanidae","Calanus","Calanus pacificus","Variable","Variable","Variable","Exoskeleton","Exoskeleton","Chitin + Calcium","Holoplanktonic","No","Copepods"
"2389",0.0511576187889542,0.652233535971199,1,1.25,"Eukaryota","Arthropoda","Copepoda","Poecilostomatoida","Oncaeidae","Oncaea","Oncaea sp.","Variable","Variable","Variable","Exoskeleton","Exoskeleton","Chitin + Calcium","Holoplanktonic","No","Parasitic or predatory copepods"
"2765",0.0511576187889542,0.652233535971199,1,1.25,"Eukaryota","Arthropoda","Copepoda","Calanoida","Eucalanidae","Eucalanus","Eucalanus californicus","Variable","Variable","Variable","Exoskeleton","Exoskeleton","Chitin + Calcium","Holoplanktonic","No","Copepods"
"2991",0.0511576187889542,0.652233535971199,1,1.25,"Eukaryota","Arthropoda","Copepoda","Calanoida","Pontellidae","Labidocera",NA,"Variable","Variable","Variable","Exoskeleton","Exoskeleton","Chitin + Calcium","Holoplanktonic","No","Copepods"
"3240",0.0511576187889542,0.652233535971199,1,1.25,"Eukaryota","Arthropoda","Copepoda","Calanoida","Calanidae","Calanus","Calanus pacificus","Variable","Variable","Variable","Exoskeleton","Exoskeleton","Chitin + Calcium","Holoplanktonic","No","Copepods"
"3342",0.0511576187889542,0.652233535971199,1,1.25,"Eukaryota","Arthropoda","Copepoda","Calanoida","Eucalanidae","Eucalanus","Eucalanus californicus","Variable","Variable","Variable","Exoskeleton","Exoskeleton","Chitin + Calcium","Holoplanktonic","No","Copepods"
"3594",0.0511576187889542,0.652233535971199,1,1.25,"Eukaryota","Mollusca","Cephalopoda","Octopoda","Octopodidae","Octopus",NA,"Variable","Yes","No","Statoliths","None","Aragonite","Meroplanktonic","No","Octopi"
"3711",0.0511576187889542,0.652233535971199,1,1.25,"Eukaryota","Arthropoda","Copepoda","Calanoida","Calanidae","Calanus","Calanus pacificus","Variable","Variable","Variable","Exoskeleton","Exoskeleton","Chitin + Calcium","Holoplanktonic","No","Copepods"
"3887",0.0511576187889542,0.652233535971199,1,1.25,"Eukaryota","Arthropoda","Copepoda","Calanoida","Eucalanidae","Eucalanus","Eucalanus californicus","Variable","Variable","Variable","Exoskeleton","Exoskeleton","Chitin + Calcium","Holoplanktonic","No","Copepods"
"4230",0.0511576187889542,0.652233535971199,1,1.25,"Eukaryota","Arthropoda","Copepoda","Calanoida","Eucalanidae","Eucalanus","Eucalanus californicus","Variable","Variable","Variable","Exoskeleton","Exoskeleton","Chitin + Calcium","Holoplanktonic","No","Copepods"
"4510",0.0511576187889542,0.652233535971199,1,1.25,"Eukaryota","Arthropoda","Malacostraca","Euphausiacea","Euphausiidae","Hansarsia","Hansarsia difficilis","Variable","No","Variable","None","Exoskeleton","Chitin + Calcium","Holoplanktonic","No","Krill"
"4608",0.0511576187889542,0.652233535971199,1,1.25,"Eukaryota","Arthropoda","Copepoda","Calanoida","Eucalanidae","Eucalanus","Eucalanus californicus","Variable","Variable","Variable","Exoskeleton","Exoskeleton","Chitin + Calcium","Holoplanktonic","No","Copepods"
"4609",0.0511576187889542,0.652233535971199,1,1.25,"Eukaryota","Arthropoda","Copepoda","Calanoida","Pontellidae","Labidocera",NA,"Variable","Variable","Variable","Exoskeleton","Exoskeleton","Chitin + Calcium","Holoplanktonic","No","Copepods"
"4736",0.0511576187889542,0.652233535971199,1,1.25,"Eukaryota","Arthropoda","Copepoda","Calanoida","Calanidae","Calanus","Calanus pacificus","Variable","Variable","Variable","Exoskeleton","Exoskeleton","Chitin + Calcium","Holoplanktonic","No","Copepods"
"5208",0.0511576187889542,0.652233535971199,1,1.25,"Eukaryota","Arthropoda","Copepoda","Calanoida","Eucalanidae","Rhincalanus","Rhincalanus nasutus","Variable","Variable","Variable","Exoskeleton","Exoskeleton","Chitin + Calcium","Holoplanktonic","No","Copepods"
"5209",0.0511576187889542,0.652233535971199,1,1.25,"Eukaryota","Arthropoda","Copepoda","Calanoida","Eucalanidae","Eucalanus","Eucalanus californicus","Variable","Variable","Variable","Exoskeleton","Exoskeleton","Chitin + Calcium","Holoplanktonic","No","Copepods"
"5346",0.0511576187889542,0.652233535971199,1,1.25,"Eukaryota","Arthropoda","Copepoda","Calanoida","Eucalanidae","Eucalanus","Eucalanus californicus","Variable","Variable","Variable","Exoskeleton","Exoskeleton","Chitin + Calcium","Holoplanktonic","No","Copepods"
"5497",0.0511576187889542,0.652233535971199,1,1.25,"Eukaryota","Bryozoa","Gymnolaemata","Cheilostomatida","Membraniporidae","Membranipora","Membranipora villosa","Yes","Yes","Yes","External shell","External shell","Calcite","Meroplanktonic","No","Encrusting bryozoans"
"5498",0.0511576187889542,0.652233535971199,1,1.25,"Eukaryota","Arthropoda","Malacostraca","Euphausiacea","Euphausiidae","Hansarsia","Hansarsia difficilis","Variable","No","Variable","None","Exoskeleton","Chitin + Calcium","Holoplanktonic","No","Krill"
"5962",0.0511576187889542,0.652233535971199,1,1.25,"Eukaryota","Arthropoda","Malacostraca","Euphausiacea","Euphausiidae","Nyctiphanes","Nyctiphanes simplex","Variable","No","Variable","None","Exoskeleton","Chitin + Calcium","Holoplanktonic","No","Krill"
"6350",0.0511576187889542,0.652233535971199,1,1.25,"Eukaryota","Arthropoda","Malacostraca","Euphausiacea","Euphausiidae","Nyctiphanes","Nyctiphanes simplex","Variable","No","Variable","None","Exoskeleton","Chitin + Calcium","Holoplanktonic","No","Krill"
"6351",0.0511576187889542,0.652233535971199,1,1.25,"Eukaryota","Arthropoda","Malacostraca","Euphausiacea","Euphausiidae","Nyctiphanes","Nyctiphanes simplex","Variable","No","Variable","None","Exoskeleton","Chitin + Calcium","Holoplanktonic","No","Krill"
"6563",0.0511576187889542,0.652233535971199,1,1.25,"Eukaryota","Arthropoda","Ostracoda","Halocyprida","Halocyprididae","Conchoecetta","Conchoecetta giesbrechti","Variable","No","Variable","None","Exoskeleton","Chitin + Calcium","Holoplanktonic","No","Ostracods (seed shrimp)"
"6565",0.0511576187889542,0.652233535971199,1,1.25,"Eukaryota","Arthropoda","Copepoda","Calanoida","Metridinidae","Pleuromamma","Pleuromamma abdominalis","Variable","Variable","Variable","Exoskeleton","Exoskeleton","Chitin + Calcium","Holoplanktonic","No","Copepods"
"6829",0.0511576187889542,0.652233535971199,1,1.25,"Eukaryota","Arthropoda","Ostracoda","Halocyprida","Halocyprididae","Porroecia","Porroecia spinirostris","Variable","No","Variable","None","Exoskeleton","Chitin + Calcium","Holoplanktonic","No","Ostracods (seed shrimp)"
"7050",0.0511576187889542,0.652233535971199,1,1.25,"Eukaryota","Chordata","Actinopteri","Clupeiformes","Clupeidae","Sardinops","Sardinops sagax","No","No","No","None","None","None","Meroplanktonic","No","Anchovies and herrings"
"7673",0.0511576187889542,0.652233535971199,1,1.25,"Eukaryota","Arthropoda","Copepoda","Calanoida","Eucalanidae","Eucalanus","Eucalanus californicus","Variable","Variable","Variable","Exoskeleton","Exoskeleton","Chitin + Calcium","Holoplanktonic","No","Copepods"
"2892",0.0510458410218134,0.652944419195336,6,7.5,"Eukaryota","Arthropoda","Malacostraca","Euphausiacea","Euphausiidae","Hansarsia","Hansarsia difficilis","Variable","No","Variable","None","Exoskeleton","Chitin + Calcium","Holoplanktonic","No","Krill"
"1377",0.0501623908288738,0.65857381057776,10,12.5,"Eukaryota","Annelida","Polychaeta","Phyllodocida","Alciopedidae","Torrea","Torrea sp. JE_2010","No","No","No","None","None","None","Benthic + Meroplanktonic","No","Active marine polychaetes"
"999",0.0499662541461223,0.659826196255184,2,2.5,"Eukaryota","Arthropoda","Copepoda","Calanoida","Eucalanidae","Eucalanus","Eucalanus californicus","Variable","Variable","Variable","Exoskeleton","Exoskeleton","Chitin + Calcium","Holoplanktonic","No","Copepods"
"1817",0.0490128650817557,0.665927113111955,2,2.5,"Eukaryota","Mollusca","Gastropoda","Pteropoda","Creseidae","Styliola","Styliola sp.","Yes","Yes","Yes","External shell","External shell","Aragonite","Holoplanktonic","No","Sea butterflies"
"751",0.0485450414110943,0.668928784324356,12,15,"Eukaryota","Arthropoda","Copepoda","Calanoida","Calanidae",NA,NA,"Variable","Variable","Variable","Exoskeleton","Exoskeleton","Chitin + Calcium","Holoplanktonic","No","Copepods"
"2982",0.0484977639958264,0.669232417656705,3,3.75,"Eukaryota","Arthropoda","Copepoda","Calanoida","Metridinidae","Pleuromamma","Pleuromamma abdominalis","Variable","Variable","Variable","Exoskeleton","Exoskeleton","Chitin + Calcium","Holoplanktonic","No","Copepods"
"111",0.0481840889357837,0.671248298127319,16,20,"Eukaryota","Arthropoda","Copepoda","Calanoida","Acartiidae","Acartia","Acartia tonsa","Variable","Variable","Variable","Exoskeleton","Exoskeleton","Chitin + Calcium","Holoplanktonic","No","Copepods"
"612",0.0474527738855194,0.67595720266726,2,2.5,"Eukaryota","Arthropoda","Copepoda","Calanoida","Eucalanidae","Eucalanus","Eucalanus californicus","Variable","Variable","Variable","Exoskeleton","Exoskeleton","Chitin + Calcium","Holoplanktonic","No","Copepods"
"1332",0.0470627510864604,0.678473648133937,2,2.5,"Eukaryota","Arthropoda","Copepoda","Calanoida","Calanidae","Calanus","Calanus pacificus","Variable","Variable","Variable","Exoskeleton","Exoskeleton","Chitin + Calcium","Holoplanktonic","No","Copepods"
"314",0.0470250037808478,0.678717382779084,11,13.75,"Eukaryota","Mollusca","Gastropoda","Nudibranchia","Glaucidae","Hermissenda","Hermissenda opalescens","Variable","Variable","No","External shell","None","Aragonite","Meroplanktonic","No","Shell-less sea slugs"
"231",0.0462854646185776,0.6834992129624,1,1.25,"Eukaryota","Arthropoda","Copepoda","Calanoida","Pontellidae","Labidocera","Labidocera trispinosa","Variable","Variable","Variable","Exoskeleton","Exoskeleton","Chitin + Calcium","Holoplanktonic","No","Copepods"
"278",0.0462854646185776,0.6834992129624,1,1.25,"Eukaryota","Arthropoda","Copepoda","Calanoida","Pontellidae","Labidocera","Labidocera trispinosa","Variable","Variable","Variable","Exoskeleton","Exoskeleton","Chitin + Calcium","Holoplanktonic","No","Copepods"
"1608",0.0462854646185776,0.6834992129624,1,1.25,"Eukaryota","Mollusca","Gastropoda","Nudibranchia","Glaucidae","Hermissenda","Hermissenda opalescens","Variable","Variable","No","External shell","None","Aragonite","Meroplanktonic","No","Shell-less sea slugs"
"2636",0.0462854646185776,0.6834992129624,1,1.25,"Eukaryota","Mollusca","Gastropoda","Nudibranchia","Glaucidae","Hermissenda","Hermissenda opalescens","Variable","Variable","No","External shell","None","Aragonite","Meroplanktonic","No","Shell-less sea slugs"
"3824",0.0462854646185776,0.6834992129624,1,1.25,"Eukaryota","Arthropoda","Copepoda","Poecilostomatoida","Oncaeidae","Oncaea","Oncaea sp.","Variable","Variable","Variable","Exoskeleton","Exoskeleton","Chitin + Calcium","Holoplanktonic","No","Parasitic or predatory copepods"
"4249",0.0462854646185776,0.6834992129624,1,1.25,"Eukaryota","Arthropoda","Copepoda","Calanoida","Lucicutiidae","Lucicutia","Lucicutia flavicornis","Variable","Variable","Variable","Exoskeleton","Exoskeleton","Chitin + Calcium","Holoplanktonic","No","Copepods"
"4335",0.0462854646185776,0.6834992129624,1,1.25,"Eukaryota","Arthropoda","Copepoda","Poecilostomatoida","Oncaeidae","Oncaea","Oncaea sp.","Variable","Variable","Variable","Exoskeleton","Exoskeleton","Chitin + Calcium","Holoplanktonic","No","Parasitic or predatory copepods"
"4527",0.0462854646185776,0.6834992129624,1,1.25,"Eukaryota","Arthropoda","Copepoda","Calanoida","Pontellidae","Labidocera","Labidocera trispinosa","Variable","Variable","Variable","Exoskeleton","Exoskeleton","Chitin + Calcium","Holoplanktonic","No","Copepods"
"4751",0.0462854646185776,0.6834992129624,1,1.25,"Eukaryota","Mollusca","Gastropoda","Pteropoda","Cuvierinidae","Cuvierina","Cuvierina pacifica","Yes","Yes","Yes","External shell","External shell","Aragonite","Holoplanktonic","No","Sea butterflies"
"4957",0.0462854646185776,0.6834992129624,1,1.25,"Eukaryota","Arthropoda","Thecostraca","Balanomorpha","Chthamalidae","Chthamalus","Chthamalus fissus","Yes","Yes","Yes","External shell","External shell","Calcite","Meroplanktonic","No","Barnacles"
"5980",0.0462854646185776,0.6834992129624,1,1.25,"Eukaryota","Arthropoda","Copepoda","Calanoida","Pontellidae",NA,NA,"Variable","Variable","Variable","Exoskeleton","Exoskeleton","Chitin + Calcium","Holoplanktonic","No","Copepods"
"6593",0.0462854646185776,0.6834992129624,1,1.25,"Eukaryota","Arthropoda","Copepoda","Calanoida","Calanidae","Calanus","Calanus pacificus","Variable","Variable","Variable","Exoskeleton","Exoskeleton","Chitin + Calcium","Holoplanktonic","No","Copepods"
"6594",0.0462854646185776,0.6834992129624,1,1.25,"Eukaryota","Arthropoda","Malacostraca","Euphausiacea","Euphausiidae","Hansarsia",NA,"Variable","No","Variable","None","Exoskeleton","Chitin + Calcium","Holoplanktonic","No","Krill"
"6595",0.0462854646185776,0.6834992129624,1,1.25,"Eukaryota","Arthropoda","Copepoda","Calanoida","Calanidae","Calanus","Calanus pacificus","Variable","Variable","Variable","Exoskeleton","Exoskeleton","Chitin + Calcium","Holoplanktonic","No","Copepods"
"7347",0.0462854646185776,0.6834992129624,1,1.25,"Eukaryota","Arthropoda","Copepoda","Calanoida","Eucalanidae","Rhincalanus","Rhincalanus nasutus","Variable","Variable","Variable","Exoskeleton","Exoskeleton","Chitin + Calcium","Holoplanktonic","No","Copepods"
"7348",0.0462854646185776,0.6834992129624,1,1.25,"Eukaryota","Mollusca","Gastropoda","Nudibranchia","Flabellinidae","Flabellina","Flabellina cf_ trophina BOLD_ABA3308","Variable","Variable","No","External shell","None","Aragonite","Meroplanktonic","No","Shell-less sea slugs"
"7349",0.0462854646185776,0.6834992129624,1,1.25,"Eukaryota","Arthropoda","Copepoda","Calanoida","Scolecitrichidae","Scolecithricella","Scolecithricella dentata","Variable","Variable","Variable","Exoskeleton","Exoskeleton","Chitin + Calcium","Holoplanktonic","No","Copepods"
"7350",0.0462854646185776,0.6834992129624,1,1.25,"Eukaryota","Cnidaria","Hydrozoa","Anthoathecata","Pandeidae",NA,NA,"No","No","No","None","None","None","Benthic + Holoplanktonic","No","Colonial hydroids and small medusae"
"5739",0.0455893316233483,0.688011788891139,2,2.5,"Eukaryota","Arthropoda","Ostracoda","Halocyprida","Halocyprididae","Paraconchoecia","Paraconchoecia oblonga","Variable","No","Variable","None","Exoskeleton","Chitin + Calcium","Holoplanktonic","No","Ostracods (seed shrimp)"
"1660",0.0454831498193847,0.688701059583312,7,8.75,"Eukaryota","Arthropoda","Ostracoda","Halocyprida","Halocyprididae","Discoconchoecia",NA,"Variable","No","Variable","None","Exoskeleton","Chitin + Calcium","Holoplanktonic","No","Ostracods (seed shrimp)"
"317",0.0454745743798428,0.688756737436243,45,56.25,"Eukaryota","Arthropoda","Malacostraca","Euphausiacea","Euphausiidae","Hansarsia","Hansarsia difficilis","Variable","No","Variable","None","Exoskeleton","Chitin + Calcium","Holoplanktonic","No","Krill"
"655",0.0452705458779241,0.690081922689861,23,28.75,"Eukaryota","Arthropoda","Ostracoda","Halocyprida","Halocyprididae","Paraconchoecia","Paraconchoecia allotherium","Variable","No","Variable","None","Exoskeleton","Chitin + Calcium","Holoplanktonic","No","Ostracods (seed shrimp)"
"5451",0.0451506349094771,0.690861191553725,3,3.75,"Eukaryota","Arthropoda","Copepoda","Calanoida","Scolecitrichidae","Scolecithrix","Scolecithrix bradyi","Variable","Variable","Variable","Exoskeleton","Exoskeleton","Chitin + Calcium","Holoplanktonic","No","Copepods"
"865",0.0448216061434761,0.693001108825978,15,18.75,"Eukaryota","Arthropoda","Copepoda","Calanoida","Acartiidae","Acartia","Acartia californiensis","Variable","Variable","Variable","Exoskeleton","Exoskeleton","Chitin + Calcium","Holoplanktonic","No","Copepods"
"1284",0.044358889674865,0.696014561259919,16,20,"Eukaryota","Annelida","Polychaeta","Chaetopteridae","Chaetopteridae","Spiochaetopterus","Spiochaetopterus sp. 1 JM_2017","No","No","No","None","None","None","Benthic + Meroplanktonic","No","Tube-dwelling marine polychaetes"
"698",0.0441199353083067,0.697572605808033,13,16.25,"Eukaryota","Arthropoda","Ostracoda","Halocyprida","Halocyprididae","Proceroecia","Proceroecia procera","Variable","No","Variable","None","Exoskeleton","Chitin + Calcium","Holoplanktonic","No","Ostracods (seed shrimp)"
"267",0.0440104565606434,0.698286854011936,13,16.25,"Eukaryota","Arthropoda","Malacostraca","Amphipoda","Paraphronimidae","Paraphronima",NA,"Variable","Yes","Yes","Exoskeleton","Exoskeleton","Chitin + Calcium","Benthic + Holoplanktonic","No","Amphipods"
"6079",0.0437692252277394,0.69986159099053,2,2.5,"Eukaryota","Arthropoda","Copepoda","Calanoida","Paracalanidae","Paracalanus","Paracalanus tropicus","Variable","Variable","Variable","Exoskeleton","Exoskeleton","Chitin + Calcium","Holoplanktonic","No","Copepods"
"12",0.0433895921237693,0.701793427783453,80,100,"Eukaryota","Arthropoda","Ostracoda","Halocyprida","Halocyprididae","Discoconchoecia",NA,"Variable","No","Variable","None","Exoskeleton","Chitin + Calcium","Holoplanktonic","No","Ostracods (seed shrimp)"
"2364",0.0428005229977851,0.706197888536241,3,3.75,"Eukaryota","Arthropoda","Malacostraca","Euphausiacea","Euphausiidae","Nyctiphanes","Nyctiphanes simplex","Variable","No","Variable","None","Exoskeleton","Chitin + Calcium","Holoplanktonic","No","Krill"
"558",0.0427019513473677,0.706843776949296,4,5,"Eukaryota","Mollusca","Gastropoda","Nudibranchia","Glaucidae","Hermissenda","Hermissenda opalescens","Variable","Variable","No","External shell","None","Aragonite","Meroplanktonic","No","Shell-less sea slugs"
"5039",0.0424691492308758,0.708370028449967,2,2.5,"Eukaryota","Cnidaria","Hydrozoa","Siphonophorae","Diphyidae","Chelophyes","Chelophyes appendiculata","No","No","No","None","None","None","Holoplanktonic","No","Colonial hydrozoans (e.g., Portuguese man o' war)"
"895",0.0419439772782339,0.71181727007672,7,8.75,"Eukaryota","Arthropoda","Malacostraca","Decapoda","Cancridae","Romaleon",NA,"Variable","No","Variable","None","Exoskeleton","Calcite","Meroplanktonic","No","Crabs, lobsters, shrimp"
"1403",0.0417709495011315,0.712954298956521,4,5,"Eukaryota","Mollusca","Gastropoda","Nudibranchia","Glaucidae","Hermissenda","Hermissenda opalescens","Variable","Variable","No","External shell","None","Aragonite","Meroplanktonic","No","Shell-less sea slugs"
"1768",0.041413310448201,0.715306457200396,1,1.25,"Eukaryota","Arthropoda","Copepoda","Calanoida","Calanidae","Calanus","Calanus pacificus","Variable","Variable","Variable","Exoskeleton","Exoskeleton","Chitin + Calcium","Holoplanktonic","No","Copepods"
"2635",0.041413310448201,0.715306457200396,1,1.25,"Eukaryota","Bryozoa","Gymnolaemata","Cheilostomatida","Membraniporidae","Membranipora","Membranipora villosa","Yes","Yes","Yes","External shell","External shell","Calcite","Meroplanktonic","No","Encrusting bryozoans"
"2773",0.041413310448201,0.715306457200396,1,1.25,"Eukaryota","Mollusca","Gastropoda","Nudibranchia","Glaucidae","Hermissenda","Hermissenda opalescens","Variable","Variable","No","External shell","None","Aragonite","Meroplanktonic","No","Shell-less sea slugs"
"2962",0.041413310448201,0.715306457200396,1,1.25,"Eukaryota","Mollusca","Gastropoda","Nudibranchia","Glaucidae","Hermissenda","Hermissenda opalescens","Variable","Variable","No","External shell","None","Aragonite","Meroplanktonic","No","Shell-less sea slugs"
"3722",0.041413310448201,0.715306457200396,1,1.25,"Eukaryota","Arthropoda","Ostracoda","Halocyprida","Halocyprididae","Conchoecia","Conchoecia hyalophyllum","Variable","No","Variable","None","Exoskeleton","Chitin + Calcium","Holoplanktonic","No","Ostracods (seed shrimp)"
"3974",0.041413310448201,0.715306457200396,1,1.25,"Eukaryota","Mollusca","Gastropoda","Nudibranchia","Glaucidae","Hermissenda","Hermissenda opalescens","Variable","Variable","No","External shell","None","Aragonite","Meroplanktonic","No","Shell-less sea slugs"
"4630",0.041413310448201,0.715306457200396,1,1.25,"Eukaryota","Arthropoda","Copepoda","Calanoida","Pontellidae","Labidocera","Labidocera trispinosa","Variable","Variable","Variable","Exoskeleton","Exoskeleton","Chitin + Calcium","Holoplanktonic","No","Copepods"
"5977",0.041413310448201,0.715306457200396,1,1.25,"Eukaryota","Arthropoda","Copepoda","Calanoida","Metridinidae","Pleuromamma","Pleuromamma abdominalis","Variable","Variable","Variable","Exoskeleton","Exoskeleton","Chitin + Calcium","Holoplanktonic","No","Copepods"
"6164",0.041413310448201,0.715306457200396,1,1.25,"Eukaryota","Arthropoda","Copepoda","Calanoida","Aetideidae",NA,NA,"Variable","Variable","Variable","Exoskeleton","Exoskeleton","Chitin + Calcium","Holoplanktonic","No","Copepods"
"6165",0.041413310448201,0.715306457200396,1,1.25,"Eukaryota","Bryozoa","Gymnolaemata","Cheilostomatida","Membraniporidae","Membranipora","Membranipora villosa","Yes","Yes","Yes","External shell","External shell","Calcite","Meroplanktonic","No","Encrusting bryozoans"
"6166",0.041413310448201,0.715306457200396,1,1.25,"Eukaryota","Arthropoda","Copepoda","Calanoida","Metridinidae","Pleuromamma","Pleuromamma gracilis","Variable","Variable","Variable","Exoskeleton","Exoskeleton","Chitin + Calcium","Holoplanktonic","No","Copepods"
"6852",0.041413310448201,0.715306457200396,1,1.25,"Eukaryota","Mollusca","Gastropoda","Pteropoda","Creseidae","Styliola","Styliola sp.","Yes","Yes","Yes","External shell","External shell","Aragonite","Holoplanktonic","No","Sea butterflies"
"7085",0.041413310448201,0.715306457200396,1,1.25,"Eukaryota","Mollusca","Gastropoda","Nudibranchia","Dironidae","Dirona","Dirona picta","Variable","Variable","No","External shell","None","Aragonite","Meroplanktonic","No","Shell-less sea slugs"
"7579",0.041413310448201,0.715306457200396,1,1.25,"Eukaryota","Arthropoda","Copepoda","Calanoida","Euchaetidae","Euchaeta","Euchaeta acuta","Variable","Variable","Variable","Exoskeleton","Exoskeleton","Chitin + Calcium","Holoplanktonic","No","Copepods"
"5361",0.0412990808336986,0.716058294692091,2,2.5,"Eukaryota","Arthropoda","Malacostraca","Euphausiacea","Euphausiidae","Thysanoessa","Thysanoessa gregaria","Variable","No","Variable","None","Exoskeleton","Chitin + Calcium","Holoplanktonic","No","Krill"
"4325",0.0402367645486665,0.723063105310477,3,3.75,"Eukaryota","Arthropoda","Ostracoda","Halocyprida","Halocyprididae","Mikroconchoecia","Mikroconchoecia sp. USNM IZ 1448470","Variable","No","Variable","None","Exoskeleton","Chitin + Calcium","Holoplanktonic","No","Ostracods (seed shrimp)"
"2414",0.0400423407033972,0.724347604396028,2,2.5,"Eukaryota","Arthropoda","Malacostraca","Euphausiacea","Euphausiidae","Nyctiphanes","Nyctiphanes simplex","Variable","No","Variable","None","Exoskeleton","Chitin + Calcium","Holoplanktonic","No","Krill"
"954",0.0373857636496275,0.74197369660282,15,18.75,"Eukaryota","Arthropoda","Copepoda","Calanoida","Calanidae",NA,NA,"Variable","Variable","Variable","Exoskeleton","Exoskeleton","Chitin + Calcium","Holoplanktonic","No","Copepods"
"432",0.0367921507112383,0.745930833633889,2,2.5,"Eukaryota","Mollusca","Gastropoda","Nudibranchia","Glaucidae","Hermissenda",NA,"Variable","Variable","No","External shell","None","Aragonite","Meroplanktonic","No","Shell-less sea slugs"
"167",0.0365411562778244,0.747605996001817,1,1.25,"Eukaryota","Arthropoda","Copepoda","Calanoida","Pontellidae","Labidocera","Labidocera trispinosa","Variable","Variable","Variable","Exoskeleton","Exoskeleton","Chitin + Calcium","Holoplanktonic","No","Copepods"
"271",0.0365411562778244,0.747605996001817,1,1.25,"Eukaryota","Arthropoda","Copepoda","Calanoida","Pontellidae","Labidocera","Labidocera trispinosa","Variable","Variable","Variable","Exoskeleton","Exoskeleton","Chitin + Calcium","Holoplanktonic","No","Copepods"
"336",0.0365411562778244,0.747605996001817,1,1.25,"Eukaryota","Chordata","Actinopteri","Perciformes","Serranidae","Paralabrax","Paralabrax clathratus","No","No","No","None","None","None","Meroplanktonic","No","Perch-like fishes (most diverse fish group)"
"493",0.0365411562778244,0.747605996001817,1,1.25,"Eukaryota","Arthropoda","Copepoda","Calanoida","Pontellidae","Labidocera","Labidocera trispinosa","Variable","Variable","Variable","Exoskeleton","Exoskeleton","Chitin + Calcium","Holoplanktonic","No","Copepods"
"531",0.0365411562778244,0.747605996001817,1,1.25,"Eukaryota","Arthropoda","Copepoda","Calanoida","Pontellidae","Labidocera","Labidocera trispinosa","Variable","Variable","Variable","Exoskeleton","Exoskeleton","Chitin + Calcium","Holoplanktonic","No","Copepods"
"543",0.0365411562778244,0.747605996001817,1,1.25,"Eukaryota","Arthropoda","Copepoda","Calanoida","Pontellidae","Labidocera","Labidocera trispinosa","Variable","Variable","Variable","Exoskeleton","Exoskeleton","Chitin + Calcium","Holoplanktonic","No","Copepods"
"794",0.0365411562778244,0.747605996001817,1,1.25,"Eukaryota","Mollusca","Gastropoda","Pteropoda","Creseidae","Styliola","Styliola sp.","Yes","Yes","Yes","External shell","External shell","Aragonite","Holoplanktonic","No","Sea butterflies"
"858",0.0365411562778244,0.747605996001817,1,1.25,"Eukaryota","Arthropoda","Copepoda","Calanoida","Pontellidae","Labidocera","Labidocera trispinosa","Variable","Variable","Variable","Exoskeleton","Exoskeleton","Chitin + Calcium","Holoplanktonic","No","Copepods"
"864",0.0365411562778244,0.747605996001817,1,1.25,"Eukaryota","Mollusca","Gastropoda","Pteropoda","Creseidae","Styliola","Styliola sp.","Yes","Yes","Yes","External shell","External shell","Aragonite","Holoplanktonic","No","Sea butterflies"
"948",0.0365411562778244,0.747605996001817,1,1.25,"Eukaryota","Arthropoda","Copepoda","Calanoida","Pontellidae","Labidocera","Labidocera trispinosa","Variable","Variable","Variable","Exoskeleton","Exoskeleton","Chitin + Calcium","Holoplanktonic","No","Copepods"
"1288",0.0365411562778244,0.747605996001817,1,1.25,"Eukaryota","Arthropoda","Copepoda","Calanoida","Eucalanidae","Eucalanus","Eucalanus californicus","Variable","Variable","Variable","Exoskeleton","Exoskeleton","Chitin + Calcium","Holoplanktonic","No","Copepods"
"1300",0.0365411562778244,0.747605996001817,1,1.25,"Eukaryota","Arthropoda","Copepoda","Calanoida","Pontellidae","Labidocera","Labidocera trispinosa","Variable","Variable","Variable","Exoskeleton","Exoskeleton","Chitin + Calcium","Holoplanktonic","No","Copepods"
"1993",0.0365411562778244,0.747605996001817,1,1.25,"Eukaryota","Arthropoda","Copepoda","Calanoida","Eucalanidae","Eucalanus","Eucalanus californicus","Variable","Variable","Variable","Exoskeleton","Exoskeleton","Chitin + Calcium","Holoplanktonic","No","Copepods"
"2007",0.0365411562778244,0.747605996001817,1,1.25,"Eukaryota","Arthropoda","Copepoda","Calanoida","Pontellidae","Labidocera","Labidocera trispinosa","Variable","Variable","Variable","Exoskeleton","Exoskeleton","Chitin + Calcium","Holoplanktonic","No","Copepods"
"2108",0.0365411562778244,0.747605996001817,1,1.25,"Eukaryota","Arthropoda","Copepoda","Calanoida","Calanidae","Calanus","Calanus pacificus","Variable","Variable","Variable","Exoskeleton","Exoskeleton","Chitin + Calcium","Holoplanktonic","No","Copepods"
"2446",0.0365411562778244,0.747605996001817,1,1.25,"Eukaryota","Arthropoda","Malacostraca","Euphausiacea","Euphausiidae","Nyctiphanes","Nyctiphanes simplex","Variable","No","Variable","None","Exoskeleton","Chitin + Calcium","Holoplanktonic","No","Krill"
"2763",0.0365411562778244,0.747605996001817,1,1.25,"Eukaryota","Arthropoda","Ostracoda","Halocyprida","Halocyprididae","Proceroecia","Proceroecia procera","Variable","No","Variable","None","Exoskeleton","Chitin + Calcium","Holoplanktonic","No","Ostracods (seed shrimp)"
"2804",0.0365411562778244,0.747605996001817,1,1.25,"Eukaryota","Arthropoda","Copepoda","Calanoida","Pontellidae","Labidocera","Labidocera trispinosa","Variable","Variable","Variable","Exoskeleton","Exoskeleton","Chitin + Calcium","Holoplanktonic","No","Copepods"
"2841",0.0365411562778244,0.747605996001817,1,1.25,"Eukaryota","Arthropoda","Copepoda","Calanoida","Eucalanidae","Eucalanus","Eucalanus californicus","Variable","Variable","Variable","Exoskeleton","Exoskeleton","Chitin + Calcium","Holoplanktonic","No","Copepods"
"3041",0.0365411562778244,0.747605996001817,1,1.25,"Eukaryota","Arthropoda","Copepoda","Poecilostomatoida","Oncaeidae","Oncaea","Oncaea scottodicarloi","Variable","Variable","Variable","Exoskeleton","Exoskeleton","Chitin + Calcium","Holoplanktonic","No","Parasitic or predatory copepods"
"3397",0.0365411562778244,0.747605996001817,1,1.25,"Eukaryota","Arthropoda","Copepoda","Calanoida","Eucalanidae","Eucalanus","Eucalanus californicus","Variable","Variable","Variable","Exoskeleton","Exoskeleton","Chitin + Calcium","Holoplanktonic","No","Copepods"
"3647",0.0365411562778244,0.747605996001817,1,1.25,"Eukaryota","Chordata","Actinopteri","Clupeiformes","Clupeidae","Sardinops","Sardinops sagax","No","No","No","None","None","None","Meroplanktonic","No","Anchovies and herrings"
"3808",0.0365411562778244,0.747605996001817,1,1.25,"Eukaryota","Arthropoda","Copepoda","Calanoida","Pontellidae","Labidocera","Labidocera trispinosa","Variable","Variable","Variable","Exoskeleton","Exoskeleton","Chitin + Calcium","Holoplanktonic","No","Copepods"
"3809",0.0365411562778244,0.747605996001817,1,1.25,"Eukaryota","Arthropoda","Copepoda","Calanoida","Pontellidae","Labidocera","Labidocera trispinosa","Variable","Variable","Variable","Exoskeleton","Exoskeleton","Chitin + Calcium","Holoplanktonic","No","Copepods"
"4837",0.0365411562778244,0.747605996001817,1,1.25,"Eukaryota","Chordata","Actinopteri","Perciformes","Serranidae","Paralabrax","Paralabrax nebulifer","No","No","No","None","None","None","Meroplanktonic","No","Perch-like fishes (most diverse fish group)"
"5199",0.0365411562778244,0.747605996001817,1,1.25,"Eukaryota","Arthropoda","Malacostraca","Euphausiacea","Euphausiidae","Euphausia","Euphausia pacifica","Variable","No","Variable","None","Exoskeleton","Chitin + Calcium","Holoplanktonic","No","Krill"
"5200",0.0365411562778244,0.747605996001817,1,1.25,"Eukaryota","Arthropoda","Malacostraca","Euphausiacea","Euphausiidae","Hansarsia",NA,"Variable","No","Variable","None","Exoskeleton","Chitin + Calcium","Holoplanktonic","No","Krill"
"5344",0.0365411562778244,0.747605996001817,1,1.25,"Eukaryota","Bryozoa","Gymnolaemata","Cheilostomatida","Membraniporidae","Membranipora",NA,"Yes","Yes","Yes","External shell","External shell","Calcite","Meroplanktonic","No","Encrusting bryozoans"
"5489",0.0365411562778244,0.747605996001817,1,1.25,"Eukaryota","Mollusca","Gastropoda","Pteropoda","Cliidae","Clio","Clio pyramidata","Yes","Yes","Yes","External shell","External shell","Aragonite","Holoplanktonic","No","Sea butterflies"
"5643",0.0365411562778244,0.747605996001817,1,1.25,"Eukaryota","Arthropoda","Malacostraca","Euphausiacea","Euphausiidae",NA,NA,"Variable","No","Variable","None","Exoskeleton","Chitin + Calcium","Holoplanktonic","No","Krill"
"6555",0.0365411562778244,0.747605996001817,1,1.25,"Eukaryota","Arthropoda","Copepoda","Calanoida","Eucalanidae","Eucalanus","Eucalanus hyalinus","Variable","Variable","Variable","Exoskeleton","Exoskeleton","Chitin + Calcium","Holoplanktonic","No","Copepods"
"6556",0.0365411562778244,0.747605996001817,1,1.25,"Eukaryota","Arthropoda","Copepoda","Calanoida","Paracalanidae","Paracalanus","Paracalanus tropicus","Variable","Variable","Variable","Exoskeleton","Exoskeleton","Chitin + Calcium","Holoplanktonic","No","Copepods"
"6818",0.0365411562778244,0.747605996001817,1,1.25,"Eukaryota","Arthropoda","Copepoda","Poecilostomatoida","Oncaeidae","Oncaea","Oncaea sp.","Variable","Variable","Variable","Exoskeleton","Exoskeleton","Chitin + Calcium","Holoplanktonic","No","Parasitic or predatory copepods"
"6819",0.0365411562778244,0.747605996001817,1,1.25,"Eukaryota","Arthropoda","Thecostraca","Balanomorpha","Chthamalidae","Chthamalus","Chthamalus fissus","Yes","Yes","Yes","External shell","External shell","Calcite","Meroplanktonic","No","Barnacles"
"947",0.0362120068787224,0.749804544051696,6,7.5,"Eukaryota","Arthropoda","Copepoda","Calanoida","Scolecitrichidae","Scolecithricella","Scolecithricella dentata","Variable","Variable","Variable","Exoskeleton","Exoskeleton","Chitin + Calcium","Holoplanktonic","No","Copepods"
"834",0.0351886069496525,0.756652998637627,8,10,"Eukaryota","Mollusca","Gastropoda","Nudibranchia","Glaucidae","Hermissenda",NA,"Variable","Variable","No","External shell","None","Aragonite","Meroplanktonic","No","Shell-less sea slugs"
"719",0.0348959313960086,0.75861502144813,8,10,"Eukaryota","Arthropoda","Copepoda","Calanoida","Calanidae","Calanus","Calanus pacificus","Variable","Variable","Variable","Exoskeleton","Exoskeleton","Chitin + Calcium","Holoplanktonic","No","Copepods"
"1274",0.0336286324522037,0.76712812556333,2,2.5,"Eukaryota","Arthropoda","Malacostraca","Decapoda","Panopeidae","Lophopanopeus","Lophopanopeus bellus","Variable","No","Variable","None","Exoskeleton","Calcite","Meroplanktonic","No","Crabs, lobsters, shrimp"
"55",0.0336256642421652,0.767148097396982,73,91.25,"Eukaryota","Arthropoda","Malacostraca","Euphausiacea","Euphausiidae","Hansarsia","Hansarsia difficilis","Variable","No","Variable","None","Exoskeleton","Chitin + Calcium","Holoplanktonic","No","Krill"
"64",0.0331444050013777,0.770388285012403,19,23.75,"Eukaryota","Echinodermata","Echinoidea","Temnopleuroida","Toxopneustidae","Lytechinus","Lytechinus pictus","Yes","Yes","Yes","Internal skeleton","Exoskeleton","Calcite","Meroplanktonic","No","Short-spined sea urchins"
"2182",0.0325018999215886,0.774720220929341,2,2.5,"Eukaryota","Arthropoda","Copepoda","Calanoida","Eucalanidae","Eucalanus","Eucalanus californicus","Variable","Variable","Variable","Exoskeleton","Exoskeleton","Chitin + Calcium","Holoplanktonic","No","Copepods"
"123",0.0320666054965092,0.777659010543659,48,60,"Eukaryota","Arthropoda","Ostracoda","Halocyprida","Halocyprididae","Paraconchoecia","Paraconchoecia allotherium","Variable","No","Variable","None","Exoskeleton","Chitin + Calcium","Holoplanktonic","No","Ostracods (seed shrimp)"
"779",0.031895197789719,0.778817089046385,2,2.5,"Eukaryota","Arthropoda","Copepoda","Calanoida","Calanidae","Calanus","Calanus pacificus","Variable","Variable","Variable","Exoskeleton","Exoskeleton","Chitin + Calcium","Holoplanktonic","No","Copepods"
"6287",0.0318085260565948,0.779402851106348,2,2.5,"Eukaryota","Arthropoda","Copepoda","Calanoida","Clausocalanidae","Clausocalanus","Clausocalanus arcuicornis","Variable","Variable","Variable","Exoskeleton","Exoskeleton","Chitin + Calcium","Holoplanktonic","No","Copepods"
"709",0.031766554322431,0.779686556963033,8,10,"Eukaryota","Arthropoda","Copepoda","Calanoida","Calanidae",NA,NA,"Variable","Variable","Variable","Exoskeleton","Exoskeleton","Chitin + Calcium","Holoplanktonic","No","Copepods"
"1152",0.0316690021074478,0.780346067440991,1,1.25,"Eukaryota","Arthropoda","Copepoda","Calanoida","Calanidae","Calanus","Calanus pacificus","Variable","Variable","Variable","Exoskeleton","Exoskeleton","Chitin + Calcium","Holoplanktonic","No","Copepods"
"1270",0.0316690021074478,0.780346067440991,1,1.25,"Eukaryota","Arthropoda","Copepoda","Calanoida","Calanidae","Calanus","Calanus pacificus","Variable","Variable","Variable","Exoskeleton","Exoskeleton","Chitin + Calcium","Holoplanktonic","No","Copepods"
"1609",0.0316690021074478,0.780346067440991,1,1.25,"Eukaryota","Arthropoda","Copepoda","Calanoida","Calanidae","Calanus","Calanus pacificus","Variable","Variable","Variable","Exoskeleton","Exoskeleton","Chitin + Calcium","Holoplanktonic","No","Copepods"
"2080",0.0316690021074478,0.780346067440991,1,1.25,"Eukaryota","Echinodermata","Asteroidea","Paxillosida","Luidiidae","Luidia","Luidia sp. NSMT E_14364","Variable","No","Yes","None","Internal skeleton","Calcite","Meroplanktonic","No","Starfish without suckers"
"2996",0.0316690021074478,0.780346067440991,1,1.25,"Eukaryota","Bryozoa","Gymnolaemata","Cheilostomatida","Membraniporidae","Membranipora","Membranipora villosa","Yes","Yes","Yes","External shell","External shell","Calcite","Meroplanktonic","No","Encrusting bryozoans"
"3050",0.0316690021074478,0.780346067440991,1,1.25,"Eukaryota","Mollusca","Gastropoda","Nudibranchia","Glaucidae","Hermissenda","Hermissenda opalescens","Variable","Variable","No","External shell","None","Aragonite","Meroplanktonic","No","Shell-less sea slugs"
"3299",0.0316690021074478,0.780346067440991,1,1.25,"Eukaryota","Echinodermata","Ophiuroidea","Amphilepidida","Amphiuridae",NA,NA,"Yes","Yes","Yes","Internal skeleton","Internal skeleton","Calcite","Meroplanktonic","No","Brittle stars"
"3300",0.0316690021074478,0.780346067440991,1,1.25,"Eukaryota","Arthropoda","Copepoda","Calanoida","Calocalanidae",NA,NA,"Variable","Variable","Variable","Exoskeleton","Exoskeleton","Chitin + Calcium","Holoplanktonic","No","Copepods"
"3409",0.0316690021074478,0.780346067440991,1,1.25,"Eukaryota","Arthropoda","Malacostraca","Euphausiacea","Euphausiidae","Nyctiphanes","Nyctiphanes simplex","Variable","No","Variable","None","Exoskeleton","Chitin + Calcium","Holoplanktonic","No","Krill"
"4061",0.0316690021074478,0.780346067440991,1,1.25,"Eukaryota","Arthropoda","Copepoda","Calanoida","Metridinidae","Pleuromamma","Pleuromamma abdominalis","Variable","Variable","Variable","Exoskeleton","Exoskeleton","Chitin + Calcium","Holoplanktonic","No","Copepods"
"4254",0.0316690021074478,0.780346067440991,1,1.25,"Eukaryota","Bryozoa","Gymnolaemata","Cheilostomatida","Membraniporidae","Membranipora",NA,"Yes","Yes","Yes","External shell","External shell","Calcite","Meroplanktonic","No","Encrusting bryozoans"
"4636",0.0316690021074478,0.780346067440991,1,1.25,"Eukaryota","Cnidaria","Hydrozoa","Siphonophorae","Athorybiidae",NA,NA,"No","No","No","None","None","None","Holoplanktonic","No","Colonial hydrozoans (e.g., Portuguese man o' war)"
"4962",0.0316690021074478,0.780346067440991,1,1.25,"Eukaryota","Cnidaria","Hydrozoa","Siphonophorae","Diphyidae","Diphyes","Diphyes sp. HAW01","No","No","No","None","None","None","Holoplanktonic","No","Colonial hydrozoans (e.g., Portuguese man o' war)"
"5080",0.0316690021074478,0.780346067440991,1,1.25,"Eukaryota","Arthropoda","Malacostraca","Euphausiacea","Euphausiidae","Nyctiphanes","Nyctiphanes simplex","Variable","No","Variable","None","Exoskeleton","Chitin + Calcium","Holoplanktonic","No","Krill"
"5532",0.0316690021074478,0.780346067440991,1,1.25,"Eukaryota","Arthropoda","Ostracoda","Halocyprida","Halocyprididae","Conchoecia","Conchoecia magna","Variable","No","Variable","None","Exoskeleton","Chitin + Calcium","Holoplanktonic","No","Ostracods (seed shrimp)"
"5995",0.0316690021074478,0.780346067440991,1,1.25,"Eukaryota","Arthropoda","Thecostraca","Balanomorpha","Chthamalidae","Chthamalus","Chthamalus fissus","Yes","Yes","Yes","External shell","External shell","Calcite","Meroplanktonic","No","Barnacles"
"6615",0.0316690021074478,0.780346067440991,1,1.25,"Eukaryota","Annelida","Polychaeta","Phyllodocida","Alciopidae",NA,NA,"No","No","No","None","None","None","Benthic + Meroplanktonic","No","Active marine polychaetes"
"6616",0.0316690021074478,0.780346067440991,1,1.25,"Eukaryota","Mollusca","Gastropoda","Nudibranchia","Goniodorididae",NA,NA,"Variable","Variable","No","External shell","None","Aragonite","Meroplanktonic","No","Shell-less sea slugs"
"6617",0.0316690021074478,0.780346067440991,1,1.25,"Eukaryota","Mollusca","Bivalvia","Mytilida","Modiolidae",NA,NA,"Yes","Yes","Yes","External shell","External shell","Aragonite/Calcite","Meroplanktonic","No","Mussels"
"7109",0.0316690021074478,0.780346067440991,1,1.25,"Eukaryota","Arthropoda","Ostracoda","Halocyprida","Halocyprididae","Mikroconchoecia","Mikroconchoecia sp. Os099_1_3","Variable","No","Variable","None","Exoskeleton","Chitin + Calcium","Holoplanktonic","No","Ostracods (seed shrimp)"
"7374",0.0316690021074478,0.780346067440991,1,1.25,"Eukaryota","Arthropoda","Copepoda","Calanoida","Eucalanidae","Eucalanus","Eucalanus californicus","Variable","Variable","Variable","Exoskeleton","Exoskeleton","Chitin + Calcium","Holoplanktonic","No","Copepods"
"6760",0.031548510857222,0.78116087325862,2,2.5,"Eukaryota","Arthropoda","Copepoda","Calanoida","Eucalanidae","Rhincalanus","Rhincalanus nasutus","Variable","Variable","Variable","Exoskeleton","Exoskeleton","Chitin + Calcium","Holoplanktonic","No","Copepods"
"5649",0.0309092612950423,0.785487633889498,4,5,"Eukaryota","Arthropoda","Copepoda","Calanoida","Lucicutiidae","Lucicutia","Lucicutia flavicornis","Variable","Variable","Variable","Exoskeleton","Exoskeleton","Chitin + Calcium","Holoplanktonic","No","Copepods"
"2532",0.0300013012340372,0.791644318536331,6,7.5,"Eukaryota","Arthropoda","Copepoda","Calanoida","Aetideidae",NA,NA,"Variable","Variable","Variable","Exoskeleton","Exoskeleton","Chitin + Calcium","Holoplanktonic","No","Copepods"
"1625",0.0298851592641825,0.792432781418085,4,5,"Eukaryota","Arthropoda","Ostracoda","Halocyprida","Halocyprididae","Proceroecia","Proceroecia procera","Variable","No","Variable","None","Exoskeleton","Chitin + Calcium","Holoplanktonic","No","Ostracods (seed shrimp)"
"1540",0.0296968687022902,0.79371148763917,3,3.75,"Eukaryota","Arthropoda","Copepoda","Calanoida","Scolecitrichidae","Scolecithricella","Scolecithricella dentata","Variable","Variable","Variable","Exoskeleton","Exoskeleton","Chitin + Calcium","Holoplanktonic","No","Copepods"
"1190",0.0293575915513153,0.796016934904078,4,5,"Eukaryota","Arthropoda","Copepoda","Calanoida","Scolecitrichidae","Scolecithricella","Scolecithricella dentata","Variable","Variable","Variable","Exoskeleton","Exoskeleton","Chitin + Calcium","Holoplanktonic","No","Copepods"
"2283",0.0279995035469072,0.805262685561606,6,7.5,"Eukaryota","Arthropoda","Malacostraca","Decapoda","Hippidae","Emerita","Emerita analoga","Variable","No","Variable","None","Exoskeleton","Calcite","Meroplanktonic","No","Crabs, lobsters, shrimp"
"5875",0.0276049470000693,0.807953868267505,2,2.5,"Eukaryota","Arthropoda","Copepoda","Calanoida","Heterorhabdidae","Heterorhabdus",NA,"Variable","Variable","Variable","Exoskeleton","Exoskeleton","Chitin + Calcium","Holoplanktonic","No","Copepods"
"595",0.0267968479370712,0.813472661710829,1,1.25,"Eukaryota","Mollusca","Gastropoda","Nudibranchia","Glaucidae","Hermissenda","Hermissenda opalescens","Variable","Variable","No","External shell","None","Aragonite","Meroplanktonic","No","Shell-less sea slugs"
"1207",0.0267968479370712,0.813472661710829,1,1.25,"Eukaryota","Mollusca","Gastropoda","Nudibranchia","Glaucidae","Hermissenda","Hermissenda opalescens","Variable","Variable","No","External shell","None","Aragonite","Meroplanktonic","No","Shell-less sea slugs"
"1706",0.0267968479370712,0.813472661710829,1,1.25,"Eukaryota","Arthropoda","Ostracoda","Halocyprida","Halocyprididae","Halocypris","Halocypris inflata","Variable","No","Variable","None","Exoskeleton","Chitin + Calcium","Holoplanktonic","No","Ostracods (seed shrimp)"
"2477",0.0267968479370712,0.813472661710829,1,1.25,"Eukaryota","Arthropoda","Copepoda","Calanoida","Calanidae","Calanus","Calanus pacificus","Variable","Variable","Variable","Exoskeleton","Exoskeleton","Chitin + Calcium","Holoplanktonic","No","Copepods"
"2638",0.0267968479370712,0.813472661710829,1,1.25,"Eukaryota","Arthropoda","Malacostraca","Euphausiacea","Euphausiidae","Nyctiphanes","Nyctiphanes simplex","Variable","No","Variable","None","Exoskeleton","Chitin + Calcium","Holoplanktonic","No","Krill"
"2845",0.0267968479370712,0.813472661710829,1,1.25,"Eukaryota","Bryozoa","Gymnolaemata","Cheilostomatida","Membraniporidae","Membranipora","Membranipora villosa","Yes","Yes","Yes","External shell","External shell","Calcite","Meroplanktonic","No","Encrusting bryozoans"
"3354",0.0267968479370712,0.813472661710829,1,1.25,"Eukaryota","Arthropoda","Copepoda","Poecilostomatoida","Oncaeidae","Oncaea","Oncaea sp.","Variable","Variable","Variable","Exoskeleton","Exoskeleton","Chitin + Calcium","Holoplanktonic","No","Parasitic or predatory copepods"
"3411",0.0267968479370712,0.813472661710829,1,1.25,"Eukaryota","Mollusca","Gastropoda","Nudibranchia","Glaucidae","Hermissenda","Hermissenda opalescens","Variable","Variable","No","External shell","None","Aragonite","Meroplanktonic","No","Shell-less sea slugs"
"3828",0.0267968479370712,0.813472661710829,1,1.25,"Eukaryota","Echinodermata","Ophiuroidea","Amphilepidida","Ophionereidae",NA,NA,"Yes","Yes","Yes","Internal skeleton","Internal skeleton","Calcite","Meroplanktonic","No","Brittle stars"
"3982",0.0267968479370712,0.813472661710829,1,1.25,"Eukaryota","Mollusca","Gastropoda","Pteropoda","Cliidae","Clio","Clio pyramidata","Yes","Yes","Yes","External shell","External shell","Aragonite","Holoplanktonic","No","Sea butterflies"
"4536",0.0267968479370712,0.813472661710829,1,1.25,"Eukaryota","Arthropoda","Copepoda","Calanoida","Heterorhabdidae",NA,NA,"Variable","Variable","Variable","Exoskeleton","Exoskeleton","Chitin + Calcium","Holoplanktonic","No","Copepods"
"4963",0.0267968479370712,0.813472661710829,1,1.25,"Eukaryota","Arthropoda","Copepoda","Poecilostomatoida","Corycaeidae","Farranula",NA,"Variable","Variable","Variable","Exoskeleton","Exoskeleton","Chitin + Calcium","Holoplanktonic","No","Parasitic or predatory copepods"
"5081",0.0267968479370712,0.813472661710829,1,1.25,"Eukaryota","Arthropoda","Copepoda","Poecilostomatoida","Oncaeidae","Oncaea","Oncaea sp.","Variable","Variable","Variable","Exoskeleton","Exoskeleton","Chitin + Calcium","Holoplanktonic","No","Parasitic or predatory copepods"
"5373",0.0267968479370712,0.813472661710829,1,1.25,"Eukaryota","Arthropoda","Malacostraca","Euphausiacea","Euphausiidae","Thysanoessa","Thysanoessa gregaria","Variable","No","Variable","None","Exoskeleton","Chitin + Calcium","Holoplanktonic","No","Krill"
"5816",0.0267968479370712,0.813472661710829,1,1.25,"Eukaryota","Arthropoda","Copepoda","Poecilostomatoida","Oncaeidae","Oncaea","Oncaea sp.","Variable","Variable","Variable","Exoskeleton","Exoskeleton","Chitin + Calcium","Holoplanktonic","No","Parasitic or predatory copepods"
"5996",0.0267968479370712,0.813472661710829,1,1.25,"Eukaryota","Bryozoa","Gymnolaemata","Cheilostomatida","Membraniporidae","Membranipora","Membranipora villosa","Yes","Yes","Yes","External shell","External shell","Calcite","Meroplanktonic","No","Encrusting bryozoans"
"5997",0.0267968479370712,0.813472661710829,1,1.25,"Eukaryota","Arthropoda","Copepoda","Poecilostomatoida","Oncaeidae","Oncaea","Oncaea sp.","Variable","Variable","Variable","Exoskeleton","Exoskeleton","Chitin + Calcium","Holoplanktonic","No","Parasitic or predatory copepods"
"5999",0.0267968479370712,0.813472661710829,1,1.25,"Eukaryota","Arthropoda","Copepoda","Calanoida","Calanidae","Calanus","Calanus pacificus","Variable","Variable","Variable","Exoskeleton","Exoskeleton","Chitin + Calcium","Holoplanktonic","No","Copepods"
"6384",0.0267968479370712,0.813472661710829,1,1.25,"Eukaryota","Arthropoda","Malacostraca","Decapoda","Munididae","Antillimunida","Antillimunida bapensis","Variable","No","Variable","None","Exoskeleton","Calcite","Meroplanktonic","No","Crabs, lobsters, shrimp"
"6620",0.0267968479370712,0.813472661710829,1,1.25,"Eukaryota","Arthropoda","Copepoda","Calanoida","Calanidae",NA,NA,"Variable","Variable","Variable","Exoskeleton","Exoskeleton","Chitin + Calcium","Holoplanktonic","No","Copepods"
"6622",0.0267968479370712,0.813472661710829,1,1.25,"Eukaryota","Arthropoda","Ostracoda","Halocyprida","Halocyprididae",NA,NA,"Variable","No","Variable","None","Exoskeleton","Chitin + Calcium","Holoplanktonic","No","Ostracods (seed shrimp)"
"7111",0.0267968479370712,0.813472661710829,1,1.25,"Eukaryota","Mollusca","Gastropoda","Pteropoda","Creseidae","Styliola","Styliola sp.","Yes","Yes","Yes","External shell","External shell","Aragonite","Holoplanktonic","No","Sea butterflies"
"7378",0.0267968479370712,0.813472661710829,1,1.25,"Eukaryota","Echinodermata","Asteroidea","Valvatida","Asterinidae","Patiria","Patiria miniata","Variable","No","Yes","None","Internal skeleton","Calcite","Meroplanktonic","No","Sea stars"
"7590",0.0267968479370712,0.813472661710829,1,1.25,"Eukaryota","Arthropoda","Ostracoda","Halocyprida","Halocyprididae","Paraconchoecia","Paraconchoecia oblonga","Variable","No","Variable","None","Exoskeleton","Chitin + Calcium","Holoplanktonic","No","Ostracods (seed shrimp)"
"7591",0.0267968479370712,0.813472661710829,1,1.25,"Eukaryota","Arthropoda","Ostracoda","Halocyprida","Halocyprididae","Mikroconchoecia","Mikroconchoecia sp. Os099_1_3","Variable","No","Variable","None","Exoskeleton","Chitin + Calcium","Holoplanktonic","No","Ostracods (seed shrimp)"
"1001",0.0265376960490435,0.815244440145311,5,6.25,"Eukaryota","Arthropoda","Copepoda","Calanoida","Calanidae","Calanus","Calanus pacificus","Variable","Variable","Variable","Exoskeleton","Exoskeleton","Chitin + Calcium","Holoplanktonic","No","Copepods"
"513",0.0260907453787439,0.818302340756656,5,6.25,"Eukaryota","Mollusca","Gastropoda","Nudibranchia","Glaucidae","Hermissenda","Hermissenda opalescens","Variable","Variable","No","External shell","None","Aragonite","Meroplanktonic","No","Shell-less sea slugs"
"3260",0.0260059849048649,0.81888255354527,4,5,"Eukaryota","Echinodermata","Ophiuroidea","Amphilepidida","Amphiuridae","Amphiodia",NA,"Yes","Yes","Yes","Internal skeleton","Internal skeleton","Calcite","Meroplanktonic","No","Brittle stars"
"3264",0.0253527224412837,0.8233575871588,3,3.75,"Eukaryota","Arthropoda","Copepoda","Calanoida","Scolecitrichidae","Scolecithricella","Scolecithricella dentata","Variable","Variable","Variable","Exoskeleton","Exoskeleton","Chitin + Calcium","Holoplanktonic","No","Copepods"
"3384",0.0251348026060286,0.824851661341533,2,2.5,"Eukaryota","Mollusca","Gastropoda","Pteropoda","Cliidae","Clio","Clio pyramidata","Yes","Yes","Yes","External shell","External shell","Aragonite","Holoplanktonic","No","Sea butterflies"
"3169",0.0247881156735316,0.827229852855649,2,2.5,"Eukaryota","Mollusca","Gastropoda","Pteropoda","Creseidae","Creseis","Creseis conica","Yes","Yes","Yes","External shell","External shell","Aragonite","Holoplanktonic","No","Sea butterflies"
"471",0.0242844897541509,0.830687373334706,3,3.75,"Eukaryota","Mollusca","Gastropoda","Nudibranchia","Glaucidae","Hermissenda",NA,"Variable","Variable","No","External shell","None","Aragonite","Meroplanktonic","No","Shell-less sea slugs"
"312",0.0236430300816042,0.835095807644441,10,12.5,"Eukaryota","Mollusca","Gastropoda","Nudibranchia","Glaucidae","Hermissenda","Hermissenda opalescens","Variable","Variable","No","External shell","None","Aragonite","Meroplanktonic","No","Shell-less sea slugs"
"115",0.0228061796801011,0.840854692633765,8,10,"Eukaryota","Arthropoda","Copepoda","Calanoida","Pontellidae","Labidocera","Labidocera trispinosa","Variable","Variable","Variable","Exoskeleton","Exoskeleton","Chitin + Calcium","Holoplanktonic","No","Copepods"
"573",0.022223983062134,0.844866098411696,24,30,"Eukaryota","Arthropoda","Ostracoda","Halocyprida","Halocyprididae","Paraconchoecia","Paraconchoecia allotherium","Variable","No","Variable","None","Exoskeleton","Chitin + Calcium","Holoplanktonic","No","Ostracods (seed shrimp)"
"901",0.0219246937666947,0.846929781101056,1,1.25,"Eukaryota","Mollusca","Gastropoda","Nudibranchia","Glaucidae","Hermissenda","Hermissenda opalescens","Variable","Variable","No","External shell","None","Aragonite","Meroplanktonic","No","Shell-less sea slugs"
"1045",0.0219246937666947,0.846929781101056,1,1.25,"Eukaryota","Arthropoda","Copepoda","Calanoida","Pontellidae","Labidocera","Labidocera trispinosa","Variable","Variable","Variable","Exoskeleton","Exoskeleton","Chitin + Calcium","Holoplanktonic","No","Copepods"
"2231",0.0219246937666947,0.846929781101056,1,1.25,"Eukaryota","Arthropoda","Copepoda","Calanoida","Scolecitrichidae","Scolecithricella","Scolecithricella dentata","Variable","Variable","Variable","Exoskeleton","Exoskeleton","Chitin + Calcium","Holoplanktonic","No","Copepods"
"2880",0.0219246937666947,0.846929781101056,1,1.25,"Eukaryota","Arthropoda","Malacostraca","Euphausiacea","Euphausiidae","Stylocheiron",NA,"Variable","No","Variable","None","Exoskeleton","Chitin + Calcium","Holoplanktonic","No","Krill"
"2964",0.0219246937666947,0.846929781101056,1,1.25,"Eukaryota","Arthropoda","Copepoda","Poecilostomatoida","Oncaeidae","Oncaea","Oncaea sp.","Variable","Variable","Variable","Exoskeleton","Exoskeleton","Chitin + Calcium","Holoplanktonic","No","Parasitic or predatory copepods"
"3143",0.0219246937666947,0.846929781101056,1,1.25,"Eukaryota","Arthropoda","Copepoda","Calanoida","Candaciidae","Candacia","Candacia curta","Variable","Variable","Variable","Exoskeleton","Exoskeleton","Chitin + Calcium","Holoplanktonic","No","Copepods"
"3531",0.0219246937666947,0.846929781101056,1,1.25,"Eukaryota","Annelida","Polychaeta","Spionida","Spionidae","Laonice","Laonice cirrata CMC01","No","No","No","None","None","None","Benthic + Meroplanktonic","No","Marine worms (sediment burrowers)"
"3658",0.0219246937666947,0.846929781101056,1,1.25,"Eukaryota","Arthropoda","Malacostraca","Euphausiacea","Euphausiidae",NA,NA,"Variable","No","Variable","None","Exoskeleton","Chitin + Calcium","Holoplanktonic","No","Krill"
"3727",0.0219246937666947,0.846929781101056,1,1.25,"Eukaryota","Arthropoda","Copepoda","Poecilostomatoida","Oncaeidae","Oncaea","Oncaea sp.","Variable","Variable","Variable","Exoskeleton","Exoskeleton","Chitin + Calcium","Holoplanktonic","No","Parasitic or predatory copepods"
"3899",0.0219246937666947,0.846929781101056,1,1.25,"Eukaryota","Arthropoda","Copepoda","Poecilostomatoida","Oncaeidae","Oncaea","Oncaea sp.","Variable","Variable","Variable","Exoskeleton","Exoskeleton","Chitin + Calcium","Holoplanktonic","No","Parasitic or predatory copepods"
"4531",0.0219246937666947,0.846929781101056,1,1.25,"Eukaryota","Arthropoda","Copepoda","Poecilostomatoida","Oncaeidae","Oncaea","Oncaea sp.","Variable","Variable","Variable","Exoskeleton","Exoskeleton","Chitin + Calcium","Holoplanktonic","No","Parasitic or predatory copepods"
"4755",0.0219246937666947,0.846929781101056,1,1.25,"Eukaryota","Chaetognatha","Sagittoidea","Aphragmophora","Sagittidae","Flaccisagitta",NA,"No","No","No","None","None","None","Holoplanktonic","No","Chaetognaths (arrow worms)"
"4756",0.0219246937666947,0.846929781101056,1,1.25,"Eukaryota","Mollusca","Gastropoda","Nudibranchia","Glaucidae","Hermissenda","Hermissenda opalescens","Variable","Variable","No","External shell","None","Aragonite","Meroplanktonic","No","Shell-less sea slugs"
"4961",0.0219246937666947,0.846929781101056,1,1.25,"Eukaryota","Arthropoda","Copepoda","Calanoida","Candaciidae","Candacia","Candacia curta","Variable","Variable","Variable","Exoskeleton","Exoskeleton","Chitin + Calcium","Holoplanktonic","No","Copepods"
"5231",0.0219246937666947,0.846929781101056,1,1.25,"Eukaryota","Arthropoda","Ostracoda","Halocyprida","Halocyprididae","Archiconchoecia","Archiconchoecia striata","Variable","No","Variable","None","Exoskeleton","Chitin + Calcium","Holoplanktonic","No","Ostracods (seed shrimp)"
"5527",0.0219246937666947,0.846929781101056,1,1.25,"Eukaryota","Arthropoda","Copepoda","Poecilostomatoida","Oncaeidae","Oncaea","Oncaea sp.","Variable","Variable","Variable","Exoskeleton","Exoskeleton","Chitin + Calcium","Holoplanktonic","No","Parasitic or predatory copepods"
"5528",0.0219246937666947,0.846929781101056,1,1.25,"Eukaryota","Arthropoda","Copepoda","Poecilostomatoida","Oncaeidae","Oncaea","Oncaea sp.","Variable","Variable","Variable","Exoskeleton","Exoskeleton","Chitin + Calcium","Holoplanktonic","No","Parasitic or predatory copepods"
"5812",0.0219246937666947,0.846929781101056,1,1.25,"Eukaryota","Arthropoda","Copepoda","Poecilostomatoida","Oncaeidae","Oncaea","Oncaea sp.","Variable","Variable","Variable","Exoskeleton","Exoskeleton","Chitin + Calcium","Holoplanktonic","No","Parasitic or predatory copepods"
"6175",0.0219246937666947,0.846929781101056,1,1.25,"Eukaryota","Arthropoda","Copepoda","Calanoida","Calanidae",NA,NA,"Variable","Variable","Variable","Exoskeleton","Exoskeleton","Chitin + Calcium","Holoplanktonic","No","Copepods"
"6374",0.0219246937666947,0.846929781101056,1,1.25,"Eukaryota","Annelida","Polychaeta","Chaetopteridae","Chaetopteridae","Phyllochaetopterus","Phyllochaetopterus sp. 5 JM_2017","No","No","No","None","None","None","Benthic + Meroplanktonic","No","Tube-dwelling marine polychaetes"
"6376",0.0219246937666947,0.846929781101056,1,1.25,"Eukaryota","Mollusca","Gastropoda","Pteropoda","Cliidae","Clio","Clio pyramidata","Yes","Yes","Yes","External shell","External shell","Aragonite","Holoplanktonic","No","Sea butterflies"
"6606",0.0219246937666947,0.846929781101056,1,1.25,"Eukaryota","Arthropoda","Copepoda","Poecilostomatoida","Oncaeidae","Oncaea","Oncaea sp.","Variable","Variable","Variable","Exoskeleton","Exoskeleton","Chitin + Calcium","Holoplanktonic","No","Parasitic or predatory copepods"
"6607",0.0219246937666947,0.846929781101056,1,1.25,"Eukaryota","Arthropoda","Copepoda","Poecilostomatoida","Oncaeidae","Oncaea","Oncaea sp.","Variable","Variable","Variable","Exoskeleton","Exoskeleton","Chitin + Calcium","Holoplanktonic","No","Parasitic or predatory copepods"
"6608",0.0219246937666947,0.846929781101056,1,1.25,"Eukaryota","Arthropoda","Malacostraca","Euphausiacea","Euphausiidae","Stylocheiron","Stylocheiron maximum","Variable","No","Variable","None","Exoskeleton","Chitin + Calcium","Holoplanktonic","No","Krill"
"6873",0.0219246937666947,0.846929781101056,1,1.25,"Eukaryota","Cnidaria","Hydrozoa","Siphonophorae","Physophoridae","Physophora","Physophora hydrostatica","No","No","No","None","None","None","Holoplanktonic","No","Colonial hydrozoans (e.g., Portuguese man o' war)"
"7105",0.0219246937666947,0.846929781101056,1,1.25,"Eukaryota","Arthropoda","Copepoda","Poecilostomatoida","Oncaeidae","Oncaea",NA,"Variable","Variable","Variable","Exoskeleton","Exoskeleton","Chitin + Calcium","Holoplanktonic","No","Parasitic or predatory copepods"
"7363",0.0219246937666947,0.846929781101056,1,1.25,"Eukaryota","Arthropoda","Malacostraca","Euphausiacea","Euphausiidae",NA,NA,"Variable","No","Variable","None","Exoskeleton","Chitin + Calcium","Holoplanktonic","No","Krill"
"7364",0.0219246937666947,0.846929781101056,1,1.25,"Eukaryota","Bryozoa","Gymnolaemata","Cheilostomatida","Membraniporidae",NA,NA,"Yes","Yes","Yes","External shell","External shell","Calcite","Meroplanktonic","No","Encrusting bryozoans"
"7365",0.0219246937666947,0.846929781101056,1,1.25,"Eukaryota","Mollusca","Gastropoda","Nudibranchia","Discodorididae","Diaulula","Diaulula sandiegensis","Variable","Variable","No","External shell","None","Aragonite","Meroplanktonic","No","Shell-less sea slugs"
"1481",0.0216923430173038,0.848532614795443,4,5,"Eukaryota","Arthropoda","Copepoda","Calanoida","Calanidae","Calanus","Calanus pacificus","Variable","Variable","Variable","Exoskeleton","Exoskeleton","Chitin + Calcium","Holoplanktonic","No","Copepods"
"6757",0.0205845366170061,0.856182974233399,2,2.5,"Eukaryota","Echinodermata","Ophiuroidea","Amphilepidida","Amphiuridae","Amphiodia","Amphiodia cf_ urtica EAC_2010","Yes","Yes","Yes","Internal skeleton","Internal skeleton","Calcite","Meroplanktonic","No","Brittle stars"
"3553",0.0198613727197059,0.861184250149238,4,5,"Eukaryota","Bryozoa","Gymnolaemata","Cheilostomatida","Membraniporidae",NA,NA,"Yes","Yes","Yes","External shell","External shell","Calcite","Meroplanktonic","No","Encrusting bryozoans"
"4507",0.0195011399529532,0.86367760845004,2,2.5,"Eukaryota","Arthropoda","Malacostraca","Decapoda","Paguridae","Pagurus","Pagurus redondoensis","Variable","No","Variable","None","Exoskeleton","Calcite","Meroplanktonic","No","Crabs, lobsters, shrimp"
"1833",0.0194889719812114,0.86376185270137,4,5,"Eukaryota","Arthropoda","Copepoda","Calanoida","Eucalanidae","Eucalanus","Eucalanus californicus","Variable","Variable","Variable","Exoskeleton","Exoskeleton","Chitin + Calcium","Holoplanktonic","No","Copepods"
"810",0.0182010639560896,0.872687015823671,2,2.5,"Eukaryota","Arthropoda","Copepoda","Calanoida","Calanidae","Calanus","Calanus pacificus","Variable","Variable","Variable","Exoskeleton","Exoskeleton","Chitin + Calcium","Holoplanktonic","No","Copepods"
"213",0.0180452380361374,0.873767986114962,24,30,"Eukaryota","Mollusca","Gastropoda","Nudibranchia","Glaucidae","Hermissenda","Hermissenda opalescens","Variable","Variable","No","External shell","None","Aragonite","Meroplanktonic","No","Shell-less sea slugs"
"916",0.0178750936313545,0.874948548147254,3,3.75,"Eukaryota","Arthropoda","Copepoda","Calanoida","Calanidae","Calanus","Calanus pacificus","Variable","Variable","Variable","Exoskeleton","Exoskeleton","Chitin + Calcium","Holoplanktonic","No","Copepods"
"740",0.0170525395963181,0.880659716566352,1,1.25,"Eukaryota","Arthropoda","Copepoda","Calanoida","Eucalanidae","Eucalanus","Eucalanus californicus","Variable","Variable","Variable","Exoskeleton","Exoskeleton","Chitin + Calcium","Holoplanktonic","No","Copepods"
"1066",0.0170525395963181,0.880659716566352,1,1.25,"Eukaryota","Mollusca","Gastropoda","Nudibranchia","Glaucidae","Hermissenda","Hermissenda opalescens","Variable","Variable","No","External shell","None","Aragonite","Meroplanktonic","No","Shell-less sea slugs"
"1144",0.0170525395963181,0.880659716566352,1,1.25,"Eukaryota","Arthropoda","Copepoda","Calanoida","Pontellidae","Labidocera","Labidocera trispinosa","Variable","Variable","Variable","Exoskeleton","Exoskeleton","Chitin + Calcium","Holoplanktonic","No","Copepods"
"1337",0.0170525395963181,0.880659716566352,1,1.25,"Eukaryota","Mollusca","Gastropoda","Nudibranchia","Glaucidae","Hermissenda","Hermissenda opalescens","Variable","Variable","No","External shell","None","Aragonite","Meroplanktonic","No","Shell-less sea slugs"
"1575",0.0170525395963181,0.880659716566352,1,1.25,"Eukaryota","Arthropoda","Copepoda","Calanoida","Scolecitrichidae","Scolecithricella","Scolecithricella dentata","Variable","Variable","Variable","Exoskeleton","Exoskeleton","Chitin + Calcium","Holoplanktonic","No","Copepods"
"1745",0.0170525395963181,0.880659716566352,1,1.25,"Eukaryota","Arthropoda","Malacostraca","Decapoda","Hippolytidae","Lysmata","Lysmata californica","Variable","No","Variable","None","Exoskeleton","Calcite","Meroplanktonic","No","Crabs, lobsters, shrimp"
"1998",0.0170525395963181,0.880659716566352,1,1.25,"Eukaryota","Arthropoda","Ostracoda","Halocyprida","Halocyprididae","Discoconchoecia",NA,"Variable","No","Variable","None","Exoskeleton","Chitin + Calcium","Holoplanktonic","No","Ostracods (seed shrimp)"
"2528",0.0170525395963181,0.880659716566352,1,1.25,"Eukaryota","Mollusca","Gastropoda","Pteropoda","Creseidae","Creseis","Creseis conica","Yes","Yes","Yes","External shell","External shell","Aragonite","Holoplanktonic","No","Sea butterflies"
"2970",0.0170525395963181,0.880659716566352,1,1.25,"Eukaryota","Mollusca","Gastropoda","Nudibranchia","Glaucidae","Hermissenda","Hermissenda opalescens","Variable","Variable","No","External shell","None","Aragonite","Meroplanktonic","No","Shell-less sea slugs"
"3007",0.0170525395963181,0.880659716566352,1,1.25,"Eukaryota","Arthropoda","Copepoda","Calanoida","Calanidae","Calanus","Calanus pacificus","Variable","Variable","Variable","Exoskeleton","Exoskeleton","Chitin + Calcium","Holoplanktonic","No","Copepods"
"3742",0.0170525395963181,0.880659716566352,1,1.25,"Eukaryota","Arthropoda","Ostracoda","Halocyprida","Halocyprididae","Conchoecia","Conchoecia magna","Variable","No","Variable","None","Exoskeleton","Chitin + Calcium","Holoplanktonic","No","Ostracods (seed shrimp)"
"3915",0.0170525395963181,0.880659716566352,1,1.25,"Eukaryota","Arthropoda","Malacostraca","Euphausiacea","Euphausiidae","Nyctiphanes","Nyctiphanes simplex","Variable","No","Variable","None","Exoskeleton","Chitin + Calcium","Holoplanktonic","No","Krill"
"4084",0.0170525395963181,0.880659716566352,1,1.25,"Eukaryota","Arthropoda","Ostracoda","Halocyprida","Halocyprididae","Proceroecia","Proceroecia procera","Variable","No","Variable","None","Exoskeleton","Chitin + Calcium","Holoplanktonic","No","Ostracods (seed shrimp)"
"4273",0.0170525395963181,0.880659716566352,1,1.25,"Eukaryota","Arthropoda","Malacostraca","Decapoda","Munididae","Pleuroncodes","Pleuroncodes planipes","Variable","No","Variable","None","Exoskeleton","Calcite","Meroplanktonic","No","Crabs, lobsters, shrimp"
"4882",0.0170525395963181,0.880659716566352,1,1.25,"Eukaryota","Arthropoda","Copepoda","Calanoida","Eucalanidae","Eucalanus","Eucalanus californicus","Variable","Variable","Variable","Exoskeleton","Exoskeleton","Chitin + Calcium","Holoplanktonic","No","Copepods"
"4883",0.0170525395963181,0.880659716566352,1,1.25,"Eukaryota","Arthropoda","Copepoda","Calanoida","Clausocalanidae","Clausocalanus","Clausocalanus jobei","Variable","Variable","Variable","Exoskeleton","Exoskeleton","Chitin + Calcium","Holoplanktonic","No","Copepods"
"5104",0.0170525395963181,0.880659716566352,1,1.25,"Eukaryota","Arthropoda","Malacostraca","Euphausiacea","Euphausiidae","Euphausia","Euphausia recurva","Variable","No","Variable","None","Exoskeleton","Chitin + Calcium","Holoplanktonic","No","Krill"
"5410",0.0170525395963181,0.880659716566352,1,1.25,"Eukaryota","Bryozoa","Gymnolaemata","Cheilostomatida","Membraniporidae","Membranipora","Membranipora villosa","Yes","Yes","Yes","External shell","External shell","Calcite","Meroplanktonic","No","Encrusting bryozoans"
"5562",0.0170525395963181,0.880659716566352,1,1.25,"Eukaryota","Arthropoda","Copepoda","Calanoida","Clausocalanidae","Clausocalanus","Clausocalanus pergens","Variable","Variable","Variable","Exoskeleton","Exoskeleton","Chitin + Calcium","Holoplanktonic","No","Copepods"
"5564",0.0170525395963181,0.880659716566352,1,1.25,"Eukaryota","Echinodermata","Ophiuroidea","Amphilepidida","Ophionereidae","Ophionereis",NA,"Yes","Yes","Yes","Internal skeleton","Internal skeleton","Calcite","Meroplanktonic","No","Brittle stars"
"5565",0.0170525395963181,0.880659716566352,1,1.25,"Eukaryota","Arthropoda","Copepoda","Poecilostomatoida","Oncaeidae","Oncaea","Oncaea sp.","Variable","Variable","Variable","Exoskeleton","Exoskeleton","Chitin + Calcium","Holoplanktonic","No","Parasitic or predatory copepods"
"6053",0.0170525395963181,0.880659716566352,1,1.25,"Eukaryota","Echinodermata","Ophiuroidea","Amphilepidida","Ophiocomidae","Ophiopteris","Ophiopteris papillosa","Yes","Yes","Yes","Internal skeleton","Internal skeleton","Calcite","Meroplanktonic","No","Brittle stars"
"6232",0.0170525395963181,0.880659716566352,1,1.25,"Eukaryota","Arthropoda","Copepoda","Poecilostomatoida","Oncaeidae","Oncaea","Oncaea sp.","Variable","Variable","Variable","Exoskeleton","Exoskeleton","Chitin + Calcium","Holoplanktonic","No","Parasitic or predatory copepods"
"6233",0.0170525395963181,0.880659716566352,1,1.25,"Eukaryota","Annelida","Polychaeta","Spionida","Spionidae",NA,NA,"No","No","No","None","None","None","Benthic + Meroplanktonic","No","Marine worms (sediment burrowers)"
"6687",0.0170525395963181,0.880659716566352,1,1.25,"Eukaryota","Chaetognatha","Sagittoidea","Aphragmophora","Sagittidae","Flaccisagitta",NA,"No","No","No","None","None","None","Holoplanktonic","No","Chaetognaths (arrow worms)"
"6688",0.0170525395963181,0.880659716566352,1,1.25,"Eukaryota","Arthropoda","Ostracoda","Halocyprida","Halocyprididae","Paraconchoecia","Paraconchoecia allotherium","Variable","No","Variable","None","Exoskeleton","Chitin + Calcium","Holoplanktonic","No","Ostracods (seed shrimp)"
"6944",0.0170525395963181,0.880659716566352,1,1.25,"Eukaryota","Mollusca","Gastropoda","Acteonidae","Acteonidae","Rictaxis","Rictaxis punctocaelatus","Yes","Yes","Yes","External shell","External shell","Aragonite","Benthic + Meroplanktonic","No","Bubble snails (Acteon and Rictaxis)"
"6945",0.0170525395963181,0.880659716566352,1,1.25,"Eukaryota","Annelida","Polychaeta","Phyllodocida","Polynoidae",NA,NA,"No","No","No","None","None","None","Benthic + Meroplanktonic","No","Active marine polychaetes"
"7648",0.0170525395963181,0.880659716566352,1,1.25,"Eukaryota","Arthropoda","Malacostraca","Euphausiacea","Euphausiidae","Thysanoessa","Thysanoessa gregaria","Variable","No","Variable","None","Exoskeleton","Chitin + Calcium","Holoplanktonic","No","Krill"
"967",0.0167683957955812,0.882634018251528,10,12.5,"Eukaryota","Arthropoda","Malacostraca","Decapoda","Cancridae",NA,NA,"Variable","No","Variable","None","Exoskeleton","Calcite","Meroplanktonic","No","Crabs, lobsters, shrimp"
"925",0.0167064363329917,0.883064623381037,9,11.25,"Eukaryota","Chordata","Actinopteri","Myctophiformes","Myctophidae","Stenobrachius","Stenobrachius leucopsarus","No","No","No","None","None","None","Meroplanktonic","No","Lanternfishes"
"1777",0.0162076140942322,0.886532556219161,2,2.5,"Eukaryota","Arthropoda","Copepoda","Calanoida","Eucalanidae","Eucalanus","Eucalanus californicus","Variable","Variable","Variable","Exoskeleton","Exoskeleton","Chitin + Calcium","Holoplanktonic","No","Copepods"
"6148",0.0159909347614216,0.888039631327839,2,2.5,"Eukaryota","Nemertea","Palaeonemertea","Archinemertea","Cephalotrichidae",NA,NA,"No","No","No","None","None","None","Benthic + Meroplanktonic","No","Ribbon worms (marine benthic)"
"2508",0.015733931201392,0.889827688822851,4,5,"Eukaryota","Arthropoda","Malacostraca","Amphipoda","Scinidae",NA,NA,"Variable","Yes","Yes","Exoskeleton","Exoskeleton","Chitin + Calcium","Benthic + Holoplanktonic","No","Amphipods"
"4110",0.0152521916239766,0.893180782040736,5,6.25,"Eukaryota","Arthropoda","Ostracoda","Halocyprida","Halocyprididae","Discoconchoecia",NA,"Variable","No","Variable","None","Exoskeleton","Chitin + Calcium","Holoplanktonic","No","Ostracods (seed shrimp)"
"656",0.0151675532967414,0.893770092568903,2,2.5,"Eukaryota","Arthropoda","Copepoda","Calanoida","Pontellidae","Labidocera","Labidocera trispinosa","Variable","Variable","Variable","Exoskeleton","Exoskeleton","Chitin + Calcium","Holoplanktonic","No","Copepods"
"798",0.0151675532967414,0.893770092568903,2,2.5,"Eukaryota","Arthropoda","Malacostraca","Decapoda","Porcellanidae","Petrolisthes",NA,"Variable","No","Variable","None","Exoskeleton","Calcite","Meroplanktonic","No","Crabs, lobsters, shrimp"
"1937",0.0148642022308065,0.895882702561981,2,2.5,"Eukaryota","Arthropoda","Copepoda","Calanoida","Eucalanidae","Eucalanus","Eucalanus californicus","Variable","Variable","Variable","Exoskeleton","Exoskeleton","Chitin + Calcium","Holoplanktonic","No","Copepods"
"3225",0.0137374697001915,0.90373576531288,2,2.5,"Eukaryota","Mollusca","Gastropoda","Pteropoda","Limacinidae",NA,NA,"Yes","Yes","Yes","External shell","External shell","Aragonite","Holoplanktonic","No","Sea butterflies"
"959",0.0136733783952991,0.904182751715058,3,3.75,"Eukaryota","Arthropoda","Copepoda","Calanoida","Acartiidae","Acartia","Acartia tonsa","Variable","Variable","Variable","Exoskeleton","Exoskeleton","Chitin + Calcium","Holoplanktonic","No","Copepods"
"4088",0.0127475767331174,0.91064274237337,3,3.75,"Eukaryota","Arthropoda","Malacostraca","Euphausiacea","Euphausiidae",NA,NA,"Variable","No","Variable","None","Exoskeleton","Chitin + Calcium","Holoplanktonic","No","Krill"
"462",0.0126921240409248,0.911029864254976,27,33.75,"Eukaryota","Arthropoda","Copepoda","Calanoida","Aetideidae",NA,NA,"Variable","Variable","Variable","Exoskeleton","Exoskeleton","Chitin + Calcium","Holoplanktonic","No","Copepods"
"936",0.0121803854259415,0.914603338668266,1,1.25,"Eukaryota","Mollusca","Gastropoda","Nudibranchia","Glaucidae","Hermissenda","Hermissenda opalescens","Variable","Variable","No","External shell","None","Aragonite","Meroplanktonic","No","Shell-less sea slugs"
"973",0.0121803854259415,0.914603338668266,1,1.25,"Eukaryota","Mollusca","Gastropoda","Nudibranchia","Glaucidae","Hermissenda","Hermissenda opalescens","Variable","Variable","No","External shell","None","Aragonite","Meroplanktonic","No","Shell-less sea slugs"
"1061",0.0121803854259415,0.914603338668266,1,1.25,"Eukaryota","Mollusca","Gastropoda","Nudibranchia","Glaucidae","Hermissenda","Hermissenda opalescens","Variable","Variable","No","External shell","None","Aragonite","Meroplanktonic","No","Shell-less sea slugs"
"1062",0.0121803854259415,0.914603338668266,1,1.25,"Eukaryota","Arthropoda","Copepoda","Calanoida","Calanidae","Calanus","Calanus pacificus","Variable","Variable","Variable","Exoskeleton","Exoskeleton","Chitin + Calcium","Holoplanktonic","No","Copepods"
"1331",0.0121803854259415,0.914603338668266,1,1.25,"Eukaryota","Mollusca","Gastropoda","Nudibranchia","Glaucidae","Hermissenda","Hermissenda opalescens","Variable","Variable","No","External shell","None","Aragonite","Meroplanktonic","No","Shell-less sea slugs"
"1354",0.0121803854259415,0.914603338668266,1,1.25,"Eukaryota","Arthropoda","Copepoda","Calanoida","Pontellidae","Labidocera",NA,"Variable","Variable","Variable","Exoskeleton","Exoskeleton","Chitin + Calcium","Holoplanktonic","No","Copepods"
"1666",0.0121803854259415,0.914603338668266,1,1.25,"Eukaryota","Arthropoda","Copepoda","Poecilostomatoida","Oncaeidae","Oncaea","Oncaea sp.","Variable","Variable","Variable","Exoskeleton","Exoskeleton","Chitin + Calcium","Holoplanktonic","No","Parasitic or predatory copepods"
"1771",0.0121803854259415,0.914603338668266,1,1.25,"Eukaryota","Arthropoda","Copepoda","Calanoida","Pontellidae","Labidocera","Labidocera trispinosa","Variable","Variable","Variable","Exoskeleton","Exoskeleton","Chitin + Calcium","Holoplanktonic","No","Copepods"
"1782",0.0121803854259415,0.914603338668266,1,1.25,"Eukaryota","Bryozoa","Gymnolaemata","Cheilostomatida","Membraniporidae",NA,NA,"Yes","Yes","Yes","External shell","External shell","Calcite","Meroplanktonic","No","Encrusting bryozoans"
"2323",0.0121803854259415,0.914603338668266,1,1.25,"Eukaryota","Mollusca","Gastropoda","Nudibranchia","Glaucidae","Hermissenda",NA,"Variable","Variable","No","External shell","None","Aragonite","Meroplanktonic","No","Shell-less sea slugs"
"2324",0.0121803854259415,0.914603338668266,1,1.25,"Eukaryota","Arthropoda","Ostracoda","Halocyprida","Halocyprididae","Discoconchoecia",NA,"Variable","No","Variable","None","Exoskeleton","Chitin + Calcium","Holoplanktonic","No","Ostracods (seed shrimp)"
"2325",0.0121803854259415,0.914603338668266,1,1.25,"Eukaryota","Bryozoa","Gymnolaemata","Cheilostomatida","Membraniporidae","Membranipora",NA,"Yes","Yes","Yes","External shell","External shell","Calcite","Meroplanktonic","No","Encrusting bryozoans"
"2500",0.0121803854259415,0.914603338668266,1,1.25,"Eukaryota","Arthropoda","Copepoda","Poecilostomatoida","Oncaeidae","Oncaea","Oncaea sp.","Variable","Variable","Variable","Exoskeleton","Exoskeleton","Chitin + Calcium","Holoplanktonic","No","Parasitic or predatory copepods"
"2671",0.0121803854259415,0.914603338668266,1,1.25,"Eukaryota","Arthropoda","Copepoda","Calanoida","Clausocalanidae",NA,NA,"Variable","Variable","Variable","Exoskeleton","Exoskeleton","Chitin + Calcium","Holoplanktonic","No","Copepods"
"2748",0.0121803854259415,0.914603338668266,1,1.25,"Eukaryota","Arthropoda","Copepoda","Calanoida","Eucalanidae","Eucalanus","Eucalanus californicus","Variable","Variable","Variable","Exoskeleton","Exoskeleton","Chitin + Calcium","Holoplanktonic","No","Copepods"
"3063",0.0121803854259415,0.914603338668266,1,1.25,"Eukaryota","Arthropoda","Copepoda","Calanoida","Clausocalanidae","Clausocalanus","Clausocalanus parapergens","Variable","Variable","Variable","Exoskeleton","Exoskeleton","Chitin + Calcium","Holoplanktonic","No","Copepods"
"3104",0.0121803854259415,0.914603338668266,1,1.25,"Eukaryota","Arthropoda","Copepoda","Calanoida","Clausocalanidae","Clausocalanus","Clausocalanus parapergens","Variable","Variable","Variable","Exoskeleton","Exoskeleton","Chitin + Calcium","Holoplanktonic","No","Copepods"
"3105",0.0121803854259415,0.914603338668266,1,1.25,"Eukaryota","Arthropoda","Copepoda","Calanoida","Clausocalanidae","Clausocalanus","Clausocalanus parapergens","Variable","Variable","Variable","Exoskeleton","Exoskeleton","Chitin + Calcium","Holoplanktonic","No","Copepods"
"3213",0.0121803854259415,0.914603338668266,1,1.25,"Eukaryota","Mollusca","Gastropoda","Nudibranchia","Glaucidae","Hermissenda","Hermissenda opalescens","Variable","Variable","No","External shell","None","Aragonite","Meroplanktonic","No","Shell-less sea slugs"
"3363",0.0121803854259415,0.914603338668266,1,1.25,"Eukaryota","Arthropoda","Copepoda","Calanoida","Mecynoceridae","Mecynocera","Mecynocera clausi","Variable","Variable","Variable","Exoskeleton","Exoskeleton","Chitin + Calcium","Holoplanktonic","No","Copepods"
"3751",0.0121803854259415,0.914603338668266,1,1.25,"Eukaryota","Echinodermata","Ophiuroidea","Amphilepidida","Ophiocomidae","Ophiopteris","Ophiopteris papillosa","Yes","Yes","Yes","Internal skeleton","Internal skeleton","Calcite","Meroplanktonic","No","Brittle stars"
"4085",0.0121803854259415,0.914603338668266,1,1.25,"Eukaryota","Mollusca","Cephalopoda","Myopsida","Loliginidae","Doryteuthis","Doryteuthis opalescens","Variable","Yes","No","Statoliths","None","Aragonite","Meroplanktonic","No","Coastal squid"
"4357",0.0121803854259415,0.914603338668266,1,1.25,"Eukaryota","Arthropoda","Ostracoda","Halocyprida","Halocyprididae","Proceroecia","Proceroecia procera","Variable","No","Variable","None","Exoskeleton","Chitin + Calcium","Holoplanktonic","No","Ostracods (seed shrimp)"
"4455",0.0121803854259415,0.914603338668266,1,1.25,"Eukaryota","Arthropoda","Copepoda","Calanoida","Eucalanidae","Eucalanus","Eucalanus californicus","Variable","Variable","Variable","Exoskeleton","Exoskeleton","Chitin + Calcium","Holoplanktonic","No","Copepods"
"4557",0.0121803854259415,0.914603338668266,1,1.25,"Eukaryota","Arthropoda","Copepoda","Calanoida","Eucalanidae","Eucalanus","Eucalanus californicus","Variable","Variable","Variable","Exoskeleton","Exoskeleton","Chitin + Calcium","Holoplanktonic","No","Copepods"
"4885",0.0121803854259415,0.914603338668266,1,1.25,"Eukaryota","Arthropoda","Malacostraca","Euphausiacea","Euphausiidae","Euphausia","Euphausia pacifica","Variable","No","Variable","None","Exoskeleton","Chitin + Calcium","Holoplanktonic","No","Krill"
"4991",0.0121803854259415,0.914603338668266,1,1.25,"Eukaryota","Arthropoda","Copepoda","Calanoida","Eucalanidae","Eucalanus","Eucalanus californicus","Variable","Variable","Variable","Exoskeleton","Exoskeleton","Chitin + Calcium","Holoplanktonic","No","Copepods"
"5282",0.0121803854259415,0.914603338668266,1,1.25,"Eukaryota","Arthropoda","Copepoda","Calanoida","Eucalanidae","Eucalanus","Eucalanus californicus","Variable","Variable","Variable","Exoskeleton","Exoskeleton","Chitin + Calcium","Holoplanktonic","No","Copepods"
"5297",0.0121803854259415,0.914603338668266,1,1.25,"Eukaryota","Annelida","Polychaeta","Phyllodocida","Alciopedidae","Torrea","Torrea sp. JE_2010","No","No","No","None","None","None","Benthic + Meroplanktonic","No","Active marine polychaetes"
"5415",0.0121803854259415,0.914603338668266,1,1.25,"Eukaryota","Bryozoa","Gymnolaemata","Cheilostomatida","Membraniporidae","Membranipora","Membranipora villosa","Yes","Yes","Yes","External shell","External shell","Calcite","Meroplanktonic","No","Encrusting bryozoans"
"5443",0.0121803854259415,0.914603338668266,1,1.25,"Eukaryota","Mollusca","Gastropoda","Pteropoda","Cliidae","Clio","Clio pyramidata","Yes","Yes","Yes","External shell","External shell","Aragonite","Holoplanktonic","No","Sea butterflies"
"5567",0.0121803854259415,0.914603338668266,1,1.25,"Eukaryota","Echinodermata","Ophiuroidea","Amphilepidida","Ophiotrichidae","Ophiothrix","Ophiothrix spiculata","Yes","Yes","Yes","Internal skeleton","Internal skeleton","Calcite","Meroplanktonic","No","Brittle stars"
"5861",0.0121803854259415,0.914603338668266,1,1.25,"Eukaryota","Mollusca","Bivalvia","Adapedonta","Hiatellidae","Panopea","Panopea generosa","Yes","Yes","Yes","External shell","External shell","Aragonite/Calcite","Meroplanktonic","No","Burrowing clams"
"6056",0.0121803854259415,0.914603338668266,1,1.25,"Eukaryota","Arthropoda","Copepoda","Calanoida","Aetideidae",NA,NA,"Variable","Variable","Variable","Exoskeleton","Exoskeleton","Chitin + Calcium","Holoplanktonic","No","Copepods"
"6238",0.0121803854259415,0.914603338668266,1,1.25,"Eukaryota","Cnidaria","Hydrozoa","Leptothecata","Lovenellidae",NA,NA,"No","No","No","None","None","None","Benthic + Holoplanktonic","No","Hydroids"
"6239",0.0121803854259415,0.914603338668266,1,1.25,"Eukaryota","Mollusca","Gastropoda","Limapontiidae","Limapontiidae",NA,NA,"Variable","Variable","No","External shell","None","Aragonite","Meroplanktonic","No","Sap-sucking sea slugs"
"6452",0.0121803854259415,0.914603338668266,1,1.25,"Eukaryota","Cnidaria","Hydrozoa","Siphonophorae","Diphyidae","Lensia","Lensia conoidea","No","No","No","None","None","None","Holoplanktonic","No","Colonial hydrozoans (e.g., Portuguese man o' war)"
"6701",0.0121803854259415,0.914603338668266,1,1.25,"Eukaryota","Arthropoda","Copepoda","Poecilostomatoida","Oncaeidae","Oncaea",NA,"Variable","Variable","Variable","Exoskeleton","Exoskeleton","Chitin + Calcium","Holoplanktonic","No","Parasitic or predatory copepods"
"6702",0.0121803854259415,0.914603338668266,1,1.25,"Eukaryota","Arthropoda","Copepoda","Poecilostomatoida","Oncaeidae","Oncaea","Oncaea sp.","Variable","Variable","Variable","Exoskeleton","Exoskeleton","Chitin + Calcium","Holoplanktonic","No","Parasitic or predatory copepods"
"6947",0.0121803854259415,0.914603338668266,1,1.25,"Eukaryota","Arthropoda","Malacostraca","Euphausiacea","Euphausiidae",NA,NA,"Variable","No","Variable","None","Exoskeleton","Chitin + Calcium","Holoplanktonic","No","Krill"
"7185",0.0121803854259415,0.914603338668266,1,1.25,"Eukaryota","Arthropoda","Malacostraca","Euphausiacea","Euphausiidae",NA,NA,"Variable","No","Variable","None","Exoskeleton","Chitin + Calcium","Holoplanktonic","No","Krill"
"7456",0.0121803854259415,0.914603338668266,1,1.25,"Eukaryota","Arthropoda","Copepoda","Calanoida","Clausocalanidae","Clausocalanus",NA,"Variable","Variable","Variable","Exoskeleton","Exoskeleton","Chitin + Calcium","Holoplanktonic","No","Copepods"
"7457",0.0121803854259415,0.914603338668266,1,1.25,"Eukaryota","Mollusca","Gastropoda","Neogastropoda","Nassariidae",NA,NA,"Yes","Yes","Yes","External shell","External shell","Aragonite/Calcite","Meroplanktonic","No","Whelks and predatory snails"
"7654",0.0121803854259415,0.914603338668266,1,1.25,"Eukaryota","Arthropoda","Copepoda","Calanoida","Heterorhabdidae","Heterorhabdus",NA,"Variable","Variable","Variable","Exoskeleton","Exoskeleton","Chitin + Calcium","Holoplanktonic","No","Copepods"
"2588",0.0118306915714583,0.917046231640497,2,2.5,"Eukaryota","Arthropoda","Ostracoda","Halocyprida","Halocyprididae","Proceroecia","Proceroecia procera","Variable","No","Variable","None","Exoskeleton","Chitin + Calcium","Holoplanktonic","No","Ostracods (seed shrimp)"
"1788",0.0115369130210336,0.919099106011579,3,3.75,"Eukaryota","Arthropoda","Copepoda","Calanoida","Pontellidae","Labidocera","Labidocera trispinosa","Variable","Variable","Variable","Exoskeleton","Exoskeleton","Chitin + Calcium","Holoplanktonic","No","Copepods"
"993",0.0112570393309652,0.921055307758717,15,18.75,"Eukaryota","Arthropoda","Ostracoda","Halocyprida","Halocyprididae","Porroecia","Porroecia sp. S9_F12","Variable","No","Variable","None","Exoskeleton","Chitin + Calcium","Holoplanktonic","No","Ostracods (seed shrimp)"
"200",0.0111099553650855,0.922083552601984,4,5,"Eukaryota","Arthropoda","Copepoda","Calanoida","Pontellidae","Labidocera","Labidocera trispinosa","Variable","Variable","Variable","Exoskeleton","Exoskeleton","Chitin + Calcium","Holoplanktonic","No","Copepods"
"293",0.0108088242472986,0.924189117617765,7,8.75,"Eukaryota","Mollusca","Gastropoda","Nudibranchia","Glaucidae","Hermissenda","Hermissenda opalescens","Variable","Variable","No","External shell","None","Aragonite","Meroplanktonic","No","Shell-less sea slugs"
"210",0.0101838182839988,0.928560922365889,3,3.75,"Eukaryota","Arthropoda","Copepoda","Calanoida","Pontellidae","Labidocera","Labidocera trispinosa","Variable","Variable","Variable","Exoskeleton","Exoskeleton","Chitin + Calcium","Holoplanktonic","No","Copepods"
"3486",0.00997017174657223,0.930055833279655,3,3.75,"Eukaryota","Arthropoda","Copepoda","Calanoida","Eucalanidae","Rhincalanus","Rhincalanus nasutus","Variable","Variable","Variable","Exoskeleton","Exoskeleton","Chitin + Calcium","Holoplanktonic","No","Copepods"
"178",0.00979390584303871,0.931289369788844,2,2.5,"Eukaryota","Chordata","Actinopteri","Scombriformes","Scombridae","Scomber","Scomber japonicus","No","No","No","None","None","None","Meroplanktonic","No","Mackerels and tunas"
"1538",0.00979337429500885,0.931293089891792,8,10,"Eukaryota","Arthropoda","Copepoda","Calanoida","Aetideidae",NA,NA,"Variable","Variable","Variable","Exoskeleton","Exoskeleton","Chitin + Calcium","Holoplanktonic","No","Copepods"
"447",0.00914220081080656,0.935851487080852,19,23.75,"Eukaryota","Arthropoda","Ostracoda","Halocyprida","Halocyprididae","Conchoecetta","Conchoecetta giesbrechti","Variable","No","Variable","None","Exoskeleton","Chitin + Calcium","Holoplanktonic","No","Ostracods (seed shrimp)"
"1818",0.00853716571273729,0.940088754658883,2,2.5,"Eukaryota","Arthropoda","Copepoda","Calanoida","Eucalanidae","Eucalanus","Eucalanus californicus","Variable","Variable","Variable","Exoskeleton","Exoskeleton","Chitin + Calcium","Holoplanktonic","No","Copepods"
"1851",0.00826099944715985,0.94202340151779,3,3.75,"Eukaryota","Arthropoda","Copepoda","Calanoida","Calanidae","Neocalanus","Neocalanus gracilis","Variable","Variable","Variable","Exoskeleton","Exoskeleton","Chitin + Calcium","Holoplanktonic","No","Copepods"
"1470",0.00770989906266949,0.945885055266885,5,6.25,"Eukaryota","Arthropoda","Malacostraca","Decapoda","Cancridae",NA,NA,"Variable","No","Variable","None","Exoskeleton","Calcite","Meroplanktonic","No","Crabs, lobsters, shrimp"
"1381",0.00769127534735572,0.946015577081445,3,3.75,"Eukaryota","Arthropoda","Malacostraca","Euphausiacea","Euphausiidae","Stylocheiron",NA,"Variable","No","Variable","None","Exoskeleton","Chitin + Calcium","Holoplanktonic","No","Krill"
"1212",0.00731747836210922,0.948635579064594,7,8.75,"Eukaryota","Arthropoda","Thecostraca","Balanomorpha","Balanidae","Balanus","Balanus trigonus","Yes","Yes","Yes","External shell","External shell","Calcite","Meroplanktonic","No","Barnacles"
"1319",0.00730823125556488,0.94870040051051,1,1.25,"Eukaryota","Mollusca","Gastropoda","Nudibranchia","Glaucidae","Hermissenda","Hermissenda opalescens","Variable","Variable","No","External shell","None","Aragonite","Meroplanktonic","No","Shell-less sea slugs"
"1648",0.00730823125556488,0.94870040051051,1,1.25,"Eukaryota","Echinodermata","Echinoidea","Camarodonta","Strongylocentrotidae","Strongylocentrotus","Strongylocentrotus purpuratus","Yes","Yes","Yes","Internal skeleton","Exoskeleton","Calcite","Meroplanktonic","No","Sea urchins"
"1929",0.00730823125556488,0.94870040051051,1,1.25,"Eukaryota","Mollusca","Gastropoda","Nudibranchia","Glaucidae","Hermissenda","Hermissenda opalescens","Variable","Variable","No","External shell","None","Aragonite","Meroplanktonic","No","Shell-less sea slugs"
"2124",0.00730823125556488,0.94870040051051,1,1.25,"Eukaryota","Arthropoda","Copepoda","Calanoida","Scolecitrichidae","Scolecithricella","Scolecithricella dentata","Variable","Variable","Variable","Exoskeleton","Exoskeleton","Chitin + Calcium","Holoplanktonic","No","Copepods"
"2642",0.00730823125556488,0.94870040051051,1,1.25,"Eukaryota","Annelida","Polychaeta","Chaetopteridae","Chaetopteridae","Phyllochaetopterus","Phyllochaetopterus sp. 5 JM_2017","No","No","No","None","None","None","Benthic + Meroplanktonic","No","Tube-dwelling marine polychaetes"
"2665",0.00730823125556488,0.94870040051051,1,1.25,"Eukaryota","Arthropoda","Malacostraca","Euphausiacea","Euphausiidae","Euphausia","Euphausia pacifica","Variable","No","Variable","None","Exoskeleton","Chitin + Calcium","Holoplanktonic","No","Krill"
"3066",0.00730823125556488,0.94870040051051,1,1.25,"Eukaryota","Arthropoda","Copepoda","Calanoida","Eucalanidae","Eucalanus","Eucalanus californicus","Variable","Variable","Variable","Exoskeleton","Exoskeleton","Chitin + Calcium","Holoplanktonic","No","Copepods"
"3313",0.00730823125556488,0.94870040051051,1,1.25,"Eukaryota","Arthropoda","Copepoda","Calanoida","Clausocalanidae","Clausocalanus","Clausocalanus jobei","Variable","Variable","Variable","Exoskeleton","Exoskeleton","Chitin + Calcium","Holoplanktonic","No","Copepods"
"4552",0.00730823125556488,0.94870040051051,1,1.25,"Eukaryota","Arthropoda","Malacostraca","Euphausiacea","Euphausiidae","Thysanoessa","Thysanoessa gregaria","Variable","No","Variable","None","Exoskeleton","Chitin + Calcium","Holoplanktonic","No","Krill"
"4983",0.00730823125556488,0.94870040051051,1,1.25,"Eukaryota","Arthropoda","Ostracoda","Halocyprida","Halocyprididae","Discoconchoecia","Discoconchoecia sp. S8_D6","Variable","No","Variable","None","Exoskeleton","Chitin + Calcium","Holoplanktonic","No","Ostracods (seed shrimp)"
"5276",0.00730823125556488,0.94870040051051,1,1.25,"Eukaryota","Arthropoda","Malacostraca","Euphausiacea","Euphausiidae","Thysanoessa","Thysanoessa gregaria","Variable","No","Variable","None","Exoskeleton","Chitin + Calcium","Holoplanktonic","No","Krill"
"5405",0.00730823125556488,0.94870040051051,1,1.25,"Eukaryota","Mollusca","Gastropoda","Pteropoda","Creseidae","Styliola","Styliola sp.","Yes","Yes","Yes","External shell","External shell","Aragonite","Holoplanktonic","No","Sea butterflies"
"5426",0.00730823125556488,0.94870040051051,1,1.25,"Eukaryota","Annelida","Polychaeta","Phyllodocida","Alciopedidae","Torrea","Torrea sp. JE_2010","No","No","No","None","None","None","Benthic + Meroplanktonic","No","Active marine polychaetes"
"5850",0.00730823125556488,0.94870040051051,1,1.25,"Eukaryota","Arthropoda","Copepoda","Calanoida","Metridinidae","Pleuromamma","Pleuromamma borealis","Variable","Variable","Variable","Exoskeleton","Exoskeleton","Chitin + Calcium","Holoplanktonic","No","Copepods"
"6046",0.00730823125556488,0.94870040051051,1,1.25,"Eukaryota","Mollusca","Bivalvia","Mytilida","Modiolidae","Modiolus",NA,"Yes","Yes","Yes","External shell","External shell","Aragonite/Calcite","Meroplanktonic","No","Mussels"
"6428",0.00730823125556488,0.94870040051051,1,1.25,"Eukaryota","Cnidaria","Hydrozoa","Trachymedusae","Halicreatidae",NA,NA,"No","No","No","None","None","None","Holoplanktonic","No","Deep-sea jellyfish"
"6670",0.00730823125556488,0.94870040051051,1,1.25,"Eukaryota","Echinodermata","Ophiuroidea","Amphilepidida","Ophiotrichidae","Ophiothrix","Ophiothrix spiculata","Yes","Yes","Yes","Internal skeleton","Internal skeleton","Calcite","Meroplanktonic","No","Brittle stars"
"6671",0.00730823125556488,0.94870040051051,1,1.25,"Eukaryota","Echinodermata","Echinoidea","Spatangoida","Brissidae","Brissopsis",NA,"Yes","Yes","Yes","Internal skeleton","Exoskeleton","Calcite","Meroplanktonic","No","Heart urchins"
"7630",0.00730823125556488,0.94870040051051,1,1.25,"Eukaryota","Mollusca","Bivalvia","Adapedonta","Hiatellidae",NA,NA,"Yes","Yes","Yes","External shell","External shell","Aragonite/Calcite","Meroplanktonic","No","Burrowing clams"
"7632",0.00730823125556488,0.94870040051051,1,1.25,"Eukaryota","Arthropoda","Copepoda","Calanoida","Lucicutiidae","Lucicutia","Lucicutia flavicornis","Variable","Variable","Variable","Exoskeleton","Exoskeleton","Chitin + Calcium","Holoplanktonic","No","Copepods"
"4713",0.00719375384931162,0.949502905026754,2,2.5,"Eukaryota","Chaetognatha","Sagittoidea","Aphragmophora","Sagittidae","Pseudosagitta","Pseudosagitta maxima","No","No","No","None","None","None","Holoplanktonic","No","Chaetognaths (arrow worms)"
"315",0.00676012888828267,0.952543132579109,5,6.25,"Eukaryota","Mollusca","Gastropoda","Nudibranchia","Glaucidae","Hermissenda","Hermissenda opalescens","Variable","Variable","No","External shell","None","Aragonite","Meroplanktonic","No","Shell-less sea slugs"
"2624",0.00459360185558453,0.967742350790488,2,2.5,"Eukaryota","Arthropoda","Copepoda","Calanoida","Eucalanidae","Eucalanus","Eucalanus californicus","Variable","Variable","Variable","Exoskeleton","Exoskeleton","Chitin + Calcium","Holoplanktonic","No","Copepods"
"485",0.00453618183238972,0.968145359924696,25,31.25,"Eukaryota","Arthropoda","Copepoda","Calanoida","Aetideidae",NA,NA,"Variable","Variable","Variable","Exoskeleton","Exoskeleton","Chitin + Calcium","Holoplanktonic","No","Copepods"
"1761",0.00403023559027699,0.971696736176123,2,2.5,"Eukaryota","Mollusca","Gastropoda","Nudibranchia","Glaucidae","Hermissenda","Hermissenda opalescens","Variable","Variable","No","External shell","None","Aragonite","Meroplanktonic","No","Shell-less sea slugs"
"392",0.0035607756237758,0.974992498978096,3,3.75,"Eukaryota","Arthropoda","Copepoda","Calanoida","Pontellidae","Labidocera","Labidocera trispinosa","Variable","Variable","Variable","Exoskeleton","Exoskeleton","Chitin + Calcium","Holoplanktonic","No","Copepods"
"598",0.00352393866800692,0.975251124913252,11,13.75,"Eukaryota","Arthropoda","Ostracoda","Halocyprida","Halocyprididae","Conchoecia","Conchoecia magna","Variable","No","Variable","None","Exoskeleton","Chitin + Calcium","Holoplanktonic","No","Ostracods (seed shrimp)"
"95",0.00296525266961288,0.979173860661726,7,8.75,"Eukaryota","Arthropoda","Copepoda","Calanoida","Pontellidae","Labidocera","Labidocera trispinosa","Variable","Variable","Variable","Exoskeleton","Exoskeleton","Chitin + Calcium","Holoplanktonic","No","Copepods"
"582",0.00243607708518829,0.982889850149248,1,1.25,"Eukaryota","Arthropoda","Copepoda","Calanoida","Eucalanidae","Eucalanus","Eucalanus californicus","Variable","Variable","Variable","Exoskeleton","Exoskeleton","Chitin + Calcium","Holoplanktonic","No","Copepods"
"1696",0.00243607708518829,0.982889850149248,1,1.25,"Eukaryota","Arthropoda","Copepoda","Calanoida","Candaciidae","Candacia","Candacia bipinnata","Variable","Variable","Variable","Exoskeleton","Exoskeleton","Chitin + Calcium","Holoplanktonic","No","Copepods"
"1805",0.00243607708518829,0.982889850149248,1,1.25,"Eukaryota","Arthropoda","Copepoda","Calanoida","Calanidae","Calanus","Calanus pacificus","Variable","Variable","Variable","Exoskeleton","Exoskeleton","Chitin + Calcium","Holoplanktonic","No","Copepods"
"2249",0.00243607708518829,0.982889850149248,1,1.25,"Eukaryota","Arthropoda","Copepoda","Calanoida","Calanidae","Neocalanus","Neocalanus gracilis","Variable","Variable","Variable","Exoskeleton","Exoskeleton","Chitin + Calcium","Holoplanktonic","No","Copepods"
"2434",0.00243607708518829,0.982889850149248,1,1.25,"Eukaryota","Arthropoda","Copepoda","Calanoida","Calanidae","Calanus","Calanus pacificus","Variable","Variable","Variable","Exoskeleton","Exoskeleton","Chitin + Calcium","Holoplanktonic","No","Copepods"
"2674",0.00243607708518829,0.982889850149248,1,1.25,"Eukaryota","Bryozoa","Gymnolaemata","Cheilostomatida","Membraniporidae","Membranipora","Membranipora villosa","Yes","Yes","Yes","External shell","External shell","Calcite","Meroplanktonic","No","Encrusting bryozoans"
"2899",0.00243607708518829,0.982889850149248,1,1.25,"Eukaryota","Arthropoda","Copepoda","Calanoida","Calanidae","Calanus","Calanus pacificus","Variable","Variable","Variable","Exoskeleton","Exoskeleton","Chitin + Calcium","Holoplanktonic","No","Copepods"
"2980",0.00243607708518829,0.982889850149248,1,1.25,"Eukaryota","Arthropoda","Copepoda","Calanoida","Calanidae","Calanus","Calanus pacificus","Variable","Variable","Variable","Exoskeleton","Exoskeleton","Chitin + Calcium","Holoplanktonic","No","Copepods"
"2981",0.00243607708518829,0.982889850149248,1,1.25,"Eukaryota","Arthropoda","Malacostraca","Euphausiacea","Euphausiidae","Nyctiphanes","Nyctiphanes simplex","Variable","No","Variable","None","Exoskeleton","Chitin + Calcium","Holoplanktonic","No","Krill"
"3023",0.00243607708518829,0.982889850149248,1,1.25,"Eukaryota","Arthropoda","Thecostraca","Balanomorpha","Chthamalidae","Chthamalus","Chthamalus fissus","Yes","Yes","Yes","External shell","External shell","Calcite","Meroplanktonic","No","Barnacles"
"3024",0.00243607708518829,0.982889850149248,1,1.25,"Eukaryota","Arthropoda","Malacostraca","Euphausiacea","Euphausiidae","Nyctiphanes","Nyctiphanes simplex","Variable","No","Variable","None","Exoskeleton","Chitin + Calcium","Holoplanktonic","No","Krill"
"3224",0.00243607708518829,0.982889850149248,1,1.25,"Eukaryota","Arthropoda","Copepoda","Calanoida","Eucalanidae","Eucalanus","Eucalanus californicus","Variable","Variable","Variable","Exoskeleton","Exoskeleton","Chitin + Calcium","Holoplanktonic","No","Copepods"
"3267",0.00243607708518829,0.982889850149248,1,1.25,"Eukaryota","Echinodermata","Ophiuroidea","Amphilepidida","Ophiocomidae","Ophiopteris","Ophiopteris papillosa","Yes","Yes","Yes","Internal skeleton","Internal skeleton","Calcite","Meroplanktonic","No","Brittle stars"
"3438",0.00243607708518829,0.982889850149248,1,1.25,"Eukaryota","Arthropoda","Copepoda","Calanoida","Eucalanidae","Eucalanus","Eucalanus californicus","Variable","Variable","Variable","Exoskeleton","Exoskeleton","Chitin + Calcium","Holoplanktonic","No","Copepods"
"3439",0.00243607708518829,0.982889850149248,1,1.25,"Eukaryota","Chordata","Actinopteri","Argentiniformes","Bathylagidae","Leuroglossus","Leuroglossus stilbius","No","No","No","None","None","None","Meroplanktonic","No","Deep-sea smelts and related fish"
"3682",0.00243607708518829,0.982889850149248,1,1.25,"Eukaryota","Mollusca","Gastropoda","Nudibranchia","Glaucidae","Hermissenda","Hermissenda opalescens","Variable","Variable","No","External shell","None","Aragonite","Meroplanktonic","No","Shell-less sea slugs"
"3931",0.00243607708518829,0.982889850149248,1,1.25,"Eukaryota","Arthropoda","Copepoda","Calanoida","Eucalanidae","Eucalanus","Eucalanus californicus","Variable","Variable","Variable","Exoskeleton","Exoskeleton","Chitin + Calcium","Holoplanktonic","No","Copepods"
"4204",0.00243607708518829,0.982889850149248,1,1.25,"Eukaryota","Arthropoda","Malacostraca","Euphausiacea","Euphausiidae","Nyctiphanes","Nyctiphanes simplex","Variable","No","Variable","None","Exoskeleton","Chitin + Calcium","Holoplanktonic","No","Krill"
"4293",0.00243607708518829,0.982889850149248,1,1.25,"Eukaryota","Arthropoda","Copepoda","Calanoida","Eucalanidae","Eucalanus","Eucalanus californicus","Variable","Variable","Variable","Exoskeleton","Exoskeleton","Chitin + Calcium","Holoplanktonic","No","Copepods"
"4380",0.00243607708518829,0.982889850149248,1,1.25,"Eukaryota","Arthropoda","Copepoda","Poecilostomatoida","Oncaeidae","Oncaea","Oncaea sp.","Variable","Variable","Variable","Exoskeleton","Exoskeleton","Chitin + Calcium","Holoplanktonic","No","Parasitic or predatory copepods"
"4382",0.00243607708518829,0.982889850149248,1,1.25,"Eukaryota","Bryozoa","Gymnolaemata","Cheilostomatida","Membraniporidae","Membranipora",NA,"Yes","Yes","Yes","External shell","External shell","Calcite","Meroplanktonic","No","Encrusting bryozoans"
"4473",0.00243607708518829,0.982889850149248,1,1.25,"Eukaryota","Arthropoda","Copepoda","Calanoida","Clausocalanidae","Clausocalanus","Clausocalanus parapergens","Variable","Variable","Variable","Exoskeleton","Exoskeleton","Chitin + Calcium","Holoplanktonic","No","Copepods"
"4676",0.00243607708518829,0.982889850149248,1,1.25,"Eukaryota","Echinodermata","Ophiuroidea","Amphilepidida","Amphiuridae","Amphiodia",NA,"Yes","Yes","Yes","Internal skeleton","Internal skeleton","Calcite","Meroplanktonic","No","Brittle stars"
"4698",0.00243607708518829,0.982889850149248,1,1.25,"Eukaryota","Mollusca","Gastropoda","Pteropoda","Cliidae","Clio","Clio pyramidata","Yes","Yes","Yes","External shell","External shell","Aragonite","Holoplanktonic","No","Sea butterflies"
"4699",0.00243607708518829,0.982889850149248,1,1.25,"Eukaryota","Arthropoda","Malacostraca","Euphausiacea","Euphausiidae","Nyctiphanes","Nyctiphanes simplex","Variable","No","Variable","None","Exoskeleton","Chitin + Calcium","Holoplanktonic","No","Krill"
"5304",0.00243607708518829,0.982889850149248,1,1.25,"Eukaryota","Arthropoda","Copepoda","Calanoida","Candaciidae","Candacia","Candacia bipinnata","Variable","Variable","Variable","Exoskeleton","Exoskeleton","Chitin + Calcium","Holoplanktonic","No","Copepods"
"5305",0.00243607708518829,0.982889850149248,1,1.25,"Eukaryota","Echinodermata","Ophiuroidea","Amphilepidida","Amphiuridae",NA,NA,"Yes","Yes","Yes","Internal skeleton","Internal skeleton","Calcite","Meroplanktonic","No","Brittle stars"
"5452",0.00243607708518829,0.982889850149248,1,1.25,"Eukaryota","Mollusca","Cephalopoda","Myopsida","Loliginidae",NA,NA,"Variable","Yes","No","Statoliths","None","Aragonite","Meroplanktonic","No","Coastal squid"
"5738",0.00243607708518829,0.982889850149248,1,1.25,"Eukaryota","Echinodermata","Ophiuroidea","Amphilepidida","Ophionereidae",NA,NA,"Yes","Yes","Yes","Internal skeleton","Internal skeleton","Calcite","Meroplanktonic","No","Brittle stars"
"6090",0.00243607708518829,0.982889850149248,1,1.25,"Eukaryota","Nemertea","Palaeonemertea","Tubulaniformes","Tubulanidae",NA,NA,"No","No","No","None","None","None","Benthic + Meroplanktonic","No","Unsegmented ribbon worms (nemerteans)"
"6282",0.00243607708518829,0.982889850149248,1,1.25,"Eukaryota","Arthropoda","Ostracoda","Halocyprida","Halocyprididae","Porroecia","Porroecia spinirostris","Variable","No","Variable","None","Exoskeleton","Chitin + Calcium","Holoplanktonic","No","Ostracods (seed shrimp)"
"6284",0.00243607708518829,0.982889850149248,1,1.25,"Eukaryota","Arthropoda","Copepoda","Calanoida","Metridinidae","Pleuromamma","Pleuromamma abdominalis","Variable","Variable","Variable","Exoskeleton","Exoskeleton","Chitin + Calcium","Holoplanktonic","No","Copepods"
"6285",0.00243607708518829,0.982889850149248,1,1.25,"Eukaryota","Arthropoda","Copepoda","Calanoida","Calocalanidae","Calocalanus","Calocalanus styliremis","Variable","Variable","Variable","Exoskeleton","Exoskeleton","Chitin + Calcium","Holoplanktonic","No","Copepods"
"6286",0.00243607708518829,0.982889850149248,1,1.25,"Eukaryota","Arthropoda","Malacostraca","Euphausiacea","Euphausiidae","Euphausia","Euphausia pacifica","Variable","No","Variable","None","Exoskeleton","Chitin + Calcium","Holoplanktonic","No","Krill"
"6755",0.00243607708518829,0.982889850149248,1,1.25,"Eukaryota","Arthropoda","Malacostraca","Euphausiacea","Euphausiidae",NA,NA,"Variable","No","Variable","None","Exoskeleton","Chitin + Calcium","Holoplanktonic","No","Krill"
"6756",0.00243607708518829,0.982889850149248,1,1.25,"Eukaryota","Arthropoda","Copepoda","Calanoida","Pontellidae","Labidocera","Labidocera trispinosa","Variable","Variable","Variable","Exoskeleton","Exoskeleton","Chitin + Calcium","Holoplanktonic","No","Copepods"
"6983",0.00243607708518829,0.982889850149248,1,1.25,"Eukaryota","Annelida","Polychaeta","Phyllodocida","Polynoidae","Thormora","Thormora cf_ setosior","No","No","No","None","None","None","Benthic + Meroplanktonic","No","Active marine polychaetes"
"6984",0.00243607708518829,0.982889850149248,1,1.25,"Eukaryota","Arthropoda","Ostracoda","Halocyprida","Halocyprididae","Conchoecia","Conchoecia magna","Variable","No","Variable","None","Exoskeleton","Chitin + Calcium","Holoplanktonic","No","Ostracods (seed shrimp)"
"6985",0.00243607708518829,0.982889850149248,1,1.25,"Eukaryota","Arthropoda","Malacostraca","Euphausiacea","Euphausiidae","Hansarsia",NA,"Variable","No","Variable","None","Exoskeleton","Chitin + Calcium","Holoplanktonic","No","Krill"
"7240",0.00243607708518829,0.982889850149248,1,1.25,"Eukaryota","Mollusca","Gastropoda","Pteropoda","Creseidae","Styliola","Styliola sp.","Yes","Yes","Yes","External shell","External shell","Aragonite","Holoplanktonic","No","Sea butterflies"
"7242",0.00243607708518829,0.982889850149248,1,1.25,"Eukaryota","Mollusca","Gastropoda","Pyramidellidae","Pyramidellidae","Odostomia","Odostomia sp. BMBM_0374","Yes","Yes","Yes","External shell","External shell","Aragonite/Calcite","Benthic + Meroplanktonic","No","Parasitic snails"
"7499",0.00243607708518829,0.982889850149248,1,1.25,"Eukaryota","Cnidaria","Anthozoa","Actiniaria","Actinostolidae","Paranthus","Paranthus rapiformis","No","No","No","None","None","None","Benthic + Meroplanktonic","No","Sea anemones"
"7501",0.00243607708518829,0.982889850149248,1,1.25,"Eukaryota","Mollusca","Gastropoda","Nudibranchia","Tritoniidae","Tritonia","Tritonia festiva","Variable","Variable","No","External shell","None","Aragonite","Meroplanktonic","No","Shell-less sea slugs"
"7502",0.00243607708518829,0.982889850149248,1,1.25,"Eukaryota","Arthropoda","Malacostraca","Euphausiacea","Euphausiidae","Thysanoessa","Thysanoessa gregaria","Variable","No","Variable","None","Exoskeleton","Chitin + Calcium","Holoplanktonic","No","Krill"
"1186",0.00242500286637186,0.982967619959356,25,31.25,"Eukaryota","Arthropoda","Copepoda","Calanoida","Calanidae","Ctenocalanus","Ctenocalanus vanus","Variable","Variable","Variable","Exoskeleton","Exoskeleton","Chitin + Calcium","Holoplanktonic","No","Copepods"
"3650",0.00240235985286078,0.983126633281456,5,6.25,"Eukaryota","Bryozoa","Gymnolaemata","Cheilostomatida","Membraniporidae","Membranipora","Membranipora villosa","Yes","Yes","Yes","External shell","External shell","Calcite","Meroplanktonic","No","Encrusting bryozoans"
"2688",0.00195011399529532,0.986302714417839,2,2.5,"Eukaryota","Arthropoda","Malacostraca","Decapoda","Grapsidae","Pachygrapsus","Pachygrapsus crassipes","Variable","No","Variable","None","Exoskeleton","Calcite","Meroplanktonic","No","Crabs, lobsters, shrimp"
"2000",0.00192281883683893,0.986494413116557,3,3.75,"Eukaryota","Arthropoda","Copepoda","Calanoida","Scolecitrichidae","Scolecithricella","Scolecithricella dentata","Variable","Variable","Variable","Exoskeleton","Exoskeleton","Chitin + Calcium","Holoplanktonic","No","Copepods"
"1400",0.00143718808306765,0.989905200988403,6,7.5,"Eukaryota","Arthropoda","Copepoda","Calanoida","Metridinidae","Pleuromamma","Pleuromamma borealis","Variable","Variable","Variable","Exoskeleton","Exoskeleton","Chitin + Calcium","Holoplanktonic","No","Copepods"
"2218",0.00138674772998778,0.990259476100595,2,2.5,"Eukaryota","Arthropoda","Malacostraca","Euphausiacea","Euphausiidae","Thysanoessa","Thysanoessa gregaria","Variable","No","Variable","None","Exoskeleton","Chitin + Calcium","Holoplanktonic","No","Krill"
"4671",0.00138674772998778,0.990259476100595,2,2.5,"Eukaryota","Annelida","Polychaeta","Terebellida","Flabelligeridae","Poeobius","Poeobius meseres","Variable","Variable","Variable","External tube","External tube","None","Benthic + Meroplanktonic","No","Spaghetti worms (tube-building polychaetes)"
"3429",0.000589634502616269,0.995858321272648,4,5,"Eukaryota","Cnidaria","Anthozoa","Scleralcyonacea","Virgulariidae","Stylatula","Stylatula elegans","Variable","No","Variable","None","Internal skeleton","Calcite","Meroplanktonic","No","Sea pens (sampled Scleralcyonacea lineages)"
"1378",-0.00106823268713274,0.992496653246477,3,3.75,"Eukaryota","Mollusca","Gastropoda","Nudibranchia","Glaucidae","Hermissenda","Hermissenda opalescens","Variable","Variable","No","External shell","None","Aragonite","Meroplanktonic","No","Shell-less sea slugs"
"1992",-0.00134341186342566,0.990563853331309,2,2.5,"Eukaryota","Mollusca","Gastropoda","Nudibranchia","Glaucidae","Hermissenda","Hermissenda opalescens","Variable","Variable","No","External shell","None","Aragonite","Meroplanktonic","No","Shell-less sea slugs"
"1628",-0.00164476992835064,0.98844724118089,4,5,"Eukaryota","Mollusca","Gastropoda","Nudibranchia","Glaucidae","Hermissenda","Hermissenda opalescens","Variable","Variable","No","External shell","None","Aragonite","Meroplanktonic","No","Shell-less sea slugs"
"478",-0.00243607708518829,0.982889850149248,1,1.25,"Eukaryota","Arthropoda","Thecostraca","Lepadidae","Lepadidae",NA,NA,"Yes","Variable","Yes","External shell","External shell","Chitin + Calcium","Meroplanktonic","No","Goose barnacles"
"497",-0.00243607708518829,0.982889850149248,1,1.25,"Eukaryota","Arthropoda","Malacostraca","Stomatopoda","Hemisquillidae","Hemisquilla","Hemisquilla californiensis","Variable","No","Variable","None","Exoskeleton","Chitin + Calcium","Meroplanktonic","No","Mantis shrimps"
"569",-0.00243607708518829,0.982889850149248,1,1.25,"Eukaryota","Arthropoda","Copepoda","Calanoida","Calanidae","Calanus","Calanus pacificus","Variable","Variable","Variable","Exoskeleton","Exoskeleton","Chitin + Calcium","Holoplanktonic","No","Copepods"
"773",-0.00243607708518829,0.982889850149248,1,1.25,"Eukaryota","Arthropoda","Copepoda","Calanoida","Calanidae","Calanus","Calanus pacificus","Variable","Variable","Variable","Exoskeleton","Exoskeleton","Chitin + Calcium","Holoplanktonic","No","Copepods"
"837",-0.00243607708518829,0.982889850149248,1,1.25,"Eukaryota","Arthropoda","Copepoda","Calanoida","Calanidae","Calanus","Calanus pacificus","Variable","Variable","Variable","Exoskeleton","Exoskeleton","Chitin + Calcium","Holoplanktonic","No","Copepods"
"1173",-0.00243607708518829,0.982889850149248,1,1.25,"Eukaryota","Chordata","Actinopteri","Perciformes","Bathymasteridae","Rathbunella","Rathbunella hypoplecta","No","No","No","None","None","None","Meroplanktonic","No","Perch-like fishes (most diverse fish group)"
"1459",-0.00243607708518829,0.982889850149248,1,1.25,"Eukaryota","Arthropoda","Copepoda","Calanoida","Calanidae","Calanus","Calanus pacificus","Variable","Variable","Variable","Exoskeleton","Exoskeleton","Chitin + Calcium","Holoplanktonic","No","Copepods"
"1754",-0.00243607708518829,0.982889850149248,1,1.25,"Eukaryota","Arthropoda","Copepoda","Calanoida","Calanidae","Calanus","Calanus pacificus","Variable","Variable","Variable","Exoskeleton","Exoskeleton","Chitin + Calcium","Holoplanktonic","No","Copepods"
"1769",-0.00243607708518829,0.982889850149248,1,1.25,"Eukaryota","Mollusca","Gastropoda","Nudibranchia","Glaucidae","Hermissenda","Hermissenda opalescens","Variable","Variable","No","External shell","None","Aragonite","Meroplanktonic","No","Shell-less sea slugs"
"2340",-0.00243607708518829,0.982889850149248,1,1.25,"Eukaryota","Cnidaria","Hydrozoa","Siphonophorae","Diphyidae","Diphyes","Diphyes sp. HAW01","No","No","No","None","None","None","Holoplanktonic","No","Colonial hydrozoans (e.g., Portuguese man o' war)"
"2522",-0.00243607708518829,0.982889850149248,1,1.25,"Eukaryota","Arthropoda","Ostracoda","Halocyprida","Halocyprididae","Paraconchoecia","Paraconchoecia allotherium","Variable","No","Variable","None","Exoskeleton","Chitin + Calcium","Holoplanktonic","No","Ostracods (seed shrimp)"
"2523",-0.00243607708518829,0.982889850149248,1,1.25,"Eukaryota","Mollusca","Gastropoda","Nudibranchia","Glaucidae","Hermissenda","Hermissenda opalescens","Variable","Variable","No","External shell","None","Aragonite","Meroplanktonic","No","Shell-less sea slugs"
"3293",-0.00243607708518829,0.982889850149248,1,1.25,"Eukaryota","Arthropoda","Copepoda","Calanoida","Clausocalanidae","Clausocalanus","Clausocalanus furcatus","Variable","Variable","Variable","Exoskeleton","Exoskeleton","Chitin + Calcium","Holoplanktonic","No","Copepods"
"3975",-0.00243607708518829,0.982889850149248,1,1.25,"Eukaryota","Arthropoda","Copepoda","Calanoida","Eucalanidae","Eucalanus","Eucalanus californicus","Variable","Variable","Variable","Exoskeleton","Exoskeleton","Chitin + Calcium","Holoplanktonic","No","Copepods"
"3976",-0.00243607708518829,0.982889850149248,1,1.25,"Eukaryota","Bryozoa","Gymnolaemata","Cheilostomatida","Membraniporidae","Membranipora","Membranipora villosa","Yes","Yes","Yes","External shell","External shell","Calcite","Meroplanktonic","No","Encrusting bryozoans"
"4748",-0.00243607708518829,0.982889850149248,1,1.25,"Eukaryota","Mollusca","Gastropoda","Nudibranchia","Glaucidae","Hermissenda","Hermissenda opalescens","Variable","Variable","No","External shell","None","Aragonite","Meroplanktonic","No","Shell-less sea slugs"
"5222",-0.00243607708518829,0.982889850149248,1,1.25,"Eukaryota","Arthropoda","Copepoda","Poecilostomatoida","Oncaeidae","Oncaea","Oncaea sp.","Variable","Variable","Variable","Exoskeleton","Exoskeleton","Chitin + Calcium","Holoplanktonic","No","Parasitic or predatory copepods"
"5223",-0.00243607708518829,0.982889850149248,1,1.25,"Eukaryota","Arthropoda","Copepoda","Calanoida","Calanidae",NA,NA,"Variable","Variable","Variable","Exoskeleton","Exoskeleton","Chitin + Calcium","Holoplanktonic","No","Copepods"
"5224",-0.00243607708518829,0.982889850149248,1,1.25,"Eukaryota","Arthropoda","Copepoda","Poecilostomatoida","Oncaeidae","Oncaea","Oncaea scottodicarloi","Variable","Variable","Variable","Exoskeleton","Exoskeleton","Chitin + Calcium","Holoplanktonic","No","Parasitic or predatory copepods"
"6364",-0.00243607708518829,0.982889850149248,1,1.25,"Eukaryota","Arthropoda","Thecostraca","Balanomorpha","Balanidae","Megabalanus","Megabalanus californicus","Yes","Yes","Yes","External shell","External shell","Calcite","Meroplanktonic","No","Barnacles"
"6587",-0.00243607708518829,0.982889850149248,1,1.25,"Eukaryota","Arthropoda","Copepoda","Poecilostomatoida","Oncaeidae","Oncaea","Oncaea sp.","Variable","Variable","Variable","Exoskeleton","Exoskeleton","Chitin + Calcium","Holoplanktonic","No","Parasitic or predatory copepods"
"6588",-0.00243607708518829,0.982889850149248,1,1.25,"Eukaryota","Arthropoda","Malacostraca","Euphausiacea","Euphausiidae","Nyctiphanes","Nyctiphanes simplex","Variable","No","Variable","None","Exoskeleton","Chitin + Calcium","Holoplanktonic","No","Krill"
"6590",-0.00243607708518829,0.982889850149248,1,1.25,"Eukaryota","Mollusca","Gastropoda","Pteropoda","Creseidae","Styliola","Styliola sp.","Yes","Yes","Yes","External shell","External shell","Aragonite","Holoplanktonic","No","Sea butterflies"
"6854",-0.00243607708518829,0.982889850149248,1,1.25,"Eukaryota","Arthropoda","Ostracoda","Halocyprida","Halocyprididae","Archiconchoecia","Archiconchoecia striata","Variable","No","Variable","None","Exoskeleton","Chitin + Calcium","Holoplanktonic","No","Ostracods (seed shrimp)"
"7087",-0.00243607708518829,0.982889850149248,1,1.25,"Eukaryota","Mollusca","Gastropoda","Nudibranchia","Goniodorididae",NA,NA,"Variable","Variable","No","External shell","None","Aragonite","Meroplanktonic","No","Shell-less sea slugs"
"7342",-0.00243607708518829,0.982889850149248,1,1.25,"Eukaryota","Arthropoda","Ostracoda","Halocyprida","Halocyprididae","Orthoconchoecia","Orthoconchoecia bispinosa","Variable","No","Variable","None","Exoskeleton","Chitin + Calcium","Holoplanktonic","No","Ostracods (seed shrimp)"
"4487",-0.00268682372685133,0.981129000837781,2,2.5,"Eukaryota","Arthropoda","Ostracoda","Halocyprida","Halocyprididae","Paraconchoecia","Paraconchoecia oblonga","Variable","No","Variable","None","Exoskeleton","Chitin + Calcium","Holoplanktonic","No","Ostracods (seed shrimp)"
"3585",-0.00273757285558554,0.980772629620646,5,6.25,"Eukaryota","Arthropoda","Ostracoda","Halocyprida","Halocyprididae","Conchoecetta",NA,"Variable","No","Variable","None","Exoskeleton","Chitin + Calcium","Holoplanktonic","No","Ostracods (seed shrimp)"
"1321",-0.00328900942347312,0.976900581663366,11,13.75,"Eukaryota","Arthropoda","Copepoda","Calanoida","Acartiidae","Acartia","Acartia tonsa","Variable","Variable","Variable","Exoskeleton","Exoskeleton","Chitin + Calcium","Holoplanktonic","No","Copepods"
"1256",-0.00462900831090854,0.967493850471816,3,3.75,"Eukaryota","Arthropoda","Ostracoda","Halocyprida","Halocyprididae","Conchoecia","Conchoecia magna","Variable","No","Variable","None","Exoskeleton","Chitin + Calcium","Holoplanktonic","No","Ostracods (seed shrimp)"
"2431",-0.00463693772214665,0.967438198297365,2,2.5,"Eukaryota","Arthropoda","Copepoda","Calanoida","Eucalanidae","Eucalanus","Eucalanus californicus","Variable","Variable","Variable","Exoskeleton","Exoskeleton","Chitin + Calcium","Holoplanktonic","No","Copepods"
"3081",-0.00465500923118107,0.967311364900524,4,5,"Eukaryota","Arthropoda","Ostracoda","Halocyprida","Halocyprididae","Archiconchoecia","Archiconchoecia striata","Variable","No","Variable","None","Exoskeleton","Chitin + Calcium","Holoplanktonic","No","Ostracods (seed shrimp)"
"4207",-0.00518257694404826,0.963609044785922,4,5,"Eukaryota","Bryozoa","Gymnolaemata","Cheilostomatida","Membraniporidae",NA,NA,"Yes","Yes","Yes","External shell","External shell","Calcite","Meroplanktonic","No","Encrusting bryozoans"
"224",-0.00520008732552264,0.963486174668646,54,67.5,"Eukaryota","Arthropoda","Copepoda","Calanoida","Calanidae","Ctenocalanus","Ctenocalanus vanus","Variable","Variable","Variable","Exoskeleton","Exoskeleton","Chitin + Calcium","Holoplanktonic","No","Copepods"
"819",-0.00550365505338901,0.96135618152619,2,2.5,"Eukaryota","Arthropoda","Ostracoda","Halocyprida","Halocyprididae","Halocypris","Halocypris inflata","Variable","No","Variable","None","Exoskeleton","Chitin + Calcium","Holoplanktonic","No","Ostracods (seed shrimp)"
"666",-0.00639024064548183,0.955137026863966,17,21.25,"Eukaryota","Arthropoda","Copepoda","Calanoida","Eucalanidae","Eucalanus","Eucalanus californicus","Variable","Variable","Variable","Exoskeleton","Exoskeleton","Chitin + Calcium","Holoplanktonic","No","Copepods"
"691",-0.00730823125556488,0.948700400510511,1,1.25,"Eukaryota","Mollusca","Gastropoda","Nudibranchia","Glaucidae","Hermissenda","Hermissenda opalescens","Variable","Variable","No","External shell","None","Aragonite","Meroplanktonic","No","Shell-less sea slugs"
"800",-0.00730823125556488,0.948700400510511,1,1.25,"Eukaryota","Mollusca","Gastropoda","Nudibranchia","Glaucidae","Hermissenda",NA,"Variable","Variable","No","External shell","None","Aragonite","Meroplanktonic","No","Shell-less sea slugs"
"906",-0.00730823125556488,0.948700400510511,1,1.25,"Eukaryota","Mollusca","Gastropoda","Nudibranchia","Glaucidae","Hermissenda","Hermissenda opalescens","Variable","Variable","No","External shell","None","Aragonite","Meroplanktonic","No","Shell-less sea slugs"
"1623",-0.00730823125556488,0.948700400510511,1,1.25,"Eukaryota","Mollusca","Gastropoda","Nudibranchia","Glaucidae","Hermissenda","Hermissenda opalescens","Variable","Variable","No","External shell","None","Aragonite","Meroplanktonic","No","Shell-less sea slugs"
"1705",-0.00730823125556488,0.948700400510511,1,1.25,"Eukaryota","Arthropoda","Copepoda","Calanoida","Calanidae","Calanus","Calanus pacificus","Variable","Variable","Variable","Exoskeleton","Exoskeleton","Chitin + Calcium","Holoplanktonic","No","Copepods"
"1824",-0.00730823125556488,0.948700400510511,1,1.25,"Eukaryota","Arthropoda","Thecostraca","Balanomorpha","Balanidae","Balanus","Balanus trigonus","Yes","Yes","Yes","External shell","External shell","Calcite","Meroplanktonic","No","Barnacles"
"2050",-0.00730823125556488,0.948700400510511,1,1.25,"Eukaryota","Bryozoa","Gymnolaemata","Cheilostomatida","Membraniporidae","Membranipora","Membranipora villosa","Yes","Yes","Yes","External shell","External shell","Calcite","Meroplanktonic","No","Encrusting bryozoans"
"2184",-0.00730823125556488,0.948700400510511,1,1.25,"Eukaryota","Bryozoa","Gymnolaemata","Cheilostomatida","Membraniporidae","Membranipora",NA,"Yes","Yes","Yes","External shell","External shell","Calcite","Meroplanktonic","No","Encrusting bryozoans"
"2221",-0.00730823125556488,0.948700400510511,1,1.25,"Eukaryota","Mollusca","Gastropoda","Nudibranchia","Glaucidae","Hermissenda","Hermissenda opalescens","Variable","Variable","No","External shell","None","Aragonite","Meroplanktonic","No","Shell-less sea slugs"
"2317",-0.00730823125556488,0.948700400510511,1,1.25,"Eukaryota","Arthropoda","Ostracoda","Halocyprida","Halocyprididae","Proceroecia","Proceroecia procera","Variable","No","Variable","None","Exoskeleton","Chitin + Calcium","Holoplanktonic","No","Ostracods (seed shrimp)"
"2318",-0.00730823125556488,0.948700400510511,1,1.25,"Eukaryota","Arthropoda","Copepoda","Calanoida","Calanidae","Calanus","Calanus pacificus","Variable","Variable","Variable","Exoskeleton","Exoskeleton","Chitin + Calcium","Holoplanktonic","No","Copepods"
"2494",-0.00730823125556488,0.948700400510511,1,1.25,"Eukaryota","Bryozoa","Gymnolaemata","Cheilostomatida","Membraniporidae","Membranipora",NA,"Yes","Yes","Yes","External shell","External shell","Calcite","Meroplanktonic","No","Encrusting bryozoans"
"2604",-0.00730823125556488,0.948700400510511,1,1.25,"Eukaryota","Arthropoda","Copepoda","Calanoida","Clausocalanidae","Clausocalanus","Clausocalanus parapergens","Variable","Variable","Variable","Exoskeleton","Exoskeleton","Chitin + Calcium","Holoplanktonic","No","Copepods"
"2727",-0.00730823125556488,0.948700400510511,1,1.25,"Eukaryota","Arthropoda","Copepoda","Poecilostomatoida","Oncaeidae","Oncaea","Oncaea sp.","Variable","Variable","Variable","Exoskeleton","Exoskeleton","Chitin + Calcium","Holoplanktonic","No","Parasitic or predatory copepods"
"2920",-0.00730823125556488,0.948700400510511,1,1.25,"Eukaryota","Mollusca","Gastropoda","Nudibranchia","Glaucidae","Hermissenda","Hermissenda opalescens","Variable","Variable","No","External shell","None","Aragonite","Meroplanktonic","No","Shell-less sea slugs"
"3198",-0.00730823125556488,0.948700400510511,1,1.25,"Eukaryota","Mollusca","Gastropoda","Nudibranchia","Glaucidae","Hermissenda","Hermissenda opalescens","Variable","Variable","No","External shell","None","Aragonite","Meroplanktonic","No","Shell-less sea slugs"
"3245",-0.00730823125556488,0.948700400510511,1,1.25,"Eukaryota","Bryozoa","Gymnolaemata","Cheilostomatida","Membraniporidae","Membranipora",NA,"Yes","Yes","Yes","External shell","External shell","Calcite","Meroplanktonic","No","Encrusting bryozoans"
"3294",-0.00730823125556488,0.948700400510511,1,1.25,"Eukaryota","Arthropoda","Copepoda","Calanoida","Metridinidae","Pleuromamma","Pleuromamma abdominalis","Variable","Variable","Variable","Exoskeleton","Exoskeleton","Chitin + Calcium","Holoplanktonic","No","Copepods"
"3349",-0.00730823125556488,0.948700400510511,1,1.25,"Eukaryota","Arthropoda","Malacostraca","Euphausiacea","Euphausiidae","Hansarsia",NA,"Variable","No","Variable","None","Exoskeleton","Chitin + Calcium","Holoplanktonic","No","Krill"
"4631",-0.00730823125556488,0.948700400510511,1,1.25,"Eukaryota","Arthropoda","Malacostraca","Euphausiacea","Euphausiidae","Nyctiphanes","Nyctiphanes simplex","Variable","No","Variable","None","Exoskeleton","Chitin + Calcium","Holoplanktonic","No","Krill"
"4803",-0.00730823125556488,0.948700400510511,1,1.25,"Eukaryota","Arthropoda","Copepoda","Calanoida","Candaciidae","Candacia","Candacia curta","Variable","Variable","Variable","Exoskeleton","Exoskeleton","Chitin + Calcium","Holoplanktonic","No","Copepods"
"4954",-0.00730823125556488,0.948700400510511,1,1.25,"Eukaryota","Arthropoda","Copepoda","Calanoida","Acartiidae","Acartia","Acartia tonsa","Variable","Variable","Variable","Exoskeleton","Exoskeleton","Chitin + Calcium","Holoplanktonic","No","Copepods"
"5225",-0.00730823125556488,0.948700400510511,1,1.25,"Eukaryota","Arthropoda","Copepoda","Calanoida","Calocalanidae",NA,NA,"Variable","Variable","Variable","Exoskeleton","Exoskeleton","Chitin + Calcium","Holoplanktonic","No","Copepods"
"5360",-0.00730823125556488,0.948700400510511,1,1.25,"Eukaryota","Arthropoda","Malacostraca","Euphausiacea","Euphausiidae","Nyctiphanes","Nyctiphanes simplex","Variable","No","Variable","None","Exoskeleton","Chitin + Calcium","Holoplanktonic","No","Krill"
"5518",-0.00730823125556488,0.948700400510511,1,1.25,"Eukaryota","Arthropoda","Ostracoda","Halocyprida","Halocyprididae",NA,NA,"Variable","No","Variable","None","Exoskeleton","Chitin + Calcium","Holoplanktonic","No","Ostracods (seed shrimp)"
"5979",-0.00730823125556488,0.948700400510511,1,1.25,"Eukaryota","Arthropoda","Ostracoda","Halocyprida","Halocyprididae","Discoconchoecia",NA,"Variable","No","Variable","None","Exoskeleton","Chitin + Calcium","Holoplanktonic","No","Ostracods (seed shrimp)"
"7343",-0.00730823125556488,0.948700400510511,1,1.25,"Eukaryota","Arthropoda","Malacostraca","Euphausiacea","Euphausiidae",NA,NA,"Variable","No","Variable","None","Exoskeleton","Chitin + Calcium","Holoplanktonic","No","Krill"
"7346",-0.00730823125556488,0.948700400510511,1,1.25,"Eukaryota","Arthropoda","Ostracoda","Halocyprida","Halocyprididae","Mikroconchoecia",NA,"Variable","No","Variable","None","Exoskeleton","Chitin + Calcium","Holoplanktonic","No","Ostracods (seed shrimp)"
"5293",-0.00751008155963879,0.947285523121426,4,5,"Eukaryota","Arthropoda","Copepoda","Calanoida","Lucicutiidae","Lucicutia","Lucicutia flavicornis","Variable","Variable","Variable","Exoskeleton","Exoskeleton","Chitin + Calcium","Holoplanktonic","No","Copepods"
"433",-0.00788337005134871,0.94466937595619,15,18.75,"Eukaryota","Echinodermata","Echinoidea","Camarodonta","Strongylocentrotidae","Allocentrotus","Allocentrotus fragilis","Yes","Yes","Yes","Internal skeleton","Exoskeleton","Calcite","Meroplanktonic","No","Sea urchins"
"5007",-0.00966389824335236,0.932199287298289,2,2.5,"Eukaryota","Nemertea","Pilidiophora","Hubrechtidae","Hubrechtidae","Hubrechtella","Hubrechtella juliae","No","No","No","None","None","None","Benthic + Meroplanktonic","No","Ribbon worms (marine nemerteans)"
"1899",-0.00970881116018412,0.931884933872658,7,8.75,"Eukaryota","Arthropoda","Ostracoda","Halocyprida","Halocyprididae","Proceroecia","Proceroecia procera","Variable","No","Variable","None","Exoskeleton","Chitin + Calcium","Holoplanktonic","No","Ostracods (seed shrimp)"
"2217",-0.00971345259573116,0.931852448239868,4,5,"Eukaryota","Arthropoda","Copepoda","Calanoida","Acartiidae","Acartia","Acartia tonsa","Variable","Variable","Variable","Exoskeleton","Exoskeleton","Chitin + Calcium","Holoplanktonic","No","Copepods"
"552",-0.010499685002888,0.926351218763454,15,18.75,"Eukaryota","Arthropoda","Ostracoda","Halocyprida","Halocyprididae","Proceroecia","Proceroecia procera","Variable","No","Variable","None","Exoskeleton","Chitin + Calcium","Holoplanktonic","No","Ostracods (seed shrimp)"
"587",-0.0112444415359464,0.921143372259318,31,38.75,"Eukaryota","Arthropoda","Copepoda","Calanoida","Aetideidae",NA,NA,"Variable","Variable","Variable","Exoskeleton","Exoskeleton","Chitin + Calcium","Holoplanktonic","No","Copepods"
"3625",-0.0118217750709357,0.91710853071235,3,3.75,"Eukaryota","Arthropoda","Copepoda","Calanoida","Aetideidae",NA,NA,"Variable","Variable","Variable","Exoskeleton","Exoskeleton","Chitin + Calcium","Holoplanktonic","No","Copepods"
"802",-0.0121803854259415,0.914603338668266,1,1.25,"Eukaryota","Arthropoda","Copepoda","Calanoida","Eucalanidae","Eucalanus","Eucalanus californicus","Variable","Variable","Variable","Exoskeleton","Exoskeleton","Chitin + Calcium","Holoplanktonic","No","Copepods"
"816",-0.0121803854259415,0.914603338668266,1,1.25,"Eukaryota","Chordata","Actinopteri","Argentiniformes","Bathylagidae","Leuroglossus","Leuroglossus stilbius","No","No","No","None","None","None","Meroplanktonic","No","Deep-sea smelts and related fish"
"1469",-0.0121803854259415,0.914603338668266,1,1.25,"Eukaryota","Arthropoda","Copepoda","Calanoida","Calanidae","Calanus","Calanus pacificus","Variable","Variable","Variable","Exoskeleton","Exoskeleton","Chitin + Calcium","Holoplanktonic","No","Copepods"
"2143",-0.0121803854259415,0.914603338668266,1,1.25,"Eukaryota","Arthropoda","Copepoda","Calanoida","Calanidae","Calanus","Calanus pacificus","Variable","Variable","Variable","Exoskeleton","Exoskeleton","Chitin + Calcium","Holoplanktonic","No","Copepods"
"3227",-0.0121803854259415,0.914603338668266,1,1.25,"Eukaryota","Arthropoda","Malacostraca","Euphausiacea","Euphausiidae","Euphausia","Euphausia pacifica","Variable","No","Variable","None","Exoskeleton","Chitin + Calcium","Holoplanktonic","No","Krill"
"3856",-0.0121803854259415,0.914603338668266,1,1.25,"Eukaryota","Arthropoda","Copepoda","Calanoida","Calanidae","Calanus","Calanus pacificus","Variable","Variable","Variable","Exoskeleton","Exoskeleton","Chitin + Calcium","Holoplanktonic","No","Copepods"
"4103",-0.0121803854259415,0.914603338668266,1,1.25,"Eukaryota","Bryozoa","Gymnolaemata","Cheilostomatida","Membraniporidae","Membranipora","Membranipora villosa","Yes","Yes","Yes","External shell","External shell","Calcite","Meroplanktonic","No","Encrusting bryozoans"
"4205",-0.0121803854259415,0.914603338668266,1,1.25,"Eukaryota","Bryozoa","Gymnolaemata","Cheilostomatida","Membraniporidae","Membranipora","Membranipora villosa","Yes","Yes","Yes","External shell","External shell","Calcite","Meroplanktonic","No","Encrusting bryozoans"
"4206",-0.0121803854259415,0.914603338668266,1,1.25,"Eukaryota","Arthropoda","Malacostraca","Euphausiacea","Euphausiidae",NA,NA,"Variable","No","Variable","None","Exoskeleton","Chitin + Calcium","Holoplanktonic","No","Krill"
"4295",-0.0121803854259415,0.914603338668266,1,1.25,"Eukaryota","Arthropoda","Malacostraca","Isopoda","Hemioniscidae","Hemioniscus","Hemioniscus balani","Variable","No","Variable","None","Exoskeleton","Chitin + Calcium","Benthic + Meroplanktonic","No","Isopods"
"5141",-0.0121803854259415,0.914603338668266,1,1.25,"Eukaryota","Arthropoda","Malacostraca","Euphausiacea","Euphausiidae",NA,NA,"Variable","No","Variable","None","Exoskeleton","Chitin + Calcium","Holoplanktonic","No","Krill"
"5306",-0.0121803854259415,0.914603338668266,1,1.25,"Eukaryota","Annelida","Polychaeta","Phyllodocida","Polynoidae",NA,NA,"No","No","No","None","None","None","Benthic + Meroplanktonic","No","Active marine polychaetes"
"5902",-0.0121803854259415,0.914603338668266,1,1.25,"Eukaryota","Arthropoda","Copepoda","Calanoida","Calanidae","Calanus","Calanus pacificus","Variable","Variable","Variable","Exoskeleton","Exoskeleton","Chitin + Calcium","Holoplanktonic","No","Copepods"
"6761",-0.0121803854259415,0.914603338668266,1,1.25,"Eukaryota","Arthropoda","Copepoda","Calanoida","Metridinidae","Pleuromamma","Pleuromamma gracilis","Variable","Variable","Variable","Exoskeleton","Exoskeleton","Chitin + Calcium","Holoplanktonic","No","Copepods"
"6990",-0.0121803854259415,0.914603338668266,1,1.25,"Eukaryota","Arthropoda","Copepoda","Calanoida","Eucalanidae","Eucalanus","Eucalanus californicus","Variable","Variable","Variable","Exoskeleton","Exoskeleton","Chitin + Calcium","Holoplanktonic","No","Copepods"
"6991",-0.0121803854259415,0.914603338668266,1,1.25,"Eukaryota","Arthropoda","Thecostraca","Balanomorpha","Balanidae","Balanus","Balanus glandula","Yes","Yes","Yes","External shell","External shell","Calcite","Meroplanktonic","No","Barnacles"
"6992",-0.0121803854259415,0.914603338668266,1,1.25,"Eukaryota","Arthropoda","Malacostraca","Euphausiacea","Euphausiidae",NA,NA,"Variable","No","Variable","None","Exoskeleton","Chitin + Calcium","Holoplanktonic","No","Krill"
"6993",-0.0121803854259415,0.914603338668266,1,1.25,"Eukaryota","Arthropoda","Malacostraca","Euphausiacea","Euphausiidae","Hansarsia",NA,"Variable","No","Variable","None","Exoskeleton","Chitin + Calcium","Holoplanktonic","No","Krill"
"7244",-0.0121803854259415,0.914603338668266,1,1.25,"Eukaryota","Mollusca","Gastropoda","Limapontiidae","Limapontiidae","Aplysiopsis","Aplysiopsis enteromorphae","Variable","Variable","No","External shell","None","Aragonite","Meroplanktonic","No","Sap-sucking sea slugs"
"430",-0.0125850488066895,0.91177742780896,8,10,"Eukaryota","Arthropoda","Malacostraca","Euphausiacea","Euphausiidae","Stylocheiron",NA,"Variable","No","Variable","None","Exoskeleton","Chitin + Calcium","Holoplanktonic","No","Krill"
"601",-0.0127475767331174,0.91064274237337,3,3.75,"Eukaryota","Arthropoda","Copepoda","Calanoida","Calanidae","Calanus","Calanus pacificus","Variable","Variable","Variable","Exoskeleton","Exoskeleton","Chitin + Calcium","Holoplanktonic","No","Copepods"
"4365",-0.0129612232705439,0.909151445565752,3,3.75,"Eukaryota","Cnidaria","Hydrozoa","Siphonophorae","Diphyidae","Chelophyes","Chelophyes appendiculata","No","No","No","None","None","None","Holoplanktonic","No","Colonial hydrozoans (e.g., Portuguese man o' war)"
"394",-0.0130650592421815,0.908426762136792,4,5,"Eukaryota","Chordata","Actinopteri","Clupeiformes","Clupeidae","Sardinops","Sardinops sagax","No","No","No","None","None","None","Meroplanktonic","No","Anchovies and herrings"
"3071",-0.0134479742058473,0.90575500410477,6,7.5,"Eukaryota","Arthropoda","Ostracoda","Halocyprida","Halocyprididae","Paraconchoecia","Paraconchoecia oblonga","Variable","No","Variable","None","Exoskeleton","Chitin + Calcium","Holoplanktonic","No","Ostracods (seed shrimp)"
"512",-0.0136507979670672,0.904340239528368,2,2.5,"Eukaryota","Chordata","Actinopteri","Clupeiformes","Clupeidae","Sardinops","Sardinops sagax","No","No","No","None","None","None","Meroplanktonic","No","Anchovies and herrings"
"5891",-0.0140581278781668,0.901499878919156,4,5,"Eukaryota","Arthropoda","Copepoda","Calanoida","Aetideidae",NA,NA,"Variable","Variable","Variable","Exoskeleton","Exoskeleton","Chitin + Calcium","Holoplanktonic","No","Copepods"
"2160",-0.0141006714701522,0.901203288006412,3,3.75,"Eukaryota","Echinodermata","Ophiuroidea","Amphilepidida","Amphiuridae",NA,NA,"Yes","Yes","Yes","Internal skeleton","Internal skeleton","Calcite","Meroplanktonic","No","Brittle stars"
"402",-0.0154235972526466,0.891987515062984,4,5,"Eukaryota","Arthropoda","Copepoda","Calanoida","Pontellidae","Labidocera","Labidocera trispinosa","Variable","Variable","Variable","Exoskeleton","Exoskeleton","Chitin + Calcium","Holoplanktonic","No","Copepods"
"1430",-0.0165789911011018,0.883950447122605,6,7.5,"Eukaryota","Arthropoda","Copepoda","Calanoida","Scolecitrichidae","Scolecithricella","Scolecithricella dentata","Variable","Variable","Variable","Exoskeleton","Exoskeleton","Chitin + Calcium","Holoplanktonic","No","Copepods"
"439",-0.0166489124686631,0.883464432379822,5,6.25,"Eukaryota","Arthropoda","Ostracoda","Halocyprida","Halocyprididae","Halocypris","Halocypris inflata","Variable","No","Variable","None","Exoskeleton","Chitin + Calcium","Holoplanktonic","No","Ostracods (seed shrimp)"
"161",-0.0167356454317463,0.882861622107605,3,3.75,"Eukaryota","Chordata","Actinopteri","Scombriformes","Scombridae","Scomber","Scomber japonicus","No","No","No","None","None","None","Meroplanktonic","No","Mackerels and tunas"
"275",-0.0170525395963181,0.88065971656635,1,1.25,"Eukaryota","Arthropoda","Copepoda","Calanoida","Pontellidae","Labidocera","Labidocera trispinosa","Variable","Variable","Variable","Exoskeleton","Exoskeleton","Chitin + Calcium","Holoplanktonic","No","Copepods"
"323",-0.0170525395963181,0.88065971656635,1,1.25,"Eukaryota","Arthropoda","Copepoda","Calanoida","Pontellidae","Labidocera","Labidocera trispinosa","Variable","Variable","Variable","Exoskeleton","Exoskeleton","Chitin + Calcium","Holoplanktonic","No","Copepods"
"328",-0.0170525395963181,0.88065971656635,1,1.25,"Eukaryota","Arthropoda","Thecostraca","Lepadidae","Lepadidae",NA,NA,"Yes","Variable","Yes","External shell","External shell","Chitin + Calcium","Meroplanktonic","No","Goose barnacles"
"342",-0.0170525395963181,0.88065971656635,1,1.25,"Eukaryota","Arthropoda","Thecostraca","Lepadidae","Lepadidae",NA,NA,"Yes","Variable","Yes","External shell","External shell","Chitin + Calcium","Meroplanktonic","No","Goose barnacles"
"536",-0.0170525395963181,0.88065971656635,1,1.25,"Eukaryota","Arthropoda","Thecostraca","Lepadidae","Lepadidae",NA,NA,"Yes","Variable","Yes","External shell","External shell","Chitin + Calcium","Meroplanktonic","No","Goose barnacles"
"909",-0.0170525395963181,0.88065971656635,1,1.25,"Eukaryota","Arthropoda","Copepoda","Calanoida","Eucalanidae","Eucalanus","Eucalanus californicus","Variable","Variable","Variable","Exoskeleton","Exoskeleton","Chitin + Calcium","Holoplanktonic","No","Copepods"
"1419",-0.0170525395963181,0.88065971656635,1,1.25,"Eukaryota","Arthropoda","Copepoda","Calanoida","Eucalanidae","Eucalanus","Eucalanus californicus","Variable","Variable","Variable","Exoskeleton","Exoskeleton","Chitin + Calcium","Holoplanktonic","No","Copepods"
"1664",-0.0170525395963181,0.88065971656635,1,1.25,"Eukaryota","Arthropoda","Copepoda","Calanoida","Eucalanidae","Eucalanus","Eucalanus californicus","Variable","Variable","Variable","Exoskeleton","Exoskeleton","Chitin + Calcium","Holoplanktonic","No","Copepods"
"1670",-0.0170525395963181,0.88065971656635,1,1.25,"Eukaryota","Arthropoda","Copepoda","Calanoida","Eucalanidae","Rhincalanus","Rhincalanus nasutus","Variable","Variable","Variable","Exoskeleton","Exoskeleton","Chitin + Calcium","Holoplanktonic","No","Copepods"
"1736",-0.0170525395963181,0.88065971656635,1,1.25,"Eukaryota","Arthropoda","Copepoda","Calanoida","Eucalanidae","Eucalanus","Eucalanus californicus","Variable","Variable","Variable","Exoskeleton","Exoskeleton","Chitin + Calcium","Holoplanktonic","No","Copepods"
"1766",-0.0170525395963181,0.88065971656635,1,1.25,"Eukaryota","Arthropoda","Copepoda","Calanoida","Eucalanidae","Eucalanus","Eucalanus californicus","Variable","Variable","Variable","Exoskeleton","Exoskeleton","Chitin + Calcium","Holoplanktonic","No","Copepods"
"1958",-0.0170525395963181,0.88065971656635,1,1.25,"Eukaryota","Arthropoda","Copepoda","Calanoida","Eucalanidae","Eucalanus","Eucalanus californicus","Variable","Variable","Variable","Exoskeleton","Exoskeleton","Chitin + Calcium","Holoplanktonic","No","Copepods"
"2112",-0.0170525395963181,0.88065971656635,1,1.25,"Eukaryota","Arthropoda","Copepoda","Calanoida","Eucalanidae","Eucalanus","Eucalanus californicus","Variable","Variable","Variable","Exoskeleton","Exoskeleton","Chitin + Calcium","Holoplanktonic","No","Copepods"
"2519",-0.0170525395963181,0.88065971656635,1,1.25,"Eukaryota","Arthropoda","Copepoda","Calanoida","Calanidae","Calanus","Calanus pacificus","Variable","Variable","Variable","Exoskeleton","Exoskeleton","Chitin + Calcium","Holoplanktonic","No","Copepods"
"2770",-0.0170525395963181,0.88065971656635,1,1.25,"Eukaryota","Arthropoda","Copepoda","Calanoida","Pontellidae","Labidocera","Labidocera trispinosa","Variable","Variable","Variable","Exoskeleton","Exoskeleton","Chitin + Calcium","Holoplanktonic","No","Copepods"
"2809",-0.0170525395963181,0.88065971656635,1,1.25,"Eukaryota","Arthropoda","Copepoda","Calanoida","Calanidae","Calanus","Calanus pacificus","Variable","Variable","Variable","Exoskeleton","Exoskeleton","Chitin + Calcium","Holoplanktonic","No","Copepods"
"3044",-0.0170525395963181,0.88065971656635,1,1.25,"Eukaryota","Arthropoda","Copepoda","Calanoida","Eucalanidae","Eucalanus","Eucalanus californicus","Variable","Variable","Variable","Exoskeleton","Exoskeleton","Chitin + Calcium","Holoplanktonic","No","Copepods"
"3087",-0.0170525395963181,0.88065971656635,1,1.25,"Eukaryota","Arthropoda","Copepoda","Calanoida","Eucalanidae","Eucalanus","Eucalanus californicus","Variable","Variable","Variable","Exoskeleton","Exoskeleton","Chitin + Calcium","Holoplanktonic","No","Copepods"
"3192",-0.0170525395963181,0.88065971656635,1,1.25,"Eukaryota","Arthropoda","Copepoda","Calanoida","Eucalanidae","Eucalanus","Eucalanus californicus","Variable","Variable","Variable","Exoskeleton","Exoskeleton","Chitin + Calcium","Holoplanktonic","No","Copepods"
"3289",-0.0170525395963181,0.88065971656635,1,1.25,"Eukaryota","Arthropoda","Malacostraca","Euphausiacea","Euphausiidae","Nyctiphanes","Nyctiphanes simplex","Variable","No","Variable","None","Exoskeleton","Chitin + Calcium","Holoplanktonic","No","Krill"
"3290",-0.0170525395963181,0.88065971656635,1,1.25,"Eukaryota","Arthropoda","Copepoda","Calanoida","Eucalanidae","Eucalanus","Eucalanus californicus","Variable","Variable","Variable","Exoskeleton","Exoskeleton","Chitin + Calcium","Holoplanktonic","No","Copepods"
"3291",-0.0170525395963181,0.88065971656635,1,1.25,"Eukaryota","Arthropoda","Copepoda","Calanoida","Eucalanidae","Eucalanus","Eucalanus californicus","Variable","Variable","Variable","Exoskeleton","Exoskeleton","Chitin + Calcium","Holoplanktonic","No","Copepods"
"3347",-0.0170525395963181,0.88065971656635,1,1.25,"Eukaryota","Annelida","Polychaeta","Phyllodocida","Phyllodocidae","Phyllodoce",NA,"No","No","No","None","None","None","Benthic + Meroplanktonic","No","Active marine polychaetes"
"3405",-0.0170525395963181,0.88065971656635,1,1.25,"Eukaryota","Mollusca","Gastropoda","Littorinimorpha","Atlantidae","Atlanta","Atlanta sp. USNM IZ 1230636","Yes","Yes","Yes","External shell","External shell","Aragonite/Calcite","Meroplanktonic","No","Periwinkles and related snails"
"3465",-0.0170525395963181,0.88065971656635,1,1.25,"Eukaryota","Arthropoda","Malacostraca","Euphausiacea","Euphausiidae","Hansarsia",NA,"Variable","No","Variable","None","Exoskeleton","Chitin + Calcium","Holoplanktonic","No","Krill"
"3522",-0.0170525395963181,0.88065971656635,1,1.25,"Eukaryota","Arthropoda","Copepoda","Calanoida","Eucalanidae","Eucalanus","Eucalanus californicus","Variable","Variable","Variable","Exoskeleton","Exoskeleton","Chitin + Calcium","Holoplanktonic","No","Copepods"
"3717",-0.0170525395963181,0.88065971656635,1,1.25,"Eukaryota","Arthropoda","Ostracoda","Halocyprida","Halocyprididae","Conchoecetta","Conchoecetta giesbrechti","Variable","No","Variable","None","Exoskeleton","Chitin + Calcium","Holoplanktonic","No","Ostracods (seed shrimp)"
"3718",-0.0170525395963181,0.88065971656635,1,1.25,"Eukaryota","Arthropoda","Copepoda","Calanoida","Eucalanidae","Eucalanus","Eucalanus californicus","Variable","Variable","Variable","Exoskeleton","Exoskeleton","Chitin + Calcium","Holoplanktonic","No","Copepods"
"3820",-0.0170525395963181,0.88065971656635,1,1.25,"Eukaryota","Echinodermata","Echinoidea","Temnopleuroida","Toxopneustidae","Lytechinus","Lytechinus pictus","Yes","Yes","Yes","Internal skeleton","Exoskeleton","Calcite","Meroplanktonic","No","Short-spined sea urchins"
"3893",-0.0170525395963181,0.88065971656635,1,1.25,"Eukaryota","Arthropoda","Copepoda","Calanoida","Eucalanidae","Eucalanus","Eucalanus californicus","Variable","Variable","Variable","Exoskeleton","Exoskeleton","Chitin + Calcium","Holoplanktonic","No","Copepods"
"3969",-0.0170525395963181,0.88065971656635,1,1.25,"Eukaryota","Arthropoda","Copepoda","Calanoida","Acartiidae","Acartia","Acartia tonsa","Variable","Variable","Variable","Exoskeleton","Exoskeleton","Chitin + Calcium","Holoplanktonic","No","Copepods"
"4240",-0.0170525395963181,0.88065971656635,1,1.25,"Eukaryota","Arthropoda","Copepoda","Calanoida","Eucalanidae","Eucalanus","Eucalanus californicus","Variable","Variable","Variable","Exoskeleton","Exoskeleton","Chitin + Calcium","Holoplanktonic","No","Copepods"
"4329",-0.0170525395963181,0.88065971656635,1,1.25,"Eukaryota","Arthropoda","Copepoda","Calanoida","Eucalanidae","Eucalanus","Eucalanus californicus","Variable","Variable","Variable","Exoskeleton","Exoskeleton","Chitin + Calcium","Holoplanktonic","No","Copepods"
"4619",-0.0170525395963181,0.88065971656635,1,1.25,"Eukaryota","Bryozoa","Gymnolaemata","Cheilostomatida","Membraniporidae","Membranipora",NA,"Yes","Yes","Yes","External shell","External shell","Calcite","Meroplanktonic","No","Encrusting bryozoans"
"4620",-0.0170525395963181,0.88065971656635,1,1.25,"Eukaryota","Arthropoda","Malacostraca","Euphausiacea","Euphausiidae","Nyctiphanes","Nyctiphanes simplex","Variable","No","Variable","None","Exoskeleton","Chitin + Calcium","Holoplanktonic","No","Krill"
"4621",-0.0170525395963181,0.88065971656635,1,1.25,"Eukaryota","Arthropoda","Copepoda","Calanoida","Calanidae","Calanus","Calanus pacificus","Variable","Variable","Variable","Exoskeleton","Exoskeleton","Chitin + Calcium","Holoplanktonic","No","Copepods"
"4738",-0.0170525395963181,0.88065971656635,1,1.25,"Eukaryota","Arthropoda","Copepoda","Calanoida","Eucalanidae","Eucalanus","Eucalanus californicus","Variable","Variable","Variable","Exoskeleton","Exoskeleton","Chitin + Calcium","Holoplanktonic","No","Copepods"
"4741",-0.0170525395963181,0.88065971656635,1,1.25,"Eukaryota","Arthropoda","Copepoda","Calanoida","Eucalanidae","Eucalanus","Eucalanus californicus","Variable","Variable","Variable","Exoskeleton","Exoskeleton","Chitin + Calcium","Holoplanktonic","No","Copepods"
"4848",-0.0170525395963181,0.88065971656635,1,1.25,"Eukaryota","Arthropoda","Copepoda","Calanoida","Eucalanidae","Rhincalanus","Rhincalanus nasutus","Variable","Variable","Variable","Exoskeleton","Exoskeleton","Chitin + Calcium","Holoplanktonic","No","Copepods"
"4947",-0.0170525395963181,0.88065971656635,1,1.25,"Eukaryota","Arthropoda","Copepoda","Calanoida","Eucalanidae","Eucalanus","Eucalanus californicus","Variable","Variable","Variable","Exoskeleton","Exoskeleton","Chitin + Calcium","Holoplanktonic","No","Copepods"
"5063",-0.0170525395963181,0.88065971656635,1,1.25,"Eukaryota","Arthropoda","Copepoda","Poecilostomatoida","Oncaeidae","Oncaea","Oncaea sp.","Variable","Variable","Variable","Exoskeleton","Exoskeleton","Chitin + Calcium","Holoplanktonic","No","Parasitic or predatory copepods"
"5355",-0.0170525395963181,0.88065971656635,1,1.25,"Eukaryota","Arthropoda","Copepoda","Calanoida","Eucalanidae","Rhincalanus",NA,"Variable","Variable","Variable","Exoskeleton","Exoskeleton","Chitin + Calcium","Holoplanktonic","No","Copepods"
"5508",-0.0170525395963181,0.88065971656635,1,1.25,"Eukaryota","Arthropoda","Malacostraca","Euphausiacea","Euphausiidae","Nyctiphanes","Nyctiphanes simplex","Variable","No","Variable","None","Exoskeleton","Chitin + Calcium","Holoplanktonic","No","Krill"
"5968",-0.0170525395963181,0.88065971656635,1,1.25,"Eukaryota","Arthropoda","Copepoda","Calanoida","Heterorhabdidae",NA,NA,"Variable","Variable","Variable","Exoskeleton","Exoskeleton","Chitin + Calcium","Holoplanktonic","No","Copepods"
"5969",-0.0170525395963181,0.88065971656635,1,1.25,"Eukaryota","Arthropoda","Copepoda","Calanoida","Calanidae","Neocalanus","Neocalanus gracilis","Variable","Variable","Variable","Exoskeleton","Exoskeleton","Chitin + Calcium","Holoplanktonic","No","Copepods"
"6358",-0.0170525395963181,0.88065971656635,1,1.25,"Eukaryota","Arthropoda","Copepoda","Calanoida","Aetideidae",NA,NA,"Variable","Variable","Variable","Exoskeleton","Exoskeleton","Chitin + Calcium","Holoplanktonic","No","Copepods"
"6359",-0.0170525395963181,0.88065971656635,1,1.25,"Eukaryota","Arthropoda","Copepoda","Calanoida","Acartiidae","Acartia","Acartia tonsa","Variable","Variable","Variable","Exoskeleton","Exoskeleton","Chitin + Calcium","Holoplanktonic","No","Copepods"
"6842",-0.0170525395963181,0.88065971656635,1,1.25,"Eukaryota","Arthropoda","Ostracoda","Halocyprida","Halocyprididae","Conchoecia","Conchoecia magna","Variable","No","Variable","None","Exoskeleton","Chitin + Calcium","Holoplanktonic","No","Ostracods (seed shrimp)"
"6843",-0.0170525395963181,0.88065971656635,1,1.25,"Eukaryota","Arthropoda","Copepoda","Calanoida","Aetideidae",NA,NA,"Variable","Variable","Variable","Exoskeleton","Exoskeleton","Chitin + Calcium","Holoplanktonic","No","Copepods"
"7068",-0.0170525395963181,0.88065971656635,1,1.25,"Eukaryota","Arthropoda","Ostracoda","Halocyprida","Halocyprididae","Conchoecetta","Conchoecetta giesbrechti","Variable","No","Variable","None","Exoskeleton","Chitin + Calcium","Holoplanktonic","No","Ostracods (seed shrimp)"
"7069",-0.0170525395963181,0.88065971656635,1,1.25,"Eukaryota","Arthropoda","Copepoda","Calanoida","Aetideidae",NA,NA,"Variable","Variable","Variable","Exoskeleton","Exoskeleton","Chitin + Calcium","Holoplanktonic","No","Copepods"
"7072",-0.0170525395963181,0.88065971656635,1,1.25,"Eukaryota","Arthropoda","Malacostraca","Euphausiacea","Euphausiidae",NA,NA,"Variable","No","Variable","None","Exoskeleton","Chitin + Calcium","Holoplanktonic","No","Krill"
"2743",-0.0171614673656209,0.879903051529401,4,5,"Eukaryota","Arthropoda","Malacostraca","Decapoda","Hippidae","Emerita","Emerita analoga","Variable","No","Variable","None","Exoskeleton","Calcite","Meroplanktonic","No","Crabs, lobsters, shrimp"
"1773",-0.0175523827378698,0.877188454136826,7,8.75,"Eukaryota","Arthropoda","Copepoda","Calanoida","Eucalanidae","Eucalanus","Eucalanus californicus","Variable","Variable","Variable","Exoskeleton","Exoskeleton","Chitin + Calcium","Holoplanktonic","No","Copepods"
"929",-0.0177130861818398,0.876072904957072,22,27.5,"Eukaryota","Bryozoa","Gymnolaemata","Cheilostomatida","Membraniporidae",NA,NA,"Yes","Yes","Yes","External shell","External shell","Calcite","Meroplanktonic","No","Encrusting bryozoans"
"5120",-0.0193706193933403,0.864581339120644,3,3.75,"Eukaryota","Mollusca","Gastropoda","Limapontiidae","Limapontiidae",NA,NA,"Variable","Variable","No","External shell","None","Aragonite","Meroplanktonic","No","Sap-sucking sea slugs"
"373",-0.0195842659307669,0.863102131236045,3,3.75,"Eukaryota","Arthropoda","Copepoda","Calanoida","Eucalanidae","Eucalanus","Eucalanus californicus","Variable","Variable","Variable","Exoskeleton","Exoskeleton","Chitin + Calcium","Holoplanktonic","No","Copepods"
"564",-0.0204599453694988,0.857044227650916,24,30,"Eukaryota","Arthropoda","Copepoda","Calanoida","Metridinidae","Pleuromamma","Pleuromamma abdominalis","Variable","Variable","Variable","Exoskeleton","Exoskeleton","Chitin + Calcium","Holoplanktonic","No","Copepods"
"351",-0.0208890964655416,0.85407837309571,10,12.5,"Eukaryota","Mollusca","Gastropoda","Nudibranchia","Glaucidae","Hermissenda","Hermissenda opalescens","Variable","Variable","No","External shell","None","Aragonite","Meroplanktonic","No","Shell-less sea slugs"
"926",-0.0216679332810591,0.848701037146642,2,2.5,"Eukaryota","Mollusca","Gastropoda","Nudibranchia","Glaucidae","Hermissenda","Hermissenda opalescens","Variable","Variable","No","External shell","None","Aragonite","Meroplanktonic","No","Shell-less sea slugs"
"484",-0.0219246937666947,0.846929781101057,1,1.25,"Eukaryota","Arthropoda","Copepoda","Calanoida","Pontellidae","Labidocera","Labidocera trispinosa","Variable","Variable","Variable","Exoskeleton","Exoskeleton","Chitin + Calcium","Holoplanktonic","No","Copepods"
"913",-0.0219246937666947,0.846929781101057,1,1.25,"Eukaryota","Arthropoda","Copepoda","Calanoida","Pontellidae","Labidocera","Labidocera trispinosa","Variable","Variable","Variable","Exoskeleton","Exoskeleton","Chitin + Calcium","Holoplanktonic","No","Copepods"
"2295",-0.0219246937666947,0.846929781101057,1,1.25,"Eukaryota","Arthropoda","Copepoda","Calanoida","Eucalanidae","Eucalanus","Eucalanus californicus","Variable","Variable","Variable","Exoskeleton","Exoskeleton","Chitin + Calcium","Holoplanktonic","No","Copepods"
"2547",-0.0219246937666947,0.846929781101057,1,1.25,"Eukaryota","Arthropoda","Copepoda","Calanoida","Eucalanidae","Eucalanus","Eucalanus californicus","Variable","Variable","Variable","Exoskeleton","Exoskeleton","Chitin + Calcium","Holoplanktonic","No","Copepods"
"2725",-0.0219246937666947,0.846929781101057,1,1.25,"Eukaryota","Chordata","Actinopteri","Pleuronectiformes","Pleuronectidae","Pleuronichthys","Pleuronichthys verticalis","No","No","No","None","None","None","Meroplanktonic","No","Flatfishes (flounders, soles, halibut)"
"2807",-0.0219246937666947,0.846929781101057,1,1.25,"Eukaryota","Arthropoda","Copepoda","Calanoida","Eucalanidae","Eucalanus","Eucalanus californicus","Variable","Variable","Variable","Exoskeleton","Exoskeleton","Chitin + Calcium","Holoplanktonic","No","Copepods"
"3459",-0.0219246937666947,0.846929781101057,1,1.25,"Eukaryota","Arthropoda","Copepoda","Calanoida","Eucalanidae","Eucalanus","Eucalanus californicus","Variable","Variable","Variable","Exoskeleton","Exoskeleton","Chitin + Calcium","Holoplanktonic","No","Copepods"
"3517",-0.0219246937666947,0.846929781101057,1,1.25,"Eukaryota","Arthropoda","Copepoda","Calanoida","Clausocalanidae","Clausocalanus","Clausocalanus parapergens","Variable","Variable","Variable","Exoskeleton","Exoskeleton","Chitin + Calcium","Holoplanktonic","No","Copepods"
"3593",-0.0219246937666947,0.846929781101057,1,1.25,"Eukaryota","Arthropoda","Copepoda","Calanoida","Eucalanidae","Eucalanus","Eucalanus californicus","Variable","Variable","Variable","Exoskeleton","Exoskeleton","Chitin + Calcium","Holoplanktonic","No","Copepods"
"3710",-0.0219246937666947,0.846929781101057,1,1.25,"Eukaryota","Arthropoda","Malacostraca","Euphausiacea","Euphausiidae","Hansarsia",NA,"Variable","No","Variable","None","Exoskeleton","Chitin + Calcium","Holoplanktonic","No","Krill"
"3815",-0.0219246937666947,0.846929781101057,1,1.25,"Eukaryota","Arthropoda","Copepoda","Calanoida","Calanidae","Calanus","Calanus pacificus","Variable","Variable","Variable","Exoskeleton","Exoskeleton","Chitin + Calcium","Holoplanktonic","No","Copepods"
"3884",-0.0219246937666947,0.846929781101057,1,1.25,"Eukaryota","Arthropoda","Copepoda","Calanoida","Eucalanidae","Eucalanus","Eucalanus californicus","Variable","Variable","Variable","Exoskeleton","Exoskeleton","Chitin + Calcium","Holoplanktonic","No","Copepods"
"3886",-0.0219246937666947,0.846929781101057,1,1.25,"Eukaryota","Arthropoda","Ostracoda","Halocyprida","Halocyprididae","Proceroecia","Proceroecia procera","Variable","No","Variable","None","Exoskeleton","Chitin + Calcium","Holoplanktonic","No","Ostracods (seed shrimp)"
"3962",-0.0219246937666947,0.846929781101057,1,1.25,"Eukaryota","Arthropoda","Copepoda","Calanoida","Eucalanidae","Eucalanus","Eucalanus californicus","Variable","Variable","Variable","Exoskeleton","Exoskeleton","Chitin + Calcium","Holoplanktonic","No","Copepods"
"3963",-0.0219246937666947,0.846929781101057,1,1.25,"Eukaryota","Arthropoda","Copepoda","Calanoida","Eucalanidae","Eucalanus","Eucalanus californicus","Variable","Variable","Variable","Exoskeleton","Exoskeleton","Chitin + Calcium","Holoplanktonic","No","Copepods"
"3965",-0.0219246937666947,0.846929781101057,1,1.25,"Eukaryota","Mollusca","Gastropoda","Pteropoda","Creseidae","Styliola","Styliola sp.","Yes","Yes","Yes","External shell","External shell","Aragonite","Holoplanktonic","No","Sea butterflies"
"4053",-0.0219246937666947,0.846929781101057,1,1.25,"Eukaryota","Arthropoda","Copepoda","Poecilostomatoida","Oncaeidae","Oncaea","Oncaea sp.","Variable","Variable","Variable","Exoskeleton","Exoskeleton","Chitin + Calcium","Holoplanktonic","No","Parasitic or predatory copepods"
"4508",-0.0219246937666947,0.846929781101057,1,1.25,"Eukaryota","Arthropoda","Malacostraca","Euphausiacea","Euphausiidae",NA,NA,"Variable","No","Variable","None","Exoskeleton","Chitin + Calcium","Holoplanktonic","No","Krill"
"4509",-0.0219246937666947,0.846929781101057,1,1.25,"Eukaryota","Arthropoda","Copepoda","Calanoida","Eucalanidae","Eucalanus","Eucalanus californicus","Variable","Variable","Variable","Exoskeleton","Exoskeleton","Chitin + Calcium","Holoplanktonic","No","Copepods"
"4735",-0.0219246937666947,0.846929781101057,1,1.25,"Eukaryota","Arthropoda","Copepoda","Calanoida","Eucalanidae","Eucalanus","Eucalanus californicus","Variable","Variable","Variable","Exoskeleton","Exoskeleton","Chitin + Calcium","Holoplanktonic","No","Copepods"
"4843",-0.0219246937666947,0.846929781101057,1,1.25,"Eukaryota","Arthropoda","Copepoda","Calanoida","Eucalanidae","Rhincalanus",NA,"Variable","Variable","Variable","Exoskeleton","Exoskeleton","Chitin + Calcium","Holoplanktonic","No","Copepods"
"4939",-0.0219246937666947,0.846929781101057,1,1.25,"Eukaryota","Arthropoda","Copepoda","Calanoida","Eucalanidae","Eucalanus","Eucalanus californicus","Variable","Variable","Variable","Exoskeleton","Exoskeleton","Chitin + Calcium","Holoplanktonic","No","Copepods"
"5055",-0.0219246937666947,0.846929781101057,1,1.25,"Eukaryota","Arthropoda","Copepoda","Calanoida","Metridinidae","Pleuromamma","Pleuromamma borealis","Variable","Variable","Variable","Exoskeleton","Exoskeleton","Chitin + Calcium","Holoplanktonic","No","Copepods"
"5204",-0.0219246937666947,0.846929781101057,1,1.25,"Eukaryota","Arthropoda","Copepoda","Poecilostomatoida","Oncaeidae","Oncaea","Oncaea sp.","Variable","Variable","Variable","Exoskeleton","Exoskeleton","Chitin + Calcium","Holoplanktonic","No","Parasitic or predatory copepods"
"5205",-0.0219246937666947,0.846929781101057,1,1.25,"Eukaryota","Arthropoda","Copepoda","Calanoida","Eucalanidae","Eucalanus","Eucalanus californicus","Variable","Variable","Variable","Exoskeleton","Exoskeleton","Chitin + Calcium","Holoplanktonic","No","Copepods"
"5207",-0.0219246937666947,0.846929781101057,1,1.25,"Eukaryota","Arthropoda","Copepoda","Calanoida","Euchaetidae","Euchaeta","Euchaeta marina","Variable","Variable","Variable","Exoskeleton","Exoskeleton","Chitin + Calcium","Holoplanktonic","No","Copepods"
"6348",-0.0219246937666947,0.846929781101057,1,1.25,"Eukaryota","Arthropoda","Copepoda","Calanoida","Mecynoceridae","Mecynocera","Mecynocera clausi","Variable","Variable","Variable","Exoskeleton","Exoskeleton","Chitin + Calcium","Holoplanktonic","No","Copepods"
"6562",-0.0219246937666947,0.846929781101057,1,1.25,"Eukaryota","Cnidaria","Hydrozoa","Siphonophorae","Diphyidae","Lensia","Lensia campanella","No","No","No","None","None","None","Holoplanktonic","No","Colonial hydrozoans (e.g., Portuguese man o' war)"
"347",-0.0221122380621075,0.845636489834813,12,15,"Eukaryota","Mollusca","Gastropoda","Nudibranchia","Glaucidae","Hermissenda","Hermissenda opalescens","Variable","Variable","No","External shell","None","Aragonite","Meroplanktonic","No","Shell-less sea slugs"
"902",-0.0225354581354089,0.842719499648296,20,25,"Eukaryota","Arthropoda","Malacostraca","Euphausiacea","Euphausiidae","Stylocheiron","Stylocheiron longicorne","Variable","No","Variable","None","Exoskeleton","Chitin + Calcium","Holoplanktonic","No","Krill"
"3176",-0.0238026138687725,0.833998586892843,4,5,"Eukaryota","Arthropoda","Ostracoda","Halocyprida","Halocyprididae","Conchoecia","Conchoecia magna","Variable","No","Variable","None","Exoskeleton","Chitin + Calcium","Holoplanktonic","No","Ostracods (seed shrimp)"
"1634",-0.0240444224070562,0.832336633144262,8,10,"Eukaryota","Arthropoda","Malacostraca","Euphausiacea","Euphausiidae","Hansarsia",NA,"Variable","No","Variable","None","Exoskeleton","Chitin + Calcium","Holoplanktonic","No","Krill"
"2726",-0.0246888381412692,0.8279111608356,6,7.5,"Eukaryota","Arthropoda","Malacostraca","Euphausiacea","Euphausiidae","Euphausia","Euphausia eximia","Variable","No","Variable","None","Exoskeleton","Chitin + Calcium","Holoplanktonic","No","Krill"
"2229",-0.025323250217625,0.823559614272941,4,5,"Eukaryota","Arthropoda","Copepoda","Calanoida","Metridinidae","Pleuromamma","Pleuromamma abdominalis","Variable","Variable","Variable","Exoskeleton","Exoskeleton","Chitin + Calcium","Holoplanktonic","No","Copepods"
"881",-0.0255681612716497,0.82188113984625,2,2.5,"Eukaryota","Arthropoda","Copepoda","Calanoida","Pontellidae","Labidocera","Labidocera trispinosa","Variable","Variable","Variable","Exoskeleton","Exoskeleton","Chitin + Calcium","Holoplanktonic","No","Copepods"
"2063",-0.0257887511407431,0.82037003215357,4,5,"Eukaryota","Arthropoda","Ostracoda","Halocyprida","Halocyprididae","Conchoecetta","Conchoecetta giesbrechti","Variable","No","Variable","None","Exoskeleton","Chitin + Calcium","Holoplanktonic","No","Ostracods (seed shrimp)"
"4585",-0.0262615351366436,0.817133526462404,2,2.5,"Eukaryota","Arthropoda","Copepoda","Calanoida","Calanidae",NA,NA,"Variable","Variable","Variable","Exoskeleton","Exoskeleton","Chitin + Calcium","Holoplanktonic","No","Copepods"
"2248",-0.0263048710032057,0.816837017067019,2,2.5,"Eukaryota","Arthropoda","Copepoda","Calanoida","Euchaetidae","Euchaeta","Euchaeta marina","Variable","Variable","Variable","Exoskeleton","Exoskeleton","Chitin + Calcium","Holoplanktonic","No","Copepods"
"1764",-0.0267968479370712,0.813472661710828,1,1.25,"Eukaryota","Arthropoda","Copepoda","Calanoida","Calanidae","Calanus","Calanus pacificus","Variable","Variable","Variable","Exoskeleton","Exoskeleton","Chitin + Calcium","Holoplanktonic","No","Copepods"
"2065",-0.0267968479370712,0.813472661710828,1,1.25,"Eukaryota","Mollusca","Gastropoda","Pteropoda","Cliidae","Clio","Clio pyramidata","Yes","Yes","Yes","External shell","External shell","Aragonite","Holoplanktonic","No","Sea butterflies"
"2412",-0.0267968479370712,0.813472661710828,1,1.25,"Eukaryota","Bryozoa","Gymnolaemata","Cheilostomatida","Membraniporidae","Membranipora","Membranipora villosa","Yes","Yes","Yes","External shell","External shell","Calcite","Meroplanktonic","No","Encrusting bryozoans"
"2952",-0.0267968479370712,0.813472661710828,1,1.25,"Eukaryota","Arthropoda","Ostracoda","Halocyprida","Halocyprididae","Paraconchoecia","Paraconchoecia allotherium","Variable","No","Variable","None","Exoskeleton","Chitin + Calcium","Holoplanktonic","No","Ostracods (seed shrimp)"
"2953",-0.0267968479370712,0.813472661710828,1,1.25,"Eukaryota","Arthropoda","Ostracoda","Halocyprida","Halocyprididae","Proceroecia","Proceroecia procera","Variable","No","Variable","None","Exoskeleton","Chitin + Calcium","Holoplanktonic","No","Ostracods (seed shrimp)"
"3960",-0.0267968479370712,0.813472661710828,1,1.25,"Eukaryota","Arthropoda","Copepoda","Poecilostomatoida","Oncaeidae","Oncaea","Oncaea sp.","Variable","Variable","Variable","Exoskeleton","Exoskeleton","Chitin + Calcium","Holoplanktonic","No","Parasitic or predatory copepods"
"4599",-0.0267968479370712,0.813472661710828,1,1.25,"Eukaryota","Arthropoda","Ostracoda","Halocyprida","Halocyprididae","Proceroecia","Proceroecia procera","Variable","No","Variable","None","Exoskeleton","Chitin + Calcium","Holoplanktonic","No","Ostracods (seed shrimp)"
"5345",-0.0267968479370712,0.813472661710828,1,1.25,"Eukaryota","Arthropoda","Copepoda","Calanoida","Pontellidae","Labidocera","Labidocera trispinosa","Variable","Variable","Variable","Exoskeleton","Exoskeleton","Chitin + Calcium","Holoplanktonic","No","Copepods"
"6558",-0.0267968479370712,0.813472661710828,1,1.25,"Eukaryota","Arthropoda","Ostracoda","Halocyprida","Halocyprididae",NA,NA,"Variable","No","Variable","None","Exoskeleton","Chitin + Calcium","Holoplanktonic","No","Ostracods (seed shrimp)"
"7038",-0.0267968479370712,0.813472661710828,1,1.25,"Eukaryota","Arthropoda","Thecostraca","Balanomorpha","Chthamalidae","Chthamalus","Chthamalus fissus","Yes","Yes","Yes","External shell","External shell","Calcite","Meroplanktonic","No","Barnacles"
"7039",-0.0267968479370712,0.813472661710828,1,1.25,"Eukaryota","Arthropoda","Copepoda","Calanoida","Aetideidae","Gaetanus","Gaetanus minor","Variable","Variable","Variable","Exoskeleton","Exoskeleton","Chitin + Calcium","Holoplanktonic","No","Copepods"
"7040",-0.0267968479370712,0.813472661710828,1,1.25,"Eukaryota","Cnidaria","Anthozoa","Corallimorpharia","Corallimorphidae","Corynactis",NA,"No","No","No","None","None","None","Benthic + Meroplanktonic","No","Soft-bodied coral relatives"
"1283",-0.0276916187331935,0.807362507396109,2,2.5,"Eukaryota","Cnidaria","Hydrozoa","Siphonophorae","Diphyidae","Lensia","Lensia campanella","No","No","No","None","None","None","Holoplanktonic","No","Colonial hydrozoans (e.g., Portuguese man o' war)"
"5587",-0.0279876964028778,0.805343186813692,3,3.75,"Eukaryota","Annelida","Polychaeta","Phyllodocida","Tomopteridae","Tomopteris","Tomopteris sp. USNM IZ 1449764","No","No","No","None","None","None","Benthic + Meroplanktonic","No","Active marine polychaetes"
"1730",-0.0284716643313117,0.802045155078942,2,2.5,"Eukaryota","Arthropoda","Copepoda","Calanoida","Pontellidae","Labidocera","Labidocera trispinosa","Variable","Variable","Variable","Exoskeleton","Exoskeleton","Chitin + Calcium","Holoplanktonic","No","Copepods"
"1311",-0.0285046869530529,0.80182024550317,7,8.75,"Eukaryota","Gastrotricha","Macrodasyida","Macrodasyida","Macrodasyidae",NA,NA,"No","No","No","None","None","None","Benthic","No","Interstitial gastrotrichs (marine meiofauna)"
"241",-0.0289400559019043,0.79885655870449,5,6.25,"Eukaryota","Arthropoda","Copepoda","Calanoida","Pontellidae","Labidocera","Labidocera trispinosa","Variable","Variable","Variable","Exoskeleton","Exoskeleton","Chitin + Calcium","Holoplanktonic","No","Copepods"
"5321",-0.0299105152397167,0.79226062735597,3,3.75,"Eukaryota","Arthropoda","Copepoda","Calanoida","Euchaetidae","Paraeuchaeta","Paraeuchaeta media","Variable","Variable","Variable","Exoskeleton","Exoskeleton","Chitin + Calcium","Holoplanktonic","No","Copepods"
"1247",-0.030839596250678,0.785959557275067,5,6.25,"Eukaryota","Arthropoda","Copepoda","Calanoida","Eucalanidae","Eucalanus","Eucalanus californicus","Variable","Variable","Variable","Exoskeleton","Exoskeleton","Chitin + Calcium","Holoplanktonic","No","Copepods"
"583",-0.0310394997190123,0.784605583128967,7,8.75,"Eukaryota","Arthropoda","Malacostraca","Decapoda","Cancridae","Metacarcinus","Metacarcinus gracilis","Variable","No","Variable","None","Exoskeleton","Calcite","Meroplanktonic","No","Crabs, lobsters, shrimp"
"4397",-0.0315484720266536,0.781161135883129,3,3.75,"Eukaryota","Arthropoda","Malacostraca","Decapoda","Hippolytidae","Eualus","Eualus subtilis","Variable","No","Variable","None","Exoskeleton","Calcite","Meroplanktonic","No","Crabs, lobsters, shrimp"
"98",-0.0316690021074478,0.780346067440991,1,1.25,"Eukaryota","Arthropoda","Copepoda","Calanoida","Pontellidae","Labidocera","Labidocera trispinosa","Variable","Variable","Variable","Exoskeleton","Exoskeleton","Chitin + Calcium","Holoplanktonic","No","Copepods"
"272",-0.0316690021074478,0.780346067440991,1,1.25,"Eukaryota","Arthropoda","Copepoda","Calanoida","Pontellidae","Labidocera","Labidocera trispinosa","Variable","Variable","Variable","Exoskeleton","Exoskeleton","Chitin + Calcium","Holoplanktonic","No","Copepods"
"294",-0.0316690021074478,0.780346067440991,1,1.25,"Eukaryota","Arthropoda","Copepoda","Calanoida","Pontellidae","Labidocera","Labidocera trispinosa","Variable","Variable","Variable","Exoskeleton","Exoskeleton","Chitin + Calcium","Holoplanktonic","No","Copepods"
"393",-0.0316690021074478,0.780346067440991,1,1.25,"Eukaryota","Arthropoda","Copepoda","Calanoida","Pontellidae","Labidocera","Labidocera trispinosa","Variable","Variable","Variable","Exoskeleton","Exoskeleton","Chitin + Calcium","Holoplanktonic","No","Copepods"
"399",-0.0316690021074478,0.780346067440991,1,1.25,"Eukaryota","Arthropoda","Copepoda","Calanoida","Pontellidae","Labidocera","Labidocera trispinosa","Variable","Variable","Variable","Exoskeleton","Exoskeleton","Chitin + Calcium","Holoplanktonic","No","Copepods"
"606",-0.0316690021074478,0.780346067440991,1,1.25,"Eukaryota","Arthropoda","Copepoda","Calanoida","Pontellidae","Labidocera",NA,"Variable","Variable","Variable","Exoskeleton","Exoskeleton","Chitin + Calcium","Holoplanktonic","No","Copepods"
"647",-0.0316690021074478,0.780346067440991,1,1.25,"Eukaryota","Arthropoda","Copepoda","Calanoida","Pontellidae","Labidocera","Labidocera trispinosa","Variable","Variable","Variable","Exoskeleton","Exoskeleton","Chitin + Calcium","Holoplanktonic","No","Copepods"
"723",-0.0316690021074478,0.780346067440991,1,1.25,"Eukaryota","Arthropoda","Copepoda","Calanoida","Pontellidae","Labidocera","Labidocera trispinosa","Variable","Variable","Variable","Exoskeleton","Exoskeleton","Chitin + Calcium","Holoplanktonic","No","Copepods"
"754",-0.0316690021074478,0.780346067440991,1,1.25,"Eukaryota","Arthropoda","Copepoda","Calanoida","Calanidae","Calanus","Calanus pacificus","Variable","Variable","Variable","Exoskeleton","Exoskeleton","Chitin + Calcium","Holoplanktonic","No","Copepods"
"825",-0.0316690021074478,0.780346067440991,1,1.25,"Eukaryota","Arthropoda","Copepoda","Calanoida","Pontellidae","Labidocera","Labidocera trispinosa","Variable","Variable","Variable","Exoskeleton","Exoskeleton","Chitin + Calcium","Holoplanktonic","No","Copepods"
"1042",-0.0316690021074478,0.780346067440991,1,1.25,"Eukaryota","Arthropoda","Ostracoda","Halocyprida","Halocyprididae","Conchoecia","Conchoecia magna","Variable","No","Variable","None","Exoskeleton","Chitin + Calcium","Holoplanktonic","No","Ostracods (seed shrimp)"
"1097",-0.0316690021074478,0.780346067440991,1,1.25,"Eukaryota","Arthropoda","Copepoda","Calanoida","Pontellidae","Labidocera","Labidocera trispinosa","Variable","Variable","Variable","Exoskeleton","Exoskeleton","Chitin + Calcium","Holoplanktonic","No","Copepods"
"1148",-0.0316690021074478,0.780346067440991,1,1.25,"Eukaryota","Arthropoda","Copepoda","Calanoida","Pontellidae","Labidocera","Labidocera trispinosa","Variable","Variable","Variable","Exoskeleton","Exoskeleton","Chitin + Calcium","Holoplanktonic","No","Copepods"
"1209",-0.0316690021074478,0.780346067440991,1,1.25,"Eukaryota","Arthropoda","Copepoda","Calanoida","Calanidae","Calanus","Calanus pacificus","Variable","Variable","Variable","Exoskeleton","Exoskeleton","Chitin + Calcium","Holoplanktonic","No","Copepods"
"1289",-0.0316690021074478,0.780346067440991,1,1.25,"Eukaryota","Arthropoda","Copepoda","Calanoida","Pontellidae","Labidocera","Labidocera trispinosa","Variable","Variable","Variable","Exoskeleton","Exoskeleton","Chitin + Calcium","Holoplanktonic","No","Copepods"
"1466",-0.0316690021074478,0.780346067440991,1,1.25,"Eukaryota","Arthropoda","Copepoda","Calanoida","Calanidae","Calanus","Calanus pacificus","Variable","Variable","Variable","Exoskeleton","Exoskeleton","Chitin + Calcium","Holoplanktonic","No","Copepods"
"1776",-0.0316690021074478,0.780346067440991,1,1.25,"Eukaryota","Arthropoda","Ostracoda","Halocyprida","Halocyprididae","Discoconchoecia",NA,"Variable","No","Variable","None","Exoskeleton","Chitin + Calcium","Holoplanktonic","No","Ostracods (seed shrimp)"
"2008",-0.0316690021074478,0.780346067440991,1,1.25,"Eukaryota","Mollusca","Gastropoda","Nudibranchia","Glaucidae","Hermissenda",NA,"Variable","Variable","No","External shell","None","Aragonite","Meroplanktonic","No","Shell-less sea slugs"
"2571",-0.0316690021074478,0.780346067440991,1,1.25,"Eukaryota","Arthropoda","Copepoda","Calanoida","Pontellidae","Labidocera","Labidocera trispinosa","Variable","Variable","Variable","Exoskeleton","Exoskeleton","Chitin + Calcium","Holoplanktonic","No","Copepods"
"2956",-0.0316690021074478,0.780346067440991,1,1.25,"Eukaryota","Arthropoda","Copepoda","Calanoida","Calanidae","Calanus","Calanus pacificus","Variable","Variable","Variable","Exoskeleton","Exoskeleton","Chitin + Calcium","Holoplanktonic","No","Copepods"
"2989",-0.0316690021074478,0.780346067440991,1,1.25,"Eukaryota","Arthropoda","Copepoda","Calanoida","Calanidae","Calanus","Calanus pacificus","Variable","Variable","Variable","Exoskeleton","Exoskeleton","Chitin + Calcium","Holoplanktonic","No","Copepods"
"3400",-0.0316690021074478,0.780346067440991,1,1.25,"Eukaryota","Arthropoda","Malacostraca","Isopoda","Munnopsidae","Acanthamunnopsis","Acanthamunnopsis milleri","Variable","No","Variable","None","Exoskeleton","Chitin + Calcium","Benthic + Meroplanktonic","No","Isopods"
"3458",-0.0316690021074478,0.780346067440991,1,1.25,"Eukaryota","Arthropoda","Copepoda","Calanoida","Pontellidae","Labidocera","Labidocera trispinosa","Variable","Variable","Variable","Exoskeleton","Exoskeleton","Chitin + Calcium","Holoplanktonic","No","Copepods"
"3516",-0.0316690021074478,0.780346067440991,1,1.25,"Eukaryota","Arthropoda","Copepoda","Calanoida","Calanidae","Calanus","Calanus pacificus","Variable","Variable","Variable","Exoskeleton","Exoskeleton","Chitin + Calcium","Holoplanktonic","No","Copepods"
"4147",-0.0316690021074478,0.780346067440991,1,1.25,"Eukaryota","Arthropoda","Copepoda","Calanoida","Eucalanidae","Eucalanus","Eucalanus californicus","Variable","Variable","Variable","Exoskeleton","Exoskeleton","Chitin + Calcium","Holoplanktonic","No","Copepods"
"4413",-0.0316690021074478,0.780346067440991,1,1.25,"Eukaryota","Arthropoda","Copepoda","Calanoida","Eucalanidae","Eucalanus","Eucalanus californicus","Variable","Variable","Variable","Exoskeleton","Exoskeleton","Chitin + Calcium","Holoplanktonic","No","Copepods"
"4604",-0.0316690021074478,0.780346067440991,1,1.25,"Eukaryota","Arthropoda","Copepoda","Poecilostomatoida","Oncaeidae","Oncaea","Oncaea sp.","Variable","Variable","Variable","Exoskeleton","Exoskeleton","Chitin + Calcium","Holoplanktonic","No","Parasitic or predatory copepods"
"4605",-0.0316690021074478,0.780346067440991,1,1.25,"Eukaryota","Arthropoda","Malacostraca","Decapoda","Grapsidae","Pachygrapsus","Pachygrapsus crassipes","Variable","No","Variable","None","Exoskeleton","Calcite","Meroplanktonic","No","Crabs, lobsters, shrimp"
"4733",-0.0316690021074478,0.780346067440991,1,1.25,"Eukaryota","Arthropoda","Copepoda","Calanoida","Pontellidae","Labidocera","Labidocera trispinosa","Variable","Variable","Variable","Exoskeleton","Exoskeleton","Chitin + Calcium","Holoplanktonic","No","Copepods"
"4938",-0.0316690021074478,0.780346067440991,1,1.25,"Eukaryota","Arthropoda","Copepoda","Calanoida","Eucalanidae","Eucalanus","Eucalanus californicus","Variable","Variable","Variable","Exoskeleton","Exoskeleton","Chitin + Calcium","Holoplanktonic","No","Copepods"
"5054",-0.0316690021074478,0.780346067440991,1,1.25,"Eukaryota","Arthropoda","Copepoda","Calanoida","Aetideidae",NA,NA,"Variable","Variable","Variable","Exoskeleton","Exoskeleton","Chitin + Calcium","Holoplanktonic","No","Copepods"
"5203",-0.0316690021074478,0.780346067440991,1,1.25,"Eukaryota","Arthropoda","Copepoda","Calanoida","Eucalanidae","Eucalanus","Eucalanus californicus","Variable","Variable","Variable","Exoskeleton","Exoskeleton","Chitin + Calcium","Holoplanktonic","No","Copepods"
"5493",-0.0316690021074478,0.780346067440991,1,1.25,"Eukaryota","Arthropoda","Copepoda","Calanoida","Aetideidae",NA,NA,"Variable","Variable","Variable","Exoskeleton","Exoskeleton","Chitin + Calcium","Holoplanktonic","No","Copepods"
"5646",-0.0316690021074478,0.780346067440991,1,1.25,"Eukaryota","Arthropoda","Copepoda","Calanoida","Pontellidae","Labidocera","Labidocera trispinosa","Variable","Variable","Variable","Exoskeleton","Exoskeleton","Chitin + Calcium","Holoplanktonic","No","Copepods"
"5958",-0.0316690021074478,0.780346067440991,1,1.25,"Eukaryota","Arthropoda","Copepoda","Calanoida","Pontellidae",NA,NA,"Variable","Variable","Variable","Exoskeleton","Exoskeleton","Chitin + Calcium","Holoplanktonic","No","Copepods"
"6150",-0.0316690021074478,0.780346067440991,1,1.25,"Eukaryota","Arthropoda","Copepoda","Calanoida","Eucalanidae","Eucalanus","Eucalanus californicus","Variable","Variable","Variable","Exoskeleton","Exoskeleton","Chitin + Calcium","Holoplanktonic","No","Copepods"
"6344",-0.0316690021074478,0.780346067440991,1,1.25,"Eukaryota","Arthropoda","Malacostraca","Euphausiacea","Euphausiidae","Hansarsia","Hansarsia difficilis","Variable","No","Variable","None","Exoskeleton","Chitin + Calcium","Holoplanktonic","No","Krill"
"6345",-0.0316690021074478,0.780346067440991,1,1.25,"Eukaryota","Arthropoda","Copepoda","Calanoida","Eucalanidae","Rhincalanus",NA,"Variable","Variable","Variable","Exoskeleton","Exoskeleton","Chitin + Calcium","Holoplanktonic","No","Copepods"
"7555",-0.0316690021074478,0.780346067440991,1,1.25,"Eukaryota","Arthropoda","Copepoda","Calanoida","Heterorhabdidae",NA,NA,"Variable","Variable","Variable","Exoskeleton","Exoskeleton","Chitin + Calcium","Holoplanktonic","No","Copepods"
"988",-0.0326832677656641,0.773496688708307,5,6.25,"Eukaryota","Arthropoda","Malacostraca","Euphausiacea","Euphausiidae","Hansarsia",NA,"Variable","No","Variable","None","Exoskeleton","Chitin + Calcium","Holoplanktonic","No","Krill"
"3589",-0.0327091981977656,0.773321803484742,4,5,"Eukaryota","Annelida","Polychaeta","Chaetopteridae","Chaetopteridae","Chaetopterus","Chaetopterus dewysee","No","No","No","None","None","None","Benthic + Meroplanktonic","No","Tube-dwelling marine polychaetes"
"1875",-0.0328508742670265,0.772366482791913,5,6.25,"Eukaryota","Arthropoda","Copepoda","Calanoida","Eucalanidae","Eucalanus","Eucalanus californicus","Variable","Variable","Variable","Exoskeleton","Exoskeleton","Chitin + Calcium","Holoplanktonic","No","Copepods"
"2403",-0.0330219303203341,0.771213503904902,2,2.5,"Eukaryota","Arthropoda","Ostracoda","Halocyprida","Halocyprididae","Proceroecia","Proceroecia procera","Variable","No","Variable","None","Exoskeleton","Chitin + Calcium","Holoplanktonic","No","Ostracods (seed shrimp)"
"2938",-0.0332677993055074,0.769557127524931,4,5,"Eukaryota","Arthropoda","Thecostraca","Pollicipedomorpha","Pollicipedidae","Pollicipes","Pollicipes polymerus","Variable","Variable","Yes","Exoskeleton","Exoskeleton","Chitin + Calcium","Meroplanktonic","No","Stalked barnacles"
"1889",-0.0341494461539373,0.763626149044006,12,15,"Eukaryota","Arthropoda","Copepoda","Calanoida","Scolecitrichidae","Scolecithrix","Scolecithrix bradyi","Variable","Variable","Variable","Exoskeleton","Exoskeleton","Chitin + Calcium","Holoplanktonic","No","Copepods"
"1077",-0.0342786704506355,0.762757969382548,2,2.5,"Eukaryota","Mollusca","Gastropoda","Nudibranchia","Glaucidae","Hermissenda","Hermissenda opalescens","Variable","Variable","No","External shell","None","Aragonite","Meroplanktonic","No","Shell-less sea slugs"
"4672",-0.0347199630706561,0.759795403555891,10,12.5,"Eukaryota","Ctenophora","Tentaculata","Cydippida","Pleurobrachiidae","Pleurobrachia","Pleurobrachia bachei","No","No","No","None","None","None","Holoplanktonic","No","Comb jellies (round-bodied ctenophores)"
"3393",-0.0352753953815642,0.75607148590355,2,2.5,"Eukaryota","Arthropoda","Ostracoda","Halocyprida","Halocyprididae","Halocypris","Halocypris sp. USNM IZ 1448950","Variable","No","Variable","None","Exoskeleton","Chitin + Calcium","Holoplanktonic","No","Ostracods (seed shrimp)"
"969",-0.0354054029812506,0.755200643213132,2,2.5,"Eukaryota","Arthropoda","Copepoda","Calanoida","Eucalanidae","Eucalanus","Eucalanus californicus","Variable","Variable","Variable","Exoskeleton","Exoskeleton","Chitin + Calcium","Holoplanktonic","No","Copepods"
"3383",-0.0362721203124929,0.749402867957068,2,2.5,"Eukaryota","Arthropoda","Copepoda","Calanoida","Eucalanidae","Eucalanus","Eucalanus californicus","Variable","Variable","Variable","Exoskeleton","Exoskeleton","Chitin + Calcium","Holoplanktonic","No","Copepods"
"3853",-0.0365382172969989,0.747625618000773,5,6.25,"Eukaryota","Arthropoda","Copepoda","Calanoida","Metridinidae","Pleuromamma","Pleuromamma abdominalis","Variable","Variable","Variable","Exoskeleton","Exoskeleton","Chitin + Calcium","Holoplanktonic","No","Copepods"
"39",-0.0365411562778244,0.747605996001817,1,1.25,"Eukaryota","Arthropoda","Copepoda","Calanoida","Pontellidae","Labidocera","Labidocera trispinosa","Variable","Variable","Variable","Exoskeleton","Exoskeleton","Chitin + Calcium","Holoplanktonic","No","Copepods"
"444",-0.0365411562778244,0.747605996001817,1,1.25,"Eukaryota","Arthropoda","Copepoda","Calanoida","Pontellidae","Labidocera","Labidocera trispinosa","Variable","Variable","Variable","Exoskeleton","Exoskeleton","Chitin + Calcium","Holoplanktonic","No","Copepods"
"623",-0.0365411562778244,0.747605996001817,1,1.25,"Eukaryota","Arthropoda","Copepoda","Calanoida","Eucalanidae","Eucalanus","Eucalanus californicus","Variable","Variable","Variable","Exoskeleton","Exoskeleton","Chitin + Calcium","Holoplanktonic","No","Copepods"
"842",-0.0365411562778244,0.747605996001817,1,1.25,"Eukaryota","Arthropoda","Copepoda","Calanoida","Pontellidae","Labidocera","Labidocera trispinosa","Variable","Variable","Variable","Exoskeleton","Exoskeleton","Chitin + Calcium","Holoplanktonic","No","Copepods"
"932",-0.0365411562778244,0.747605996001817,1,1.25,"Eukaryota","Arthropoda","Malacostraca","Decapoda","Xanthidae",NA,NA,"Variable","No","Variable","None","Exoskeleton","Calcite","Meroplanktonic","No","Crabs, lobsters, shrimp"
"966",-0.0365411562778244,0.747605996001817,1,1.25,"Eukaryota","Arthropoda","Copepoda","Calanoida","Eucalanidae","Eucalanus","Eucalanus californicus","Variable","Variable","Variable","Exoskeleton","Exoskeleton","Chitin + Calcium","Holoplanktonic","No","Copepods"
"1002",-0.0365411562778244,0.747605996001817,1,1.25,"Eukaryota","Arthropoda","Ostracoda","Halocyprida","Halocyprididae","Discoconchoecia",NA,"Variable","No","Variable","None","Exoskeleton","Chitin + Calcium","Holoplanktonic","No","Ostracods (seed shrimp)"
"1022",-0.0365411562778244,0.747605996001817,1,1.25,"Eukaryota","Arthropoda","Copepoda","Calanoida","Eucalanidae","Eucalanus","Eucalanus californicus","Variable","Variable","Variable","Exoskeleton","Exoskeleton","Chitin + Calcium","Holoplanktonic","No","Copepods"
"1110",-0.0365411562778244,0.747605996001817,1,1.25,"Eukaryota","Arthropoda","Malacostraca","Euphausiacea","Euphausiidae","Hansarsia",NA,"Variable","No","Variable","None","Exoskeleton","Chitin + Calcium","Holoplanktonic","No","Krill"
"1192",-0.0365411562778244,0.747605996001817,1,1.25,"Eukaryota","Arthropoda","Copepoda","Calanoida","Clausocalanidae","Clausocalanus","Clausocalanus parapergens","Variable","Variable","Variable","Exoskeleton","Exoskeleton","Chitin + Calcium","Holoplanktonic","No","Copepods"
"1389",-0.0365411562778244,0.747605996001817,1,1.25,"Eukaryota","Arthropoda","Malacostraca","Decapoda","Hippidae","Emerita","Emerita analoga","Variable","No","Variable","None","Exoskeleton","Calcite","Meroplanktonic","No","Crabs, lobsters, shrimp"
"1393",-0.0365411562778244,0.747605996001817,1,1.25,"Eukaryota","Arthropoda","Copepoda","Calanoida","Calanidae","Calanus","Calanus pacificus","Variable","Variable","Variable","Exoskeleton","Exoskeleton","Chitin + Calcium","Holoplanktonic","No","Copepods"
"1492",-0.0365411562778244,0.747605996001817,1,1.25,"Eukaryota","Bryozoa","Gymnolaemata","Cheilostomatida","Membraniporidae","Membranipora","Membranipora villosa","Yes","Yes","Yes","External shell","External shell","Calcite","Meroplanktonic","No","Encrusting bryozoans"
"1531",-0.0365411562778244,0.747605996001817,1,1.25,"Eukaryota","Arthropoda","Copepoda","Poecilostomatoida","Oncaeidae","Oncaea","Oncaea sp.","Variable","Variable","Variable","Exoskeleton","Exoskeleton","Chitin + Calcium","Holoplanktonic","No","Parasitic or predatory copepods"
"1721",-0.0365411562778244,0.747605996001817,1,1.25,"Eukaryota","Bryozoa","Gymnolaemata","Cheilostomatida","Membraniporidae","Membranipora","Membranipora villosa","Yes","Yes","Yes","External shell","External shell","Calcite","Meroplanktonic","No","Encrusting bryozoans"
"2150",-0.0365411562778244,0.747605996001817,1,1.25,"Eukaryota","Arthropoda","Malacostraca","Euphausiacea","Euphausiidae","Hansarsia","Hansarsia difficilis","Variable","No","Variable","None","Exoskeleton","Chitin + Calcium","Holoplanktonic","No","Krill"
"2293",-0.0365411562778244,0.747605996001817,1,1.25,"Eukaryota","Arthropoda","Copepoda","Poecilostomatoida","Oncaeidae","Oncaea","Oncaea sp.","Variable","Variable","Variable","Exoskeleton","Exoskeleton","Chitin + Calcium","Holoplanktonic","No","Parasitic or predatory copepods"
"2445",-0.0365411562778244,0.747605996001817,1,1.25,"Eukaryota","Arthropoda","Copepoda","Calanoida","Eucalanidae","Eucalanus","Eucalanus californicus","Variable","Variable","Variable","Exoskeleton","Exoskeleton","Chitin + Calcium","Holoplanktonic","No","Copepods"
"2630",-0.0365411562778244,0.747605996001817,1,1.25,"Eukaryota","Arthropoda","Copepoda","Poecilostomatoida","Oncaeidae","Oncaea","Oncaea sp.","Variable","Variable","Variable","Exoskeleton","Exoskeleton","Chitin + Calcium","Holoplanktonic","No","Parasitic or predatory copepods"
"2951",-0.0365411562778244,0.747605996001817,1,1.25,"Eukaryota","Arthropoda","Ostracoda","Halocyprida","Halocyprididae","Discoconchoecia",NA,"Variable","No","Variable","None","Exoskeleton","Chitin + Calcium","Holoplanktonic","No","Ostracods (seed shrimp)"
"3186",-0.0365411562778244,0.747605996001817,1,1.25,"Eukaryota","Arthropoda","Copepoda","Calanoida","Eucalanidae","Eucalanus","Eucalanus californicus","Variable","Variable","Variable","Exoskeleton","Exoskeleton","Chitin + Calcium","Holoplanktonic","No","Copepods"
"3340",-0.0365411562778244,0.747605996001817,1,1.25,"Eukaryota","Arthropoda","Copepoda","Poecilostomatoida","Oncaeidae","Oncaea","Oncaea sp.","Variable","Variable","Variable","Exoskeleton","Exoskeleton","Chitin + Calcium","Holoplanktonic","No","Parasitic or predatory copepods"
"3646",-0.0365411562778244,0.747605996001817,1,1.25,"Eukaryota","Arthropoda","Malacostraca","Euphausiacea","Euphausiidae","Hansarsia","Hansarsia difficilis","Variable","No","Variable","None","Exoskeleton","Chitin + Calcium","Holoplanktonic","No","Krill"
"3709",-0.0365411562778244,0.747605996001817,1,1.25,"Eukaryota","Arthropoda","Malacostraca","Euphausiacea","Euphausiidae","Hansarsia","Hansarsia difficilis","Variable","No","Variable","None","Exoskeleton","Chitin + Calcium","Holoplanktonic","No","Krill"
"3881",-0.0365411562778244,0.747605996001817,1,1.25,"Eukaryota","Arthropoda","Copepoda","Calanoida","Calanidae","Ctenocalanus","Ctenocalanus vanus","Variable","Variable","Variable","Exoskeleton","Exoskeleton","Chitin + Calcium","Holoplanktonic","No","Copepods"
"4047",-0.0365411562778244,0.747605996001817,1,1.25,"Eukaryota","Arthropoda","Copepoda","Calanoida","Eucalanidae","Eucalanus","Eucalanus californicus","Variable","Variable","Variable","Exoskeleton","Exoskeleton","Chitin + Calcium","Holoplanktonic","No","Copepods"
"4141",-0.0365411562778244,0.747605996001817,1,1.25,"Eukaryota","Arthropoda","Copepoda","Calanoida","Eucalanidae","Eucalanus","Eucalanus californicus","Variable","Variable","Variable","Exoskeleton","Exoskeleton","Chitin + Calcium","Holoplanktonic","No","Copepods"
"4143",-0.0365411562778244,0.747605996001817,1,1.25,"Eukaryota","Arthropoda","Copepoda","Calanoida","Eucalanidae","Eucalanus","Eucalanus californicus","Variable","Variable","Variable","Exoskeleton","Exoskeleton","Chitin + Calcium","Holoplanktonic","No","Copepods"
"4322",-0.0365411562778244,0.747605996001817,1,1.25,"Eukaryota","Arthropoda","Copepoda","Poecilostomatoida","Oncaeidae","Oncaea","Oncaea sp.","Variable","Variable","Variable","Exoskeleton","Exoskeleton","Chitin + Calcium","Holoplanktonic","No","Parasitic or predatory copepods"
"4503",-0.0365411562778244,0.747605996001817,1,1.25,"Eukaryota","Arthropoda","Copepoda","Calanoida","Eucalanidae","Eucalanus","Eucalanus californicus","Variable","Variable","Variable","Exoskeleton","Exoskeleton","Chitin + Calcium","Holoplanktonic","No","Copepods"
"4504",-0.0365411562778244,0.747605996001817,1,1.25,"Eukaryota","Arthropoda","Copepoda","Calanoida","Aetideidae",NA,NA,"Variable","Variable","Variable","Exoskeleton","Exoskeleton","Chitin + Calcium","Holoplanktonic","No","Copepods"
"4728",-0.0365411562778244,0.747605996001817,1,1.25,"Eukaryota","Arthropoda","Malacostraca","Euphausiacea","Euphausiidae","Hansarsia","Hansarsia difficilis","Variable","No","Variable","None","Exoskeleton","Chitin + Calcium","Holoplanktonic","No","Krill"
"4729",-0.0365411562778244,0.747605996001817,1,1.25,"Eukaryota","Arthropoda","Copepoda","Calanoida","Eucalanidae","Eucalanus","Eucalanus californicus","Variable","Variable","Variable","Exoskeleton","Exoskeleton","Chitin + Calcium","Holoplanktonic","No","Copepods"
"4835",-0.0365411562778244,0.747605996001817,1,1.25,"Eukaryota","Arthropoda","Copepoda","Calanoida","Eucalanidae","Rhincalanus","Rhincalanus nasutus","Variable","Variable","Variable","Exoskeleton","Exoskeleton","Chitin + Calcium","Holoplanktonic","No","Copepods"
"4836",-0.0365411562778244,0.747605996001817,1,1.25,"Eukaryota","Arthropoda","Copepoda","Calanoida","Aetideidae",NA,NA,"Variable","Variable","Variable","Exoskeleton","Exoskeleton","Chitin + Calcium","Holoplanktonic","No","Copepods"
"4931",-0.0365411562778244,0.747605996001817,1,1.25,"Eukaryota","Arthropoda","Malacostraca","Euphausiacea","Euphausiidae","Hansarsia","Hansarsia difficilis","Variable","No","Variable","None","Exoskeleton","Chitin + Calcium","Holoplanktonic","No","Krill"
"5050",-0.0365411562778244,0.747605996001817,1,1.25,"Eukaryota","Arthropoda","Copepoda","Calanoida","Paracalanidae","Paracalanus","Paracalanus tropicus","Variable","Variable","Variable","Exoskeleton","Exoskeleton","Chitin + Calcium","Holoplanktonic","No","Copepods"
"5640",-0.0365411562778244,0.747605996001817,1,1.25,"Eukaryota","Echinodermata","Ophiuroidea","Amphilepidida","Amphiuridae",NA,NA,"Yes","Yes","Yes","Internal skeleton","Internal skeleton","Calcite","Meroplanktonic","No","Brittle stars"
"6340",-0.0365411562778244,0.747605996001817,1,1.25,"Eukaryota","Arthropoda","Malacostraca","Euphausiacea","Euphausiidae",NA,NA,"Variable","No","Variable","None","Exoskeleton","Chitin + Calcium","Holoplanktonic","No","Krill"
"737",-0.037152774468661,0.743526056014953,5,6.25,"Eukaryota","Mollusca","Gastropoda","Nudibranchia","Glaucidae","Hermissenda","Hermissenda opalescens","Variable","Variable","No","External shell","None","Aragonite","Meroplanktonic","No","Shell-less sea slugs"
"1886",-0.0392572445162937,0.729542207477157,4,5,"Eukaryota","Arthropoda","Malacostraca","Euphausiacea","Euphausiidae","Euphausia","Euphausia gibboides","Variable","No","Variable","None","Exoskeleton","Chitin + Calcium","Holoplanktonic","No","Krill"
"1115",-0.0394789744380897,0.728073881788093,2,2.5,"Eukaryota","Mollusca","Gastropoda","Nudibranchia","Glaucidae","Hermissenda","Hermissenda opalescens","Variable","Variable","No","External shell","None","Aragonite","Meroplanktonic","No","Shell-less sea slugs"
"713",-0.0395955385916678,0.727302370035676,18,22.5,"Eukaryota","Arthropoda","Malacostraca","Euphausiacea","Euphausiidae","Thysanoessa","Thysanoessa gregaria","Variable","No","Variable","None","Exoskeleton","Chitin + Calcium","Holoplanktonic","No","Krill"
"641",-0.0397389896374624,0.726353272078964,2,2.5,"Eukaryota","Arthropoda","Copepoda","Calanoida","Eucalanidae","Eucalanus","Eucalanus californicus","Variable","Variable","Variable","Exoskeleton","Exoskeleton","Chitin + Calcium","Holoplanktonic","No","Copepods"
"4190",-0.0403890276358942,0.722057683284675,2,2.5,"Eukaryota","Arthropoda","Copepoda","Calanoida","Euchaetidae","Euchaeta","Euchaeta acuta","Variable","Variable","Variable","Exoskeleton","Exoskeleton","Chitin + Calcium","Holoplanktonic","No","Copepods"
"490",-0.0405928421110441,0.720712594473776,3,3.75,"Eukaryota","Mollusca","Gastropoda","Nudibranchia","Glaucidae","Hermissenda","Hermissenda opalescens","Variable","Variable","No","External shell","None","Aragonite","Meroplanktonic","No","Shell-less sea slugs"
"611",-0.041413310448201,0.715306457200396,1,1.25,"Eukaryota","Arthropoda","Copepoda","Calanoida","Pontellidae","Labidocera","Labidocera trispinosa","Variable","Variable","Variable","Exoskeleton","Exoskeleton","Chitin + Calcium","Holoplanktonic","No","Copepods"
"706",-0.041413310448201,0.715306457200396,1,1.25,"Eukaryota","Arthropoda","Copepoda","Calanoida","Pontellidae","Labidocera","Labidocera trispinosa","Variable","Variable","Variable","Exoskeleton","Exoskeleton","Chitin + Calcium","Holoplanktonic","No","Copepods"
"715",-0.041413310448201,0.715306457200396,1,1.25,"Eukaryota","Arthropoda","Copepoda","Calanoida","Pontellidae","Labidocera","Labidocera trispinosa","Variable","Variable","Variable","Exoskeleton","Exoskeleton","Chitin + Calcium","Holoplanktonic","No","Copepods"
"813",-0.041413310448201,0.715306457200396,1,1.25,"Eukaryota","Arthropoda","Copepoda","Calanoida","Pontellidae","Labidocera","Labidocera trispinosa","Variable","Variable","Variable","Exoskeleton","Exoskeleton","Chitin + Calcium","Holoplanktonic","No","Copepods"
"1096",-0.041413310448201,0.715306457200396,1,1.25,"Eukaryota","Arthropoda","Copepoda","Calanoida","Calanidae","Calanus","Calanus pacificus","Variable","Variable","Variable","Exoskeleton","Exoskeleton","Chitin + Calcium","Holoplanktonic","No","Copepods"
"1098",-0.041413310448201,0.715306457200396,1,1.25,"Eukaryota","Arthropoda","Copepoda","Calanoida","Pontellidae","Labidocera","Labidocera trispinosa","Variable","Variable","Variable","Exoskeleton","Exoskeleton","Chitin + Calcium","Holoplanktonic","No","Copepods"
"1124",-0.041413310448201,0.715306457200396,1,1.25,"Eukaryota","Mollusca","Gastropoda","Nudibranchia","Glaucidae","Hermissenda",NA,"Variable","Variable","No","External shell","None","Aragonite","Meroplanktonic","No","Shell-less sea slugs"
"1236",-0.041413310448201,0.715306457200396,1,1.25,"Eukaryota","Chordata","Actinopteri","Pomacentridae","Pomacentridae","Chromis","Chromis punctipinnis","No","No","No","None","None","None","Meroplanktonic","No","Damselfish (reef-associated)"
"1250",-0.041413310448201,0.715306457200396,1,1.25,"Eukaryota","Arthropoda","Copepoda","Calanoida","Calanidae","Calanus","Calanus pacificus","Variable","Variable","Variable","Exoskeleton","Exoskeleton","Chitin + Calcium","Holoplanktonic","No","Copepods"
"1370",-0.041413310448201,0.715306457200396,1,1.25,"Eukaryota","Arthropoda","Copepoda","Calanoida","Calanidae","Calanus","Calanus pacificus","Variable","Variable","Variable","Exoskeleton","Exoskeleton","Chitin + Calcium","Holoplanktonic","No","Copepods"
"1392",-0.041413310448201,0.715306457200396,1,1.25,"Eukaryota","Arthropoda","Malacostraca","Decapoda","Diogenidae",NA,NA,"Variable","No","Variable","None","Exoskeleton","Calcite","Meroplanktonic","No","Crabs, lobsters, shrimp"
"1523",-0.041413310448201,0.715306457200396,1,1.25,"Eukaryota","Arthropoda","Copepoda","Calanoida","Pontellidae","Labidocera",NA,"Variable","Variable","Variable","Exoskeleton","Exoskeleton","Chitin + Calcium","Holoplanktonic","No","Copepods"
"1581",-0.041413310448201,0.715306457200396,1,1.25,"Eukaryota","Arthropoda","Copepoda","Calanoida","Calanidae","Calanus","Calanus pacificus","Variable","Variable","Variable","Exoskeleton","Exoskeleton","Chitin + Calcium","Holoplanktonic","No","Copepods"
"1619",-0.041413310448201,0.715306457200396,1,1.25,"Eukaryota","Arthropoda","Copepoda","Calanoida","Pontellidae","Labidocera","Labidocera trispinosa","Variable","Variable","Variable","Exoskeleton","Exoskeleton","Chitin + Calcium","Holoplanktonic","No","Copepods"
"1845",-0.041413310448201,0.715306457200396,1,1.25,"Eukaryota","Arthropoda","Copepoda","Calanoida","Pontellidae","Labidocera","Labidocera trispinosa","Variable","Variable","Variable","Exoskeleton","Exoskeleton","Chitin + Calcium","Holoplanktonic","No","Copepods"
"1920",-0.041413310448201,0.715306457200396,1,1.25,"Eukaryota","Arthropoda","Copepoda","Calanoida","Metridinidae","Pleuromamma","Pleuromamma abdominalis","Variable","Variable","Variable","Exoskeleton","Exoskeleton","Chitin + Calcium","Holoplanktonic","No","Copepods"
"2337",-0.041413310448201,0.715306457200396,1,1.25,"Eukaryota","Arthropoda","Malacostraca","Decapoda","Pinnotheridae",NA,NA,"Variable","No","Variable","None","Exoskeleton","Calcite","Meroplanktonic","No","Crabs, lobsters, shrimp"
"2761",-0.041413310448201,0.715306457200396,1,1.25,"Eukaryota","Arthropoda","Copepoda","Calanoida","Calanidae","Calanus","Calanus pacificus","Variable","Variable","Variable","Exoskeleton","Exoskeleton","Chitin + Calcium","Holoplanktonic","No","Copepods"
"2870",-0.041413310448201,0.715306457200396,1,1.25,"Eukaryota","Arthropoda","Copepoda","Calanoida","Scolecitrichidae","Scolecithricella","Scolecithricella dentata","Variable","Variable","Variable","Exoskeleton","Exoskeleton","Chitin + Calcium","Holoplanktonic","No","Copepods"
"3040",-0.041413310448201,0.715306457200396,1,1.25,"Eukaryota","Echinodermata","Echinoidea","Clypeasteroida","Dendrasteridae","Dendraster","Dendraster excentricus","Yes","Yes","Yes","Exoskeleton","Exoskeleton","Calcite","Meroplanktonic","No","Sand dollars"
"3238",-0.041413310448201,0.715306457200396,1,1.25,"Eukaryota","Arthropoda","Copepoda","Calanoida","Calanidae","Calanus","Calanus pacificus","Variable","Variable","Variable","Exoskeleton","Exoskeleton","Chitin + Calcium","Holoplanktonic","No","Copepods"
"3396",-0.041413310448201,0.715306457200396,1,1.25,"Eukaryota","Arthropoda","Copepoda","Calanoida","Eucalanidae","Eucalanus","Eucalanus californicus","Variable","Variable","Variable","Exoskeleton","Exoskeleton","Chitin + Calcium","Holoplanktonic","No","Copepods"
"3453",-0.041413310448201,0.715306457200396,1,1.25,"Eukaryota","Arthropoda","Copepoda","Calanoida","Pontellidae","Labidocera","Labidocera trispinosa","Variable","Variable","Variable","Exoskeleton","Exoskeleton","Chitin + Calcium","Holoplanktonic","No","Copepods"
"3708",-0.041413310448201,0.715306457200396,1,1.25,"Eukaryota","Bryozoa","Gymnolaemata","Cheilostomatida","Membraniporidae","Membranipora","Membranipora villosa","Yes","Yes","Yes","External shell","External shell","Calcite","Meroplanktonic","No","Encrusting bryozoans"
"3803",-0.041413310448201,0.715306457200396,1,1.25,"Eukaryota","Arthropoda","Copepoda","Calanoida","Eucalanidae","Eucalanus","Eucalanus californicus","Variable","Variable","Variable","Exoskeleton","Exoskeleton","Chitin + Calcium","Holoplanktonic","No","Copepods"
"3804",-0.041413310448201,0.715306457200396,1,1.25,"Eukaryota","Echinodermata","Echinoidea","Temnopleuroida","Toxopneustidae","Lytechinus","Lytechinus pictus","Yes","Yes","Yes","Internal skeleton","Exoskeleton","Calcite","Meroplanktonic","No","Short-spined sea urchins"
"4045",-0.041413310448201,0.715306457200396,1,1.25,"Eukaryota","Bryozoa","Gymnolaemata","Cheilostomatida","Membraniporidae","Membranipora","Membranipora villosa","Yes","Yes","Yes","External shell","External shell","Calcite","Meroplanktonic","No","Encrusting bryozoans"
"4046",-0.041413310448201,0.715306457200396,1,1.25,"Eukaryota","Arthropoda","Copepoda","Calanoida","Pontellidae","Labidocera","Labidocera trispinosa","Variable","Variable","Variable","Exoskeleton","Exoskeleton","Chitin + Calcium","Holoplanktonic","No","Copepods"
"4227",-0.041413310448201,0.715306457200396,1,1.25,"Eukaryota","Arthropoda","Malacostraca","Euphausiacea","Euphausiidae","Hansarsia","Hansarsia difficilis","Variable","No","Variable","None","Exoskeleton","Chitin + Calcium","Holoplanktonic","No","Krill"
"4321",-0.041413310448201,0.715306457200396,1,1.25,"Eukaryota","Arthropoda","Copepoda","Calanoida","Calocalanidae",NA,NA,"Variable","Variable","Variable","Exoskeleton","Exoskeleton","Chitin + Calcium","Holoplanktonic","No","Copepods"
"4596",-0.041413310448201,0.715306457200396,1,1.25,"Eukaryota","Arthropoda","Copepoda","Calanoida","Eucalanidae","Eucalanus","Eucalanus californicus","Variable","Variable","Variable","Exoskeleton","Exoskeleton","Chitin + Calcium","Holoplanktonic","No","Copepods"
"4597",-0.041413310448201,0.715306457200396,1,1.25,"Eukaryota","Bryozoa","Gymnolaemata","Cheilostomatida","Membraniporidae","Membranipora",NA,"Yes","Yes","Yes","External shell","External shell","Calcite","Meroplanktonic","No","Encrusting bryozoans"
"4929",-0.041413310448201,0.715306457200396,1,1.25,"Eukaryota","Bryozoa","Gymnolaemata","Cheilostomatida","Membraniporidae","Membranipora","Membranipora villosa","Yes","Yes","Yes","External shell","External shell","Calcite","Meroplanktonic","No","Encrusting bryozoans"
"4930",-0.041413310448201,0.715306457200396,1,1.25,"Eukaryota","Arthropoda","Copepoda","Calanoida","Eucalanidae","Eucalanus","Eucalanus californicus","Variable","Variable","Variable","Exoskeleton","Exoskeleton","Chitin + Calcium","Holoplanktonic","No","Copepods"
"5048",-0.041413310448201,0.715306457200396,1,1.25,"Eukaryota","Arthropoda","Thecostraca","Balanomorpha","Chthamalidae","Chthamalus","Chthamalus fissus","Yes","Yes","Yes","External shell","External shell","Calcite","Meroplanktonic","No","Barnacles"
"5197",-0.041413310448201,0.715306457200396,1,1.25,"Eukaryota","Arthropoda","Copepoda","Calanoida","Eucalanidae","Rhincalanus",NA,"Variable","Variable","Variable","Exoskeleton","Exoskeleton","Chitin + Calcium","Holoplanktonic","No","Copepods"
"5340",-0.041413310448201,0.715306457200396,1,1.25,"Eukaryota","Mollusca","Gastropoda","Pteropoda","Creseidae","Styliola","Styliola sp.","Yes","Yes","Yes","External shell","External shell","Aragonite","Holoplanktonic","No","Sea butterflies"
"5341",-0.041413310448201,0.715306457200396,1,1.25,"Eukaryota","Arthropoda","Copepoda","Calanoida","Eucalanidae","Eucalanus","Eucalanus californicus","Variable","Variable","Variable","Exoskeleton","Exoskeleton","Chitin + Calcium","Holoplanktonic","No","Copepods"
"5948",-0.041413310448201,0.715306457200396,1,1.25,"Eukaryota","Echinodermata","Ophiuroidea","Amphilepidida","Ophiactidae","Ophiactis","Ophiactis simplex","Yes","Yes","Yes","Internal skeleton","Internal skeleton","Calcite","Meroplanktonic","No","Brittle stars"
"6550",-0.041413310448201,0.715306457200396,1,1.25,"Eukaryota","Arthropoda","Malacostraca","Euphausiacea","Euphausiidae",NA,NA,"Variable","No","Variable","None","Exoskeleton","Chitin + Calcium","Holoplanktonic","No","Krill"
"6551",-0.041413310448201,0.715306457200396,1,1.25,"Eukaryota","Arthropoda","Malacostraca","Decapoda","Diogenidae",NA,NA,"Variable","No","Variable","None","Exoskeleton","Calcite","Meroplanktonic","No","Crabs, lobsters, shrimp"
"6814",-0.041413310448201,0.715306457200396,1,1.25,"Eukaryota","Arthropoda","Malacostraca","Decapoda","Hippolytidae","Eualus",NA,"Variable","No","Variable","None","Exoskeleton","Calcite","Meroplanktonic","No","Crabs, lobsters, shrimp"
"6815",-0.041413310448201,0.715306457200396,1,1.25,"Eukaryota","Arthropoda","Malacostraca","Decapoda","Parthenopidae","Heterocrypta","Heterocrypta occidentalis","Variable","No","Variable","None","Exoskeleton","Calcite","Meroplanktonic","No","Crabs, lobsters, shrimp"
"684",-0.0417898876730201,0.712829818753686,5,6.25,"Eukaryota","Cnidaria","Hydrozoa","Siphonophorae","Agalmatidae","Marrus",NA,"No","No","No","None","None","None","Holoplanktonic","No","Colonial hydrozoans (e.g., Portuguese man o' war)"
"747",-0.042608851162744,0.707454003830145,4,5,"Eukaryota","Arthropoda","Copepoda","Calanoida","Eucalanidae","Eucalanus","Eucalanus californicus","Variable","Variable","Variable","Exoskeleton","Exoskeleton","Chitin + Calcium","Holoplanktonic","No","Copepods"
"451",-0.0439374707288679,0.698763165127819,13,16.25,"Eukaryota","Mollusca","Gastropoda","Nudibranchia","Glaucidae","Hermissenda","Hermissenda opalescens","Variable","Variable","No","External shell","None","Aragonite","Meroplanktonic","No","Shell-less sea slugs"
"2263",-0.0439399711973933,0.69874684495384,3,3.75,"Eukaryota","Mollusca","Gastropoda","Nudibranchia","Glaucidae","Hermissenda",NA,"Variable","Variable","No","External shell","None","Aragonite","Meroplanktonic","No","Shell-less sea slugs"
"2653",-0.0441922475258809,0.69710097905934,5,6.25,"Eukaryota","Arthropoda","Copepoda","Calanoida","Metridinidae","Pleuromamma","Pleuromamma abdominalis","Variable","Variable","Variable","Exoskeleton","Exoskeleton","Chitin + Calcium","Holoplanktonic","No","Copepods"
"303",-0.0442960487597709,0.696424178760661,3,3.75,"Eukaryota","Chordata","Actinopteri","Gobiiformes","Gobiidae","Rhinogobiops","Rhinogobiops nicholsii","No","No","No","None","None","None","Meroplanktonic","No","Gobies and dartfish"
"5800",-0.044375927359609,0.695903519072382,2,2.5,"Eukaryota","Mollusca","Gastropoda","Nudibranchia","Goniodorididae",NA,NA,"Variable","Variable","No","External shell","None","Aragonite","Meroplanktonic","No","Shell-less sea slugs"
"2831",-0.0443988461376256,0.695754157262291,6,7.5,"Eukaryota","Mollusca","Gastropoda","Acteonidae","Acteonidae","Rictaxis","Rictaxis punctocaelatus","Yes","Yes","Yes","External shell","External shell","Aragonite","Benthic + Meroplanktonic","No","Bubble snails (Acteon and Rictaxis)"
"92",-0.0443990374037633,0.695752910828443,64,80,"Eukaryota","Arthropoda","Ostracoda","Halocyprida","Halocyprididae","Conchoecia","Conchoecia magna","Variable","No","Variable","None","Exoskeleton","Chitin + Calcium","Holoplanktonic","No","Ostracods (seed shrimp)"
"2542",-0.0445329216449656,0.694880618450863,4,5,"Eukaryota","Arthropoda","Copepoda","Calanoida","Eucalanidae","Eucalanus","Eucalanus californicus","Variable","Variable","Variable","Exoskeleton","Exoskeleton","Chitin + Calcium","Holoplanktonic","No","Copepods"
"285",-0.0450527099157313,0.691497817946201,7,8.75,"Eukaryota","Arthropoda","Copepoda","Calanoida","Pontellidae","Labidocera","Labidocera trispinosa","Variable","Variable","Variable","Exoskeleton","Exoskeleton","Chitin + Calcium","Holoplanktonic","No","Copepods"
"4292",-0.0456760033564726,0.687449354569548,2,2.5,"Eukaryota","Bryozoa","Gymnolaemata","Cheilostomatida","Membraniporidae",NA,NA,"Yes","Yes","Yes","External shell","External shell","Calcite","Meroplanktonic","No","Encrusting bryozoans"
"1071",-0.0457803393935288,0.686772517135326,17,21.25,"Eukaryota","Arthropoda","Ostracoda","Halocyprida","Halocyprididae","Proceroecia","Proceroecia procera","Variable","No","Variable","None","Exoskeleton","Chitin + Calcium","Holoplanktonic","No","Ostracods (seed shrimp)"
"413",-0.0459445811026949,0.685707565067388,13,16.25,"Eukaryota","Arthropoda","Copepoda","Calanoida","Scolecitrichidae","Scolecithricella","Scolecithricella dentata","Variable","Variable","Variable","Exoskeleton","Exoskeleton","Chitin + Calcium","Holoplanktonic","No","Copepods"
"971",-0.0459900186581647,0.685413053488292,6,7.5,"Eukaryota","Arthropoda","Copepoda","Calanoida","Calanidae","Calanus","Calanus pacificus","Variable","Variable","Variable","Exoskeleton","Exoskeleton","Chitin + Calcium","Holoplanktonic","No","Copepods"
"625",-0.0462827054883422,0.6835170768634,2,2.5,"Eukaryota","Arthropoda","Copepoda","Calanoida","Pontellidae","Labidocera","Labidocera trispinosa","Variable","Variable","Variable","Exoskeleton","Exoskeleton","Chitin + Calcium","Holoplanktonic","No","Copepods"
"867",-0.0462854646185776,0.6834992129624,1,1.25,"Eukaryota","Echinodermata","Echinoidea","Temnopleuroida","Toxopneustidae","Lytechinus","Lytechinus pictus","Yes","Yes","Yes","Internal skeleton","Exoskeleton","Calcite","Meroplanktonic","No","Short-spined sea urchins"
"1135",-0.0462854646185776,0.6834992129624,1,1.25,"Eukaryota","Arthropoda","Malacostraca","Decapoda","Cancridae","Metacarcinus","Metacarcinus gracilis","Variable","No","Variable","None","Exoskeleton","Calcite","Meroplanktonic","No","Crabs, lobsters, shrimp"
"1279",-0.0462854646185776,0.6834992129624,1,1.25,"Eukaryota","Arthropoda","Malacostraca","Decapoda","Panopeidae","Lophopanopeus","Lophopanopeus bellus","Variable","No","Variable","None","Exoskeleton","Calcite","Meroplanktonic","No","Crabs, lobsters, shrimp"
"1431",-0.0462854646185776,0.6834992129624,1,1.25,"Eukaryota","Arthropoda","Copepoda","Calanoida","Eucalanidae","Eucalanus","Eucalanus californicus","Variable","Variable","Variable","Exoskeleton","Exoskeleton","Chitin + Calcium","Holoplanktonic","No","Copepods"
"1553",-0.0462854646185776,0.6834992129624,1,1.25,"Eukaryota","Mollusca","Gastropoda","Nudibranchia","Glaucidae","Hermissenda","Hermissenda opalescens","Variable","Variable","No","External shell","None","Aragonite","Meroplanktonic","No","Shell-less sea slugs"
"1678",-0.0462854646185776,0.6834992129624,1,1.25,"Eukaryota","Arthropoda","Copepoda","Calanoida","Eucalanidae","Eucalanus","Eucalanus californicus","Variable","Variable","Variable","Exoskeleton","Exoskeleton","Chitin + Calcium","Holoplanktonic","No","Copepods"
"1679",-0.0462854646185776,0.6834992129624,1,1.25,"Eukaryota","Arthropoda","Copepoda","Calanoida","Eucalanidae","Eucalanus","Eucalanus californicus","Variable","Variable","Variable","Exoskeleton","Exoskeleton","Chitin + Calcium","Holoplanktonic","No","Copepods"
"1685",-0.0462854646185776,0.6834992129624,1,1.25,"Eukaryota","Chordata","Actinopteri","Argentiniformes","Bathylagidae","Leuroglossus","Leuroglossus stilbius","No","No","No","None","None","None","Meroplanktonic","No","Deep-sea smelts and related fish"
"1786",-0.0462854646185776,0.6834992129624,1,1.25,"Eukaryota","Mollusca","Gastropoda","Nudibranchia","Glaucidae","Hermissenda","Hermissenda opalescens","Variable","Variable","No","External shell","None","Aragonite","Meroplanktonic","No","Shell-less sea slugs"
"1905",-0.0462854646185776,0.6834992129624,1,1.25,"Eukaryota","Arthropoda","Copepoda","Calanoida","Eucalanidae","Eucalanus","Eucalanus californicus","Variable","Variable","Variable","Exoskeleton","Exoskeleton","Chitin + Calcium","Holoplanktonic","No","Copepods"
"2069",-0.0462854646185776,0.6834992129624,1,1.25,"Eukaryota","Arthropoda","Copepoda","Calanoida","Eucalanidae","Eucalanus","Eucalanus californicus","Variable","Variable","Variable","Exoskeleton","Exoskeleton","Chitin + Calcium","Holoplanktonic","No","Copepods"
"2171",-0.0462854646185776,0.6834992129624,1,1.25,"Eukaryota","Arthropoda","Copepoda","Calanoida","Eucalanidae","Eucalanus","Eucalanus californicus","Variable","Variable","Variable","Exoskeleton","Exoskeleton","Chitin + Calcium","Holoplanktonic","No","Copepods"
"2408",-0.0462854646185776,0.6834992129624,1,1.25,"Eukaryota","Arthropoda","Copepoda","Calanoida","Eucalanidae","Eucalanus","Eucalanus californicus","Variable","Variable","Variable","Exoskeleton","Exoskeleton","Chitin + Calcium","Holoplanktonic","No","Copepods"
"2539",-0.0462854646185776,0.6834992129624,1,1.25,"Eukaryota","Arthropoda","Copepoda","Calanoida","Eucalanidae","Eucalanus","Eucalanus californicus","Variable","Variable","Variable","Exoskeleton","Exoskeleton","Chitin + Calcium","Holoplanktonic","No","Copepods"
"2625",-0.0462854646185776,0.6834992129624,1,1.25,"Eukaryota","Arthropoda","Copepoda","Calanoida","Eucalanidae","Eucalanus","Eucalanus californicus","Variable","Variable","Variable","Exoskeleton","Exoskeleton","Chitin + Calcium","Holoplanktonic","No","Copepods"
"2714",-0.0462854646185776,0.6834992129624,1,1.25,"Eukaryota","Arthropoda","Copepoda","Calanoida","Eucalanidae","Eucalanus","Eucalanus californicus","Variable","Variable","Variable","Exoskeleton","Exoskeleton","Chitin + Calcium","Holoplanktonic","No","Copepods"
"2715",-0.0462854646185776,0.6834992129624,1,1.25,"Eukaryota","Arthropoda","Copepoda","Calanoida","Eucalanidae","Eucalanus","Eucalanus californicus","Variable","Variable","Variable","Exoskeleton","Exoskeleton","Chitin + Calcium","Holoplanktonic","No","Copepods"
"2797",-0.0462854646185776,0.6834992129624,1,1.25,"Eukaryota","Arthropoda","Copepoda","Calanoida","Eucalanidae","Eucalanus","Eucalanus californicus","Variable","Variable","Variable","Exoskeleton","Exoskeleton","Chitin + Calcium","Holoplanktonic","No","Copepods"
"2834",-0.0462854646185776,0.6834992129624,1,1.25,"Eukaryota","Arthropoda","Copepoda","Calanoida","Eucalanidae","Eucalanus","Eucalanus californicus","Variable","Variable","Variable","Exoskeleton","Exoskeleton","Chitin + Calcium","Holoplanktonic","No","Copepods"
"2865",-0.0462854646185776,0.6834992129624,1,1.25,"Eukaryota","Arthropoda","Copepoda","Calanoida","Eucalanidae","Eucalanus","Eucalanus californicus","Variable","Variable","Variable","Exoskeleton","Exoskeleton","Chitin + Calcium","Holoplanktonic","No","Copepods"
"2866",-0.0462854646185776,0.6834992129624,1,1.25,"Eukaryota","Arthropoda","Copepoda","Calanoida","Eucalanidae","Eucalanus","Eucalanus californicus","Variable","Variable","Variable","Exoskeleton","Exoskeleton","Chitin + Calcium","Holoplanktonic","No","Copepods"
"2907",-0.0462854646185776,0.6834992129624,1,1.25,"Eukaryota","Arthropoda","Copepoda","Calanoida","Eucalanidae","Eucalanus","Eucalanus californicus","Variable","Variable","Variable","Exoskeleton","Exoskeleton","Chitin + Calcium","Holoplanktonic","No","Copepods"
"3077",-0.0462854646185776,0.6834992129624,1,1.25,"Eukaryota","Bryozoa","Gymnolaemata","Cheilostomatida","Membraniporidae","Membranipora","Membranipora villosa","Yes","Yes","Yes","External shell","External shell","Calcite","Meroplanktonic","No","Encrusting bryozoans"
"3078",-0.0462854646185776,0.6834992129624,1,1.25,"Eukaryota","Arthropoda","Copepoda","Calanoida","Eucalanidae","Eucalanus","Eucalanus californicus","Variable","Variable","Variable","Exoskeleton","Exoskeleton","Chitin + Calcium","Holoplanktonic","No","Copepods"
"3126",-0.0462854646185776,0.6834992129624,1,1.25,"Eukaryota","Arthropoda","Copepoda","Calanoida","Eucalanidae","Eucalanus","Eucalanus californicus","Variable","Variable","Variable","Exoskeleton","Exoskeleton","Chitin + Calcium","Holoplanktonic","No","Copepods"
"3178",-0.0462854646185776,0.6834992129624,1,1.25,"Eukaryota","Arthropoda","Copepoda","Calanoida","Eucalanidae","Eucalanus","Eucalanus californicus","Variable","Variable","Variable","Exoskeleton","Exoskeleton","Chitin + Calcium","Holoplanktonic","No","Copepods"
"3443",-0.0462854646185776,0.6834992129624,1,1.25,"Eukaryota","Echinodermata","Ophiuroidea","Amphilepidida","Ophiotrichidae","Ophiothrix","Ophiothrix spiculata","Yes","Yes","Yes","Internal skeleton","Internal skeleton","Calcite","Meroplanktonic","No","Brittle stars"
"3566",-0.0462854646185776,0.6834992129624,1,1.25,"Eukaryota","Arthropoda","Copepoda","Calanoida","Eucalanidae","Eucalanus","Eucalanus californicus","Variable","Variable","Variable","Exoskeleton","Exoskeleton","Chitin + Calcium","Holoplanktonic","No","Copepods"
"3634",-0.0462854646185776,0.6834992129624,1,1.25,"Eukaryota","Arthropoda","Copepoda","Calanoida","Eucalanidae","Eucalanus","Eucalanus californicus","Variable","Variable","Variable","Exoskeleton","Exoskeleton","Chitin + Calcium","Holoplanktonic","No","Copepods"
"3785",-0.0462854646185776,0.6834992129624,1,1.25,"Eukaryota","Arthropoda","Copepoda","Calanoida","Eucalanidae","Eucalanus","Eucalanus californicus","Variable","Variable","Variable","Exoskeleton","Exoskeleton","Chitin + Calcium","Holoplanktonic","No","Copepods"
"3864",-0.0462854646185776,0.6834992129624,1,1.25,"Eukaryota","Arthropoda","Copepoda","Calanoida","Calanidae","Calanus","Calanus pacificus","Variable","Variable","Variable","Exoskeleton","Exoskeleton","Chitin + Calcium","Holoplanktonic","No","Copepods"
"3946",-0.0462854646185776,0.6834992129624,1,1.25,"Eukaryota","Cnidaria","Hydrozoa","Siphonophorae","Sphaeronectidae",NA,NA,"No","No","No","None","None","None","Holoplanktonic","No","Colonial hydrozoans (e.g., Portuguese man o' war)"
"4030",-0.0462854646185776,0.6834992129624,1,1.25,"Eukaryota","Mollusca","Gastropoda","Nudibranchia","Glaucidae","Hermissenda","Hermissenda opalescens","Variable","Variable","No","External shell","None","Aragonite","Meroplanktonic","No","Shell-less sea slugs"
"4124",-0.0462854646185776,0.6834992129624,1,1.25,"Eukaryota","Arthropoda","Copepoda","Calanoida","Eucalanidae","Eucalanus","Eucalanus californicus","Variable","Variable","Variable","Exoskeleton","Exoskeleton","Chitin + Calcium","Holoplanktonic","No","Copepods"
"4219",-0.0462854646185776,0.6834992129624,1,1.25,"Eukaryota","Arthropoda","Ostracoda","Halocyprida","Halocyprididae","Conchoecia","Conchoecia magna","Variable","No","Variable","None","Exoskeleton","Chitin + Calcium","Holoplanktonic","No","Ostracods (seed shrimp)"
"4311",-0.0462854646185776,0.6834992129624,1,1.25,"Eukaryota","Arthropoda","Malacostraca","Decapoda","Hippolytidae","Lysmata","Lysmata californica","Variable","No","Variable","None","Exoskeleton","Calcite","Meroplanktonic","No","Crabs, lobsters, shrimp"
"4398",-0.0462854646185776,0.6834992129624,1,1.25,"Eukaryota","Arthropoda","Copepoda","Calanoida","Eucalanidae","Eucalanus",NA,"Variable","Variable","Variable","Exoskeleton","Exoskeleton","Chitin + Calcium","Holoplanktonic","No","Copepods"
"4485",-0.0462854646185776,0.6834992129624,1,1.25,"Eukaryota","Annelida","Polychaeta","Phyllodocida","Alciopidae",NA,NA,"No","No","No","None","None","None","Benthic + Meroplanktonic","No","Active marine polychaetes"
"4486",-0.0462854646185776,0.6834992129624,1,1.25,"Eukaryota","Arthropoda","Copepoda","Poecilostomatoida","Oncaeidae","Oncaea","Oncaea sp.","Variable","Variable","Variable","Exoskeleton","Exoskeleton","Chitin + Calcium","Holoplanktonic","No","Parasitic or predatory copepods"
"4816",-0.0462854646185776,0.6834992129624,1,1.25,"Eukaryota","Arthropoda","Copepoda","Calanoida","Eucalanidae","Eucalanus","Eucalanus californicus","Variable","Variable","Variable","Exoskeleton","Exoskeleton","Chitin + Calcium","Holoplanktonic","No","Copepods"
"5165",-0.0462854646185776,0.6834992129624,1,1.25,"Eukaryota","Bryozoa","Gymnolaemata","Cheilostomatida","Membraniporidae","Membranipora","Membranipora villosa","Yes","Yes","Yes","External shell","External shell","Calcite","Meroplanktonic","No","Encrusting bryozoans"
"5166",-0.0462854646185776,0.6834992129624,1,1.25,"Eukaryota","Arthropoda","Copepoda","Calanoida","Eucalanidae","Eucalanus","Eucalanus californicus","Variable","Variable","Variable","Exoskeleton","Exoskeleton","Chitin + Calcium","Holoplanktonic","No","Copepods"
"5755",-0.0462854646185776,0.6834992129624,1,1.25,"Eukaryota","Arthropoda","Copepoda","Poecilostomatoida","Oncaeidae","Oncaea","Oncaea sp.","Variable","Variable","Variable","Exoskeleton","Exoskeleton","Chitin + Calcium","Holoplanktonic","No","Parasitic or predatory copepods"
"5756",-0.0462854646185776,0.6834992129624,1,1.25,"Eukaryota","Arthropoda","Malacostraca","Decapoda","Pisidae","Chorilia","Chorilia longipes","Variable","No","Variable","None","Exoskeleton","Calcite","Meroplanktonic","No","Crabs, lobsters, shrimp"
"5757",-0.0462854646185776,0.6834992129624,1,1.25,"Eukaryota","Cnidaria","Hydrozoa","Anthoathecata","Pandeidae",NA,NA,"No","No","No","None","None","None","Benthic + Holoplanktonic","No","Colonial hydroids and small medusae"
"6308",-0.0462854646185776,0.6834992129624,1,1.25,"Eukaryota","Echinodermata","Ophiuroidea","Amphilepidida","Ophiactidae","Ophiopholis","Ophiopholis sp. EAC01","Yes","Yes","Yes","Internal skeleton","Internal skeleton","Calcite","Meroplanktonic","No","Brittle stars"
"6790",-0.0462854646185776,0.6834992129624,1,1.25,"Eukaryota","Mollusca","Gastropoda","Cephalaspidea","Gastropteridae","Gastropteron","Gastropteron pacificum","Variable","Yes","Yes","External shell","External shell","Aragonite","Meroplanktonic","No","Bubble snails"
"6791",-0.0462854646185776,0.6834992129624,1,1.25,"Eukaryota","Arthropoda","Malacostraca","Euphausiacea","Euphausiidae","Nematobrachion","Nematobrachion flexipes","Variable","No","Variable","None","Exoskeleton","Chitin + Calcium","Holoplanktonic","No","Krill"
"7016",-0.0462854646185776,0.6834992129624,1,1.25,"Eukaryota","Arthropoda","Copepoda","Calanoida","Clausocalanidae","Clausocalanus",NA,"Variable","Variable","Variable","Exoskeleton","Exoskeleton","Chitin + Calcium","Holoplanktonic","No","Copepods"
"7272",-0.0462854646185776,0.6834992129624,1,1.25,"Eukaryota","Arthropoda","Malacostraca","Euphausiacea","Euphausiidae","Thysanoessa","Thysanoessa gregaria","Variable","No","Variable","None","Exoskeleton","Chitin + Calcium","Holoplanktonic","No","Krill"
"7273",-0.0462854646185776,0.6834992129624,1,1.25,"Eukaryota","Mollusca","Gastropoda","Pteropoda","Cliidae","Clio","Clio pyramidata","Yes","Yes","Yes","External shell","External shell","Aragonite","Holoplanktonic","No","Sea butterflies"
"7274",-0.0462854646185776,0.6834992129624,1,1.25,"Eukaryota","Arthropoda","Malacostraca","Decapoda","Hippolytidae","Spirontocaris","Spirontocaris sica","Variable","No","Variable","None","Exoskeleton","Calcite","Meroplanktonic","No","Crabs, lobsters, shrimp"
"7522",-0.0462854646185776,0.6834992129624,1,1.25,"Eukaryota","Arthropoda","Thecostraca","Balanomorpha","Chthamalidae","Chthamalus","Chthamalus fissus","Yes","Yes","Yes","External shell","External shell","Calcite","Meroplanktonic","No","Barnacles"
"983",-0.0462900831090854,0.683469311081273,3,3.75,"Eukaryota","Chordata","Actinopteri","Argentiniformes","Bathylagidae","Leuroglossus","Leuroglossus stilbius","No","No","No","None","None","None","Meroplanktonic","No","Deep-sea smelts and related fish"
"878",-0.0462998568297028,0.68340603386618,12,15,"Eukaryota","Arthropoda","Thecostraca","Balanomorpha","Chthamalidae","Chthamalus","Chthamalus fissus","Yes","Yes","Yes","External shell","External shell","Calcite","Meroplanktonic","No","Barnacles"
"600",-0.0464259587323125,0.682589818161249,4,5,"Eukaryota","Echinodermata","Echinoidea","Temnopleuroida","Toxopneustidae","Lytechinus","Lytechinus pictus","Yes","Yes","Yes","Internal skeleton","Exoskeleton","Calcite","Meroplanktonic","No","Short-spined sea urchins"
"746",-0.046788591696414,0.680244646120683,3,3.75,"Eukaryota","Mollusca","Gastropoda","Nudibranchia","Glaucidae","Hermissenda","Hermissenda opalescens","Variable","Variable","No","External shell","None","Aragonite","Meroplanktonic","No","Shell-less sea slugs"
"942",-0.0468598072088895,0.679784445746721,3,3.75,"Eukaryota","Arthropoda","Copepoda","Calanoida","Calanidae","Calanus","Calanus pacificus","Variable","Variable","Variable","Exoskeleton","Exoskeleton","Chitin + Calcium","Holoplanktonic","No","Copepods"
"355",-0.0474074949261412,0.676249163219071,19,23.75,"Eukaryota","Arthropoda","Ostracoda","Halocyprida","Halocyprididae","Conchoecetta","Conchoecetta giesbrechti","Variable","No","Variable","None","Exoskeleton","Chitin + Calcium","Holoplanktonic","No","Ostracods (seed shrimp)"
"1338",-0.0474295313086936,0.676107065771994,3,3.75,"Eukaryota","Chordata","Actinopteri","Myctophiformes","Myctophidae","Stenobrachius","Stenobrachius leucopsarus","No","No","No","None","None","None","Meroplanktonic","No","Lanternfishes"
"2918",-0.0475007468211691,0.675647923376801,3,3.75,"Eukaryota","Mollusca","Gastropoda","Nudibranchia","Glaucidae","Hermissenda","Hermissenda opalescens","Variable","Variable","No","External shell","None","Aragonite","Meroplanktonic","No","Shell-less sea slugs"
"5630",-0.0480704709209733,0.671979055166471,3,3.75,"Eukaryota","Arthropoda","Copepoda","Calanoida","Lucicutiidae","Lucicutia","Lucicutia flavicornis","Variable","Variable","Variable","Exoskeleton","Exoskeleton","Chitin + Calcium","Holoplanktonic","No","Copepods"
"3332",-0.0484281055847974,0.669679886790288,6,7.5,"Eukaryota","Arthropoda","Copepoda","Calanoida","Calocalanidae",NA,NA,"Variable","Variable","Variable","Exoskeleton","Exoskeleton","Chitin + Calcium","Holoplanktonic","No","Copepods"
"3776",-0.0487534633479031,0.66759085370365,4,5,"Eukaryota","Arthropoda","Copepoda","Calanoida","Lucicutiidae","Lucicutia","Lucicutia flavicornis","Variable","Variable","Variable","Exoskeleton","Exoskeleton","Chitin + Calcium","Holoplanktonic","No","Copepods"
"189",-0.0498446500755026,0.660603141065283,57,71.25,"Eukaryota","Arthropoda","Ostracoda","Halocyprida","Halocyprididae","Discoconchoecia",NA,"Variable","No","Variable","None","Exoskeleton","Chitin + Calcium","Holoplanktonic","No","Ostracods (seed shrimp)"
"1131",-0.0506553842845286,0.655430064843036,8,10,"Eukaryota","Arthropoda","Copepoda","Calanoida","Eucalanidae","Eucalanus","Eucalanus californicus","Variable","Variable","Variable","Exoskeleton","Exoskeleton","Chitin + Calcium","Holoplanktonic","No","Copepods"
"457",-0.0509903069324694,0.653297719372178,3,3.75,"Eukaryota","Arthropoda","Copepoda","Calanoida","Pontellidae","Labidocera","Labidocera trispinosa","Variable","Variable","Variable","Exoskeleton","Exoskeleton","Chitin + Calcium","Holoplanktonic","No","Copepods"
"1565",-0.0510191701760933,0.653114085898639,10,12.5,"Eukaryota","Mollusca","Gastropoda","Pteropoda","Cliidae","Clio","Clio pyramidata","Yes","Yes","Yes","External shell","External shell","Aragonite","Holoplanktonic","No","Sea butterflies"
"273",-0.0511576187889542,0.652233535971199,1,1.25,"Eukaryota","Arthropoda","Copepoda","Calanoida","Pontellidae","Labidocera","Labidocera trispinosa","Variable","Variable","Variable","Exoskeleton","Exoskeleton","Chitin + Calcium","Holoplanktonic","No","Copepods"
"510",-0.0511576187889542,0.652233535971199,1,1.25,"Eukaryota","Arthropoda","Copepoda","Calanoida","Pontellidae","Labidocera","Labidocera trispinosa","Variable","Variable","Variable","Exoskeleton","Exoskeleton","Chitin + Calcium","Holoplanktonic","No","Copepods"
"694",-0.0511576187889542,0.652233535971199,1,1.25,"Eukaryota","Arthropoda","Copepoda","Calanoida","Eucalanidae","Eucalanus","Eucalanus californicus","Variable","Variable","Variable","Exoskeleton","Exoskeleton","Chitin + Calcium","Holoplanktonic","No","Copepods"
"1043",-0.0511576187889542,0.652233535971199,1,1.25,"Eukaryota","Arthropoda","Copepoda","Calanoida","Pontellidae","Labidocera","Labidocera trispinosa","Variable","Variable","Variable","Exoskeleton","Exoskeleton","Chitin + Calcium","Holoplanktonic","No","Copepods"
"1239",-0.0511576187889542,0.652233535971199,1,1.25,"Eukaryota","Arthropoda","Copepoda","Calanoida","Eucalanidae","Eucalanus","Eucalanus californicus","Variable","Variable","Variable","Exoskeleton","Exoskeleton","Chitin + Calcium","Holoplanktonic","No","Copepods"
"1445",-0.0511576187889542,0.652233535971199,1,1.25,"Eukaryota","Arthropoda","Copepoda","Calanoida","Calanidae","Calanus","Calanus pacificus","Variable","Variable","Variable","Exoskeleton","Exoskeleton","Chitin + Calcium","Holoplanktonic","No","Copepods"
"1514",-0.0511576187889542,0.652233535971199,1,1.25,"Eukaryota","Arthropoda","Copepoda","Calanoida","Eucalanidae","Eucalanus","Eucalanus californicus","Variable","Variable","Variable","Exoskeleton","Exoskeleton","Chitin + Calcium","Holoplanktonic","No","Copepods"
"1821",-0.0511576187889542,0.652233535971199,1,1.25,"Eukaryota","Arthropoda","Copepoda","Calanoida","Eucalanidae","Eucalanus","Eucalanus californicus","Variable","Variable","Variable","Exoskeleton","Exoskeleton","Chitin + Calcium","Holoplanktonic","No","Copepods"
"2010",-0.0511576187889542,0.652233535971199,1,1.25,"Eukaryota","Arthropoda","Copepoda","Calanoida","Pontellidae","Labidocera","Labidocera trispinosa","Variable","Variable","Variable","Exoskeleton","Exoskeleton","Chitin + Calcium","Holoplanktonic","No","Copepods"
"2111",-0.0511576187889542,0.652233535971199,1,1.25,"Eukaryota","Bryozoa","Gymnolaemata","Cheilostomatida","Membraniporidae","Membranipora","Membranipora villosa","Yes","Yes","Yes","External shell","External shell","Calcite","Meroplanktonic","No","Encrusting bryozoans"
"2261",-0.0511576187889542,0.652233535971199,1,1.25,"Eukaryota","Arthropoda","Ostracoda","Halocyprida","Halocyprididae","Conchoecetta","Conchoecetta giesbrechti","Variable","No","Variable","None","Exoskeleton","Chitin + Calcium","Holoplanktonic","No","Ostracods (seed shrimp)"
"2279",-0.0511576187889542,0.652233535971199,1,1.25,"Eukaryota","Arthropoda","Copepoda","Calanoida","Pontellidae","Labidocera","Labidocera trispinosa","Variable","Variable","Variable","Exoskeleton","Exoskeleton","Chitin + Calcium","Holoplanktonic","No","Copepods"
"2296",-0.0511576187889542,0.652233535971199,1,1.25,"Eukaryota","Arthropoda","Copepoda","Calanoida","Calanidae","Calanus","Calanus pacificus","Variable","Variable","Variable","Exoskeleton","Exoskeleton","Chitin + Calcium","Holoplanktonic","No","Copepods"
"2448",-0.0511576187889542,0.652233535971199,1,1.25,"Eukaryota","Arthropoda","Copepoda","Poecilostomatoida","Oncaeidae","Oncaea","Oncaea sp.","Variable","Variable","Variable","Exoskeleton","Exoskeleton","Chitin + Calcium","Holoplanktonic","No","Parasitic or predatory copepods"
"2449",-0.0511576187889542,0.652233535971199,1,1.25,"Eukaryota","Arthropoda","Copepoda","Calanoida","Eucalanidae","Eucalanus","Eucalanus californicus","Variable","Variable","Variable","Exoskeleton","Exoskeleton","Chitin + Calcium","Holoplanktonic","No","Copepods"
"2808",-0.0511576187889542,0.652233535971199,1,1.25,"Eukaryota","Arthropoda","Copepoda","Poecilostomatoida","Oncaeidae","Oncaea","Oncaea sp.","Variable","Variable","Variable","Exoskeleton","Exoskeleton","Chitin + Calcium","Holoplanktonic","No","Parasitic or predatory copepods"
"3404",-0.0511576187889542,0.652233535971199,1,1.25,"Eukaryota","Arthropoda","Copepoda","Calanoida","Eucalanidae","Eucalanus","Eucalanus californicus","Variable","Variable","Variable","Exoskeleton","Exoskeleton","Chitin + Calcium","Holoplanktonic","No","Copepods"
"3521",-0.0511576187889542,0.652233535971199,1,1.25,"Eukaryota","Arthropoda","Copepoda","Calanoida","Pontellidae","Labidocera","Labidocera trispinosa","Variable","Variable","Variable","Exoskeleton","Exoskeleton","Chitin + Calcium","Holoplanktonic","No","Copepods"
"3653",-0.0511576187889542,0.652233535971199,1,1.25,"Eukaryota","Arthropoda","Copepoda","Calanoida","Eucalanidae","Eucalanus","Eucalanus californicus","Variable","Variable","Variable","Exoskeleton","Exoskeleton","Chitin + Calcium","Holoplanktonic","No","Copepods"
"3714",-0.0511576187889542,0.652233535971199,1,1.25,"Eukaryota","Arthropoda","Copepoda","Calanoida","Eucalanidae","Eucalanus","Eucalanus californicus","Variable","Variable","Variable","Exoskeleton","Exoskeleton","Chitin + Calcium","Holoplanktonic","No","Copepods"
"3819",-0.0511576187889542,0.652233535971199,1,1.25,"Eukaryota","Arthropoda","Ostracoda","Halocyprida","Halocyprididae","Conchoecetta","Conchoecetta giesbrechti","Variable","No","Variable","None","Exoskeleton","Chitin + Calcium","Holoplanktonic","No","Ostracods (seed shrimp)"
"3892",-0.0511576187889542,0.652233535971199,1,1.25,"Eukaryota","Arthropoda","Copepoda","Calanoida","Calanidae","Calanus","Calanus pacificus","Variable","Variable","Variable","Exoskeleton","Exoskeleton","Chitin + Calcium","Holoplanktonic","No","Copepods"
"4055",-0.0511576187889542,0.652233535971199,1,1.25,"Eukaryota","Arthropoda","Copepoda","Calanoida","Eucalanidae","Rhincalanus",NA,"Variable","Variable","Variable","Exoskeleton","Exoskeleton","Chitin + Calcium","Holoplanktonic","No","Copepods"
"4237",-0.0511576187889542,0.652233535971199,1,1.25,"Eukaryota","Arthropoda","Copepoda","Calanoida","Pontellidae","Labidocera","Labidocera trispinosa","Variable","Variable","Variable","Exoskeleton","Exoskeleton","Chitin + Calcium","Holoplanktonic","No","Copepods"
"4238",-0.0511576187889542,0.652233535971199,1,1.25,"Eukaryota","Arthropoda","Copepoda","Calanoida","Clausocalanidae",NA,NA,"Variable","Variable","Variable","Exoskeleton","Exoskeleton","Chitin + Calcium","Holoplanktonic","No","Copepods"
"4328",-0.0511576187889542,0.652233535971199,1,1.25,"Eukaryota","Arthropoda","Copepoda","Calanoida","Eucalanidae","Eucalanus","Eucalanus californicus","Variable","Variable","Variable","Exoskeleton","Exoskeleton","Chitin + Calcium","Holoplanktonic","No","Copepods"
"4615",-0.0511576187889542,0.652233535971199,1,1.25,"Eukaryota","Arthropoda","Copepoda","Calanoida","Eucalanidae","Eucalanus","Eucalanus californicus","Variable","Variable","Variable","Exoskeleton","Exoskeleton","Chitin + Calcium","Holoplanktonic","No","Copepods"
"4737",-0.0511576187889542,0.652233535971199,1,1.25,"Eukaryota","Arthropoda","Copepoda","Calanoida","Eucalanidae","Eucalanus","Eucalanus californicus","Variable","Variable","Variable","Exoskeleton","Exoskeleton","Chitin + Calcium","Holoplanktonic","No","Copepods"
"4941",-0.0511576187889542,0.652233535971199,1,1.25,"Eukaryota","Arthropoda","Copepoda","Calanoida","Eucalanidae","Eucalanus","Eucalanus californicus","Variable","Variable","Variable","Exoskeleton","Exoskeleton","Chitin + Calcium","Holoplanktonic","No","Copepods"
"5060",-0.0511576187889542,0.652233535971199,1,1.25,"Eukaryota","Arthropoda","Copepoda","Calanoida","Eucalanidae","Eucalanus","Eucalanus californicus","Variable","Variable","Variable","Exoskeleton","Exoskeleton","Chitin + Calcium","Holoplanktonic","No","Copepods"
"5217",-0.0511576187889542,0.652233535971199,1,1.25,"Eukaryota","Arthropoda","Copepoda","Calanoida","Clausocalanidae","Clausocalanus",NA,"Variable","Variable","Variable","Exoskeleton","Exoskeleton","Chitin + Calcium","Holoplanktonic","No","Copepods"
"5656",-0.0511576187889542,0.652233535971199,1,1.25,"Eukaryota","Arthropoda","Ostracoda","Halocyprida","Halocyprididae","Discoconchoecia","Discoconchoecia sp. S8_D6","Variable","No","Variable","None","Exoskeleton","Chitin + Calcium","Holoplanktonic","No","Ostracods (seed shrimp)"
"5794",-0.0511576187889542,0.652233535971199,1,1.25,"Eukaryota","Chordata","Actinopteri","Myctophiformes","Myctophidae","Triphoturus","Triphoturus mexicanus","No","No","No","None","None","None","Meroplanktonic","No","Lanternfishes"
"6356",-0.0511576187889542,0.652233535971199,1,1.25,"Eukaryota","Arthropoda","Malacostraca","Euphausiacea","Euphausiidae","Euphausia","Euphausia pacifica","Variable","No","Variable","None","Exoskeleton","Chitin + Calcium","Holoplanktonic","No","Krill"
"6839",-0.0511576187889542,0.652233535971199,1,1.25,"Eukaryota","Arthropoda","Ostracoda","Halocyprida","Halocyprididae","Paraconchoecia","Paraconchoecia allotherium","Variable","No","Variable","None","Exoskeleton","Chitin + Calcium","Holoplanktonic","No","Ostracods (seed shrimp)"
"6840",-0.0511576187889542,0.652233535971199,1,1.25,"Eukaryota","Arthropoda","Ostracoda","Halocyprida","Halocyprididae","Conchoecia","Conchoecia magna","Variable","No","Variable","None","Exoskeleton","Chitin + Calcium","Holoplanktonic","No","Ostracods (seed shrimp)"
"7060",-0.0511576187889542,0.652233535971199,1,1.25,"Eukaryota","Arthropoda","Copepoda","Calanoida","Lucicutiidae","Lucicutia","Lucicutia flavicornis","Variable","Variable","Variable","Exoskeleton","Exoskeleton","Chitin + Calcium","Holoplanktonic","No","Copepods"
"7061",-0.0511576187889542,0.652233535971199,1,1.25,"Eukaryota","Arthropoda","Copepoda","Calanoida","Eucalanidae",NA,NA,"Variable","Variable","Variable","Exoskeleton","Exoskeleton","Chitin + Calcium","Holoplanktonic","No","Copepods"
"7328",-0.0511576187889542,0.652233535971199,1,1.25,"Eukaryota","Arthropoda","Copepoda","Cyclopoida","Oithonidae","Oithona",NA,"Variable","Variable","Variable","Exoskeleton","Exoskeleton","Chitin + Calcium","Holoplanktonic","No","Cyclopoid copepods"
"7570",-0.0511576187889542,0.652233535971199,1,1.25,"Eukaryota","Mollusca","Gastropoda","Pteropoda","Cliidae","Clio","Clio pyramidata","Yes","Yes","Yes","External shell","External shell","Aragonite","Holoplanktonic","No","Sea butterflies"
"7571",-0.0511576187889542,0.652233535971199,1,1.25,"Eukaryota","Arthropoda","Copepoda","Calanoida","Euchaetidae","Euchaeta","Euchaeta acuta","Variable","Variable","Variable","Exoskeleton","Exoskeleton","Chitin + Calcium","Holoplanktonic","No","Copepods"
"549",-0.0512511536051088,0.651638912073262,6,7.5,"Eukaryota","Mollusca","Gastropoda","Nudibranchia","Glaucidae","Hermissenda","Hermissenda opalescens","Variable","Variable","No","External shell","None","Aragonite","Meroplanktonic","No","Shell-less sea slugs"
"670",-0.0530548543905486,0.640215191550194,11,13.75,"Eukaryota","Arthropoda","Copepoda","Calanoida","Scolecitrichidae","Scolecithricella","Scolecithricella dentata","Variable","Variable","Variable","Exoskeleton","Exoskeleton","Chitin + Calcium","Holoplanktonic","No","Copepods"
"141",-0.0539995442180711,0.634264991947498,71,88.75,"Eukaryota","Arthropoda","Copepoda","Calanoida","Paracalanidae","Paracalanus","Paracalanus sp. C AC_2013","Variable","Variable","Variable","Exoskeleton","Exoskeleton","Chitin + Calcium","Holoplanktonic","No","Copepods"
"1159",-0.054639719444136,0.63024590696811,5,6.25,"Eukaryota","Arthropoda","Copepoda","Calanoida","Scolecitrichidae","Scolecithricella","Scolecithricella dentata","Variable","Variable","Variable","Exoskeleton","Exoskeleton","Chitin + Calcium","Holoplanktonic","No","Copepods"
"551",-0.0547647290936718,0.629462329620074,3,3.75,"Eukaryota","Mollusca","Gastropoda","Nudibranchia","Glaucidae","Hermissenda","Hermissenda opalescens","Variable","Variable","No","External shell","None","Aragonite","Meroplanktonic","No","Shell-less sea slugs"
"1539",-0.0555113897084879,0.624790698263389,6,7.5,"Eukaryota","Arthropoda","Ostracoda","Halocyprida","Halocyprididae","Proceroecia","Proceroecia procera","Variable","No","Variable","None","Exoskeleton","Chitin + Calcium","Holoplanktonic","No","Ostracods (seed shrimp)"
"243",-0.0560297729593308,0.621555988741761,1,1.25,"Eukaryota","Arthropoda","Copepoda","Calanoida","Pontellidae","Labidocera","Labidocera trispinosa","Variable","Variable","Variable","Exoskeleton","Exoskeleton","Chitin + Calcium","Holoplanktonic","No","Copepods"
"381",-0.0560297729593308,0.621555988741761,1,1.25,"Eukaryota","Arthropoda","Copepoda","Calanoida","Pontellidae","Labidocera","Labidocera trispinosa","Variable","Variable","Variable","Exoskeleton","Exoskeleton","Chitin + Calcium","Holoplanktonic","No","Copepods"
"461",-0.0560297729593308,0.621555988741761,1,1.25,"Eukaryota","Arthropoda","Copepoda","Calanoida","Pontellidae","Labidocera","Labidocera trispinosa","Variable","Variable","Variable","Exoskeleton","Exoskeleton","Chitin + Calcium","Holoplanktonic","No","Copepods"
"668",-0.0560297729593308,0.621555988741761,1,1.25,"Eukaryota","Arthropoda","Copepoda","Calanoida","Pontellidae","Labidocera","Labidocera trispinosa","Variable","Variable","Variable","Exoskeleton","Exoskeleton","Chitin + Calcium","Holoplanktonic","No","Copepods"
"874",-0.0560297729593308,0.621555988741761,1,1.25,"Eukaryota","Mollusca","Gastropoda","Littorinimorpha","Atlantidae","Atlanta","Atlanta sp. USNM IZ 1230636","Yes","Yes","Yes","External shell","External shell","Aragonite/Calcite","Meroplanktonic","No","Periwinkles and related snails"
"1036",-0.0560297729593308,0.621555988741761,1,1.25,"Eukaryota","Arthropoda","Copepoda","Calanoida","Pontellidae","Labidocera",NA,"Variable","Variable","Variable","Exoskeleton","Exoskeleton","Chitin + Calcium","Holoplanktonic","No","Copepods"
"1089",-0.0560297729593308,0.621555988741761,1,1.25,"Eukaryota","Arthropoda","Copepoda","Calanoida","Pontellidae","Labidocera","Labidocera trispinosa","Variable","Variable","Variable","Exoskeleton","Exoskeleton","Chitin + Calcium","Holoplanktonic","No","Copepods"
"1257",-0.0560297729593308,0.621555988741761,1,1.25,"Eukaryota","Arthropoda","Copepoda","Calanoida","Pontellidae","Labidocera","Labidocera trispinosa","Variable","Variable","Variable","Exoskeleton","Exoskeleton","Chitin + Calcium","Holoplanktonic","No","Copepods"
"1394",-0.0560297729593308,0.621555988741761,1,1.25,"Eukaryota","Arthropoda","Copepoda","Calanoida","Pontellidae","Labidocera","Labidocera trispinosa","Variable","Variable","Variable","Exoskeleton","Exoskeleton","Chitin + Calcium","Holoplanktonic","No","Copepods"
"1424",-0.0560297729593308,0.621555988741761,1,1.25,"Eukaryota","Arthropoda","Copepoda","Calanoida","Calanidae","Calanus","Calanus pacificus","Variable","Variable","Variable","Exoskeleton","Exoskeleton","Chitin + Calcium","Holoplanktonic","No","Copepods"
"1433",-0.0560297729593308,0.621555988741761,1,1.25,"Eukaryota","Arthropoda","Copepoda","Calanoida","Pontellidae","Labidocera",NA,"Variable","Variable","Variable","Exoskeleton","Exoskeleton","Chitin + Calcium","Holoplanktonic","No","Copepods"
"1622",-0.0560297729593308,0.621555988741761,1,1.25,"Eukaryota","Arthropoda","Copepoda","Calanoida","Pontellidae","Labidocera","Labidocera trispinosa","Variable","Variable","Variable","Exoskeleton","Exoskeleton","Chitin + Calcium","Holoplanktonic","No","Copepods"
"1663",-0.0560297729593308,0.621555988741761,1,1.25,"Eukaryota","Arthropoda","Copepoda","Calanoida","Calanidae","Calanus","Calanus pacificus","Variable","Variable","Variable","Exoskeleton","Exoskeleton","Chitin + Calcium","Holoplanktonic","No","Copepods"
"1734",-0.0560297729593308,0.621555988741761,1,1.25,"Eukaryota","Chordata","Actinopteri","Perciformes","Serranidae","Paralabrax","Paralabrax nebulifer","No","No","No","None","None","None","Meroplanktonic","No","Perch-like fishes (most diverse fish group)"
"1891",-0.0560297729593308,0.621555988741761,1,1.25,"Eukaryota","Arthropoda","Malacostraca","Decapoda","Callianassidae",NA,NA,"Variable","No","Variable","None","Exoskeleton","Calcite","Meroplanktonic","No","Crabs, lobsters, shrimp"
"2259",-0.0560297729593308,0.621555988741761,1,1.25,"Eukaryota","Mollusca","Gastropoda","Nudibranchia","Glaucidae","Hermissenda","Hermissenda opalescens","Variable","Variable","No","External shell","None","Aragonite","Meroplanktonic","No","Shell-less sea slugs"
"2413",-0.0560297729593308,0.621555988741761,1,1.25,"Eukaryota","Arthropoda","Malacostraca","Decapoda","Callianassidae",NA,NA,"Variable","No","Variable","None","Exoskeleton","Calcite","Meroplanktonic","No","Crabs, lobsters, shrimp"
"2490",-0.0560297729593308,0.621555988741761,1,1.25,"Eukaryota","Arthropoda","Copepoda","Calanoida","Pontellidae","Labidocera","Labidocera trispinosa","Variable","Variable","Variable","Exoskeleton","Exoskeleton","Chitin + Calcium","Holoplanktonic","No","Copepods"
"2603",-0.0560297729593308,0.621555988741761,1,1.25,"Eukaryota","Arthropoda","Copepoda","Calanoida","Pontellidae","Labidocera","Labidocera trispinosa","Variable","Variable","Variable","Exoskeleton","Exoskeleton","Chitin + Calcium","Holoplanktonic","No","Copepods"
"3043",-0.0560297729593308,0.621555988741761,1,1.25,"Eukaryota","Arthropoda","Copepoda","Calanoida","Eucalanidae","Eucalanus","Eucalanus californicus","Variable","Variable","Variable","Exoskeleton","Exoskeleton","Chitin + Calcium","Holoplanktonic","No","Copepods"
"3084",-0.0560297729593308,0.621555988741761,1,1.25,"Eukaryota","Mollusca","Gastropoda","Nudibranchia","Glaucidae","Hermissenda","Hermissenda opalescens","Variable","Variable","No","External shell","None","Aragonite","Meroplanktonic","No","Shell-less sea slugs"
"3241",-0.0560297729593308,0.621555988741761,1,1.25,"Eukaryota","Arthropoda","Copepoda","Calanoida","Eucalanidae","Eucalanus","Eucalanus californicus","Variable","Variable","Variable","Exoskeleton","Exoskeleton","Chitin + Calcium","Holoplanktonic","No","Copepods"
"3287",-0.0560297729593308,0.621555988741761,1,1.25,"Eukaryota","Arthropoda","Copepoda","Calanoida","Pontellidae","Labidocera","Labidocera trispinosa","Variable","Variable","Variable","Exoskeleton","Exoskeleton","Chitin + Calcium","Holoplanktonic","No","Copepods"
"3460",-0.0560297729593308,0.621555988741761,1,1.25,"Eukaryota","Arthropoda","Copepoda","Calanoida","Pontellidae","Labidocera","Labidocera trispinosa","Variable","Variable","Variable","Exoskeleton","Exoskeleton","Chitin + Calcium","Holoplanktonic","No","Copepods"
"3712",-0.0560297729593308,0.621555988741761,1,1.25,"Eukaryota","Arthropoda","Copepoda","Calanoida","Eucalanidae","Eucalanus","Eucalanus californicus","Variable","Variable","Variable","Exoskeleton","Exoskeleton","Chitin + Calcium","Holoplanktonic","No","Copepods"
"3889",-0.0560297729593308,0.621555988741761,1,1.25,"Eukaryota","Arthropoda","Ostracoda","Halocyprida","Halocyprididae",NA,NA,"Variable","No","Variable","None","Exoskeleton","Chitin + Calcium","Holoplanktonic","No","Ostracods (seed shrimp)"
"4231",-0.0560297729593308,0.621555988741761,1,1.25,"Eukaryota","Bryozoa","Gymnolaemata","Cheilostomatida","Membraniporidae","Membranipora","Membranipora villosa","Yes","Yes","Yes","External shell","External shell","Calcite","Meroplanktonic","No","Encrusting bryozoans"
"4233",-0.0560297729593308,0.621555988741761,1,1.25,"Eukaryota","Arthropoda","Copepoda","Calanoida","Calanidae","Calanus","Calanus pacificus","Variable","Variable","Variable","Exoskeleton","Exoskeleton","Chitin + Calcium","Holoplanktonic","No","Copepods"
"4234",-0.0560297729593308,0.621555988741761,1,1.25,"Eukaryota","Arthropoda","Copepoda","Poecilostomatoida","Oncaeidae","Oncaea","Oncaea sp.","Variable","Variable","Variable","Exoskeleton","Exoskeleton","Chitin + Calcium","Holoplanktonic","No","Parasitic or predatory copepods"
"4416",-0.0560297729593308,0.621555988741761,1,1.25,"Eukaryota","Arthropoda","Copepoda","Calanoida","Eucalanidae","Eucalanus","Eucalanus californicus","Variable","Variable","Variable","Exoskeleton","Exoskeleton","Chitin + Calcium","Holoplanktonic","No","Copepods"
"4611",-0.0560297729593308,0.621555988741761,1,1.25,"Eukaryota","Arthropoda","Copepoda","Calanoida","Eucalanidae","Eucalanus","Eucalanus californicus","Variable","Variable","Variable","Exoskeleton","Exoskeleton","Chitin + Calcium","Holoplanktonic","No","Copepods"
"5056",-0.0560297729593308,0.621555988741761,1,1.25,"Eukaryota","Arthropoda","Malacostraca","Euphausiacea","Euphausiidae",NA,NA,"Variable","No","Variable","None","Exoskeleton","Chitin + Calcium","Holoplanktonic","No","Krill"
"5211",-0.0560297729593308,0.621555988741761,1,1.25,"Eukaryota","Arthropoda","Copepoda","Calanoida","Eucalanidae","Rhincalanus",NA,"Variable","Variable","Variable","Exoskeleton","Exoskeleton","Chitin + Calcium","Holoplanktonic","No","Copepods"
"5348",-0.0560297729593308,0.621555988741761,1,1.25,"Eukaryota","Arthropoda","Copepoda","Poecilostomatoida","Oncaeidae","Oncaea","Oncaea sp.","Variable","Variable","Variable","Exoskeleton","Exoskeleton","Chitin + Calcium","Holoplanktonic","No","Parasitic or predatory copepods"
"5499",-0.0560297729593308,0.621555988741761,1,1.25,"Eukaryota","Arthropoda","Malacostraca","Decapoda","Cancridae",NA,NA,"Variable","No","Variable","None","Exoskeleton","Calcite","Meroplanktonic","No","Crabs, lobsters, shrimp"
"5500",-0.0560297729593308,0.621555988741761,1,1.25,"Eukaryota","Arthropoda","Malacostraca","Decapoda","Panopeidae","Lophopanopeus","Lophopanopeus bellus","Variable","No","Variable","None","Exoskeleton","Calcite","Meroplanktonic","No","Crabs, lobsters, shrimp"
"5790",-0.0560297729593308,0.621555988741761,1,1.25,"Eukaryota","Echinodermata","Echinoidea","Clypeasteroida","Dendrasteridae","Dendraster","Dendraster excentricus","Yes","Yes","Yes","Exoskeleton","Exoskeleton","Calcite","Meroplanktonic","No","Sand dollars"
"5963",-0.0560297729593308,0.621555988741761,1,1.25,"Eukaryota","Arthropoda","Ostracoda","Halocyprida","Halocyprididae","Conchoecetta","Conchoecetta giesbrechti","Variable","No","Variable","None","Exoskeleton","Chitin + Calcium","Holoplanktonic","No","Ostracods (seed shrimp)"
"5964",-0.0560297729593308,0.621555988741761,1,1.25,"Eukaryota","Arthropoda","Copepoda","Calanoida","Calanidae",NA,NA,"Variable","Variable","Variable","Exoskeleton","Exoskeleton","Chitin + Calcium","Holoplanktonic","No","Copepods"
"6153",-0.0560297729593308,0.621555988741761,1,1.25,"Eukaryota","Arthropoda","Malacostraca","Decapoda","Callianassidae",NA,NA,"Variable","No","Variable","None","Exoskeleton","Calcite","Meroplanktonic","No","Crabs, lobsters, shrimp"
"6568",-0.0560297729593308,0.621555988741761,1,1.25,"Eukaryota","Echinodermata","Ophiuroidea","Amphilepidida","Amphiuridae","Amphipholis","Amphipholis pugetana","Yes","Yes","Yes","Internal skeleton","Internal skeleton","Calcite","Meroplanktonic","No","Brittle stars"
"6833",-0.0560297729593308,0.621555988741761,1,1.25,"Eukaryota","Arthropoda","Copepoda","Calanoida","Metridinidae","Pleuromamma",NA,"Variable","Variable","Variable","Exoskeleton","Exoskeleton","Chitin + Calcium","Holoplanktonic","No","Copepods"
"7053",-0.0560297729593308,0.621555988741761,1,1.25,"Eukaryota","Arthropoda","Thecostraca","Balanomorpha","Chthamalidae","Chthamalus","Chthamalus fissus","Yes","Yes","Yes","External shell","External shell","Calcite","Meroplanktonic","No","Barnacles"
"7320",-0.0560297729593308,0.621555988741761,1,1.25,"Eukaryota","Arthropoda","Copepoda","Calanoida","Clausocalanidae","Clausocalanus","Clausocalanus jobei","Variable","Variable","Variable","Exoskeleton","Exoskeleton","Chitin + Calcium","Holoplanktonic","No","Copepods"
"7321",-0.0560297729593308,0.621555988741761,1,1.25,"Eukaryota","Arthropoda","Malacostraca","Decapoda","Hippolytidae","Lysmata","Lysmata californica","Variable","No","Variable","None","Exoskeleton","Calcite","Meroplanktonic","No","Crabs, lobsters, shrimp"
"1105",-0.0571166721288718,0.614797030036197,2,2.5,"Eukaryota","Mollusca","Gastropoda","Nudibranchia","Glaucidae","Hermissenda","Hermissenda opalescens","Variable","Variable","No","External shell","None","Aragonite","Meroplanktonic","No","Shell-less sea slugs"
"266",-0.0571681612921884,0.614477629268164,14,17.5,"Eukaryota","Mollusca","Gastropoda","Nudibranchia","Glaucidae","Hermissenda","Hermissenda opalescens","Variable","Variable","No","External shell","None","Aragonite","Meroplanktonic","No","Shell-less sea slugs"
"4691",-0.0581830736924965,0.608196554996736,3,3.75,"Eukaryota","Mollusca","Bivalvia","Mytilida","Modiolidae",NA,NA,"Yes","Yes","Yes","External shell","External shell","Aragonite/Calcite","Meroplanktonic","No","Mussels"
"2464",-0.0587151831026306,0.604914697685519,4,5,"Eukaryota","Arthropoda","Copepoda","Calanoida","Lucicutiidae","Lucicutia","Lucicutia flavicornis","Variable","Variable","Variable","Exoskeleton","Exoskeleton","Chitin + Calcium","Holoplanktonic","No","Copepods"
"604",-0.0592947331298021,0.601349131493885,23,28.75,"Eukaryota","Arthropoda","Copepoda","Calanoida","Lucicutiidae","Lucicutia","Lucicutia flavicornis","Variable","Variable","Variable","Exoskeleton","Exoskeleton","Chitin + Calcium","Holoplanktonic","No","Copepods"
"4006",-0.0593048176052468,0.601287171180584,4,5,"Eukaryota","Arthropoda","Copepoda","Calanoida","Clausocalanidae","Clausocalanus","Clausocalanus parapergens","Variable","Variable","Variable","Exoskeleton","Exoskeleton","Chitin + Calcium","Holoplanktonic","No","Copepods"
"1390",-0.0600673395512596,0.596610349702608,13,16.25,"Eukaryota","Annelida","Polychaeta","Phyllodocida","Phyllodocidae",NA,NA,"No","No","No","None","None","None","Benthic + Meroplanktonic","No","Active marine polychaetes"
"649",-0.0601062154019417,0.596372345813888,14,17.5,"Eukaryota","Mollusca","Bivalvia","Mytilida","Modiolidae","Modiolus",NA,"Yes","Yes","Yes","External shell","External shell","Aragonite/Calcite","Meroplanktonic","No","Mussels"
"2430",-0.0603738990754918,0.594734698129423,9,11.25,"Eukaryota","Arthropoda","Ostracoda","Halocyprida","Halocyprididae","Porroecia",NA,"Variable","No","Variable","None","Exoskeleton","Chitin + Calcium","Holoplanktonic","No","Ostracods (seed shrimp)"
"961",-0.0604619700917131,0.594196333928735,3,3.75,"Eukaryota","Arthropoda","Copepoda","Calanoida","Pontellidae","Labidocera","Labidocera trispinosa","Variable","Variable","Variable","Exoskeleton","Exoskeleton","Chitin + Calcium","Holoplanktonic","No","Copepods"
"5023",-0.0607135490535276,0.592659676544229,2,2.5,"Eukaryota","Arthropoda","Malacostraca","Euphausiacea","Euphausiidae","Hansarsia","Hansarsia difficilis","Variable","No","Variable","None","Exoskeleton","Chitin + Calcium","Holoplanktonic","No","Krill"
"427",-0.0609019271297074,0.591510224718094,1,1.25,"Eukaryota","Arthropoda","Copepoda","Calanoida","Eucalanidae","Eucalanus","Eucalanus californicus","Variable","Variable","Variable","Exoskeleton","Exoskeleton","Chitin + Calcium","Holoplanktonic","No","Copepods"
"727",-0.0609019271297074,0.591510224718094,1,1.25,"Eukaryota","Arthropoda","Copepoda","Calanoida","Pontellidae","Labidocera","Labidocera trispinosa","Variable","Variable","Variable","Exoskeleton","Exoskeleton","Chitin + Calcium","Holoplanktonic","No","Copepods"
"1172",-0.0609019271297074,0.591510224718094,1,1.25,"Eukaryota","Chordata","Actinopteri","Argentiniformes","Bathylagidae","Leuroglossus","Leuroglossus stilbius","No","No","No","None","None","None","Meroplanktonic","No","Deep-sea smelts and related fish"
"1237",-0.0609019271297074,0.591510224718094,1,1.25,"Eukaryota","Arthropoda","Copepoda","Calanoida","Calanidae","Calanus","Calanus pacificus","Variable","Variable","Variable","Exoskeleton","Exoskeleton","Chitin + Calcium","Holoplanktonic","No","Copepods"
"1314",-0.0609019271297074,0.591510224718094,1,1.25,"Eukaryota","Bryozoa","Gymnolaemata","Cheilostomatida","Membraniporidae","Membranipora","Membranipora villosa","Yes","Yes","Yes","External shell","External shell","Calcite","Meroplanktonic","No","Encrusting bryozoans"
"1414",-0.0609019271297074,0.591510224718094,1,1.25,"Eukaryota","Arthropoda","Copepoda","Calanoida","Pontellidae","Labidocera","Labidocera trispinosa","Variable","Variable","Variable","Exoskeleton","Exoskeleton","Chitin + Calcium","Holoplanktonic","No","Copepods"
"1517",-0.0609019271297074,0.591510224718094,1,1.25,"Eukaryota","Arthropoda","Copepoda","Calanoida","Eucalanidae","Eucalanus","Eucalanus californicus","Variable","Variable","Variable","Exoskeleton","Exoskeleton","Chitin + Calcium","Holoplanktonic","No","Copepods"
"1809",-0.0609019271297074,0.591510224718094,1,1.25,"Eukaryota","Arthropoda","Copepoda","Calanoida","Eucalanidae","Eucalanus","Eucalanus californicus","Variable","Variable","Variable","Exoskeleton","Exoskeleton","Chitin + Calcium","Holoplanktonic","No","Copepods"
"1917",-0.0609019271297074,0.591510224718094,1,1.25,"Eukaryota","Arthropoda","Copepoda","Calanoida","Calanidae","Calanus","Calanus pacificus","Variable","Variable","Variable","Exoskeleton","Exoskeleton","Chitin + Calcium","Holoplanktonic","No","Copepods"
"1939",-0.0609019271297074,0.591510224718094,1,1.25,"Eukaryota","Arthropoda","Copepoda","Calanoida","Eucalanidae","Eucalanus","Eucalanus californicus","Variable","Variable","Variable","Exoskeleton","Exoskeleton","Chitin + Calcium","Holoplanktonic","No","Copepods"
"2070",-0.0609019271297074,0.591510224718094,1,1.25,"Eukaryota","Arthropoda","Copepoda","Calanoida","Eucalanidae","Eucalanus","Eucalanus californicus","Variable","Variable","Variable","Exoskeleton","Exoskeleton","Chitin + Calcium","Holoplanktonic","No","Copepods"
"2194",-0.0609019271297074,0.591510224718094,1,1.25,"Eukaryota","Arthropoda","Copepoda","Calanoida","Eucalanidae","Eucalanus","Eucalanus californicus","Variable","Variable","Variable","Exoskeleton","Exoskeleton","Chitin + Calcium","Holoplanktonic","No","Copepods"
"2441",-0.0609019271297074,0.591510224718094,1,1.25,"Eukaryota","Arthropoda","Copepoda","Calanoida","Calanidae","Calanus","Calanus pacificus","Variable","Variable","Variable","Exoskeleton","Exoskeleton","Chitin + Calcium","Holoplanktonic","No","Copepods"
"2512",-0.0609019271297074,0.591510224718094,1,1.25,"Eukaryota","Arthropoda","Copepoda","Calanoida","Eucalanidae","Eucalanus","Eucalanus californicus","Variable","Variable","Variable","Exoskeleton","Exoskeleton","Chitin + Calcium","Holoplanktonic","No","Copepods"
"2798",-0.0609019271297074,0.591510224718094,1,1.25,"Eukaryota","Bryozoa","Gymnolaemata","Cheilostomatida","Membraniporidae","Membranipora","Membranipora villosa","Yes","Yes","Yes","External shell","External shell","Calcite","Meroplanktonic","No","Encrusting bryozoans"
"2799",-0.0609019271297074,0.591510224718094,1,1.25,"Eukaryota","Arthropoda","Malacostraca","Decapoda","Pisidae","Chorilia","Chorilia longipes","Variable","No","Variable","None","Exoskeleton","Calcite","Meroplanktonic","No","Crabs, lobsters, shrimp"
"2836",-0.0609019271297074,0.591510224718094,1,1.25,"Eukaryota","Arthropoda","Copepoda","Calanoida","Calanidae","Calanus","Calanus pacificus","Variable","Variable","Variable","Exoskeleton","Exoskeleton","Chitin + Calcium","Holoplanktonic","No","Copepods"
"3127",-0.0609019271297074,0.591510224718094,1,1.25,"Eukaryota","Arthropoda","Copepoda","Calanoida","Eucalanidae","Eucalanus","Eucalanus californicus","Variable","Variable","Variable","Exoskeleton","Exoskeleton","Chitin + Calcium","Holoplanktonic","No","Copepods"
"3179",-0.0609019271297074,0.591510224718094,1,1.25,"Eukaryota","Arthropoda","Copepoda","Calanoida","Eucalanidae","Eucalanus","Eucalanus californicus","Variable","Variable","Variable","Exoskeleton","Exoskeleton","Chitin + Calcium","Holoplanktonic","No","Copepods"
"3232",-0.0609019271297074,0.591510224718094,1,1.25,"Eukaryota","Arthropoda","Copepoda","Calanoida","Eucalanidae","Eucalanus","Eucalanus californicus","Variable","Variable","Variable","Exoskeleton","Exoskeleton","Chitin + Calcium","Holoplanktonic","No","Copepods"
"3277",-0.0609019271297074,0.591510224718094,1,1.25,"Eukaryota","Arthropoda","Copepoda","Calanoida","Eucalanidae","Eucalanus","Eucalanus californicus","Variable","Variable","Variable","Exoskeleton","Exoskeleton","Chitin + Calcium","Holoplanktonic","No","Copepods"
"3278",-0.0609019271297074,0.591510224718094,1,1.25,"Eukaryota","Arthropoda","Copepoda","Calanoida","Eucalanidae","Eucalanus","Eucalanus californicus","Variable","Variable","Variable","Exoskeleton","Exoskeleton","Chitin + Calcium","Holoplanktonic","No","Copepods"
"3444",-0.0609019271297074,0.591510224718094,1,1.25,"Eukaryota","Arthropoda","Copepoda","Calanoida","Eucalanidae","Eucalanus","Eucalanus californicus","Variable","Variable","Variable","Exoskeleton","Exoskeleton","Chitin + Calcium","Holoplanktonic","No","Copepods"
"3507",-0.0609019271297074,0.591510224718094,1,1.25,"Eukaryota","Arthropoda","Copepoda","Calanoida","Eucalanidae","Eucalanus","Eucalanus californicus","Variable","Variable","Variable","Exoskeleton","Exoskeleton","Chitin + Calcium","Holoplanktonic","No","Copepods"
"3570",-0.0609019271297074,0.591510224718094,1,1.25,"Eukaryota","Arthropoda","Copepoda","Calanoida","Eucalanidae","Eucalanus","Eucalanus californicus","Variable","Variable","Variable","Exoskeleton","Exoskeleton","Chitin + Calcium","Holoplanktonic","No","Copepods"
"3571",-0.0609019271297074,0.591510224718094,1,1.25,"Eukaryota","Arthropoda","Copepoda","Calanoida","Eucalanidae","Eucalanus","Eucalanus californicus","Variable","Variable","Variable","Exoskeleton","Exoskeleton","Chitin + Calcium","Holoplanktonic","No","Copepods"
"3635",-0.0609019271297074,0.591510224718094,1,1.25,"Eukaryota","Bryozoa","Gymnolaemata","Cheilostomatida","Membraniporidae","Membranipora","Membranipora villosa","Yes","Yes","Yes","External shell","External shell","Calcite","Meroplanktonic","No","Encrusting bryozoans"
"3696",-0.0609019271297074,0.591510224718094,1,1.25,"Eukaryota","Arthropoda","Copepoda","Calanoida","Eucalanidae","Eucalanus","Eucalanus californicus","Variable","Variable","Variable","Exoskeleton","Exoskeleton","Chitin + Calcium","Holoplanktonic","No","Copepods"
"3949",-0.0609019271297074,0.591510224718094,1,1.25,"Eukaryota","Arthropoda","Copepoda","Calanoida","Eucalanidae","Eucalanus","Eucalanus californicus","Variable","Variable","Variable","Exoskeleton","Exoskeleton","Chitin + Calcium","Holoplanktonic","No","Copepods"
"3950",-0.0609019271297074,0.591510224718094,1,1.25,"Eukaryota","Arthropoda","Copepoda","Calanoida","Eucalanidae","Eucalanus","Eucalanus californicus","Variable","Variable","Variable","Exoskeleton","Exoskeleton","Chitin + Calcium","Holoplanktonic","No","Copepods"
"4032",-0.0609019271297074,0.591510224718094,1,1.25,"Eukaryota","Arthropoda","Copepoda","Calanoida","Pontellidae","Labidocera","Labidocera trispinosa","Variable","Variable","Variable","Exoskeleton","Exoskeleton","Chitin + Calcium","Holoplanktonic","No","Copepods"
"4033",-0.0609019271297074,0.591510224718094,1,1.25,"Eukaryota","Arthropoda","Copepoda","Calanoida","Eucalanidae","Eucalanus","Eucalanus californicus","Variable","Variable","Variable","Exoskeleton","Exoskeleton","Chitin + Calcium","Holoplanktonic","No","Copepods"
"4220",-0.0609019271297074,0.591510224718094,1,1.25,"Eukaryota","Arthropoda","Copepoda","Calanoida","Eucalanidae","Eucalanus","Eucalanus californicus","Variable","Variable","Variable","Exoskeleton","Exoskeleton","Chitin + Calcium","Holoplanktonic","No","Copepods"
"4488",-0.0609019271297074,0.591510224718094,1,1.25,"Eukaryota","Arthropoda","Copepoda","Calanoida","Eucalanidae","Eucalanus","Eucalanus californicus","Variable","Variable","Variable","Exoskeleton","Exoskeleton","Chitin + Calcium","Holoplanktonic","No","Copepods"
"4817",-0.0609019271297074,0.591510224718094,1,1.25,"Eukaryota","Arthropoda","Copepoda","Calanoida","Aetideidae",NA,NA,"Variable","Variable","Variable","Exoskeleton","Exoskeleton","Chitin + Calcium","Holoplanktonic","No","Copepods"
"4915",-0.0609019271297074,0.591510224718094,1,1.25,"Eukaryota","Arthropoda","Malacostraca","Decapoda","Panopeidae","Lophopanopeus","Lophopanopeus bellus","Variable","No","Variable","None","Exoskeleton","Calcite","Meroplanktonic","No","Crabs, lobsters, shrimp"
"4916",-0.0609019271297074,0.591510224718094,1,1.25,"Eukaryota","Arthropoda","Copepoda","Calanoida","Eucalanidae","Eucalanus","Eucalanus californicus","Variable","Variable","Variable","Exoskeleton","Exoskeleton","Chitin + Calcium","Holoplanktonic","No","Copepods"
"4917",-0.0609019271297074,0.591510224718094,1,1.25,"Eukaryota","Arthropoda","Malacostraca","Decapoda","Pisidae","Chorilia","Chorilia longipes","Variable","No","Variable","None","Exoskeleton","Calcite","Meroplanktonic","No","Crabs, lobsters, shrimp"
"5032",-0.0609019271297074,0.591510224718094,1,1.25,"Eukaryota","Arthropoda","Copepoda","Calanoida","Eucalanidae","Eucalanus","Eucalanus californicus","Variable","Variable","Variable","Exoskeleton","Exoskeleton","Chitin + Calcium","Holoplanktonic","No","Copepods"
"5033",-0.0609019271297074,0.591510224718094,1,1.25,"Eukaryota","Arthropoda","Copepoda","Poecilostomatoida","Oncaeidae","Oncaea","Oncaea sp.","Variable","Variable","Variable","Exoskeleton","Exoskeleton","Chitin + Calcium","Holoplanktonic","No","Parasitic or predatory copepods"
"5169",-0.0609019271297074,0.591510224718094,1,1.25,"Eukaryota","Arthropoda","Copepoda","Calanoida","Eucalanidae","Eucalanus","Eucalanus californicus","Variable","Variable","Variable","Exoskeleton","Exoskeleton","Chitin + Calcium","Holoplanktonic","No","Copepods"
"5170",-0.0609019271297074,0.591510224718094,1,1.25,"Eukaryota","Arthropoda","Copepoda","Calanoida","Eucalanidae","Eucalanus","Eucalanus californicus","Variable","Variable","Variable","Exoskeleton","Exoskeleton","Chitin + Calcium","Holoplanktonic","No","Copepods"
"5326",-0.0609019271297074,0.591510224718094,1,1.25,"Eukaryota","Arthropoda","Copepoda","Calanoida","Eucalanidae","Eucalanus","Eucalanus californicus","Variable","Variable","Variable","Exoskeleton","Exoskeleton","Chitin + Calcium","Holoplanktonic","No","Copepods"
"5626",-0.0609019271297074,0.591510224718094,1,1.25,"Eukaryota","Arthropoda","Copepoda","Calanoida","Eucalanidae","Rhincalanus",NA,"Variable","Variable","Variable","Exoskeleton","Exoskeleton","Chitin + Calcium","Holoplanktonic","No","Copepods"
"5627",-0.0609019271297074,0.591510224718094,1,1.25,"Eukaryota","Arthropoda","Copepoda","Calanoida","Eucalanidae","Eucalanus","Eucalanus californicus","Variable","Variable","Variable","Exoskeleton","Exoskeleton","Chitin + Calcium","Holoplanktonic","No","Copepods"
"5762",-0.0609019271297074,0.591510224718094,1,1.25,"Eukaryota","Arthropoda","Copepoda","Calanoida","Eucalanidae","Eucalanus","Eucalanus californicus","Variable","Variable","Variable","Exoskeleton","Exoskeleton","Chitin + Calcium","Holoplanktonic","No","Copepods"
"5763",-0.0609019271297074,0.591510224718094,1,1.25,"Eukaryota","Arthropoda","Malacostraca","Euphausiacea","Euphausiidae","Hansarsia",NA,"Variable","No","Variable","None","Exoskeleton","Chitin + Calcium","Holoplanktonic","No","Krill"
"5764",-0.0609019271297074,0.591510224718094,1,1.25,"Eukaryota","Arthropoda","Copepoda","Calanoida","Eucalanidae","Eucalanus","Eucalanus californicus","Variable","Variable","Variable","Exoskeleton","Exoskeleton","Chitin + Calcium","Holoplanktonic","No","Copepods"
"5765",-0.0609019271297074,0.591510224718094,1,1.25,"Eukaryota","Arthropoda","Copepoda","Calanoida","Metridinidae",NA,NA,"Variable","Variable","Variable","Exoskeleton","Exoskeleton","Chitin + Calcium","Holoplanktonic","No","Copepods"
"5766",-0.0609019271297074,0.591510224718094,1,1.25,"Eukaryota","Arthropoda","Ostracoda","Halocyprida","Halocyprididae","Conchoecia","Conchoecia magna","Variable","No","Variable","None","Exoskeleton","Chitin + Calcium","Holoplanktonic","No","Ostracods (seed shrimp)"
"6110",-0.0609019271297074,0.591510224718094,1,1.25,"Eukaryota","Arthropoda","Copepoda","Calanoida","Eucalanidae","Eucalanus","Eucalanus californicus","Variable","Variable","Variable","Exoskeleton","Exoskeleton","Chitin + Calcium","Holoplanktonic","No","Copepods"
"6111",-0.0609019271297074,0.591510224718094,1,1.25,"Eukaryota","Arthropoda","Copepoda","Calanoida","Metridinidae","Pleuromamma","Pleuromamma abdominalis","Variable","Variable","Variable","Exoskeleton","Exoskeleton","Chitin + Calcium","Holoplanktonic","No","Copepods"
"6311",-0.0609019271297074,0.591510224718094,1,1.25,"Eukaryota","Annelida","Polychaeta","Chaetopteridae","Chaetopteridae","Phyllochaetopterus","Phyllochaetopterus sp. 5 JM_2017","No","No","No","None","None","None","Benthic + Meroplanktonic","No","Tube-dwelling marine polychaetes"
"6312",-0.0609019271297074,0.591510224718094,1,1.25,"Eukaryota","Arthropoda","Copepoda","Calanoida","Eucalanidae","Rhincalanus",NA,"Variable","Variable","Variable","Exoskeleton","Exoskeleton","Chitin + Calcium","Holoplanktonic","No","Copepods"
"6528",-0.0609019271297074,0.591510224718094,1,1.25,"Eukaryota","Arthropoda","Copepoda","Calanoida","Eucalanidae","Eucalanus","Eucalanus californicus","Variable","Variable","Variable","Exoskeleton","Exoskeleton","Chitin + Calcium","Holoplanktonic","No","Copepods"
"7486",-0.0609019271297074,0.591510224718094,1,1.25,"Eukaryota","Arthropoda","Copepoda","Calanoida","Scolecitrichidae","Scolecithrix","Scolecithrix bradyi","Variable","Variable","Variable","Exoskeleton","Exoskeleton","Chitin + Calcium","Holoplanktonic","No","Copepods"
"7526",-0.0609019271297074,0.591510224718094,1,1.25,"Eukaryota","Arthropoda","Copepoda","Calanoida","Eucalanidae","Eucalanus","Eucalanus californicus","Variable","Variable","Variable","Exoskeleton","Exoskeleton","Chitin + Calcium","Holoplanktonic","No","Copepods"
"903",-0.061233579452273,0.589488982042236,2,2.5,"Eukaryota","Mollusca","Gastropoda","Nudibranchia","Glaucidae","Hermissenda","Hermissenda opalescens","Variable","Variable","No","External shell","None","Aragonite","Meroplanktonic","No","Shell-less sea slugs"
"1305",-0.0612601420407585,0.589327232515327,6,7.5,"Eukaryota","Arthropoda","Copepoda","Calanoida","Eucalanidae","Eucalanus","Eucalanus californicus","Variable","Variable","Variable","Exoskeleton","Exoskeleton","Chitin + Calcium","Holoplanktonic","No","Copepods"
"1050",-0.0625943574619481,0.581228659786936,4,5,"Eukaryota","Arthropoda","Copepoda","Calanoida","Pontellidae","Labidocera","Labidocera trispinosa","Variable","Variable","Variable","Exoskeleton","Exoskeleton","Chitin + Calcium","Holoplanktonic","No","Copepods"
"2675",-0.0636872648099813,0.574633097571414,10,12.5,"Eukaryota","Arthropoda","Copepoda","Calanoida","Euchaetidae","Paraeuchaeta","Paraeuchaeta media","Variable","Variable","Variable","Exoskeleton","Exoskeleton","Chitin + Calcium","Holoplanktonic","No","Copepods"
"2328",-0.064527105310994,0.569588481233601,2,2.5,"Eukaryota","Arthropoda","Malacostraca","Decapoda","Cancridae","Cancer","Cancer antennarius","Variable","No","Variable","None","Exoskeleton","Calcite","Meroplanktonic","No","Crabs, lobsters, shrimp"
"1661",-0.0653504867756742,0.564662939696464,2,2.5,"Eukaryota","Arthropoda","Copepoda","Calanoida","Scolecitrichidae","Scolecithricella","Scolecithricella dentata","Variable","Variable","Variable","Exoskeleton","Exoskeleton","Chitin + Calcium","Holoplanktonic","No","Copepods"
"3629",-0.0655973703628734,0.563189986117544,6,7.5,"Eukaryota","Arthropoda","Malacostraca","Euphausiacea","Euphausiidae","Nyctiphanes","Nyctiphanes simplex","Variable","No","Variable","None","Exoskeleton","Chitin + Calcium","Holoplanktonic","No","Krill"
"985",-0.0657740813000839,0.562136812739026,1,1.25,"Eukaryota","Arthropoda","Copepoda","Calanoida","Pontellidae","Labidocera","Labidocera trispinosa","Variable","Variable","Variable","Exoskeleton","Exoskeleton","Chitin + Calcium","Holoplanktonic","No","Copepods"
"1024",-0.0657740813000839,0.562136812739026,1,1.25,"Eukaryota","Mollusca","Gastropoda","Nudibranchia","Glaucidae","Hermissenda","Hermissenda opalescens","Variable","Variable","No","External shell","None","Aragonite","Meroplanktonic","No","Shell-less sea slugs"
"1351",-0.0657740813000839,0.562136812739026,1,1.25,"Eukaryota","Arthropoda","Copepoda","Calanoida","Eucalanidae","Eucalanus","Eucalanus californicus","Variable","Variable","Variable","Exoskeleton","Exoskeleton","Chitin + Calcium","Holoplanktonic","No","Copepods"
"1585",-0.0657740813000839,0.562136812739026,1,1.25,"Eukaryota","Arthropoda","Copepoda","Calanoida","Eucalanidae","Eucalanus","Eucalanus californicus","Variable","Variable","Variable","Exoskeleton","Exoskeleton","Chitin + Calcium","Holoplanktonic","No","Copepods"
"2073",-0.0657740813000839,0.562136812739026,1,1.25,"Eukaryota","Arthropoda","Copepoda","Calanoida","Eucalanidae","Eucalanus","Eucalanus californicus","Variable","Variable","Variable","Exoskeleton","Exoskeleton","Chitin + Calcium","Holoplanktonic","No","Copepods"
"2183",-0.0657740813000839,0.562136812739026,1,1.25,"Eukaryota","Arthropoda","Copepoda","Calanoida","Eucalanidae","Eucalanus","Eucalanus californicus","Variable","Variable","Variable","Exoskeleton","Exoskeleton","Chitin + Calcium","Holoplanktonic","No","Copepods"
"2518",-0.0657740813000839,0.562136812739026,1,1.25,"Eukaryota","Arthropoda","Copepoda","Calanoida","Calanidae","Calanus","Calanus pacificus","Variable","Variable","Variable","Exoskeleton","Exoskeleton","Chitin + Calcium","Holoplanktonic","No","Copepods"
"3346",-0.0657740813000839,0.562136812739026,1,1.25,"Eukaryota","Arthropoda","Copepoda","Calanoida","Eucalanidae","Eucalanus","Eucalanus californicus","Variable","Variable","Variable","Exoskeleton","Exoskeleton","Chitin + Calcium","Holoplanktonic","No","Copepods"
"3463",-0.0657740813000839,0.562136812739026,1,1.25,"Eukaryota","Arthropoda","Copepoda","Calanoida","Eucalanidae","Eucalanus","Eucalanus californicus","Variable","Variable","Variable","Exoskeleton","Exoskeleton","Chitin + Calcium","Holoplanktonic","No","Copepods"
"3464",-0.0657740813000839,0.562136812739026,1,1.25,"Eukaryota","Arthropoda","Ostracoda","Halocyprida","Halocyprididae","Conchoecia","Conchoecia magna","Variable","No","Variable","None","Exoskeleton","Chitin + Calcium","Holoplanktonic","No","Ostracods (seed shrimp)"
"3598",-0.0657740813000839,0.562136812739026,1,1.25,"Eukaryota","Arthropoda","Copepoda","Calanoida","Eucalanidae","Eucalanus","Eucalanus californicus","Variable","Variable","Variable","Exoskeleton","Exoskeleton","Chitin + Calcium","Holoplanktonic","No","Copepods"
"3599",-0.0657740813000839,0.562136812739026,1,1.25,"Eukaryota","Bryozoa","Gymnolaemata","Cheilostomatida","Membraniporidae","Membranipora","Membranipora villosa","Yes","Yes","Yes","External shell","External shell","Calcite","Meroplanktonic","No","Encrusting bryozoans"
"3716",-0.0657740813000839,0.562136812739026,1,1.25,"Eukaryota","Arthropoda","Copepoda","Calanoida","Eucalanidae","Eucalanus","Eucalanus californicus","Variable","Variable","Variable","Exoskeleton","Exoskeleton","Chitin + Calcium","Holoplanktonic","No","Copepods"
"3968",-0.0657740813000839,0.562136812739026,1,1.25,"Eukaryota","Arthropoda","Copepoda","Calanoida","Eucalanidae","Eucalanus","Eucalanus californicus","Variable","Variable","Variable","Exoskeleton","Exoskeleton","Chitin + Calcium","Holoplanktonic","No","Copepods"
"4154",-0.0657740813000839,0.562136812739026,1,1.25,"Eukaryota","Bryozoa","Gymnolaemata","Cheilostomatida","Membraniporidae","Membranipora","Membranipora villosa","Yes","Yes","Yes","External shell","External shell","Calcite","Meroplanktonic","No","Encrusting bryozoans"
"4155",-0.0657740813000839,0.562136812739026,1,1.25,"Eukaryota","Bryozoa","Gymnolaemata","Cheilostomatida","Membraniporidae","Membranipora",NA,"Yes","Yes","Yes","External shell","External shell","Calcite","Meroplanktonic","No","Encrusting bryozoans"
"4156",-0.0657740813000839,0.562136812739026,1,1.25,"Eukaryota","Arthropoda","Copepoda","Calanoida","Eucalanidae","Eucalanus","Eucalanus californicus","Variable","Variable","Variable","Exoskeleton","Exoskeleton","Chitin + Calcium","Holoplanktonic","No","Copepods"
"4239",-0.0657740813000839,0.562136812739026,1,1.25,"Eukaryota","Arthropoda","Copepoda","Calanoida","Eucalanidae","Eucalanus","Eucalanus californicus","Variable","Variable","Variable","Exoskeleton","Exoskeleton","Chitin + Calcium","Holoplanktonic","No","Copepods"
"4517",-0.0657740813000839,0.562136812739026,1,1.25,"Eukaryota","Arthropoda","Copepoda","Calanoida","Eucalanidae","Eucalanus","Eucalanus californicus","Variable","Variable","Variable","Exoskeleton","Exoskeleton","Chitin + Calcium","Holoplanktonic","No","Copepods"
"4518",-0.0657740813000839,0.562136812739026,1,1.25,"Eukaryota","Arthropoda","Copepoda","Calanoida","Eucalanidae","Eucalanus","Eucalanus californicus","Variable","Variable","Variable","Exoskeleton","Exoskeleton","Chitin + Calcium","Holoplanktonic","No","Copepods"
"4519",-0.0657740813000839,0.562136812739026,1,1.25,"Eukaryota","Mollusca","Gastropoda","Nudibranchia","Glaucidae","Hermissenda","Hermissenda opalescens","Variable","Variable","No","External shell","None","Aragonite","Meroplanktonic","No","Shell-less sea slugs"
"4616",-0.0657740813000839,0.562136812739026,1,1.25,"Eukaryota","Arthropoda","Copepoda","Calanoida","Eucalanidae","Eucalanus","Eucalanus californicus","Variable","Variable","Variable","Exoskeleton","Exoskeleton","Chitin + Calcium","Holoplanktonic","No","Copepods"
"4618",-0.0657740813000839,0.562136812739026,1,1.25,"Eukaryota","Arthropoda","Copepoda","Calanoida","Eucalanidae","Eucalanus","Eucalanus californicus","Variable","Variable","Variable","Exoskeleton","Exoskeleton","Chitin + Calcium","Holoplanktonic","No","Copepods"
"4943",-0.0657740813000839,0.562136812739026,1,1.25,"Eukaryota","Arthropoda","Copepoda","Calanoida","Eucalanidae","Eucalanus","Eucalanus californicus","Variable","Variable","Variable","Exoskeleton","Exoskeleton","Chitin + Calcium","Holoplanktonic","No","Copepods"
"4945",-0.0657740813000839,0.562136812739026,1,1.25,"Eukaryota","Arthropoda","Copepoda","Calanoida","Clausocalanidae","Clausocalanus",NA,"Variable","Variable","Variable","Exoskeleton","Exoskeleton","Chitin + Calcium","Holoplanktonic","No","Copepods"
"4946",-0.0657740813000839,0.562136812739026,1,1.25,"Eukaryota","Arthropoda","Copepoda","Calanoida","Eucalanidae","Rhincalanus",NA,"Variable","Variable","Variable","Exoskeleton","Exoskeleton","Chitin + Calcium","Holoplanktonic","No","Copepods"
"5062",-0.0657740813000839,0.562136812739026,1,1.25,"Eukaryota","Arthropoda","Copepoda","Calanoida","Eucalanidae","Eucalanus","Eucalanus californicus","Variable","Variable","Variable","Exoskeleton","Exoskeleton","Chitin + Calcium","Holoplanktonic","No","Copepods"
"5504",-0.0657740813000839,0.562136812739026,1,1.25,"Eukaryota","Arthropoda","Copepoda","Calanoida","Eucalanidae","Eucalanus","Eucalanus californicus","Variable","Variable","Variable","Exoskeleton","Exoskeleton","Chitin + Calcium","Holoplanktonic","No","Copepods"
"5506",-0.0657740813000839,0.562136812739026,1,1.25,"Eukaryota","Bryozoa","Gymnolaemata","Cheilostomatida","Membraniporidae","Membranipora",NA,"Yes","Yes","Yes","External shell","External shell","Calcite","Meroplanktonic","No","Encrusting bryozoans"
"5507",-0.0657740813000839,0.562136812739026,1,1.25,"Eukaryota","Arthropoda","Copepoda","Calanoida","Eucalanidae","Eucalanus","Eucalanus californicus","Variable","Variable","Variable","Exoskeleton","Exoskeleton","Chitin + Calcium","Holoplanktonic","No","Copepods"
"6157",-0.0657740813000839,0.562136812739026,1,1.25,"Eukaryota","Arthropoda","Copepoda","Calanoida","Eucalanidae","Rhincalanus",NA,"Variable","Variable","Variable","Exoskeleton","Exoskeleton","Chitin + Calcium","Holoplanktonic","No","Copepods"
"6841",-0.0657740813000839,0.562136812739026,1,1.25,"Eukaryota","Arthropoda","Ostracoda","Halocyprida","Halocyprididae","Discoconchoecia","Discoconchoecia sp. S15_D2","Variable","No","Variable","None","Exoskeleton","Chitin + Calcium","Holoplanktonic","No","Ostracods (seed shrimp)"
"7063",-0.0657740813000839,0.562136812739026,1,1.25,"Eukaryota","Mollusca","Gastropoda","Nudibranchia","Triopha","Triopha","Triopha maculata","Variable","Variable","No","External shell","None","Aragonite","Meroplanktonic","No","Shell-less sea slugs"
"1749",-0.0669390327443838,0.55521731113926,4,5,"Eukaryota","Arthropoda","Ostracoda","Halocyprida","Halocyprididae","Proceroecia","Proceroecia procera","Variable","No","Variable","None","Exoskeleton","Chitin + Calcium","Holoplanktonic","No","Ostracods (seed shrimp)"
"1873",-0.067473944237218,0.552053809296404,2,2.5,"Eukaryota","Arthropoda","Copepoda","Calanoida","Scolecitrichidae","Scolecithricella","Scolecithricella dentata","Variable","Variable","Variable","Exoskeleton","Exoskeleton","Chitin + Calcium","Holoplanktonic","No","Copepods"
"5754",-0.0678639670362771,0.549752673838897,2,2.5,"Eukaryota","Echinodermata","Ophiuroidea","Amphilepidida","Amphiuridae","Amphipholis","Amphipholis pugetana","Yes","Yes","Yes","Internal skeleton","Internal skeleton","Calcite","Meroplanktonic","No","Brittle stars"
"661",-0.0682098326543878,0.547715951814346,39,48.75,"Eukaryota","Arthropoda","Copepoda","Calanoida","Paracalanidae","Paracalanus","Paracalanus sp. C AC_2013","Variable","Variable","Variable","Exoskeleton","Exoskeleton","Chitin + Calcium","Holoplanktonic","No","Copepods"
"4898",-0.0682539898353362,0.54745618407574,2,2.5,"Eukaryota","Mollusca","Gastropoda","Littorinimorpha","Calyptraeidae","Crepidula","Crepidula onyx","Yes","Yes","Yes","External shell","External shell","Aragonite/Calcite","Meroplanktonic","No","Periwinkles and related snails"
"4459",-0.068702723185216,0.544819771266676,6,7.5,"Eukaryota","Arthropoda","Malacostraca","Euphausiacea","Euphausiidae","Hansarsia","Hansarsia difficilis","Variable","No","Variable","None","Exoskeleton","Chitin + Calcium","Holoplanktonic","No","Krill"
"1083",-0.0691734371753507,0.542060879621408,4,5,"Eukaryota","Arthropoda","Copepoda","Calanoida","Pontellidae","Labidocera","Labidocera trispinosa","Variable","Variable","Variable","Exoskeleton","Exoskeleton","Chitin + Calcium","Holoplanktonic","No","Copepods"
"3694",-0.0693807223659512,0.540848135977625,2,2.5,"Eukaryota","Arthropoda","Copepoda","Calanoida","Eucalanidae","Eucalanus","Eucalanus californicus","Variable","Variable","Variable","Exoskeleton","Exoskeleton","Chitin + Calcium","Holoplanktonic","No","Copepods"
"387",-0.0706462354704605,0.533473085961192,1,1.25,"Eukaryota","Arthropoda","Copepoda","Calanoida","Pontellidae","Labidocera","Labidocera trispinosa","Variable","Variable","Variable","Exoskeleton","Exoskeleton","Chitin + Calcium","Holoplanktonic","No","Copepods"
"565",-0.0706462354704605,0.533473085961192,1,1.25,"Eukaryota","Chordata","Actinopteri","Lutjaniformes","Haemulidae","Brachygenys","Brachygenys californiensis","No","No","No","None","None","None","Meroplanktonic","No","Snappers and grunts"
"721",-0.0706462354704605,0.533473085961192,1,1.25,"Eukaryota","Arthropoda","Copepoda","Calanoida","Pontellidae",NA,NA,"Variable","Variable","Variable","Exoskeleton","Exoskeleton","Chitin + Calcium","Holoplanktonic","No","Copepods"
"1084",-0.0706462354704605,0.533473085961192,1,1.25,"Eukaryota","Arthropoda","Copepoda","Calanoida","Pontellidae","Labidocera","Labidocera trispinosa","Variable","Variable","Variable","Exoskeleton","Exoskeleton","Chitin + Calcium","Holoplanktonic","No","Copepods"
"1168",-0.0706462354704605,0.533473085961192,1,1.25,"Eukaryota","Arthropoda","Copepoda","Calanoida","Pontellidae","Labidocera","Labidocera trispinosa","Variable","Variable","Variable","Exoskeleton","Exoskeleton","Chitin + Calcium","Holoplanktonic","No","Copepods"
"1199",-0.0706462354704605,0.533473085961192,1,1.25,"Eukaryota","Arthropoda","Copepoda","Calanoida","Pontellidae","Labidocera","Labidocera trispinosa","Variable","Variable","Variable","Exoskeleton","Exoskeleton","Chitin + Calcium","Holoplanktonic","No","Copepods"
"1210",-0.0706462354704605,0.533473085961192,1,1.25,"Eukaryota","Arthropoda","Copepoda","Calanoida","Pontellidae","Labidocera","Labidocera trispinosa","Variable","Variable","Variable","Exoskeleton","Exoskeleton","Chitin + Calcium","Holoplanktonic","No","Copepods"
"1359",-0.0706462354704605,0.533473085961192,1,1.25,"Eukaryota","Chordata","Actinopteri","Sciaenidae","Sciaenidae","Seriphus","Seriphus politus","No","No","No","None","None","None","Meroplanktonic","No","Drums and croakers (marine fish)"
"1420",-0.0706462354704605,0.533473085961192,1,1.25,"Eukaryota","Mollusca","Gastropoda","Nudibranchia","Glaucidae","Hermissenda","Hermissenda opalescens","Variable","Variable","No","External shell","None","Aragonite","Meroplanktonic","No","Shell-less sea slugs"
"1474",-0.0706462354704605,0.533473085961192,1,1.25,"Eukaryota","Arthropoda","Copepoda","Calanoida","Pontellidae","Labidocera","Labidocera trispinosa","Variable","Variable","Variable","Exoskeleton","Exoskeleton","Chitin + Calcium","Holoplanktonic","No","Copepods"
"1561",-0.0706462354704605,0.533473085961192,1,1.25,"Eukaryota","Arthropoda","Copepoda","Calanoida","Pontellidae","Labidocera","Labidocera trispinosa","Variable","Variable","Variable","Exoskeleton","Exoskeleton","Chitin + Calcium","Holoplanktonic","No","Copepods"
"1752",-0.0706462354704605,0.533473085961192,1,1.25,"Eukaryota","Arthropoda","Copepoda","Calanoida","Pontellidae","Labidocera","Labidocera trispinosa","Variable","Variable","Variable","Exoskeleton","Exoskeleton","Chitin + Calcium","Holoplanktonic","No","Copepods"
"1822",-0.0706462354704605,0.533473085961192,1,1.25,"Eukaryota","Mollusca","Gastropoda","Nudibranchia","Glaucidae","Hermissenda","Hermissenda opalescens","Variable","Variable","No","External shell","None","Aragonite","Meroplanktonic","No","Shell-less sea slugs"
"2094",-0.0706462354704605,0.533473085961192,1,1.25,"Eukaryota","Arthropoda","Copepoda","Calanoida","Pontellidae","Labidocera","Labidocera trispinosa","Variable","Variable","Variable","Exoskeleton","Exoskeleton","Chitin + Calcium","Holoplanktonic","No","Copepods"
"2135",-0.0706462354704605,0.533473085961192,1,1.25,"Eukaryota","Mollusca","Gastropoda","Nudibranchia","Glaucidae","Hermissenda","Hermissenda opalescens","Variable","Variable","No","External shell","None","Aragonite","Meroplanktonic","No","Shell-less sea slugs"
"2262",-0.0706462354704605,0.533473085961192,1,1.25,"Eukaryota","Bryozoa","Gymnolaemata","Cheilostomatida","Membraniporidae","Membranipora","Membranipora villosa","Yes","Yes","Yes","External shell","External shell","Calcite","Meroplanktonic","No","Encrusting bryozoans"
"2297",-0.0706462354704605,0.533473085961192,1,1.25,"Eukaryota","Bryozoa","Gymnolaemata","Cheilostomatida","Membraniporidae","Membranipora","Membranipora villosa","Yes","Yes","Yes","External shell","External shell","Calcite","Meroplanktonic","No","Encrusting bryozoans"
"2315",-0.0706462354704605,0.533473085961192,1,1.25,"Eukaryota","Arthropoda","Copepoda","Calanoida","Calanidae","Calanus","Calanus pacificus","Variable","Variable","Variable","Exoskeleton","Exoskeleton","Chitin + Calcium","Holoplanktonic","No","Copepods"
"2391",-0.0706462354704605,0.533473085961192,1,1.25,"Eukaryota","Arthropoda","Copepoda","Calanoida","Pontellidae","Labidocera","Labidocera trispinosa","Variable","Variable","Variable","Exoskeleton","Exoskeleton","Chitin + Calcium","Holoplanktonic","No","Copepods"
"2476",-0.0706462354704605,0.533473085961192,1,1.25,"Eukaryota","Arthropoda","Copepoda","Calanoida","Pontellidae","Labidocera","Labidocera trispinosa","Variable","Variable","Variable","Exoskeleton","Exoskeleton","Chitin + Calcium","Holoplanktonic","No","Copepods"
"2810",-0.0706462354704605,0.533473085961192,1,1.25,"Eukaryota","Bryozoa","Gymnolaemata","Cheilostomatida","Membraniporidae","Membranipora","Membranipora villosa","Yes","Yes","Yes","External shell","External shell","Calcite","Meroplanktonic","No","Encrusting bryozoans"
"2916",-0.0706462354704605,0.533473085961192,1,1.25,"Eukaryota","Arthropoda","Copepoda","Calanoida","Calanidae","Calanus","Calanus pacificus","Variable","Variable","Variable","Exoskeleton","Exoskeleton","Chitin + Calcium","Holoplanktonic","No","Copepods"
"2917",-0.0706462354704605,0.533473085961192,1,1.25,"Eukaryota","Arthropoda","Copepoda","Calanoida","Pontellidae",NA,NA,"Variable","Variable","Variable","Exoskeleton","Exoskeleton","Chitin + Calcium","Holoplanktonic","No","Copepods"
"3139",-0.0706462354704605,0.533473085961192,1,1.25,"Eukaryota","Mollusca","Gastropoda","Nudibranchia","Glaucidae","Hermissenda","Hermissenda opalescens","Variable","Variable","No","External shell","None","Aragonite","Meroplanktonic","No","Shell-less sea slugs"
"3195",-0.0706462354704605,0.533473085961192,1,1.25,"Eukaryota","Arthropoda","Copepoda","Calanoida","Pontellidae","Labidocera","Labidocera trispinosa","Variable","Variable","Variable","Exoskeleton","Exoskeleton","Chitin + Calcium","Holoplanktonic","No","Copepods"
"3292",-0.0706462354704605,0.533473085961192,1,1.25,"Eukaryota","Arthropoda","Ostracoda","Halocyprida","Halocyprididae","Proceroecia","Proceroecia procera","Variable","No","Variable","None","Exoskeleton","Chitin + Calcium","Holoplanktonic","No","Ostracods (seed shrimp)"
"3654",-0.0706462354704605,0.533473085961192,1,1.25,"Eukaryota","Arthropoda","Copepoda","Calanoida","Pontellidae","Labidocera","Labidocera trispinosa","Variable","Variable","Variable","Exoskeleton","Exoskeleton","Chitin + Calcium","Holoplanktonic","No","Copepods"
"3721",-0.0706462354704605,0.533473085961192,1,1.25,"Eukaryota","Arthropoda","Malacostraca","Euphausiacea","Euphausiidae","Nyctiphanes","Nyctiphanes simplex","Variable","No","Variable","None","Exoskeleton","Chitin + Calcium","Holoplanktonic","No","Krill"
"3971",-0.0706462354704605,0.533473085961192,1,1.25,"Eukaryota","Arthropoda","Copepoda","Calanoida","Eucalanidae","Eucalanus","Eucalanus californicus","Variable","Variable","Variable","Exoskeleton","Exoskeleton","Chitin + Calcium","Holoplanktonic","No","Copepods"
"3972",-0.0706462354704605,0.533473085961192,1,1.25,"Eukaryota","Bryozoa","Gymnolaemata","Cheilostomatida","Membraniporidae","Membranipora","Membranipora villosa","Yes","Yes","Yes","External shell","External shell","Calcite","Meroplanktonic","No","Encrusting bryozoans"
"4244",-0.0706462354704605,0.533473085961192,1,1.25,"Eukaryota","Arthropoda","Copepoda","Calanoida","Eucalanidae","Eucalanus","Eucalanus californicus","Variable","Variable","Variable","Exoskeleton","Exoskeleton","Chitin + Calcium","Holoplanktonic","No","Copepods"
"4332",-0.0706462354704605,0.533473085961192,1,1.25,"Eukaryota","Arthropoda","Copepoda","Poecilostomatoida","Oncaeidae","Oncaea","Oncaea sp.","Variable","Variable","Variable","Exoskeleton","Exoskeleton","Chitin + Calcium","Holoplanktonic","No","Parasitic or predatory copepods"
"5219",-0.0706462354704605,0.533473085961192,1,1.25,"Eukaryota","Arthropoda","Malacostraca","Euphausiacea","Euphausiidae","Euphausia","Euphausia pacifica","Variable","No","Variable","None","Exoskeleton","Chitin + Calcium","Holoplanktonic","No","Krill"
"5514",-0.0706462354704605,0.533473085961192,1,1.25,"Eukaryota","Mollusca","Gastropoda","Pteropoda","Creseidae","Creseis","Creseis conica","Yes","Yes","Yes","External shell","External shell","Aragonite","Holoplanktonic","No","Sea butterflies"
"5662",-0.0706462354704605,0.533473085961192,1,1.25,"Eukaryota","Arthropoda","Copepoda","Poecilostomatoida","Oncaeidae","Oncaea","Oncaea sp.","Variable","Variable","Variable","Exoskeleton","Exoskeleton","Chitin + Calcium","Holoplanktonic","No","Parasitic or predatory copepods"
"5663",-0.0706462354704605,0.533473085961192,1,1.25,"Eukaryota","Arthropoda","Copepoda","Poecilostomatoida","Oncaeidae","Oncaea","Oncaea sp.","Variable","Variable","Variable","Exoskeleton","Exoskeleton","Chitin + Calcium","Holoplanktonic","No","Parasitic or predatory copepods"
"6580",-0.0706462354704605,0.533473085961192,1,1.25,"Eukaryota","Mollusca","Gastropoda","Nudibranchia","Triopha","Triopha","Triopha maculata","Variable","Variable","No","External shell","None","Aragonite","Meroplanktonic","No","Shell-less sea slugs"
"6581",-0.0706462354704605,0.533473085961192,1,1.25,"Eukaryota","Annelida","Polychaeta","Phyllodocida","Phyllodocidae",NA,NA,"No","No","No","None","None","None","Benthic + Meroplanktonic","No","Active marine polychaetes"
"7078",-0.0706462354704605,0.533473085961192,1,1.25,"Eukaryota","Arthropoda","Copepoda","Calanoida","Aetideidae",NA,NA,"Variable","Variable","Variable","Exoskeleton","Exoskeleton","Chitin + Calcium","Holoplanktonic","No","Copepods"
"7079",-0.0706462354704605,0.533473085961192,1,1.25,"Eukaryota","Arthropoda","Malacostraca","Euphausiacea","Euphausiidae",NA,NA,"Variable","No","Variable","None","Exoskeleton","Chitin + Calcium","Holoplanktonic","No","Krill"
"7337",-0.0706462354704605,0.533473085961192,1,1.25,"Eukaryota","Arthropoda","Copepoda","Calanoida","Calocalanidae",NA,NA,"Variable","Variable","Variable","Exoskeleton","Exoskeleton","Chitin + Calcium","Holoplanktonic","No","Copepods"
"410",-0.0719538356005278,0.525905493250515,32,40,"Eukaryota","Arthropoda","Ostracoda","Halocyprida","Halocyprididae","Conchoecetta","Conchoecetta giesbrechti","Variable","No","Variable","None","Exoskeleton","Chitin + Calcium","Holoplanktonic","No","Ostracods (seed shrimp)"
"2458",-0.0727175840912343,0.521510417178507,2,2.5,"Eukaryota","Mollusca","Gastropoda","Littorinimorpha","Atlantidae","Atlanta","Atlanta sp. USNM IZ 1230636","Yes","Yes","Yes","External shell","External shell","Aragonite/Calcite","Meroplanktonic","No","Periwinkles and related snails"
"1573",-0.0730563208903534,0.519567068737895,8,10,"Eukaryota","Arthropoda","Copepoda","Calanoida","Scolecitrichidae","Scolecithricella","Scolecithricella dentata","Variable","Variable","Variable","Exoskeleton","Exoskeleton","Chitin + Calcium","Holoplanktonic","No","Copepods"
"888",-0.0740921784967197,0.513647128006723,6,7.5,"Eukaryota","Mollusca","Gastropoda","Nudibranchia","Glaucidae","Hermissenda","Hermissenda opalescens","Variable","Variable","No","External shell","None","Aragonite","Meroplanktonic","No","Shell-less sea slugs"
"1170",-0.0744801476988971,0.511438774585188,4,5,"Eukaryota","Arthropoda","Copepoda","Calanoida","Pontellidae","Labidocera","Labidocera trispinosa","Variable","Variable","Variable","Exoskeleton","Exoskeleton","Chitin + Calcium","Holoplanktonic","No","Copepods"
"163",-0.0755183896408371,0.505553016063704,1,1.25,"Eukaryota","Arthropoda","Copepoda","Calanoida","Pontellidae","Labidocera","Labidocera trispinosa","Variable","Variable","Variable","Exoskeleton","Exoskeleton","Chitin + Calcium","Holoplanktonic","No","Copepods"
"334",-0.0755183896408371,0.505553016063704,1,1.25,"Eukaryota","Arthropoda","Copepoda","Calanoida","Pontellidae","Labidocera","Labidocera trispinosa","Variable","Variable","Variable","Exoskeleton","Exoskeleton","Chitin + Calcium","Holoplanktonic","No","Copepods"
"371",-0.0755183896408371,0.505553016063704,1,1.25,"Eukaryota","Arthropoda","Copepoda","Calanoida","Pontellidae","Labidocera","Labidocera trispinosa","Variable","Variable","Variable","Exoskeleton","Exoskeleton","Chitin + Calcium","Holoplanktonic","No","Copepods"
"408",-0.0755183896408371,0.505553016063704,1,1.25,"Eukaryota","Arthropoda","Copepoda","Calanoida","Pontellidae","Labidocera","Labidocera trispinosa","Variable","Variable","Variable","Exoskeleton","Exoskeleton","Chitin + Calcium","Holoplanktonic","No","Copepods"
"446",-0.0755183896408371,0.505553016063704,1,1.25,"Eukaryota","Arthropoda","Copepoda","Calanoida","Pontellidae","Labidocera","Labidocera trispinosa","Variable","Variable","Variable","Exoskeleton","Exoskeleton","Chitin + Calcium","Holoplanktonic","No","Copepods"
"469",-0.0755183896408371,0.505553016063704,1,1.25,"Eukaryota","Arthropoda","Copepoda","Calanoida","Pontellidae","Labidocera","Labidocera trispinosa","Variable","Variable","Variable","Exoskeleton","Exoskeleton","Chitin + Calcium","Holoplanktonic","No","Copepods"
"540",-0.0755183896408371,0.505553016063704,1,1.25,"Eukaryota","Arthropoda","Copepoda","Calanoida","Pontellidae","Labidocera","Labidocera trispinosa","Variable","Variable","Variable","Exoskeleton","Exoskeleton","Chitin + Calcium","Holoplanktonic","No","Copepods"
"631",-0.0755183896408371,0.505553016063704,1,1.25,"Eukaryota","Arthropoda","Copepoda","Calanoida","Pontellidae","Labidocera","Labidocera trispinosa","Variable","Variable","Variable","Exoskeleton","Exoskeleton","Chitin + Calcium","Holoplanktonic","No","Copepods"
"651",-0.0755183896408371,0.505553016063704,1,1.25,"Eukaryota","Arthropoda","Copepoda","Calanoida","Pontellidae","Labidocera","Labidocera trispinosa","Variable","Variable","Variable","Exoskeleton","Exoskeleton","Chitin + Calcium","Holoplanktonic","No","Copepods"
"667",-0.0755183896408371,0.505553016063704,1,1.25,"Eukaryota","Arthropoda","Copepoda","Calanoida","Pontellidae","Labidocera","Labidocera trispinosa","Variable","Variable","Variable","Exoskeleton","Exoskeleton","Chitin + Calcium","Holoplanktonic","No","Copepods"
"681",-0.0755183896408371,0.505553016063704,1,1.25,"Eukaryota","Arthropoda","Copepoda","Calanoida","Calanidae","Calanus","Calanus pacificus","Variable","Variable","Variable","Exoskeleton","Exoskeleton","Chitin + Calcium","Holoplanktonic","No","Copepods"
"1078",-0.0755183896408371,0.505553016063704,1,1.25,"Eukaryota","Arthropoda","Copepoda","Calanoida","Pontellidae","Labidocera","Labidocera trispinosa","Variable","Variable","Variable","Exoskeleton","Exoskeleton","Chitin + Calcium","Holoplanktonic","No","Copepods"
"1113",-0.0755183896408371,0.505553016063704,1,1.25,"Eukaryota","Arthropoda","Copepoda","Calanoida","Pontellidae","Labidocera","Labidocera trispinosa","Variable","Variable","Variable","Exoskeleton","Exoskeleton","Chitin + Calcium","Holoplanktonic","No","Copepods"
"1251",-0.0755183896408371,0.505553016063704,1,1.25,"Eukaryota","Arthropoda","Copepoda","Calanoida","Calanidae","Calanus","Calanus pacificus","Variable","Variable","Variable","Exoskeleton","Exoskeleton","Chitin + Calcium","Holoplanktonic","No","Copepods"
"1444",-0.0755183896408371,0.505553016063704,1,1.25,"Eukaryota","Arthropoda","Copepoda","Calanoida","Pontellidae",NA,NA,"Variable","Variable","Variable","Exoskeleton","Exoskeleton","Chitin + Calcium","Holoplanktonic","No","Copepods"
"1499",-0.0755183896408371,0.505553016063704,1,1.25,"Eukaryota","Arthropoda","Copepoda","Calanoida","Pontellidae","Labidocera","Labidocera trispinosa","Variable","Variable","Variable","Exoskeleton","Exoskeleton","Chitin + Calcium","Holoplanktonic","No","Copepods"
"1500",-0.0755183896408371,0.505553016063704,1,1.25,"Eukaryota","Mollusca","Cephalopoda","Octopoda","Octopodidae","Octopus",NA,"Variable","Yes","No","Statoliths","None","Aragonite","Meroplanktonic","No","Octopi"
"1530",-0.0755183896408371,0.505553016063704,1,1.25,"Eukaryota","Arthropoda","Copepoda","Calanoida","Pontellidae","Labidocera","Labidocera trispinosa","Variable","Variable","Variable","Exoskeleton","Exoskeleton","Chitin + Calcium","Holoplanktonic","No","Copepods"
"1568",-0.0755183896408371,0.505553016063704,1,1.25,"Eukaryota","Arthropoda","Copepoda","Calanoida","Pontellidae","Labidocera","Labidocera trispinosa","Variable","Variable","Variable","Exoskeleton","Exoskeleton","Chitin + Calcium","Holoplanktonic","No","Copepods"
"1582",-0.0755183896408371,0.505553016063704,1,1.25,"Eukaryota","Arthropoda","Copepoda","Calanoida","Pontellidae","Labidocera","Labidocera trispinosa","Variable","Variable","Variable","Exoskeleton","Exoskeleton","Chitin + Calcium","Holoplanktonic","No","Copepods"
"1583",-0.0755183896408371,0.505553016063704,1,1.25,"Eukaryota","Arthropoda","Copepoda","Calanoida","Pontellidae","Labidocera","Labidocera trispinosa","Variable","Variable","Variable","Exoskeleton","Exoskeleton","Chitin + Calcium","Holoplanktonic","No","Copepods"
"1620",-0.0755183896408371,0.505553016063704,1,1.25,"Eukaryota","Arthropoda","Copepoda","Calanoida","Pontellidae","Labidocera","Labidocera trispinosa","Variable","Variable","Variable","Exoskeleton","Exoskeleton","Chitin + Calcium","Holoplanktonic","No","Copepods"
"1969",-0.0755183896408371,0.505553016063704,1,1.25,"Eukaryota","Arthropoda","Copepoda","Calanoida","Calanidae","Calanus","Calanus pacificus","Variable","Variable","Variable","Exoskeleton","Exoskeleton","Chitin + Calcium","Holoplanktonic","No","Copepods"
"2134",-0.0755183896408371,0.505553016063704,1,1.25,"Eukaryota","Arthropoda","Copepoda","Calanoida","Eucalanidae","Eucalanus","Eucalanus californicus","Variable","Variable","Variable","Exoskeleton","Exoskeleton","Chitin + Calcium","Holoplanktonic","No","Copepods"
"2240",-0.0755183896408371,0.505553016063704,1,1.25,"Eukaryota","Arthropoda","Copepoda","Calanoida","Pontellidae","Labidocera","Labidocera trispinosa","Variable","Variable","Variable","Exoskeleton","Exoskeleton","Chitin + Calcium","Holoplanktonic","No","Copepods"
"2721",-0.0755183896408371,0.505553016063704,1,1.25,"Eukaryota","Arthropoda","Copepoda","Calanoida","Calanidae","Calanus","Calanus pacificus","Variable","Variable","Variable","Exoskeleton","Exoskeleton","Chitin + Calcium","Holoplanktonic","No","Copepods"
"2762",-0.0755183896408371,0.505553016063704,1,1.25,"Eukaryota","Arthropoda","Copepoda","Calanoida","Pontellidae","Labidocera","Labidocera trispinosa","Variable","Variable","Variable","Exoskeleton","Exoskeleton","Chitin + Calcium","Holoplanktonic","No","Copepods"
"2839",-0.0755183896408371,0.505553016063704,1,1.25,"Eukaryota","Arthropoda","Copepoda","Calanoida","Calocalanidae",NA,NA,"Variable","Variable","Variable","Exoskeleton","Exoskeleton","Chitin + Calcium","Holoplanktonic","No","Copepods"
"2840",-0.0755183896408371,0.505553016063704,1,1.25,"Eukaryota","Arthropoda","Copepoda","Calanoida","Calanidae","Calanus","Calanus pacificus","Variable","Variable","Variable","Exoskeleton","Exoskeleton","Chitin + Calcium","Holoplanktonic","No","Copepods"
"2871",-0.0755183896408371,0.505553016063704,1,1.25,"Eukaryota","Arthropoda","Copepoda","Calanoida","Calanidae","Calanus","Calanus pacificus","Variable","Variable","Variable","Exoskeleton","Exoskeleton","Chitin + Calcium","Holoplanktonic","No","Copepods"
"3285",-0.0755183896408371,0.505553016063704,1,1.25,"Eukaryota","Arthropoda","Copepoda","Calanoida","Eucalanidae","Eucalanus","Eucalanus californicus","Variable","Variable","Variable","Exoskeleton","Exoskeleton","Chitin + Calcium","Holoplanktonic","No","Copepods"
"3338",-0.0755183896408371,0.505553016063704,1,1.25,"Eukaryota","Bryozoa","Gymnolaemata","Cheilostomatida","Membraniporidae","Membranipora","Membranipora villosa","Yes","Yes","Yes","External shell","External shell","Calcite","Meroplanktonic","No","Encrusting bryozoans"
"3587",-0.0755183896408371,0.505553016063704,1,1.25,"Eukaryota","Echinodermata","Echinoidea","Temnopleuroida","Toxopneustidae","Lytechinus","Lytechinus pictus","Yes","Yes","Yes","Internal skeleton","Exoskeleton","Calcite","Meroplanktonic","No","Short-spined sea urchins"
"3588",-0.0755183896408371,0.505553016063704,1,1.25,"Eukaryota","Arthropoda","Copepoda","Calanoida","Pontellidae","Labidocera",NA,"Variable","Variable","Variable","Exoskeleton","Exoskeleton","Chitin + Calcium","Holoplanktonic","No","Copepods"
"3805",-0.0755183896408371,0.505553016063704,1,1.25,"Eukaryota","Arthropoda","Malacostraca","Euphausiacea","Euphausiidae","Hansarsia",NA,"Variable","No","Variable","None","Exoskeleton","Chitin + Calcium","Holoplanktonic","No","Krill"
"3806",-0.0755183896408371,0.505553016063704,1,1.25,"Eukaryota","Arthropoda","Copepoda","Calanoida","Eucalanidae","Eucalanus","Eucalanus californicus","Variable","Variable","Variable","Exoskeleton","Exoskeleton","Chitin + Calcium","Holoplanktonic","No","Copepods"
"3956",-0.0755183896408371,0.505553016063704,1,1.25,"Eukaryota","Arthropoda","Thecostraca","Balanomorpha","Balanidae","Balanus","Balanus trigonus","Yes","Yes","Yes","External shell","External shell","Calcite","Meroplanktonic","No","Barnacles"
"3957",-0.0755183896408371,0.505553016063704,1,1.25,"Eukaryota","Arthropoda","Copepoda","Calanoida","Pontellidae","Labidocera","Labidocera trispinosa","Variable","Variable","Variable","Exoskeleton","Exoskeleton","Chitin + Calcium","Holoplanktonic","No","Copepods"
"4228",-0.0755183896408371,0.505553016063704,1,1.25,"Eukaryota","Arthropoda","Copepoda","Calanoida","Eucalanidae","Eucalanus","Eucalanus californicus","Variable","Variable","Variable","Exoskeleton","Exoskeleton","Chitin + Calcium","Holoplanktonic","No","Copepods"
"4411",-0.0755183896408371,0.505553016063704,1,1.25,"Eukaryota","Arthropoda","Malacostraca","Euphausiacea","Euphausiidae","Euphausia","Euphausia pacifica","Variable","No","Variable","None","Exoskeleton","Chitin + Calcium","Holoplanktonic","No","Krill"
"4500",-0.0755183896408371,0.505553016063704,1,1.25,"Eukaryota","Arthropoda","Copepoda","Calanoida","Eucalanidae","Eucalanus","Eucalanus californicus","Variable","Variable","Variable","Exoskeleton","Exoskeleton","Chitin + Calcium","Holoplanktonic","No","Copepods"
"4501",-0.0755183896408371,0.505553016063704,1,1.25,"Eukaryota","Arthropoda","Copepoda","Calanoida","Eucalanidae","Eucalanus","Eucalanus californicus","Variable","Variable","Variable","Exoskeleton","Exoskeleton","Chitin + Calcium","Holoplanktonic","No","Copepods"
"4725",-0.0755183896408371,0.505553016063704,1,1.25,"Eukaryota","Arthropoda","Copepoda","Calanoida","Eucalanidae","Eucalanus","Eucalanus californicus","Variable","Variable","Variable","Exoskeleton","Exoskeleton","Chitin + Calcium","Holoplanktonic","No","Copepods"
"4726",-0.0755183896408371,0.505553016063704,1,1.25,"Eukaryota","Arthropoda","Copepoda","Calanoida","Eucalanidae","Rhincalanus","Rhincalanus nasutus","Variable","Variable","Variable","Exoskeleton","Exoskeleton","Chitin + Calcium","Holoplanktonic","No","Copepods"
"4833",-0.0755183896408371,0.505553016063704,1,1.25,"Eukaryota","Arthropoda","Copepoda","Calanoida","Calocalanidae","Calocalanus",NA,"Variable","Variable","Variable","Exoskeleton","Exoskeleton","Chitin + Calcium","Holoplanktonic","No","Copepods"
"4834",-0.0755183896408371,0.505553016063704,1,1.25,"Eukaryota","Arthropoda","Copepoda","Calanoida","Eucalanidae","Eucalanus","Eucalanus californicus","Variable","Variable","Variable","Exoskeleton","Exoskeleton","Chitin + Calcium","Holoplanktonic","No","Copepods"
"5049",-0.0755183896408371,0.505553016063704,1,1.25,"Eukaryota","Arthropoda","Copepoda","Poecilostomatoida","Oncaeidae","Oncaea",NA,"Variable","Variable","Variable","Exoskeleton","Exoskeleton","Chitin + Calcium","Holoplanktonic","No","Parasitic or predatory copepods"
"5198",-0.0755183896408371,0.505553016063704,1,1.25,"Eukaryota","Bryozoa","Gymnolaemata","Cheilostomatida","Membraniporidae","Membranipora","Membranipora villosa","Yes","Yes","Yes","External shell","External shell","Calcite","Meroplanktonic","No","Encrusting bryozoans"
"5342",-0.0755183896408371,0.505553016063704,1,1.25,"Eukaryota","Arthropoda","Copepoda","Calanoida","Calanidae",NA,NA,"Variable","Variable","Variable","Exoskeleton","Exoskeleton","Chitin + Calcium","Holoplanktonic","No","Copepods"
"5484",-0.0755183896408371,0.505553016063704,1,1.25,"Eukaryota","Arthropoda","Malacostraca","Decapoda","Crangonidae",NA,NA,"Variable","No","Variable","None","Exoskeleton","Calcite","Meroplanktonic","No","Crabs, lobsters, shrimp"
"5485",-0.0755183896408371,0.505553016063704,1,1.25,"Eukaryota","Arthropoda","Copepoda","Calanoida","Aetideidae",NA,NA,"Variable","Variable","Variable","Exoskeleton","Exoskeleton","Chitin + Calcium","Holoplanktonic","No","Copepods"
"5785",-0.0755183896408371,0.505553016063704,1,1.25,"Eukaryota","Arthropoda","Copepoda","Poecilostomatoida","Oncaeidae","Oncaea",NA,"Variable","Variable","Variable","Exoskeleton","Exoskeleton","Chitin + Calcium","Holoplanktonic","No","Parasitic or predatory copepods"
"5949",-0.0755183896408371,0.505553016063704,1,1.25,"Eukaryota","Mollusca","Cephalopoda","Octopoda","Octopodidae","Octopus","Octopus bimaculatus","Variable","Yes","No","Statoliths","None","Aragonite","Meroplanktonic","No","Octopi"
"5951",-0.0755183896408371,0.505553016063704,1,1.25,"Eukaryota","Arthropoda","Copepoda","Calanoida","Euchaetidae","Euchaeta","Euchaeta marina","Variable","Variable","Variable","Exoskeleton","Exoskeleton","Chitin + Calcium","Holoplanktonic","No","Copepods"
"6142",-0.0755183896408371,0.505553016063704,1,1.25,"Eukaryota","Arthropoda","Copepoda","Calanoida","Eucalanidae",NA,NA,"Variable","Variable","Variable","Exoskeleton","Exoskeleton","Chitin + Calcium","Holoplanktonic","No","Copepods"
"7306",-0.0755183896408371,0.505553016063704,1,1.25,"Eukaryota","Arthropoda","Copepoda","Calanoida","Aetideidae",NA,NA,"Variable","Variable","Variable","Exoskeleton","Exoskeleton","Chitin + Calcium","Holoplanktonic","No","Copepods"
"7308",-0.0755183896408371,0.505553016063704,1,1.25,"Eukaryota","Arthropoda","Copepoda","Calanoida","Eucalanidae","Eucalanus","Eucalanus californicus","Variable","Variable","Variable","Exoskeleton","Exoskeleton","Chitin + Calcium","Holoplanktonic","No","Copepods"
"7544",-0.0755183896408371,0.505553016063704,1,1.25,"Eukaryota","Arthropoda","Ostracoda","Halocyprida","Halocyprididae","Conchoecetta","Conchoecetta giesbrechti","Variable","No","Variable","None","Exoskeleton","Chitin + Calcium","Holoplanktonic","No","Ostracods (seed shrimp)"
"7545",-0.0755183896408371,0.505553016063704,1,1.25,"Eukaryota","Arthropoda","Copepoda","Calanoida","Metridinidae",NA,NA,"Variable","Variable","Variable","Exoskeleton","Exoskeleton","Chitin + Calcium","Holoplanktonic","No","Copepods"
"2193",-0.0765459140299543,0.499762639379614,8,10,"Eukaryota","Arthropoda","Copepoda","Calanoida","Aetideidae",NA,NA,"Variable","Variable","Variable","Exoskeleton","Exoskeleton","Chitin + Calcium","Holoplanktonic","No","Copepods"
"2645",-0.0780478956783749,0.491361094985614,2,2.5,"Eukaryota","Arthropoda","Copepoda","Calanoida","Acartiidae","Acartia","Acartia tonsa","Variable","Variable","Variable","Exoskeleton","Exoskeleton","Chitin + Calcium","Holoplanktonic","No","Copepods"
"5155",-0.0781946326981165,0.490544308263305,3,3.75,"Eukaryota","Mollusca","Gastropoda","Littorinimorpha","Vermetidae","Thylacodes","Thylacodes squamigerus","Yes","Yes","Yes","External shell","External shell","Aragonite/Calcite","Meroplanktonic","No","Periwinkles and related snails"
"828",-0.0785577271833941,0.48852628524134,6,7.5,"Eukaryota","Arthropoda","Copepoda","Calanoida","Calanidae","Calanus","Calanus pacificus","Variable","Variable","Variable","Exoskeleton","Exoskeleton","Chitin + Calcium","Holoplanktonic","No","Copepods"
"179",-0.0793355991399991,0.484217807589499,13,16.25,"Eukaryota","Arthropoda","Copepoda","Calanoida","Pontellidae","Labidocera","Labidocera trispinosa","Variable","Variable","Variable","Exoskeleton","Exoskeleton","Chitin + Calcium","Holoplanktonic","No","Copepods"
"664",-0.0796513227411732,0.482474859813446,2,2.5,"Eukaryota","Arthropoda","Copepoda","Calanoida","Eucalanidae","Eucalanus","Eucalanus californicus","Variable","Variable","Variable","Exoskeleton","Exoskeleton","Chitin + Calcium","Holoplanktonic","No","Copepods"
"1035",-0.0796901584601024,0.482260698946405,3,3.75,"Eukaryota","Arthropoda","Copepoda","Calanoida","Scolecitrichidae","Scolecithricella","Scolecithricella dentata","Variable","Variable","Variable","Exoskeleton","Exoskeleton","Chitin + Calcium","Holoplanktonic","No","Copepods"
"918",-0.0801717764850052,0.479609016472451,5,6.25,"Eukaryota","Arthropoda","Copepoda","Calanoida","Pontellidae","Labidocera","Labidocera trispinosa","Variable","Variable","Variable","Exoskeleton","Exoskeleton","Chitin + Calcium","Holoplanktonic","No","Copepods"
"593",-0.0803905438112137,0.478407113289727,1,1.25,"Eukaryota","Arthropoda","Copepoda","Calanoida","Pontellidae","Labidocera","Labidocera trispinosa","Variable","Variable","Variable","Exoskeleton","Exoskeleton","Chitin + Calcium","Holoplanktonic","No","Copepods"
"720",-0.0803905438112137,0.478407113289727,1,1.25,"Eukaryota","Arthropoda","Copepoda","Calanoida","Calanidae","Calanus","Calanus pacificus","Variable","Variable","Variable","Exoskeleton","Exoskeleton","Chitin + Calcium","Holoplanktonic","No","Copepods"
"1037",-0.0803905438112137,0.478407113289727,1,1.25,"Eukaryota","Arthropoda","Copepoda","Calanoida","Pontellidae","Labidocera","Labidocera trispinosa","Variable","Variable","Variable","Exoskeleton","Exoskeleton","Chitin + Calcium","Holoplanktonic","No","Copepods"
"1408",-0.0803905438112137,0.478407113289727,1,1.25,"Eukaryota","Mollusca","Gastropoda","Nudibranchia","Glaucidae","Hermissenda","Hermissenda opalescens","Variable","Variable","No","External shell","None","Aragonite","Meroplanktonic","No","Shell-less sea slugs"
"1923",-0.0803905438112137,0.478407113289727,1,1.25,"Eukaryota","Bryozoa","Gymnolaemata","Cheilostomatida","Membraniporidae","Membranipora","Membranipora villosa","Yes","Yes","Yes","External shell","External shell","Calcite","Meroplanktonic","No","Encrusting bryozoans"
"2092",-0.0803905438112137,0.478407113289727,1,1.25,"Eukaryota","Arthropoda","Copepoda","Calanoida","Calanidae","Calanus","Calanus pacificus","Variable","Variable","Variable","Exoskeleton","Exoskeleton","Chitin + Calcium","Holoplanktonic","No","Copepods"
"2181",-0.0803905438112137,0.478407113289727,1,1.25,"Eukaryota","Mollusca","Gastropoda","Littorinimorpha","Atlantidae","Atlanta","Atlanta sp. USNM IZ 1230636","Yes","Yes","Yes","External shell","External shell","Aragonite/Calcite","Meroplanktonic","No","Periwinkles and related snails"
"2338",-0.0803905438112137,0.478407113289727,1,1.25,"Eukaryota","Bryozoa","Gymnolaemata","Cheilostomatida","Membraniporidae","Membranipora","Membranipora villosa","Yes","Yes","Yes","External shell","External shell","Calcite","Meroplanktonic","No","Encrusting bryozoans"
"2367",-0.0803905438112137,0.478407113289727,1,1.25,"Eukaryota","Bryozoa","Gymnolaemata","Cheilostomatida","Membraniporidae","Membranipora","Membranipora villosa","Yes","Yes","Yes","External shell","External shell","Calcite","Meroplanktonic","No","Encrusting bryozoans"
"2766",-0.0803905438112137,0.478407113289727,1,1.25,"Eukaryota","Arthropoda","Copepoda","Calanoida","Calanidae","Calanus","Calanus pacificus","Variable","Variable","Variable","Exoskeleton","Exoskeleton","Chitin + Calcium","Holoplanktonic","No","Copepods"
"2842",-0.0803905438112137,0.478407113289727,1,1.25,"Eukaryota","Arthropoda","Copepoda","Calanoida","Eucalanidae","Rhincalanus",NA,"Variable","Variable","Variable","Exoskeleton","Exoskeleton","Chitin + Calcium","Holoplanktonic","No","Copepods"
"3344",-0.0803905438112137,0.478407113289727,1,1.25,"Eukaryota","Arthropoda","Copepoda","Calanoida","Calanidae","Calanus","Calanus pacificus","Variable","Variable","Variable","Exoskeleton","Exoskeleton","Chitin + Calcium","Holoplanktonic","No","Copepods"
"3518",-0.0803905438112137,0.478407113289727,1,1.25,"Eukaryota","Arthropoda","Copepoda","Calanoida","Calanidae",NA,NA,"Variable","Variable","Variable","Exoskeleton","Exoskeleton","Chitin + Calcium","Holoplanktonic","No","Copepods"
"4150",-0.0803905438112137,0.478407113289727,1,1.25,"Eukaryota","Arthropoda","Ostracoda","Halocyprida","Halocyprididae","Discoconchoecia",NA,"Variable","No","Variable","None","Exoskeleton","Chitin + Calcium","Holoplanktonic","No","Ostracods (seed shrimp)"
"4513",-0.0803905438112137,0.478407113289727,1,1.25,"Eukaryota","Arthropoda","Malacostraca","Euphausiacea","Euphausiidae","Hansarsia",NA,"Variable","No","Variable","None","Exoskeleton","Chitin + Calcium","Holoplanktonic","No","Krill"
"5212",-0.0803905438112137,0.478407113289727,1,1.25,"Eukaryota","Arthropoda","Copepoda","Calanoida","Eucalanidae","Eucalanus","Eucalanus californicus","Variable","Variable","Variable","Exoskeleton","Exoskeleton","Chitin + Calcium","Holoplanktonic","No","Copepods"
"5349",-0.0803905438112137,0.478407113289727,1,1.25,"Eukaryota","Arthropoda","Malacostraca","Euphausiacea","Euphausiidae","Thysanoessa","Thysanoessa gregaria","Variable","No","Variable","None","Exoskeleton","Chitin + Calcium","Holoplanktonic","No","Krill"
"5589",-0.0803905438112137,0.478407113289727,1,1.25,"Eukaryota","Annelida","Sipuncula","Phascolosomatiformes","Phascolosomatidae","Phascolosoma","Phascolosoma agassizii","No","No","No","None","None","None","Benthic + Meroplanktonic","No","Peanut worms (marine unsegmented worms)"
"6569",-0.0803905438112137,0.478407113289727,1,1.25,"Eukaryota","Arthropoda","Copepoda","Calanoida","Metridinidae","Pleuromamma","Pleuromamma abdominalis","Variable","Variable","Variable","Exoskeleton","Exoskeleton","Chitin + Calcium","Holoplanktonic","No","Copepods"
"6836",-0.0803905438112137,0.478407113289727,1,1.25,"Eukaryota","Arthropoda","Malacostraca","Euphausiacea","Euphausiidae","Nyctiphanes","Nyctiphanes simplex","Variable","No","Variable","None","Exoskeleton","Chitin + Calcium","Holoplanktonic","No","Krill"
"7056",-0.0803905438112137,0.478407113289727,1,1.25,"Eukaryota","Chaetognatha","Sagittoidea","Aphragmophora","Sagittidae","Flaccisagitta",NA,"No","No","No","None","None","None","Holoplanktonic","No","Chaetognaths (arrow worms)"
"7324",-0.0803905438112137,0.478407113289727,1,1.25,"Eukaryota","Arthropoda","Copepoda","Calanoida","Scolecitrichidae","Scolecithrix","Scolecithrix bradyi","Variable","Variable","Variable","Exoskeleton","Exoskeleton","Chitin + Calcium","Holoplanktonic","No","Copepods"
"7564",-0.0803905438112137,0.478407113289727,1,1.25,"Eukaryota","Arthropoda","Ostracoda","Halocyprida","Halocyprididae","Proceroecia","Proceroecia procera","Variable","No","Variable","None","Exoskeleton","Chitin + Calcium","Holoplanktonic","No","Ostracods (seed shrimp)"
"7565",-0.0803905438112137,0.478407113289727,1,1.25,"Eukaryota","Chordata","Actinopteri","Blenniiformes","Blenniidae",NA,NA,"No","No","No","None","None","None","Meroplanktonic","No","Blennies and combtooth fishes"
"4705",-0.081774780202717,0.470839697956686,2,2.5,"Eukaryota","Mollusca","Gastropoda","Pteropoda","Creseidae",NA,NA,"Yes","Yes","Yes","External shell","External shell","Aragonite","Holoplanktonic","No","Sea butterflies"
"310",-0.0818314083501233,0.470531505884613,7,8.75,"Eukaryota","Arthropoda","Copepoda","Calanoida","Pontellidae","Labidocera","Labidocera trispinosa","Variable","Variable","Variable","Exoskeleton","Exoskeleton","Chitin + Calcium","Holoplanktonic","No","Copepods"
"2908",-0.0823506610027162,0.467710632654976,5,6.25,"Eukaryota","Mollusca","Gastropoda","Nudibranchia","Glaucidae","Hermissenda","Hermissenda opalescens","Variable","Variable","No","External shell","None","Aragonite","Meroplanktonic","No","Shell-less sea slugs"
"147",-0.0823626299970304,0.467645718868722,4,5,"Eukaryota","Arthropoda","Copepoda","Calanoida","Pontellidae","Labidocera","Labidocera trispinosa","Variable","Variable","Variable","Exoskeleton","Exoskeleton","Chitin + Calcium","Holoplanktonic","No","Copepods"
"377",-0.0834747878290979,0.461635348139999,10,12.5,"Eukaryota","Arthropoda","Copepoda","Calanoida","Eucalanidae","Eucalanus","Eucalanus californicus","Variable","Variable","Variable","Exoskeleton","Exoskeleton","Chitin + Calcium","Holoplanktonic","No","Copepods"
"127",-0.0845019230411892,0.456122251676226,43,53.75,"Eukaryota","Arthropoda","Copepoda","Calanoida","Scolecitrichidae","Scolecithricella","Scolecithricella dentata","Variable","Variable","Variable","Exoskeleton","Exoskeleton","Chitin + Calcium","Holoplanktonic","No","Copepods"
"2058",-0.0852626979815903,0.452062352609563,1,1.25,"Eukaryota","Arthropoda","Copepoda","Calanoida","Candaciidae","Candacia","Candacia curta","Variable","Variable","Variable","Exoskeleton","Exoskeleton","Chitin + Calcium","Holoplanktonic","No","Copepods"
"2826",-0.0852626979815903,0.452062352609563,1,1.25,"Eukaryota","Arthropoda","Copepoda","Calanoida","Mecynoceridae","Mecynocera","Mecynocera clausi","Variable","Variable","Variable","Exoskeleton","Exoskeleton","Chitin + Calcium","Holoplanktonic","No","Copepods"
"3748",-0.0852626979815903,0.452062352609563,1,1.25,"Eukaryota","Mollusca","Gastropoda","Nudibranchia","Glaucidae","Hermissenda",NA,"Variable","Variable","No","External shell","None","Aragonite","Meroplanktonic","No","Shell-less sea slugs"
"3762",-0.0852626979815903,0.452062352609563,1,1.25,"Eukaryota","Arthropoda","Copepoda","Poecilostomatoida","Oncaeidae","Oncaea","Oncaea sp.","Variable","Variable","Variable","Exoskeleton","Exoskeleton","Chitin + Calcium","Holoplanktonic","No","Parasitic or predatory copepods"
"4274",-0.0852626979815903,0.452062352609563,1,1.25,"Eukaryota","Arthropoda","Copepoda","Calanoida","Eucalanidae","Eucalanus","Eucalanus californicus","Variable","Variable","Variable","Exoskeleton","Exoskeleton","Chitin + Calcium","Holoplanktonic","No","Copepods"
"4451",-0.0852626979815903,0.452062352609563,1,1.25,"Eukaryota","Echinodermata","Echinoidea","Temnopleuroida","Toxopneustidae","Lytechinus","Lytechinus pictus","Yes","Yes","Yes","Internal skeleton","Exoskeleton","Calcite","Meroplanktonic","No","Short-spined sea urchins"
"4554",-0.0852626979815903,0.452062352609563,1,1.25,"Eukaryota","Arthropoda","Copepoda","Poecilostomatoida","Oncaeidae","Oncaea","Oncaea sp.","Variable","Variable","Variable","Exoskeleton","Exoskeleton","Chitin + Calcium","Holoplanktonic","No","Parasitic or predatory copepods"
"4989",-0.0852626979815903,0.452062352609563,1,1.25,"Eukaryota","Arthropoda","Copepoda","Calanoida","Scolecitrichidae","Scolecithricella","Scolecithricella dentata","Variable","Variable","Variable","Exoskeleton","Exoskeleton","Chitin + Calcium","Holoplanktonic","No","Copepods"
"5105",-0.0852626979815903,0.452062352609563,1,1.25,"Eukaryota","Echinodermata","Echinoidea","Temnopleuroida","Toxopneustidae","Lytechinus","Lytechinus pictus","Yes","Yes","Yes","Internal skeleton","Exoskeleton","Calcite","Meroplanktonic","No","Short-spined sea urchins"
"5106",-0.0852626979815903,0.452062352609563,1,1.25,"Eukaryota","Annelida","Polychaeta","Spionida","Spionidae",NA,NA,"No","No","No","None","None","None","Benthic + Meroplanktonic","No","Marine worms (sediment burrowers)"
"5280",-0.0852626979815903,0.452062352609563,1,1.25,"Eukaryota","Arthropoda","Copepoda","Poecilostomatoida","Oncaeidae","Oncaea","Oncaea sp.","Variable","Variable","Variable","Exoskeleton","Exoskeleton","Chitin + Calcium","Holoplanktonic","No","Parasitic or predatory copepods"
"5292",-0.0852626979815903,0.452062352609563,1,1.25,"Eukaryota","Cnidaria","Hydrozoa","Siphonophorae","Agalmatidae","Nanomia","Nanomia septata","No","No","No","None","None","None","Holoplanktonic","No","Colonial hydrozoans (e.g., Portuguese man o' war)"
"5411",-0.0852626979815903,0.452062352609563,1,1.25,"Eukaryota","Arthropoda","Ostracoda","Halocyprida","Halocyprididae","Discoconchoecia",NA,"Variable","No","Variable","None","Exoskeleton","Chitin + Calcium","Holoplanktonic","No","Ostracods (seed shrimp)"
"5704",-0.0852626979815903,0.452062352609563,1,1.25,"Eukaryota","Arthropoda","Copepoda","Poecilostomatoida","Oncaeidae","Oncaea","Oncaea sp.","Variable","Variable","Variable","Exoskeleton","Exoskeleton","Chitin + Calcium","Holoplanktonic","No","Parasitic or predatory copepods"
"5705",-0.0852626979815903,0.452062352609563,1,1.25,"Eukaryota","Echinodermata","Echinoidea","Temnopleuroida","Toxopneustidae","Lytechinus","Lytechinus pictus","Yes","Yes","Yes","Internal skeleton","Exoskeleton","Calcite","Meroplanktonic","No","Short-spined sea urchins"
"6235",-0.0852626979815903,0.452062352609563,1,1.25,"Eukaryota","Arthropoda","Copepoda","Calanoida","Candaciidae","Candacia","Candacia curta","Variable","Variable","Variable","Exoskeleton","Exoskeleton","Chitin + Calcium","Holoplanktonic","No","Copepods"
"6690",-0.0852626979815903,0.452062352609563,1,1.25,"Eukaryota","Echinodermata","Ophiuroidea","Amphilepidida","Ophiotrichidae","Ophiothrix","Ophiothrix spiculata","Yes","Yes","Yes","Internal skeleton","Internal skeleton","Calcite","Meroplanktonic","No","Brittle stars"
"7179",-0.0852626979815903,0.452062352609563,1,1.25,"Eukaryota","Arthropoda","Copepoda","Calanoida","Eucalanidae","Eucalanus","Eucalanus californicus","Variable","Variable","Variable","Exoskeleton","Exoskeleton","Chitin + Calcium","Holoplanktonic","No","Copepods"
"1000",-0.0866571111187703,0.444673293878134,10,12.5,"Eukaryota","Arthropoda","Copepoda","Calanoida","Eucalanidae","Eucalanus","Eucalanus californicus","Variable","Variable","Variable","Exoskeleton","Exoskeleton","Chitin + Calcium","Holoplanktonic","No","Copepods"
"2442",-0.086811709707654,0.443858251022487,3,3.75,"Eukaryota","Arthropoda","Copepoda","Calanoida","Heterorhabdidae",NA,NA,"Variable","Variable","Variable","Exoskeleton","Exoskeleton","Chitin + Calcium","Holoplanktonic","No","Copepods"
"620",-0.0879688478773821,0.437784454372598,36,45,"Eukaryota","Arthropoda","Ostracoda","Halocyprida","Halocyprididae","Conchoecetta","Conchoecetta giesbrechti","Variable","No","Variable","None","Exoskeleton","Chitin + Calcium","Holoplanktonic","No","Ostracods (seed shrimp)"
"1451",-0.0882318243204726,0.436410664718436,2,2.5,"Eukaryota","Mollusca","Gastropoda","Nudibranchia","Glaucidae","Hermissenda","Hermissenda opalescens","Variable","Variable","No","External shell","None","Aragonite","Meroplanktonic","No","Shell-less sea slugs"
"1357",-0.089748577977171,0.428534841751343,4,5,"Eukaryota","Arthropoda","Copepoda","Calanoida","Eucalanidae","Eucalanus","Eucalanus californicus","Variable","Variable","Variable","Exoskeleton","Exoskeleton","Chitin + Calcium","Holoplanktonic","No","Copepods"
"792",-0.0901348521519669,0.426542126021654,1,1.25,"Eukaryota","Arthropoda","Copepoda","Calanoida","Pontellidae","Labidocera","Labidocera trispinosa","Variable","Variable","Variable","Exoskeleton","Exoskeleton","Chitin + Calcium","Holoplanktonic","No","Copepods"
"1103",-0.0901348521519669,0.426542126021654,1,1.25,"Eukaryota","Arthropoda","Copepoda","Calanoida","Calanidae","Calanus","Calanus pacificus","Variable","Variable","Variable","Exoskeleton","Exoskeleton","Chitin + Calcium","Holoplanktonic","No","Copepods"
"1238",-0.0901348521519669,0.426542126021654,1,1.25,"Eukaryota","Arthropoda","Copepoda","Calanoida","Eucalanidae","Eucalanus","Eucalanus californicus","Variable","Variable","Variable","Exoskeleton","Exoskeleton","Chitin + Calcium","Holoplanktonic","No","Copepods"
"1790",-0.0901348521519669,0.426542126021654,1,1.25,"Eukaryota","Arthropoda","Copepoda","Calanoida","Pontellidae","Labidocera","Labidocera trispinosa","Variable","Variable","Variable","Exoskeleton","Exoskeleton","Chitin + Calcium","Holoplanktonic","No","Copepods"
"1955",-0.0901348521519669,0.426542126021654,1,1.25,"Eukaryota","Bryozoa","Gymnolaemata","Cheilostomatida","Membraniporidae","Membranipora","Membranipora villosa","Yes","Yes","Yes","External shell","External shell","Calcite","Meroplanktonic","No","Encrusting bryozoans"
"1956",-0.0901348521519669,0.426542126021654,1,1.25,"Eukaryota","Arthropoda","Copepoda","Calanoida","Calanidae","Calanus","Calanus pacificus","Variable","Variable","Variable","Exoskeleton","Exoskeleton","Chitin + Calcium","Holoplanktonic","No","Copepods"
"2009",-0.0901348521519669,0.426542126021654,1,1.25,"Eukaryota","Arthropoda","Copepoda","Calanoida","Eucalanidae","Eucalanus","Eucalanus californicus","Variable","Variable","Variable","Exoskeleton","Exoskeleton","Chitin + Calcium","Holoplanktonic","No","Copepods"
"2203",-0.0901348521519669,0.426542126021654,1,1.25,"Eukaryota","Arthropoda","Copepoda","Calanoida","Eucalanidae","Eucalanus","Eucalanus californicus","Variable","Variable","Variable","Exoskeleton","Exoskeleton","Chitin + Calcium","Holoplanktonic","No","Copepods"
"2491",-0.0901348521519669,0.426542126021654,1,1.25,"Eukaryota","Arthropoda","Copepoda","Calanoida","Eucalanidae","Eucalanus","Eucalanus californicus","Variable","Variable","Variable","Exoskeleton","Exoskeleton","Chitin + Calcium","Holoplanktonic","No","Copepods"
"2549",-0.0901348521519669,0.426542126021654,1,1.25,"Eukaryota","Arthropoda","Copepoda","Calanoida","Eucalanidae","Eucalanus","Eucalanus californicus","Variable","Variable","Variable","Exoskeleton","Exoskeleton","Chitin + Calcium","Holoplanktonic","No","Copepods"
"2874",-0.0901348521519669,0.426542126021654,1,1.25,"Eukaryota","Arthropoda","Copepoda","Calanoida","Eucalanidae","Eucalanus","Eucalanus californicus","Variable","Variable","Variable","Exoskeleton","Exoskeleton","Chitin + Calcium","Holoplanktonic","No","Copepods"
"2914",-0.0901348521519669,0.426542126021654,1,1.25,"Eukaryota","Arthropoda","Copepoda","Calanoida","Eucalanidae","Eucalanus","Eucalanus californicus","Variable","Variable","Variable","Exoskeleton","Exoskeleton","Chitin + Calcium","Holoplanktonic","No","Copepods"
"3402",-0.0901348521519669,0.426542126021654,1,1.25,"Eukaryota","Arthropoda","Copepoda","Calanoida","Eucalanidae","Eucalanus","Eucalanus californicus","Variable","Variable","Variable","Exoskeleton","Exoskeleton","Chitin + Calcium","Holoplanktonic","No","Copepods"
"3520",-0.0901348521519669,0.426542126021654,1,1.25,"Eukaryota","Arthropoda","Copepoda","Calanoida","Eucalanidae","Eucalanus","Eucalanus californicus","Variable","Variable","Variable","Exoskeleton","Exoskeleton","Chitin + Calcium","Holoplanktonic","No","Copepods"
"3596",-0.0901348521519669,0.426542126021654,1,1.25,"Eukaryota","Arthropoda","Copepoda","Calanoida","Eucalanidae","Eucalanus","Eucalanus californicus","Variable","Variable","Variable","Exoskeleton","Exoskeleton","Chitin + Calcium","Holoplanktonic","No","Copepods"
"3651",-0.0901348521519669,0.426542126021654,1,1.25,"Eukaryota","Mollusca","Gastropoda","Littorinimorpha","Pterotracheidae","Pterotrachea","Pterotrachea sp.","Yes","Yes","Yes","External shell","External shell","Aragonite/Calcite","Meroplanktonic","No","Periwinkles and related snails"
"3891",-0.0901348521519669,0.426542126021654,1,1.25,"Eukaryota","Arthropoda","Copepoda","Calanoida","Eucalanidae","Eucalanus","Eucalanus californicus","Variable","Variable","Variable","Exoskeleton","Exoskeleton","Chitin + Calcium","Holoplanktonic","No","Copepods"
"4152",-0.0901348521519669,0.426542126021654,1,1.25,"Eukaryota","Bryozoa","Gymnolaemata","Cheilostomatida","Membraniporidae","Membranipora","Membranipora villosa","Yes","Yes","Yes","External shell","External shell","Calcite","Meroplanktonic","No","Encrusting bryozoans"
"4236",-0.0901348521519669,0.426542126021654,1,1.25,"Eukaryota","Arthropoda","Copepoda","Calanoida","Eucalanidae","Eucalanus","Eucalanus californicus","Variable","Variable","Variable","Exoskeleton","Exoskeleton","Chitin + Calcium","Holoplanktonic","No","Copepods"
"4514",-0.0901348521519669,0.426542126021654,1,1.25,"Eukaryota","Arthropoda","Copepoda","Calanoida","Eucalanidae","Eucalanus","Eucalanus californicus","Variable","Variable","Variable","Exoskeleton","Exoskeleton","Chitin + Calcium","Holoplanktonic","No","Copepods"
"5059",-0.0901348521519669,0.426542126021654,1,1.25,"Eukaryota","Arthropoda","Copepoda","Calanoida","Eucalanidae","Eucalanus","Eucalanus californicus","Variable","Variable","Variable","Exoskeleton","Exoskeleton","Chitin + Calcium","Holoplanktonic","No","Copepods"
"5213",-0.0901348521519669,0.426542126021654,1,1.25,"Eukaryota","Arthropoda","Copepoda","Calanoida","Eucalanidae","Eucalanus","Eucalanus californicus","Variable","Variable","Variable","Exoskeleton","Exoskeleton","Chitin + Calcium","Holoplanktonic","No","Copepods"
"5214",-0.0901348521519669,0.426542126021654,1,1.25,"Eukaryota","Arthropoda","Malacostraca","Decapoda","Grapsidae","Pachygrapsus","Pachygrapsus crassipes","Variable","No","Variable","None","Exoskeleton","Calcite","Meroplanktonic","No","Crabs, lobsters, shrimp"
"5652",-0.0901348521519669,0.426542126021654,1,1.25,"Eukaryota","Arthropoda","Copepoda","Poecilostomatoida","Oncaeidae","Oncaea","Oncaea sp.","Variable","Variable","Variable","Exoskeleton","Exoskeleton","Chitin + Calcium","Holoplanktonic","No","Parasitic or predatory copepods"
"5653",-0.0901348521519669,0.426542126021654,1,1.25,"Eukaryota","Arthropoda","Copepoda","Calanoida","Lucicutiidae","Lucicutia","Lucicutia flavicornis","Variable","Variable","Variable","Exoskeleton","Exoskeleton","Chitin + Calcium","Holoplanktonic","No","Copepods"
"5793",-0.0901348521519669,0.426542126021654,1,1.25,"Eukaryota","Arthropoda","Copepoda","Calanoida","Eucalanidae","Eucalanus","Eucalanus californicus","Variable","Variable","Variable","Exoskeleton","Exoskeleton","Chitin + Calcium","Holoplanktonic","No","Copepods"
"5965",-0.0901348521519669,0.426542126021654,1,1.25,"Eukaryota","Arthropoda","Copepoda","Calanoida","Eucalanidae","Rhincalanus","Rhincalanus nasutus","Variable","Variable","Variable","Exoskeleton","Exoskeleton","Chitin + Calcium","Holoplanktonic","No","Copepods"
"5966",-0.0901348521519669,0.426542126021654,1,1.25,"Eukaryota","Arthropoda","Copepoda","Calanoida","Eucalanidae","Eucalanus","Eucalanus californicus","Variable","Variable","Variable","Exoskeleton","Exoskeleton","Chitin + Calcium","Holoplanktonic","No","Copepods"
"6571",-0.0901348521519669,0.426542126021654,1,1.25,"Eukaryota","Arthropoda","Ostracoda","Halocyprida","Halocyprididae",NA,NA,"Variable","No","Variable","None","Exoskeleton","Chitin + Calcium","Holoplanktonic","No","Ostracods (seed shrimp)"
"7326",-0.0901348521519669,0.426542126021654,1,1.25,"Eukaryota","Arthropoda","Ostracoda","Halocyprida","Halocyprididae","Proceroecia","Proceroecia procera","Variable","No","Variable","None","Exoskeleton","Chitin + Calcium","Holoplanktonic","No","Ostracods (seed shrimp)"
"1223",-0.0916120219123179,0.418970732682718,2,2.5,"Eukaryota","Mollusca","Gastropoda","Nudibranchia","Glaucidae","Hermissenda","Hermissenda opalescens","Variable","Variable","No","External shell","None","Aragonite","Meroplanktonic","No","Shell-less sea slugs"
"4506",-0.0917967955809401,0.418029142831447,3,3.75,"Eukaryota","Mollusca","Gastropoda","Littorinimorpha","Vermetidae","Thylacodes","Thylacodes squamigerus","Yes","Yes","Yes","External shell","External shell","Aragonite/Calcite","Meroplanktonic","No","Periwinkles and related snails"
"2759",-0.0921528731433176,0.41621805490282,3,3.75,"Eukaryota","Arthropoda","Malacostraca","Euphausiacea","Euphausiidae","Nyctiphanes","Nyctiphanes simplex","Variable","No","Variable","None","Exoskeleton","Chitin + Calcium","Holoplanktonic","No","Krill"
"242",-0.0923485739252996,0.415224615073556,10,12.5,"Eukaryota","Echinodermata","Echinoidea","Camarodonta","Strongylocentrotidae","Mesocentrotus",NA,"Yes","Yes","Yes","Internal skeleton","Exoskeleton","Calcite","Meroplanktonic","No","Sea urchins"
"4709",-0.0937908299302545,0.407945745721593,3,3.75,"Eukaryota","Arthropoda","Copepoda","Calanoida","Eucalanidae","Eucalanus","Eucalanus californicus","Variable","Variable","Variable","Exoskeleton","Exoskeleton","Chitin + Calcium","Holoplanktonic","No","Copepods"
"219",-0.0943926167211731,0.404930793742615,34,42.5,"Eukaryota","Arthropoda","Copepoda","Calanoida","Acartiidae","Acartia","Acartia tonsa","Variable","Variable","Variable","Exoskeleton","Exoskeleton","Chitin + Calcium","Holoplanktonic","No","Copepods"
"627",-0.0950070063223435,0.401866220745227,1,1.25,"Eukaryota","Arthropoda","Copepoda","Calanoida","Pontellidae","Labidocera","Labidocera trispinosa","Variable","Variable","Variable","Exoskeleton","Exoskeleton","Chitin + Calcium","Holoplanktonic","No","Copepods"
"686",-0.0950070063223435,0.401866220745227,1,1.25,"Eukaryota","Arthropoda","Copepoda","Calanoida","Pontellidae","Labidocera","Labidocera trispinosa","Variable","Variable","Variable","Exoskeleton","Exoskeleton","Chitin + Calcium","Holoplanktonic","No","Copepods"
"841",-0.0950070063223435,0.401866220745227,1,1.25,"Eukaryota","Arthropoda","Copepoda","Calanoida","Pontellidae","Labidocera","Labidocera trispinosa","Variable","Variable","Variable","Exoskeleton","Exoskeleton","Chitin + Calcium","Holoplanktonic","No","Copepods"
"1128",-0.0950070063223435,0.401866220745227,1,1.25,"Eukaryota","Chordata","Actinopteri","Argentiniformes","Bathylagidae","Leuroglossus","Leuroglossus stilbius","No","No","No","None","None","None","Meroplanktonic","No","Deep-sea smelts and related fish"
"1347",-0.0950070063223435,0.401866220745227,1,1.25,"Eukaryota","Arthropoda","Copepoda","Calanoida","Pontellidae","Labidocera","Labidocera trispinosa","Variable","Variable","Variable","Exoskeleton","Exoskeleton","Chitin + Calcium","Holoplanktonic","No","Copepods"
"1413",-0.0950070063223435,0.401866220745227,1,1.25,"Eukaryota","Chordata","Actinopteri","Argentiniformes","Bathylagidae","Leuroglossus","Leuroglossus stilbius","No","No","No","None","None","None","Meroplanktonic","No","Deep-sea smelts and related fish"
"1512",-0.0950070063223435,0.401866220745227,1,1.25,"Eukaryota","Cnidaria","Hydrozoa","Anthoathecata","Pandeidae","Leuckartiara","Leuckartiara longicalcar","No","No","No","None","None","None","Benthic + Holoplanktonic","No","Colonial hydroids and small medusae"
"1629",-0.0950070063223435,0.401866220745227,1,1.25,"Eukaryota","Arthropoda","Copepoda","Calanoida","Pontellidae","Labidocera","Labidocera trispinosa","Variable","Variable","Variable","Exoskeleton","Exoskeleton","Chitin + Calcium","Holoplanktonic","No","Copepods"
"1986",-0.0950070063223435,0.401866220745227,1,1.25,"Eukaryota","Chordata","Actinopteri","Argentiniformes","Bathylagidae","Leuroglossus","Leuroglossus stilbius","No","No","No","None","None","None","Meroplanktonic","No","Deep-sea smelts and related fish"
"2084",-0.0950070063223435,0.401866220745227,1,1.25,"Eukaryota","Chordata","Actinopteri","Argentiniformes","Bathylagidae","Leuroglossus","Leuroglossus stilbius","No","No","No","None","None","None","Meroplanktonic","No","Deep-sea smelts and related fish"
"2311",-0.0950070063223435,0.401866220745227,1,1.25,"Eukaryota","Arthropoda","Malacostraca","Decapoda","Blepharipodidae",NA,NA,"Variable","No","Variable","None","Exoskeleton","Calcite","Meroplanktonic","No","Crabs, lobsters, shrimp"
"2540",-0.0950070063223435,0.401866220745227,1,1.25,"Eukaryota","Arthropoda","Copepoda","Calanoida","Eucalanidae","Eucalanus","Eucalanus californicus","Variable","Variable","Variable","Exoskeleton","Exoskeleton","Chitin + Calcium","Holoplanktonic","No","Copepods"
"2599",-0.0950070063223435,0.401866220745227,1,1.25,"Eukaryota","Bryozoa","Gymnolaemata","Cheilostomatida","Membraniporidae","Membranipora","Membranipora villosa","Yes","Yes","Yes","External shell","External shell","Calcite","Meroplanktonic","No","Encrusting bryozoans"
"2716",-0.0950070063223435,0.401866220745227,1,1.25,"Eukaryota","Chordata","Actinopteri","Argentiniformes","Bathylagidae","Leuroglossus","Leuroglossus stilbius","No","No","No","None","None","None","Meroplanktonic","No","Deep-sea smelts and related fish"
"3030",-0.0950070063223435,0.401866220745227,1,1.25,"Eukaryota","Arthropoda","Copepoda","Calanoida","Eucalanidae","Eucalanus","Eucalanus californicus","Variable","Variable","Variable","Exoskeleton","Exoskeleton","Chitin + Calcium","Holoplanktonic","No","Copepods"
"3502",-0.0950070063223435,0.401866220745227,1,1.25,"Eukaryota","Mollusca","Gastropoda","Nudibranchia","Glaucidae","Hermissenda","Hermissenda opalescens","Variable","Variable","No","External shell","None","Aragonite","Meroplanktonic","No","Shell-less sea slugs"
"3503",-0.0950070063223435,0.401866220745227,1,1.25,"Eukaryota","Arthropoda","Copepoda","Calanoida","Pontellidae","Labidocera","Labidocera trispinosa","Variable","Variable","Variable","Exoskeleton","Exoskeleton","Chitin + Calcium","Holoplanktonic","No","Copepods"
"3568",-0.0950070063223435,0.401866220745227,1,1.25,"Eukaryota","Arthropoda","Copepoda","Calanoida","Pontellidae","Labidocera","Labidocera trispinosa","Variable","Variable","Variable","Exoskeleton","Exoskeleton","Chitin + Calcium","Holoplanktonic","No","Copepods"
"3569",-0.0950070063223435,0.401866220745227,1,1.25,"Eukaryota","Arthropoda","Copepoda","Calanoida","Pontellidae","Labidocera","Labidocera trispinosa","Variable","Variable","Variable","Exoskeleton","Exoskeleton","Chitin + Calcium","Holoplanktonic","No","Copepods"
"3695",-0.0950070063223435,0.401866220745227,1,1.25,"Eukaryota","Echinodermata","Ophiuroidea","Amphilepidida","Ophiactidae","Ophiopholis","Ophiopholis sp. EAC01","Yes","Yes","Yes","Internal skeleton","Internal skeleton","Calcite","Meroplanktonic","No","Brittle stars"
"4031",-0.0950070063223435,0.401866220745227,1,1.25,"Eukaryota","Mollusca","Gastropoda","Nudibranchia","Glaucidae","Hermissenda","Hermissenda opalescens","Variable","Variable","No","External shell","None","Aragonite","Meroplanktonic","No","Shell-less sea slugs"
"4125",-0.0950070063223435,0.401866220745227,1,1.25,"Eukaryota","Arthropoda","Malacostraca","Decapoda","Portunidae",NA,NA,"Variable","No","Variable","None","Exoskeleton","Calcite","Meroplanktonic","No","Crabs, lobsters, shrimp"
"4914",-0.0950070063223435,0.401866220745227,1,1.25,"Eukaryota","Arthropoda","Copepoda","Poecilostomatoida","Oncaeidae","Oncaea","Oncaea sp.","Variable","Variable","Variable","Exoskeleton","Exoskeleton","Chitin + Calcium","Holoplanktonic","No","Parasitic or predatory copepods"
"5029",-0.0950070063223435,0.401866220745227,1,1.25,"Eukaryota","Bryozoa","Gymnolaemata","Cheilostomatida","Membraniporidae","Membranipora","Membranipora villosa","Yes","Yes","Yes","External shell","External shell","Calcite","Meroplanktonic","No","Encrusting bryozoans"
"5030",-0.0950070063223435,0.401866220745227,1,1.25,"Eukaryota","Arthropoda","Malacostraca","Decapoda","Hippolytidae","Spirontocaris","Spirontocaris holmesi","Variable","No","Variable","None","Exoskeleton","Calcite","Meroplanktonic","No","Crabs, lobsters, shrimp"
"5167",-0.0950070063223435,0.401866220745227,1,1.25,"Eukaryota","Bryozoa","Gymnolaemata","Cheilostomatida","Bugulidae","Bugula","Bugula neritina","Yes","Yes","Yes","External shell","External shell","Calcite","Meroplanktonic","No","Encrusting bryozoans"
"5168",-0.0950070063223435,0.401866220745227,1,1.25,"Eukaryota","Arthropoda","Copepoda","Calanoida","Eucalanidae","Eucalanus","Eucalanus californicus","Variable","Variable","Variable","Exoskeleton","Exoskeleton","Chitin + Calcium","Holoplanktonic","No","Copepods"
"5759",-0.0950070063223435,0.401866220745227,1,1.25,"Eukaryota","Arthropoda","Copepoda","Calanoida","Lucicutiidae","Lucicutia","Lucicutia flavicornis","Variable","Variable","Variable","Exoskeleton","Exoskeleton","Chitin + Calcium","Holoplanktonic","No","Copepods"
"5760",-0.0950070063223435,0.401866220745227,1,1.25,"Eukaryota","Arthropoda","Malacostraca","Euphausiacea","Euphausiidae","Nyctiphanes","Nyctiphanes simplex","Variable","No","Variable","None","Exoskeleton","Chitin + Calcium","Holoplanktonic","No","Krill"
"5761",-0.0950070063223435,0.401866220745227,1,1.25,"Eukaryota","Bryozoa","Gymnolaemata","Cheilostomatida","Membraniporidae","Membranipora","Membranipora villosa","Yes","Yes","Yes","External shell","External shell","Calcite","Meroplanktonic","No","Encrusting bryozoans"
"5927",-0.0950070063223435,0.401866220745227,1,1.25,"Eukaryota","Arthropoda","Copepoda","Poecilostomatoida","Oncaeidae","Oncaea","Oncaea sp.","Variable","Variable","Variable","Exoskeleton","Exoskeleton","Chitin + Calcium","Holoplanktonic","No","Parasitic or predatory copepods"
"6523",-0.0950070063223435,0.401866220745227,1,1.25,"Eukaryota","Echinodermata","Ophiuroidea","Amphilepidida","Amphiuridae","Amphipholis","Amphipholis pugetana","Yes","Yes","Yes","Internal skeleton","Internal skeleton","Calcite","Meroplanktonic","No","Brittle stars"
"6524",-0.0950070063223435,0.401866220745227,1,1.25,"Eukaryota","Arthropoda","Malacostraca","Amphipoda","Paraphronimidae","Paraphronima",NA,"Variable","Yes","Yes","Exoskeleton","Exoskeleton","Chitin + Calcium","Benthic + Holoplanktonic","No","Amphipods"
"6792",-0.0950070063223435,0.401866220745227,1,1.25,"Eukaryota","Annelida","Polychaeta","Chaetopteridae","Chaetopteridae","Phyllochaetopterus","Phyllochaetopterus sp. 5 JM_2017","No","No","No","None","None","None","Benthic + Meroplanktonic","No","Tube-dwelling marine polychaetes"
"6793",-0.0950070063223435,0.401866220745227,1,1.25,"Eukaryota","Arthropoda","Copepoda","Calanoida","Pontellidae",NA,NA,"Variable","Variable","Variable","Exoskeleton","Exoskeleton","Chitin + Calcium","Holoplanktonic","No","Copepods"
"7525",-0.0950070063223435,0.401866220745227,1,1.25,"Eukaryota","Arthropoda","Malacostraca","Decapoda","Paguridae","Pagurus","Pagurus redondoensis","Variable","No","Variable","None","Exoskeleton","Calcite","Meroplanktonic","No","Crabs, lobsters, shrimp"
"7670",-0.0950070063223435,0.401866220745227,1,1.25,"Eukaryota","Arthropoda","Malacostraca","Decapoda","Sergestidae","Eusergestes","Eusergestes similis","Variable","No","Variable","None","Exoskeleton","Calcite","Meroplanktonic","No","Crabs, lobsters, shrimp"
"597",-0.0961104239264518,0.39639676413268,4,5,"Eukaryota","Arthropoda","Copepoda","Calanoida","Pontellidae","Labidocera","Labidocera trispinosa","Variable","Variable","Variable","Exoskeleton","Exoskeleton","Chitin + Calcium","Holoplanktonic","No","Copepods"
"1026",-0.0964811456387504,0.394569095824468,32,40,"Eukaryota","Arthropoda","Copepoda","Calanoida","Metridinidae","Metridia","Metridia lucens","Variable","Variable","Variable","Exoskeleton","Exoskeleton","Chitin + Calcium","Holoplanktonic","No","Copepods"
"714",-0.0987792958856623,0.383351120946455,4,5,"Eukaryota","Arthropoda","Copepoda","Calanoida","Pontellidae","Labidocera","Labidocera trispinosa","Variable","Variable","Variable","Exoskeleton","Exoskeleton","Chitin + Calcium","Holoplanktonic","No","Copepods"
"2273",-0.0989357833613158,0.382594289537638,2,2.5,"Eukaryota","Arthropoda","Copepoda","Calanoida","Eucalanidae","Eucalanus","Eucalanus californicus","Variable","Variable","Variable","Exoskeleton","Exoskeleton","Chitin + Calcium","Holoplanktonic","No","Copepods"
"984",-0.0997017174657223,0.378902921062687,3,3.75,"Eukaryota","Arthropoda","Copepoda","Calanoida","Pontellidae","Labidocera","Labidocera trispinosa","Variable","Variable","Variable","Exoskeleton","Exoskeleton","Chitin + Calcium","Holoplanktonic","No","Copepods"
"4936",-0.0998458365591203,0.378210759158762,2,2.5,"Eukaryota","Arthropoda","Malacostraca","Decapoda","Sicyoniidae",NA,NA,"Variable","No","Variable","None","Exoskeleton","Calcite","Meroplanktonic","No","Crabs, lobsters, shrimp"
"357",-0.0998791604927201,0.378050822804697,1,1.25,"Eukaryota","Arthropoda","Copepoda","Calanoida","Pontellidae","Labidocera","Labidocera trispinosa","Variable","Variable","Variable","Exoskeleton","Exoskeleton","Chitin + Calcium","Holoplanktonic","No","Copepods"
"397",-0.0998791604927201,0.378050822804697,1,1.25,"Eukaryota","Arthropoda","Copepoda","Calanoida","Pontellidae","Labidocera","Labidocera trispinosa","Variable","Variable","Variable","Exoskeleton","Exoskeleton","Chitin + Calcium","Holoplanktonic","No","Copepods"
"1117",-0.0998791604927201,0.378050822804697,1,1.25,"Eukaryota","Arthropoda","Copepoda","Calanoida","Pontellidae","Labidocera","Labidocera trispinosa","Variable","Variable","Variable","Exoskeleton","Exoskeleton","Chitin + Calcium","Holoplanktonic","No","Copepods"
"1322",-0.0998791604927201,0.378050822804697,1,1.25,"Eukaryota","Arthropoda","Copepoda","Calanoida","Pontellidae","Labidocera","Labidocera trispinosa","Variable","Variable","Variable","Exoskeleton","Exoskeleton","Chitin + Calcium","Holoplanktonic","No","Copepods"
"1627",-0.0998791604927201,0.378050822804697,1,1.25,"Eukaryota","Cnidaria","Hydrozoa","Siphonophorae","Resomiidae","Resomia","Resomia ornicephala","No","No","No","None","None","None","Holoplanktonic","No","Colonial hydrozoans (e.g., Portuguese man o' war)"
"2334",-0.0998791604927201,0.378050822804697,1,1.25,"Eukaryota","Cnidaria","Hydrozoa","Siphonophorae","Diphyidae","Lensia","Lensia conoidea","No","No","No","None","None","None","Holoplanktonic","No","Colonial hydrozoans (e.g., Portuguese man o' war)"
"2407",-0.0998791604927201,0.378050822804697,1,1.25,"Eukaryota","Arthropoda","Copepoda","Calanoida","Pontellidae","Labidocera","Labidocera trispinosa","Variable","Variable","Variable","Exoskeleton","Exoskeleton","Chitin + Calcium","Holoplanktonic","No","Copepods"
"2438",-0.0998791604927201,0.378050822804697,1,1.25,"Eukaryota","Arthropoda","Copepoda","Calanoida","Eucalanidae","Eucalanus","Eucalanus californicus","Variable","Variable","Variable","Exoskeleton","Exoskeleton","Chitin + Calcium","Holoplanktonic","No","Copepods"
"2712",-0.0998791604927201,0.378050822804697,1,1.25,"Eukaryota","Arthropoda","Copepoda","Calanoida","Eucalanidae","Eucalanus","Eucalanus californicus","Variable","Variable","Variable","Exoskeleton","Exoskeleton","Chitin + Calcium","Holoplanktonic","No","Copepods"
"2941",-0.0998791604927201,0.378050822804697,1,1.25,"Eukaryota","Arthropoda","Copepoda","Calanoida","Pontellidae","Labidocera",NA,"Variable","Variable","Variable","Exoskeleton","Exoskeleton","Chitin + Calcium","Holoplanktonic","No","Copepods"
"3124",-0.0998791604927201,0.378050822804697,1,1.25,"Eukaryota","Arthropoda","Copepoda","Calanoida","Pontellidae","Labidocera","Labidocera trispinosa","Variable","Variable","Variable","Exoskeleton","Exoskeleton","Chitin + Calcium","Holoplanktonic","No","Copepods"
"3230",-0.0998791604927201,0.378050822804697,1,1.25,"Eukaryota","Arthropoda","Copepoda","Calanoida","Eucalanidae","Eucalanus","Eucalanus californicus","Variable","Variable","Variable","Exoskeleton","Exoskeleton","Chitin + Calcium","Holoplanktonic","No","Copepods"
"3380",-0.0998791604927201,0.378050822804697,1,1.25,"Eukaryota","Arthropoda","Copepoda","Calanoida","Calanidae","Calanus","Calanus pacificus","Variable","Variable","Variable","Exoskeleton","Exoskeleton","Chitin + Calcium","Holoplanktonic","No","Copepods"
"3381",-0.0998791604927201,0.378050822804697,1,1.25,"Eukaryota","Arthropoda","Copepoda","Calanoida","Pontellidae","Labidocera","Labidocera trispinosa","Variable","Variable","Variable","Exoskeleton","Exoskeleton","Chitin + Calcium","Holoplanktonic","No","Copepods"
"3687",-0.0998791604927201,0.378050822804697,1,1.25,"Eukaryota","Arthropoda","Copepoda","Calanoida","Pontellidae","Labidocera","Labidocera trispinosa","Variable","Variable","Variable","Exoskeleton","Exoskeleton","Chitin + Calcium","Holoplanktonic","No","Copepods"
"3688",-0.0998791604927201,0.378050822804697,1,1.25,"Eukaryota","Arthropoda","Copepoda","Calanoida","Eucalanidae","Eucalanus","Eucalanus californicus","Variable","Variable","Variable","Exoskeleton","Exoskeleton","Chitin + Calcium","Holoplanktonic","No","Copepods"
"3862",-0.0998791604927201,0.378050822804697,1,1.25,"Eukaryota","Arthropoda","Copepoda","Calanoida","Eucalanidae","Eucalanus","Eucalanus californicus","Variable","Variable","Variable","Exoskeleton","Exoskeleton","Chitin + Calcium","Holoplanktonic","No","Copepods"
"3943",-0.0998791604927201,0.378050822804697,1,1.25,"Eukaryota","Arthropoda","Copepoda","Calanoida","Eucalanidae","Eucalanus","Eucalanus californicus","Variable","Variable","Variable","Exoskeleton","Exoskeleton","Chitin + Calcium","Holoplanktonic","No","Copepods"
"4027",-0.0998791604927201,0.378050822804697,1,1.25,"Eukaryota","Arthropoda","Copepoda","Calanoida","Eucalanidae","Eucalanus","Eucalanus californicus","Variable","Variable","Variable","Exoskeleton","Exoskeleton","Chitin + Calcium","Holoplanktonic","No","Copepods"
"4214",-0.0998791604927201,0.378050822804697,1,1.25,"Eukaryota","Arthropoda","Copepoda","Calanoida","Calanidae","Calanus","Calanus pacificus","Variable","Variable","Variable","Exoskeleton","Exoskeleton","Chitin + Calcium","Holoplanktonic","No","Copepods"
"4392",-0.0998791604927201,0.378050822804697,1,1.25,"Eukaryota","Arthropoda","Copepoda","Calanoida","Pontellidae","Labidocera","Labidocera trispinosa","Variable","Variable","Variable","Exoskeleton","Exoskeleton","Chitin + Calcium","Holoplanktonic","No","Copepods"
"4393",-0.0998791604927201,0.378050822804697,1,1.25,"Eukaryota","Mollusca","Gastropoda","Pteropoda","Cliidae","Clio","Clio pyramidata","Yes","Yes","Yes","External shell","External shell","Aragonite","Holoplanktonic","No","Sea butterflies"
"4586",-0.0998791604927201,0.378050822804697,1,1.25,"Eukaryota","Arthropoda","Copepoda","Calanoida","Scolecitrichidae","Scolecithricella","Scolecithricella dentata","Variable","Variable","Variable","Exoskeleton","Exoskeleton","Chitin + Calcium","Holoplanktonic","No","Copepods"
"4814",-0.0998791604927201,0.378050822804697,1,1.25,"Eukaryota","Arthropoda","Copepoda","Calanoida","Eucalanidae","Eucalanus","Eucalanus californicus","Variable","Variable","Variable","Exoskeleton","Exoskeleton","Chitin + Calcium","Holoplanktonic","No","Copepods"
"5028",-0.0998791604927201,0.378050822804697,1,1.25,"Eukaryota","Arthropoda","Copepoda","Calanoida","Eucalanidae","Eucalanus","Eucalanus californicus","Variable","Variable","Variable","Exoskeleton","Exoskeleton","Chitin + Calcium","Holoplanktonic","No","Copepods"
"5158",-0.0998791604927201,0.378050822804697,1,1.25,"Eukaryota","Arthropoda","Copepoda","Calanoida","Pontellidae","Labidocera","Labidocera trispinosa","Variable","Variable","Variable","Exoskeleton","Exoskeleton","Chitin + Calcium","Holoplanktonic","No","Copepods"
"5159",-0.0998791604927201,0.378050822804697,1,1.25,"Eukaryota","Arthropoda","Copepoda","Calanoida","Eucalanidae","Eucalanus","Eucalanus californicus","Variable","Variable","Variable","Exoskeleton","Exoskeleton","Chitin + Calcium","Holoplanktonic","No","Copepods"
"5466",-0.0998791604927201,0.378050822804697,1,1.25,"Eukaryota","Arthropoda","Copepoda","Calanoida","Eucalanidae","Eucalanus","Eucalanus californicus","Variable","Variable","Variable","Exoskeleton","Exoskeleton","Chitin + Calcium","Holoplanktonic","No","Copepods"
"5616",-0.0998791604927201,0.378050822804697,1,1.25,"Eukaryota","Arthropoda","Copepoda","Harpacticoida","Aegisthidae","Pontostratiotes",NA,"Variable","Variable","Variable","Exoskeleton","Exoskeleton","Chitin + Calcium","Holoplanktonic","No","Harpacticoid copepods"
"5617",-0.0998791604927201,0.378050822804697,1,1.25,"Eukaryota","Arthropoda","Copepoda","Calanoida","Eucalanidae","Eucalanus","Eucalanus californicus","Variable","Variable","Variable","Exoskeleton","Exoskeleton","Chitin + Calcium","Holoplanktonic","No","Copepods"
"5618",-0.0998791604927201,0.378050822804697,1,1.25,"Eukaryota","Arthropoda","Malacostraca","Euphausiacea","Euphausiidae","Hansarsia","Hansarsia difficilis","Variable","No","Variable","None","Exoskeleton","Chitin + Calcium","Holoplanktonic","No","Krill"
"5752",-0.0998791604927201,0.378050822804697,1,1.25,"Eukaryota","Arthropoda","Copepoda","Calanoida","Eucalanidae","Eucalanus","Eucalanus californicus","Variable","Variable","Variable","Exoskeleton","Exoskeleton","Chitin + Calcium","Holoplanktonic","No","Copepods"
"5920",-0.0998791604927201,0.378050822804697,1,1.25,"Eukaryota","Arthropoda","Malacostraca","Decapoda","Blepharipodidae",NA,NA,"Variable","No","Variable","None","Exoskeleton","Calcite","Meroplanktonic","No","Crabs, lobsters, shrimp"
"6103",-0.0998791604927201,0.378050822804697,1,1.25,"Eukaryota","Chaetognatha","Sagittoidea","Aphragmophora","Sagittidae","Pseudosagitta","Pseudosagitta maxima","No","No","No","None","None","None","Holoplanktonic","No","Chaetognaths (arrow worms)"
"6104",-0.0998791604927201,0.378050822804697,1,1.25,"Eukaryota","Arthropoda","Copepoda","Calanoida","Eucalanidae","Rhincalanus",NA,"Variable","Variable","Variable","Exoskeleton","Exoskeleton","Chitin + Calcium","Holoplanktonic","No","Copepods"
"6305",-0.0998791604927201,0.378050822804697,1,1.25,"Eukaryota","Annelida","Polychaeta","Phyllodocida","Alciopidae",NA,NA,"No","No","No","None","None","None","Benthic + Meroplanktonic","No","Active marine polychaetes"
"7009",-0.0998791604927201,0.378050822804697,1,1.25,"Eukaryota","Mollusca","Gastropoda","Littorinimorpha","Atlantidae","Atlanta","Atlanta sp. USNM IZ 1230636","Yes","Yes","Yes","External shell","External shell","Aragonite/Calcite","Meroplanktonic","No","Periwinkles and related snails"
"7266",-0.0998791604927201,0.378050822804697,1,1.25,"Eukaryota","Bryozoa","Gymnolaemata","Cheilostomatida","Membraniporidae",NA,NA,"Yes","Yes","Yes","External shell","External shell","Calcite","Meroplanktonic","No","Encrusting bryozoans"
"7515",-0.0998791604927201,0.378050822804697,1,1.25,"Eukaryota","Arthropoda","Copepoda","Calanoida","Heterorhabdidae","Heterorhabdus","Heterorhabdus habrosomus","Variable","Variable","Variable","Exoskeleton","Exoskeleton","Chitin + Calcium","Holoplanktonic","No","Copepods"
"458",-0.101130660536045,0.372073930014564,8,10,"Eukaryota","Arthropoda","Copepoda","Calanoida","Calanidae","Calanus","Calanus pacificus","Variable","Variable","Variable","Exoskeleton","Exoskeleton","Chitin + Calcium","Holoplanktonic","No","Copepods"
"678",-0.10120120401453,0.371738749025032,7,8.75,"Eukaryota","Arthropoda","Copepoda","Calanoida","Calanidae","Calanus","Calanus pacificus","Variable","Variable","Variable","Exoskeleton","Exoskeleton","Chitin + Calcium","Holoplanktonic","No","Copepods"
"2511",-0.101793015160752,0.368934049147983,5,6.25,"Eukaryota","Arthropoda","Malacostraca","Euphausiacea","Euphausiidae","Nyctiphanes","Nyctiphanes simplex","Variable","No","Variable","None","Exoskeleton","Chitin + Calcium","Holoplanktonic","No","Krill"
"1166",-0.102906415527121,0.363692544528342,3,3.75,"Eukaryota","Chordata","Actinopteri","Pleuronectiformes","Pleuronectidae","Lyopsetta","Lyopsetta exilis","No","No","No","None","None","None","Meroplanktonic","No","Flatfishes (flounders, soles, halibut)"
"331",-0.103096026551279,0.362804495143218,2,2.5,"Eukaryota","Arthropoda","Copepoda","Calanoida","Pontellidae","Labidocera","Labidocera trispinosa","Variable","Variable","Variable","Exoskeleton","Exoskeleton","Chitin + Calcium","Holoplanktonic","No","Copepods"
"407",-0.104751314663097,0.355108545264433,1,1.25,"Eukaryota","Arthropoda","Malacostraca","Euphausiacea","Euphausiidae","Euphausia","Euphausia pacifica","Variable","No","Variable","None","Exoskeleton","Chitin + Calcium","Holoplanktonic","No","Krill"
"571",-0.104751314663097,0.355108545264433,1,1.25,"Eukaryota","Arthropoda","Copepoda","Calanoida","Pontellidae","Labidocera","Labidocera trispinosa","Variable","Variable","Variable","Exoskeleton","Exoskeleton","Chitin + Calcium","Holoplanktonic","No","Copepods"
"892",-0.104751314663097,0.355108545264433,1,1.25,"Eukaryota","Arthropoda","Copepoda","Calanoida","Pontellidae","Labidocera","Labidocera trispinosa","Variable","Variable","Variable","Exoskeleton","Exoskeleton","Chitin + Calcium","Holoplanktonic","No","Copepods"
"927",-0.104751314663097,0.355108545264433,1,1.25,"Eukaryota","Arthropoda","Copepoda","Calanoida","Pontellidae","Labidocera","Labidocera trispinosa","Variable","Variable","Variable","Exoskeleton","Exoskeleton","Chitin + Calcium","Holoplanktonic","No","Copepods"
"1252",-0.104751314663097,0.355108545264433,1,1.25,"Eukaryota","Arthropoda","Copepoda","Calanoida","Pontellidae","Labidocera",NA,"Variable","Variable","Variable","Exoskeleton","Exoskeleton","Chitin + Calcium","Holoplanktonic","No","Copepods"
"1302",-0.104751314663097,0.355108545264433,1,1.25,"Eukaryota","Arthropoda","Copepoda","Calanoida","Pontellidae","Labidocera","Labidocera trispinosa","Variable","Variable","Variable","Exoskeleton","Exoskeleton","Chitin + Calcium","Holoplanktonic","No","Copepods"
"1545",-0.104751314663097,0.355108545264433,1,1.25,"Eukaryota","Arthropoda","Copepoda","Calanoida","Pontellidae","Labidocera","Labidocera trispinosa","Variable","Variable","Variable","Exoskeleton","Exoskeleton","Chitin + Calcium","Holoplanktonic","No","Copepods"
"1753",-0.104751314663097,0.355108545264433,1,1.25,"Eukaryota","Arthropoda","Copepoda","Calanoida","Pontellidae","Labidocera","Labidocera trispinosa","Variable","Variable","Variable","Exoskeleton","Exoskeleton","Chitin + Calcium","Holoplanktonic","No","Copepods"
"1959",-0.104751314663097,0.355108545264433,1,1.25,"Eukaryota","Arthropoda","Copepoda","Calanoida","Eucalanidae","Eucalanus","Eucalanus californicus","Variable","Variable","Variable","Exoskeleton","Exoskeleton","Chitin + Calcium","Holoplanktonic","No","Copepods"
"2370",-0.104751314663097,0.355108545264433,1,1.25,"Eukaryota","Arthropoda","Copepoda","Calanoida","Pontellidae","Labidocera",NA,"Variable","Variable","Variable","Exoskeleton","Exoskeleton","Chitin + Calcium","Holoplanktonic","No","Copepods"
"2450",-0.104751314663097,0.355108545264433,1,1.25,"Eukaryota","Arthropoda","Copepoda","Calanoida","Calanidae","Calanus","Calanus pacificus","Variable","Variable","Variable","Exoskeleton","Exoskeleton","Chitin + Calcium","Holoplanktonic","No","Copepods"
"2451",-0.104751314663097,0.355108545264433,1,1.25,"Eukaryota","Arthropoda","Copepoda","Calanoida","Calanidae","Calanus","Calanus pacificus","Variable","Variable","Variable","Exoskeleton","Exoskeleton","Chitin + Calcium","Holoplanktonic","No","Copepods"
"2493",-0.104751314663097,0.355108545264433,1,1.25,"Eukaryota","Mollusca","Gastropoda","Nudibranchia","Glaucidae","Hermissenda","Hermissenda opalescens","Variable","Variable","No","External shell","None","Aragonite","Meroplanktonic","No","Shell-less sea slugs"
"3140",-0.104751314663097,0.355108545264433,1,1.25,"Eukaryota","Bryozoa","Gymnolaemata","Cheilostomatida","Membraniporidae","Membranipora","Membranipora villosa","Yes","Yes","Yes","External shell","External shell","Calcite","Meroplanktonic","No","Encrusting bryozoans"
"3141",-0.104751314663097,0.355108545264433,1,1.25,"Eukaryota","Arthropoda","Malacostraca","Decapoda","Munididae","Antillimunida","Antillimunida bapensis","Variable","No","Variable","None","Exoskeleton","Calcite","Meroplanktonic","No","Crabs, lobsters, shrimp"
"3468",-0.104751314663097,0.355108545264433,1,1.25,"Eukaryota","Arthropoda","Copepoda","Calanoida","Calanidae","Calanus","Calanus pacificus","Variable","Variable","Variable","Exoskeleton","Exoskeleton","Chitin + Calcium","Holoplanktonic","No","Copepods"
"3526",-0.104751314663097,0.355108545264433,1,1.25,"Eukaryota","Bryozoa","Gymnolaemata","Cheilostomatida","Membraniporidae","Membranipora",NA,"Yes","Yes","Yes","External shell","External shell","Calcite","Meroplanktonic","No","Encrusting bryozoans"
"3527",-0.104751314663097,0.355108545264433,1,1.25,"Eukaryota","Arthropoda","Copepoda","Calanoida","Eucalanidae","Eucalanus","Eucalanus californicus","Variable","Variable","Variable","Exoskeleton","Exoskeleton","Chitin + Calcium","Holoplanktonic","No","Copepods"
"3602",-0.104751314663097,0.355108545264433,1,1.25,"Eukaryota","Arthropoda","Copepoda","Calanoida","Eucalanidae","Eucalanus","Eucalanus californicus","Variable","Variable","Variable","Exoskeleton","Exoskeleton","Chitin + Calcium","Holoplanktonic","No","Copepods"
"4159",-0.104751314663097,0.355108545264433,1,1.25,"Eukaryota","Arthropoda","Copepoda","Calanoida","Eucalanidae","Eucalanus","Eucalanus californicus","Variable","Variable","Variable","Exoskeleton","Exoskeleton","Chitin + Calcium","Holoplanktonic","No","Copepods"
"4246",-0.104751314663097,0.355108545264433,1,1.25,"Eukaryota","Arthropoda","Ostracoda","Halocyprida","Halocyprididae","Discoconchoecia",NA,"Variable","No","Variable","None","Exoskeleton","Chitin + Calcium","Holoplanktonic","No","Ostracods (seed shrimp)"
"4247",-0.104751314663097,0.355108545264433,1,1.25,"Eukaryota","Arthropoda","Copepoda","Calanoida","Eucalanidae","Eucalanus","Eucalanus californicus","Variable","Variable","Variable","Exoskeleton","Exoskeleton","Chitin + Calcium","Holoplanktonic","No","Copepods"
"4334",-0.104751314663097,0.355108545264433,1,1.25,"Eukaryota","Arthropoda","Copepoda","Poecilostomatoida","Oncaeidae","Oncaea","Oncaea sp.","Variable","Variable","Variable","Exoskeleton","Exoskeleton","Chitin + Calcium","Holoplanktonic","No","Parasitic or predatory copepods"
"4629",-0.104751314663097,0.355108545264433,1,1.25,"Eukaryota","Arthropoda","Thecostraca","Balanomorpha","Chthamalidae","Chthamalus","Chthamalus fissus","Yes","Yes","Yes","External shell","External shell","Calcite","Meroplanktonic","No","Barnacles"
"4849",-0.104751314663097,0.355108545264433,1,1.25,"Eukaryota","Arthropoda","Ostracoda","Halocyprida","Halocyprididae","Proceroecia","Proceroecia sp. 1 IK_2020","Variable","No","Variable","None","Exoskeleton","Chitin + Calcium","Holoplanktonic","No","Ostracods (seed shrimp)"
"4952",-0.104751314663097,0.355108545264433,1,1.25,"Eukaryota","Arthropoda","Malacostraca","Decapoda","Sergestidae","Allosergestes","Allosergestes sargassi","Variable","No","Variable","None","Exoskeleton","Calcite","Meroplanktonic","No","Crabs, lobsters, shrimp"
"5516",-0.104751314663097,0.355108545264433,1,1.25,"Eukaryota","Arthropoda","Copepoda","Calanoida","Eucalanidae","Rhincalanus","Rhincalanus nasutus","Variable","Variable","Variable","Exoskeleton","Exoskeleton","Chitin + Calcium","Holoplanktonic","No","Copepods"
"5664",-0.104751314663097,0.355108545264433,1,1.25,"Eukaryota","Arthropoda","Malacostraca","Euphausiacea","Euphausiidae","Euphausia","Euphausia pacifica","Variable","No","Variable","None","Exoskeleton","Chitin + Calcium","Holoplanktonic","No","Krill"
"6362",-0.104751314663097,0.355108545264433,1,1.25,"Eukaryota","Chordata","Actinopteri","Perciformes","Serranidae","Paralabrax","Paralabrax nebulifer","No","No","No","None","None","None","Meroplanktonic","No","Perch-like fishes (most diverse fish group)"
"6583",-0.104751314663097,0.355108545264433,1,1.25,"Eukaryota","Chordata","Actinopteri","Sciaenidae","Sciaenidae","Seriphus","Seriphus politus","No","No","No","None","None","None","Meroplanktonic","No","Drums and croakers (marine fish)"
"6584",-0.104751314663097,0.355108545264433,1,1.25,"Eukaryota","Arthropoda","Malacostraca","Decapoda","Munididae",NA,NA,"Variable","No","Variable","None","Exoskeleton","Calcite","Meroplanktonic","No","Crabs, lobsters, shrimp"
"2833",-0.106366482858372,0.347697309851145,7,8.75,"Eukaryota","Arthropoda","Malacostraca","Euphausiacea","Euphausiidae","Hansarsia","Hansarsia difficilis","Variable","No","Variable","None","Exoskeleton","Chitin + Calcium","Holoplanktonic","No","Krill"
"807",-0.106609622175847,0.346590073990233,3,3.75,"Eukaryota","Arthropoda","Copepoda","Calanoida","Pontellidae","Labidocera","Labidocera trispinosa","Variable","Variable","Variable","Exoskeleton","Exoskeleton","Chitin + Calcium","Holoplanktonic","No","Copepods"
"435",-0.107323015977602,0.343354062900182,7,8.75,"Eukaryota","Arthropoda","Malacostraca","Decapoda","Xanthidae",NA,NA,"Variable","No","Variable","None","Exoskeleton","Calcite","Meroplanktonic","No","Crabs, lobsters, shrimp"
"1910",-0.108132360319374,0.33970581027473,8,10,"Eukaryota","Arthropoda","Copepoda","Calanoida","Calanidae","Calanus","Calanus pacificus","Variable","Variable","Variable","Exoskeleton","Exoskeleton","Chitin + Calcium","Holoplanktonic","No","Copepods"
"306",-0.108449749824413,0.338281803274263,19,23.75,"Eukaryota","Arthropoda","Malacostraca","Decapoda","Cancridae","Romaleon","Romaleon antennarium","Variable","No","Variable","None","Exoskeleton","Calcite","Meroplanktonic","No","Crabs, lobsters, shrimp"
"2488",-0.108946368537165,0.33606121638045,2,2.5,"Eukaryota","Echinodermata","Ophiuroidea","Amphilepidida","Amphiuridae","Amphipholis","Amphipholis pugetana","Yes","Yes","Yes","Internal skeleton","Internal skeleton","Calcite","Meroplanktonic","No","Brittle stars"
"506",-0.109623468833473,0.333048480145834,1,1.25,"Eukaryota","Arthropoda","Copepoda","Calanoida","Pontellidae","Labidocera","Labidocera trispinosa","Variable","Variable","Variable","Exoskeleton","Exoskeleton","Chitin + Calcium","Holoplanktonic","No","Copepods"
"699",-0.109623468833473,0.333048480145834,1,1.25,"Eukaryota","Arthropoda","Copepoda","Calanoida","Pontellidae","Labidocera","Labidocera trispinosa","Variable","Variable","Variable","Exoskeleton","Exoskeleton","Chitin + Calcium","Holoplanktonic","No","Copepods"
"774",-0.109623468833473,0.333048480145834,1,1.25,"Eukaryota","Arthropoda","Copepoda","Calanoida","Pontellidae","Labidocera","Labidocera trispinosa","Variable","Variable","Variable","Exoskeleton","Exoskeleton","Chitin + Calcium","Holoplanktonic","No","Copepods"
"846",-0.109623468833473,0.333048480145834,1,1.25,"Eukaryota","Arthropoda","Copepoda","Calanoida","Pontellidae","Labidocera","Labidocera trispinosa","Variable","Variable","Variable","Exoskeleton","Exoskeleton","Chitin + Calcium","Holoplanktonic","No","Copepods"
"911",-0.109623468833473,0.333048480145834,1,1.25,"Eukaryota","Arthropoda","Malacostraca","Decapoda","Porcellanidae",NA,NA,"Variable","No","Variable","None","Exoskeleton","Calcite","Meroplanktonic","No","Crabs, lobsters, shrimp"
"1034",-0.109623468833473,0.333048480145834,1,1.25,"Eukaryota","Arthropoda","Malacostraca","Decapoda","Pinnotheridae","Pinnixa","Pinnixa franciscana","Variable","No","Variable","None","Exoskeleton","Calcite","Meroplanktonic","No","Crabs, lobsters, shrimp"
"1058",-0.109623468833473,0.333048480145834,1,1.25,"Eukaryota","Arthropoda","Copepoda","Calanoida","Pontellidae","Labidocera","Labidocera trispinosa","Variable","Variable","Variable","Exoskeleton","Exoskeleton","Chitin + Calcium","Holoplanktonic","No","Copepods"
"1093",-0.109623468833473,0.333048480145834,1,1.25,"Eukaryota","Arthropoda","Copepoda","Calanoida","Pontellidae","Labidocera","Labidocera trispinosa","Variable","Variable","Variable","Exoskeleton","Exoskeleton","Chitin + Calcium","Holoplanktonic","No","Copepods"
"1118",-0.109623468833473,0.333048480145834,1,1.25,"Eukaryota","Arthropoda","Copepoda","Calanoida","Pontellidae","Labidocera","Labidocera trispinosa","Variable","Variable","Variable","Exoskeleton","Exoskeleton","Chitin + Calcium","Holoplanktonic","No","Copepods"
"1145",-0.109623468833473,0.333048480145834,1,1.25,"Eukaryota","Arthropoda","Copepoda","Calanoida","Pontellidae","Labidocera","Labidocera trispinosa","Variable","Variable","Variable","Exoskeleton","Exoskeleton","Chitin + Calcium","Holoplanktonic","No","Copepods"
"1244",-0.109623468833473,0.333048480145834,1,1.25,"Eukaryota","Arthropoda","Copepoda","Calanoida","Pontellidae","Labidocera","Labidocera trispinosa","Variable","Variable","Variable","Exoskeleton","Exoskeleton","Chitin + Calcium","Holoplanktonic","No","Copepods"
"1365",-0.109623468833473,0.333048480145834,1,1.25,"Eukaryota","Arthropoda","Copepoda","Calanoida","Calanidae","Calanus","Calanus pacificus","Variable","Variable","Variable","Exoskeleton","Exoskeleton","Chitin + Calcium","Holoplanktonic","No","Copepods"
"1382",-0.109623468833473,0.333048480145834,1,1.25,"Eukaryota","Arthropoda","Copepoda","Calanoida","Pontellidae","Labidocera","Labidocera trispinosa","Variable","Variable","Variable","Exoskeleton","Exoskeleton","Chitin + Calcium","Holoplanktonic","No","Copepods"
"1407",-0.109623468833473,0.333048480145834,1,1.25,"Eukaryota","Arthropoda","Copepoda","Calanoida","Pontellidae","Labidocera","Labidocera trispinosa","Variable","Variable","Variable","Exoskeleton","Exoskeleton","Chitin + Calcium","Holoplanktonic","No","Copepods"
"1607",-0.109623468833473,0.333048480145834,1,1.25,"Eukaryota","Arthropoda","Copepoda","Calanoida","Pontellidae","Labidocera","Labidocera trispinosa","Variable","Variable","Variable","Exoskeleton","Exoskeleton","Chitin + Calcium","Holoplanktonic","No","Copepods"
"1704",-0.109623468833473,0.333048480145834,1,1.25,"Eukaryota","Arthropoda","Copepoda","Calanoida","Pontellidae","Labidocera","Labidocera trispinosa","Variable","Variable","Variable","Exoskeleton","Exoskeleton","Chitin + Calcium","Holoplanktonic","No","Copepods"
"1820",-0.109623468833473,0.333048480145834,1,1.25,"Eukaryota","Arthropoda","Copepoda","Calanoida","Pontellidae","Labidocera","Labidocera trispinosa","Variable","Variable","Variable","Exoskeleton","Exoskeleton","Chitin + Calcium","Holoplanktonic","No","Copepods"
"1855",-0.109623468833473,0.333048480145834,1,1.25,"Eukaryota","Arthropoda","Copepoda","Calanoida","Calanidae","Calanus","Calanus pacificus","Variable","Variable","Variable","Exoskeleton","Exoskeleton","Chitin + Calcium","Holoplanktonic","No","Copepods"
"1921",-0.109623468833473,0.333048480145834,1,1.25,"Eukaryota","Arthropoda","Copepoda","Calanoida","Pontellidae","Labidocera","Labidocera trispinosa","Variable","Variable","Variable","Exoskeleton","Exoskeleton","Chitin + Calcium","Holoplanktonic","No","Copepods"
"1954",-0.109623468833473,0.333048480145834,1,1.25,"Eukaryota","Arthropoda","Copepoda","Calanoida","Pontellidae","Labidocera","Labidocera trispinosa","Variable","Variable","Variable","Exoskeleton","Exoskeleton","Chitin + Calcium","Holoplanktonic","No","Copepods"
"2091",-0.109623468833473,0.333048480145834,1,1.25,"Eukaryota","Arthropoda","Copepoda","Calanoida","Pontellidae","Labidocera","Labidocera trispinosa","Variable","Variable","Variable","Exoskeleton","Exoskeleton","Chitin + Calcium","Holoplanktonic","No","Copepods"
"2151",-0.109623468833473,0.333048480145834,1,1.25,"Eukaryota","Arthropoda","Copepoda","Calanoida","Pontellidae","Labidocera","Labidocera trispinosa","Variable","Variable","Variable","Exoskeleton","Exoskeleton","Chitin + Calcium","Holoplanktonic","No","Copepods"
"2152",-0.109623468833473,0.333048480145834,1,1.25,"Eukaryota","Arthropoda","Copepoda","Calanoida","Calanidae","Calanus","Calanus pacificus","Variable","Variable","Variable","Exoskeleton","Exoskeleton","Chitin + Calcium","Holoplanktonic","No","Copepods"
"2153",-0.109623468833473,0.333048480145834,1,1.25,"Eukaryota","Arthropoda","Copepoda","Calanoida","Calanidae","Calanus","Calanus pacificus","Variable","Variable","Variable","Exoskeleton","Exoskeleton","Chitin + Calcium","Holoplanktonic","No","Copepods"
"2474",-0.109623468833473,0.333048480145834,1,1.25,"Eukaryota","Arthropoda","Copepoda","Calanoida","Pontellidae",NA,NA,"Variable","Variable","Variable","Exoskeleton","Exoskeleton","Chitin + Calcium","Holoplanktonic","No","Copepods"
"2722",-0.109623468833473,0.333048480145834,1,1.25,"Eukaryota","Chordata","Actinopteri","Pleuronectiformes","Paralichthyidae","Paralichthys","Paralichthys californicus","No","No","No","None","None","None","Meroplanktonic","No","Flatfishes (flounders, soles, halibut)"
"2764",-0.109623468833473,0.333048480145834,1,1.25,"Eukaryota","Arthropoda","Thecostraca","Balanomorpha","Balanidae","Balanus","Balanus trigonus","Yes","Yes","Yes","External shell","External shell","Calcite","Meroplanktonic","No","Barnacles"
"2954",-0.109623468833473,0.333048480145834,1,1.25,"Eukaryota","Arthropoda","Copepoda","Calanoida","Pontellidae","Labidocera","Labidocera trispinosa","Variable","Variable","Variable","Exoskeleton","Exoskeleton","Chitin + Calcium","Holoplanktonic","No","Copepods"
"2955",-0.109623468833473,0.333048480145834,1,1.25,"Eukaryota","Arthropoda","Ostracoda","Halocyprida","Halocyprididae","Halocypris","Halocypris inflata","Variable","No","Variable","None","Exoskeleton","Chitin + Calcium","Holoplanktonic","No","Ostracods (seed shrimp)"
"2987",-0.109623468833473,0.333048480145834,1,1.25,"Eukaryota","Arthropoda","Malacostraca","Euphausiacea","Euphausiidae","Nyctiphanes","Nyctiphanes simplex","Variable","No","Variable","None","Exoskeleton","Chitin + Calcium","Holoplanktonic","No","Krill"
"3188",-0.109623468833473,0.333048480145834,1,1.25,"Eukaryota","Arthropoda","Copepoda","Calanoida","Pontellidae","Labidocera","Labidocera trispinosa","Variable","Variable","Variable","Exoskeleton","Exoskeleton","Chitin + Calcium","Holoplanktonic","No","Copepods"
"3590",-0.109623468833473,0.333048480145834,1,1.25,"Eukaryota","Arthropoda","Thecostraca","Balanomorpha","Balanidae","Balanus","Balanus trigonus","Yes","Yes","Yes","External shell","External shell","Calcite","Meroplanktonic","No","Barnacles"
"3810",-0.109623468833473,0.333048480145834,1,1.25,"Eukaryota","Bryozoa","Gymnolaemata","Cheilostomatida","Membraniporidae","Membranipora","Membranipora villosa","Yes","Yes","Yes","External shell","External shell","Calcite","Meroplanktonic","No","Encrusting bryozoans"
"3883",-0.109623468833473,0.333048480145834,1,1.25,"Eukaryota","Arthropoda","Copepoda","Calanoida","Metridinidae","Pleuromamma","Pleuromamma borealis","Variable","Variable","Variable","Exoskeleton","Exoskeleton","Chitin + Calcium","Holoplanktonic","No","Copepods"
"4324",-0.109623468833473,0.333048480145834,1,1.25,"Eukaryota","Arthropoda","Malacostraca","Decapoda","Callianassidae",NA,NA,"Variable","No","Variable","None","Exoskeleton","Calcite","Meroplanktonic","No","Crabs, lobsters, shrimp"
"4412",-0.109623468833473,0.333048480145834,1,1.25,"Eukaryota","Arthropoda","Copepoda","Calanoida","Calanidae","Calanus","Calanus pacificus","Variable","Variable","Variable","Exoskeleton","Exoskeleton","Chitin + Calcium","Holoplanktonic","No","Copepods"
"4600",-0.109623468833473,0.333048480145834,1,1.25,"Eukaryota","Mollusca","Gastropoda","Nudibranchia","Glaucidae","Hermissenda","Hermissenda opalescens","Variable","Variable","No","External shell","None","Aragonite","Meroplanktonic","No","Shell-less sea slugs"
"4601",-0.109623468833473,0.333048480145834,1,1.25,"Eukaryota","Arthropoda","Malacostraca","Decapoda","Cancridae","Metacarcinus","Metacarcinus gracilis","Variable","No","Variable","None","Exoskeleton","Calcite","Meroplanktonic","No","Crabs, lobsters, shrimp"
"4730",-0.109623468833473,0.333048480145834,1,1.25,"Eukaryota","Arthropoda","Malacostraca","Decapoda","Grapsidae","Pachygrapsus","Pachygrapsus crassipes","Variable","No","Variable","None","Exoskeleton","Calcite","Meroplanktonic","No","Crabs, lobsters, shrimp"
"5052",-0.109623468833473,0.333048480145834,1,1.25,"Eukaryota","Arthropoda","Copepoda","Calanoida","Aetideidae",NA,NA,"Variable","Variable","Variable","Exoskeleton","Exoskeleton","Chitin + Calcium","Holoplanktonic","No","Copepods"
"5201",-0.109623468833473,0.333048480145834,1,1.25,"Eukaryota","Arthropoda","Malacostraca","Euphausiacea","Euphausiidae","Nyctiphanes","Nyctiphanes simplex","Variable","No","Variable","None","Exoskeleton","Chitin + Calcium","Holoplanktonic","No","Krill"
"5490",-0.109623468833473,0.333048480145834,1,1.25,"Eukaryota","Annelida","Polychaeta","Phyllodocida","Phyllodocidae",NA,NA,"No","No","No","None","None","None","Benthic + Meroplanktonic","No","Active marine polychaetes"
"5491",-0.109623468833473,0.333048480145834,1,1.25,"Eukaryota","Arthropoda","Malacostraca","Decapoda","Cancridae",NA,NA,"Variable","No","Variable","None","Exoskeleton","Calcite","Meroplanktonic","No","Crabs, lobsters, shrimp"
"5955",-0.109623468833473,0.333048480145834,1,1.25,"Eukaryota","Arthropoda","Copepoda","Poecilostomatoida","Oncaeidae","Oncaea","Oncaea sp.","Variable","Variable","Variable","Exoskeleton","Exoskeleton","Chitin + Calcium","Holoplanktonic","No","Parasitic or predatory copepods"
"6824",-0.109623468833473,0.333048480145834,1,1.25,"Eukaryota","Arthropoda","Copepoda","Poecilostomatoida","Oncaeidae","Oncaea",NA,"Variable","Variable","Variable","Exoskeleton","Exoskeleton","Chitin + Calcium","Holoplanktonic","No","Parasitic or predatory copepods"
"7041",-0.109623468833473,0.333048480145834,1,1.25,"Eukaryota","Echinodermata","Ophiuroidea","Amphilepidida","Ophiotrichidae","Ophiothrix","Ophiothrix spiculata","Yes","Yes","Yes","Internal skeleton","Internal skeleton","Calcite","Meroplanktonic","No","Brittle stars"
"7043",-0.109623468833473,0.333048480145834,1,1.25,"Eukaryota","Arthropoda","Malacostraca","Decapoda","Inachoididae","Pyromaia","Pyromaia tuberculata","Variable","No","Variable","None","Exoskeleton","Calcite","Meroplanktonic","No","Crabs, lobsters, shrimp"
"171",-0.109662583552644,0.33287496441517,6,7.5,"Eukaryota","Arthropoda","Copepoda","Calanoida","Pontellidae","Labidocera","Labidocera trispinosa","Variable","Variable","Variable","Exoskeleton","Exoskeleton","Chitin + Calcium","Holoplanktonic","No","Copepods"
"1044",-0.109814320237246,0.332202391260419,3,3.75,"Eukaryota","Mollusca","Gastropoda","Nudibranchia","Glaucidae","Hermissenda","Hermissenda opalescens","Variable","Variable","No","External shell","None","Aragonite","Meroplanktonic","No","Shell-less sea slugs"
"129",-0.110050987705846,0.331155082185674,76,95,"Eukaryota","Arthropoda","Copepoda","Calanoida","Paracalanidae","Paracalanus","Paracalanus sp. C AC_2013","Variable","Variable","Variable","Exoskeleton","Exoskeleton","Chitin + Calcium","Holoplanktonic","No","Copepods"
"99",-0.110096146117703,0.33095548377718,10,12.5,"Eukaryota","Arthropoda","Copepoda","Calanoida","Pontellidae","Labidocera","Labidocera trispinosa","Variable","Variable","Variable","Exoskeleton","Exoskeleton","Chitin + Calcium","Holoplanktonic","No","Copepods"
"6781",-0.110099182287148,0.330942066765827,3,3.75,"Eukaryota","Arthropoda","Copepoda","Calanoida","Lucicutiidae","Lucicutia","Lucicutia flavicornis","Variable","Variable","Variable","Exoskeleton","Exoskeleton","Chitin + Calcium","Holoplanktonic","No","Copepods"
"1130",-0.111005668486637,0.326951684548167,7,8.75,"Eukaryota","Arthropoda","Copepoda","Calanoida","Aetideidae",NA,NA,"Variable","Variable","Variable","Exoskeleton","Exoskeleton","Chitin + Calcium","Holoplanktonic","No","Copepods"
"4107",-0.111356412364831,0.32541595563689,6,7.5,"Eukaryota","Arthropoda","Ostracoda","Halocyprida","Halocyprididae","Discoconchoecia","Discoconchoecia sp. S15_D2","Variable","No","Variable","None","Exoskeleton","Chitin + Calcium","Holoplanktonic","No","Ostracods (seed shrimp)"
"1498",-0.111936543329951,0.322885973859978,2,2.5,"Eukaryota","Arthropoda","Copepoda","Calanoida","Eucalanidae","Eucalanus","Eucalanus californicus","Variable","Variable","Variable","Exoskeleton","Exoskeleton","Chitin + Calcium","Holoplanktonic","No","Copepods"
"708",-0.112247789261213,0.321533812456566,4,5,"Eukaryota","Arthropoda","Copepoda","Calanoida","Calanidae","Calanus","Calanus pacificus","Variable","Variable","Variable","Exoskeleton","Exoskeleton","Chitin + Calcium","Holoplanktonic","No","Copepods"
"180",-0.112523246782648,0.320340157310816,45,56.25,"Eukaryota","Arthropoda","Ostracoda","Halocyprida","Halocyprididae","Conchoecetta","Conchoecetta giesbrechti","Variable","No","Variable","None","Exoskeleton","Chitin + Calcium","Holoplanktonic","No","Ostracods (seed shrimp)"
"1227",-0.112536121477405,0.320284436270839,7,8.75,"Eukaryota","Arthropoda","Ostracoda","Halocyprida","Halocyprididae","Conchoecia","Conchoecia magna","Variable","No","Variable","None","Exoskeleton","Chitin + Calcium","Holoplanktonic","No","Ostracods (seed shrimp)"
"3069",-0.112919577475864,0.318627706562146,12,15,"Eukaryota","Arthropoda","Copepoda","Calanoida","Clausocalanidae","Clausocalanus","Clausocalanus pergens","Variable","Variable","Variable","Exoskeleton","Exoskeleton","Chitin + Calcium","Holoplanktonic","No","Copepods"
"1819",-0.113799985592122,0.314844746408729,2,2.5,"Eukaryota","Chordata","Actinopteri","Argentiniformes","Bathylagidae","Leuroglossus","Leuroglossus stilbius","No","No","No","None","None","None","Meroplanktonic","No","Deep-sea smelts and related fish"
"445",-0.114012851704992,0.313934461694164,10,12.5,"Eukaryota","Mollusca","Gastropoda","Nudibranchia","Glaucidae","Hermissenda",NA,"Variable","Variable","No","External shell","None","Aragonite","Meroplanktonic","No","Shell-less sea slugs"
"930",-0.114162227780096,0.313296695784185,7,8.75,"Eukaryota","Arthropoda","Copepoda","Calanoida","Eucalanidae","Eucalanus","Eucalanus californicus","Variable","Variable","Variable","Exoskeleton","Exoskeleton","Chitin + Calcium","Holoplanktonic","No","Copepods"
"937",-0.11449562300385,0.31187627284953,1,1.25,"Eukaryota","Mollusca","Gastropoda","Nudibranchia","Glaucidae","Hermissenda","Hermissenda opalescens","Variable","Variable","No","External shell","None","Aragonite","Meroplanktonic","No","Shell-less sea slugs"
"1095",-0.11449562300385,0.31187627284953,1,1.25,"Eukaryota","Arthropoda","Copepoda","Calanoida","Pontellidae","Labidocera","Labidocera trispinosa","Variable","Variable","Variable","Exoskeleton","Exoskeleton","Chitin + Calcium","Holoplanktonic","No","Copepods"
"1150",-0.11449562300385,0.31187627284953,1,1.25,"Eukaryota","Arthropoda","Copepoda","Calanoida","Eucalanidae","Eucalanus","Eucalanus californicus","Variable","Variable","Variable","Exoskeleton","Exoskeleton","Chitin + Calcium","Holoplanktonic","No","Copepods"
"1243",-0.11449562300385,0.31187627284953,1,1.25,"Eukaryota","Arthropoda","Copepoda","Calanoida","Eucalanidae","Eucalanus","Eucalanus californicus","Variable","Variable","Variable","Exoskeleton","Exoskeleton","Chitin + Calcium","Holoplanktonic","No","Copepods"
"1248",-0.11449562300385,0.31187627284953,1,1.25,"Eukaryota","Chordata","Actinopteri","Argentiniformes","Bathylagidae","Leuroglossus","Leuroglossus stilbius","No","No","No","None","None","None","Meroplanktonic","No","Deep-sea smelts and related fish"
"1299",-0.11449562300385,0.31187627284953,1,1.25,"Eukaryota","Chordata","Actinopteri","Argentiniformes","Bathylagidae","Leuroglossus","Leuroglossus stilbius","No","No","No","None","None","None","Meroplanktonic","No","Deep-sea smelts and related fish"
"1482",-0.11449562300385,0.31187627284953,1,1.25,"Eukaryota","Chordata","Actinopteri","Argentiniformes","Bathylagidae","Leuroglossus","Leuroglossus stilbius","No","No","No","None","None","None","Meroplanktonic","No","Deep-sea smelts and related fish"
"1750",-0.11449562300385,0.31187627284953,1,1.25,"Eukaryota","Arthropoda","Copepoda","Calanoida","Eucalanidae","Eucalanus","Eucalanus californicus","Variable","Variable","Variable","Exoskeleton","Exoskeleton","Chitin + Calcium","Holoplanktonic","No","Copepods"
"1853",-0.11449562300385,0.31187627284953,1,1.25,"Eukaryota","Mollusca","Gastropoda","Nudibranchia","Glaucidae","Hermissenda",NA,"Variable","Variable","No","External shell","None","Aragonite","Meroplanktonic","No","Shell-less sea slugs"
"1919",-0.11449562300385,0.31187627284953,1,1.25,"Eukaryota","Mollusca","Gastropoda","Nudibranchia","Glaucidae","Hermissenda","Hermissenda opalescens","Variable","Variable","No","External shell","None","Aragonite","Meroplanktonic","No","Shell-less sea slugs"
"2291",-0.11449562300385,0.31187627284953,1,1.25,"Eukaryota","Arthropoda","Copepoda","Calanoida","Pontellidae","Labidocera","Labidocera trispinosa","Variable","Variable","Variable","Exoskeleton","Exoskeleton","Chitin + Calcium","Holoplanktonic","No","Copepods"
"2514",-0.11449562300385,0.31187627284953,1,1.25,"Eukaryota","Bryozoa","Gymnolaemata","Cheilostomatida","Membraniporidae","Membranipora","Membranipora villosa","Yes","Yes","Yes","External shell","External shell","Calcite","Meroplanktonic","No","Encrusting bryozoans"
"2684",-0.11449562300385,0.31187627284953,1,1.25,"Eukaryota","Arthropoda","Malacostraca","Euphausiacea","Euphausiidae","Stylocheiron",NA,"Variable","No","Variable","None","Exoskeleton","Chitin + Calcium","Holoplanktonic","No","Krill"
"3182",-0.11449562300385,0.31187627284953,1,1.25,"Eukaryota","Mollusca","Gastropoda","Nudibranchia","Glaucidae","Hermissenda","Hermissenda opalescens","Variable","Variable","No","External shell","None","Aragonite","Meroplanktonic","No","Shell-less sea slugs"
"3183",-0.11449562300385,0.31187627284953,1,1.25,"Eukaryota","Arthropoda","Copepoda","Calanoida","Eucalanidae","Eucalanus","Eucalanus californicus","Variable","Variable","Variable","Exoskeleton","Exoskeleton","Chitin + Calcium","Holoplanktonic","No","Copepods"
"3282",-0.11449562300385,0.31187627284953,1,1.25,"Eukaryota","Mollusca","Gastropoda","Pteropoda","Limacinidae",NA,NA,"Yes","Yes","Yes","External shell","External shell","Aragonite","Holoplanktonic","No","Sea butterflies"
"3511",-0.11449562300385,0.31187627284953,1,1.25,"Eukaryota","Arthropoda","Copepoda","Calanoida","Eucalanidae","Eucalanus","Eucalanus californicus","Variable","Variable","Variable","Exoskeleton","Exoskeleton","Chitin + Calcium","Holoplanktonic","No","Copepods"
"3575",-0.11449562300385,0.31187627284953,1,1.25,"Eukaryota","Arthropoda","Malacostraca","Decapoda","Galatheidae","Janetogalathea","Janetogalathea californiensis","Variable","No","Variable","None","Exoskeleton","Calcite","Meroplanktonic","No","Crabs, lobsters, shrimp"
"3643",-0.11449562300385,0.31187627284953,1,1.25,"Eukaryota","Arthropoda","Copepoda","Calanoida","Eucalanidae","Eucalanus","Eucalanus californicus","Variable","Variable","Variable","Exoskeleton","Exoskeleton","Chitin + Calcium","Holoplanktonic","No","Copepods"
"3795",-0.11449562300385,0.31187627284953,1,1.25,"Eukaryota","Arthropoda","Copepoda","Calanoida","Eucalanidae","Eucalanus","Eucalanus californicus","Variable","Variable","Variable","Exoskeleton","Exoskeleton","Chitin + Calcium","Holoplanktonic","No","Copepods"
"3796",-0.11449562300385,0.31187627284953,1,1.25,"Eukaryota","Arthropoda","Copepoda","Calanoida","Eucalanidae","Eucalanus","Eucalanus californicus","Variable","Variable","Variable","Exoskeleton","Exoskeleton","Chitin + Calcium","Holoplanktonic","No","Copepods"
"3872",-0.11449562300385,0.31187627284953,1,1.25,"Eukaryota","Arthropoda","Copepoda","Calanoida","Calanidae","Calanus","Calanus pacificus","Variable","Variable","Variable","Exoskeleton","Exoskeleton","Chitin + Calcium","Holoplanktonic","No","Copepods"
"4136",-0.11449562300385,0.31187627284953,1,1.25,"Eukaryota","Arthropoda","Malacostraca","Decapoda","Cancridae",NA,NA,"Variable","No","Variable","None","Exoskeleton","Calcite","Meroplanktonic","No","Crabs, lobsters, shrimp"
"4315",-0.11449562300385,0.31187627284953,1,1.25,"Eukaryota","Arthropoda","Ostracoda","Halocyprida","Halocyprididae","Discoconchoecia",NA,"Variable","No","Variable","None","Exoskeleton","Chitin + Calcium","Holoplanktonic","No","Ostracods (seed shrimp)"
"4403",-0.11449562300385,0.31187627284953,1,1.25,"Eukaryota","Arthropoda","Copepoda","Calanoida","Eucalanidae","Eucalanus","Eucalanus californicus","Variable","Variable","Variable","Exoskeleton","Exoskeleton","Chitin + Calcium","Holoplanktonic","No","Copepods"
"4593",-0.11449562300385,0.31187627284953,1,1.25,"Eukaryota","Nemertea","Palaeonemertea","Archinemertea","Cephalotrichidae",NA,NA,"No","No","No","None","None","None","Benthic + Meroplanktonic","No","Ribbon worms (marine benthic)"
"4719",-0.11449562300385,0.31187627284953,1,1.25,"Eukaryota","Arthropoda","Copepoda","Calanoida","Eucalanidae","Eucalanus","Eucalanus californicus","Variable","Variable","Variable","Exoskeleton","Exoskeleton","Chitin + Calcium","Holoplanktonic","No","Copepods"
"4827",-0.11449562300385,0.31187627284953,1,1.25,"Eukaryota","Arthropoda","Copepoda","Calanoida","Calanidae","Calanus","Calanus pacificus","Variable","Variable","Variable","Exoskeleton","Exoskeleton","Chitin + Calcium","Holoplanktonic","No","Copepods"
"5038",-0.11449562300385,0.31187627284953,1,1.25,"Eukaryota","Arthropoda","Copepoda","Calanoida","Eucalanidae","Eucalanus","Eucalanus californicus","Variable","Variable","Variable","Exoskeleton","Exoskeleton","Chitin + Calcium","Holoplanktonic","No","Copepods"
"5184",-0.11449562300385,0.31187627284953,1,1.25,"Eukaryota","Arthropoda","Malacostraca","Euphausiacea","Euphausiidae","Euphausia","Euphausia pacifica","Variable","No","Variable","None","Exoskeleton","Chitin + Calcium","Holoplanktonic","No","Krill"
"5185",-0.11449562300385,0.31187627284953,1,1.25,"Eukaryota","Arthropoda","Copepoda","Calanoida","Calanidae","Calanus","Calanus pacificus","Variable","Variable","Variable","Exoskeleton","Exoskeleton","Chitin + Calcium","Holoplanktonic","No","Copepods"
"5336",-0.11449562300385,0.31187627284953,1,1.25,"Eukaryota","Arthropoda","Thecostraca","Balanomorpha","Balanidae","Solidobalanus","Solidobalanus engbergi","Yes","Yes","Yes","External shell","External shell","Calcite","Meroplanktonic","No","Barnacles"
"5773",-0.11449562300385,0.31187627284953,1,1.25,"Eukaryota","Arthropoda","Copepoda","Calanoida","Eucalanidae","Eucalanus","Eucalanus californicus","Variable","Variable","Variable","Exoskeleton","Exoskeleton","Chitin + Calcium","Holoplanktonic","No","Copepods"
"5941",-0.11449562300385,0.31187627284953,1,1.25,"Eukaryota","Arthropoda","Thecostraca","Balanomorpha","Balanidae","Solidobalanus","Solidobalanus engbergi","Yes","Yes","Yes","External shell","External shell","Calcite","Meroplanktonic","No","Barnacles"
"6122",-0.11449562300385,0.31187627284953,1,1.25,"Eukaryota","Arthropoda","Malacostraca","Decapoda","Pisidae","Chorilia","Chorilia longipes","Variable","No","Variable","None","Exoskeleton","Calcite","Meroplanktonic","No","Crabs, lobsters, shrimp"
"6123",-0.11449562300385,0.31187627284953,1,1.25,"Eukaryota","Cnidaria","Hydrozoa","Trachymedusae","Rhopalonematidae","Rhopalonema","Rhopalonema velatum","No","No","No","None","None","None","Holoplanktonic","No","Deep-sea jellyfish"
"6326",-0.11449562300385,0.31187627284953,1,1.25,"Eukaryota","Arthropoda","Malacostraca","Euphausiacea","Euphausiidae","Hansarsia",NA,"Variable","No","Variable","None","Exoskeleton","Chitin + Calcium","Holoplanktonic","No","Krill"
"6541",-0.11449562300385,0.31187627284953,1,1.25,"Eukaryota","Arthropoda","Thecostraca","Balanomorpha","Balanidae","Megabalanus","Megabalanus californicus","Yes","Yes","Yes","External shell","External shell","Calcite","Meroplanktonic","No","Barnacles"
"6804",-0.11449562300385,0.31187627284953,1,1.25,"Eukaryota","Arthropoda","Copepoda","Calanoida","Eucalanidae","Eucalanus",NA,"Variable","Variable","Variable","Exoskeleton","Exoskeleton","Chitin + Calcium","Holoplanktonic","No","Copepods"
"6805",-0.11449562300385,0.31187627284953,1,1.25,"Eukaryota","Arthropoda","Copepoda","Calanoida","Aetideidae",NA,NA,"Variable","Variable","Variable","Exoskeleton","Exoskeleton","Chitin + Calcium","Holoplanktonic","No","Copepods"
"7538",-0.11449562300385,0.31187627284953,1,1.25,"Eukaryota","Echinodermata","Echinoidea","Spatangoida","Spatangidae","Spatangus",NA,"Yes","Yes","Yes","Internal skeleton","Exoskeleton","Calcite","Meroplanktonic","No","Heart urchins"
"2574",-0.114580031190241,0.311517315064776,2,2.5,"Eukaryota","Arthropoda","Copepoda","Calanoida","Acartiidae","Acartia","Acartia californiensis","Variable","Variable","Variable","Exoskeleton","Exoskeleton","Chitin + Calcium","Holoplanktonic","No","Copepods"
"610",-0.114698715765656,0.311013044157303,5,6.25,"Eukaryota","Arthropoda","Copepoda","Calanoida","Pontellidae","Labidocera","Labidocera trispinosa","Variable","Variable","Variable","Exoskeleton","Exoskeleton","Chitin + Calcium","Holoplanktonic","No","Copepods"
"1552",-0.116344197384652,0.304076115793391,4,5,"Eukaryota","Arthropoda","Copepoda","Calanoida","Eucalanidae","Eucalanus","Eucalanus californicus","Variable","Variable","Variable","Exoskeleton","Exoskeleton","Chitin + Calcium","Holoplanktonic","No","Copepods"
"581",-0.116598256114429,0.303014120991119,5,6.25,"Eukaryota","Mollusca","Gastropoda","Nudibranchia","Glaucidae","Hermissenda","Hermissenda opalescens","Variable","Variable","No","External shell","None","Aragonite","Meroplanktonic","No","Shell-less sea slugs"
"2336",-0.117483534249902,0.29933247211504,2,2.5,"Eukaryota","Bryozoa","Gymnolaemata","Cheilostomatida","Membraniporidae","Membranipora","Membranipora villosa","Yes","Yes","Yes","External shell","External shell","Calcite","Meroplanktonic","No","Encrusting bryozoans"
"4287",-0.117786760734411,0.298078187421313,10,12.5,"Eukaryota","Arthropoda","Copepoda","Calanoida","Euchaetidae","Paraeuchaeta","Paraeuchaeta media","Variable","Variable","Variable","Exoskeleton","Exoskeleton","Chitin + Calcium","Holoplanktonic","No","Copepods"
"528",-0.118050845792903,0.296988618695379,5,6.25,"Eukaryota","Mollusca","Gastropoda","Nudibranchia","Glaucidae","Hermissenda","Hermissenda opalescens","Variable","Variable","No","External shell","None","Aragonite","Meroplanktonic","No","Shell-less sea slugs"
"172",-0.118212015794033,0.296324944401986,30,37.5,"Eukaryota","Arthropoda","Malacostraca","Decapoda","Sergestidae","Eusergestes","Eusergestes similis","Variable","No","Variable","None","Exoskeleton","Calcite","Meroplanktonic","No","Crabs, lobsters, shrimp"
"3175",-0.118523595047393,0.295044668198777,2,2.5,"Eukaryota","Arthropoda","Malacostraca","Decapoda","Epialtidae","Pugettia","Pugettia producta","Variable","No","Variable","None","Exoskeleton","Calcite","Meroplanktonic","No","Crabs, lobsters, shrimp"
"1688",-0.118610266780517,0.294689181859543,2,2.5,"Eukaryota","Arthropoda","Copepoda","Calanoida","Calanidae","Calanus","Calanus pacificus","Variable","Variable","Variable","Exoskeleton","Exoskeleton","Chitin + Calcium","Holoplanktonic","No","Copepods"
"3185",-0.119230303107984,0.292154298986666,4,5,"Eukaryota","Chordata","Actinopteri","Pleuronectiformes","Cynoglossidae","Symphurus","Symphurus atricaudus","No","No","No","None","None","None","Meroplanktonic","No","Flatfishes (flounders, soles, halibut)"
"405",-0.119367777174226,0.291594217716064,1,1.25,"Eukaryota","Arthropoda","Copepoda","Calanoida","Pontellidae","Labidocera","Labidocera trispinosa","Variable","Variable","Variable","Exoskeleton","Exoskeleton","Chitin + Calcium","Holoplanktonic","No","Copepods"
"454",-0.119367777174226,0.291594217716064,1,1.25,"Eukaryota","Arthropoda","Copepoda","Calanoida","Pontellidae","Labidocera","Labidocera trispinosa","Variable","Variable","Variable","Exoskeleton","Exoskeleton","Chitin + Calcium","Holoplanktonic","No","Copepods"
"1021",-0.119367777174226,0.291594217716064,1,1.25,"Eukaryota","Arthropoda","Copepoda","Calanoida","Pontellidae","Labidocera","Labidocera trispinosa","Variable","Variable","Variable","Exoskeleton","Exoskeleton","Chitin + Calcium","Holoplanktonic","No","Copepods"
"1262",-0.119367777174226,0.291594217716064,1,1.25,"Eukaryota","Arthropoda","Copepoda","Calanoida","Pontellidae","Labidocera","Labidocera trispinosa","Variable","Variable","Variable","Exoskeleton","Exoskeleton","Chitin + Calcium","Holoplanktonic","No","Copepods"
"1333",-0.119367777174226,0.291594217716064,1,1.25,"Eukaryota","Arthropoda","Copepoda","Calanoida","Eucalanidae","Eucalanus","Eucalanus californicus","Variable","Variable","Variable","Exoskeleton","Exoskeleton","Chitin + Calcium","Holoplanktonic","No","Copepods"
"1542",-0.119367777174226,0.291594217716064,1,1.25,"Eukaryota","Echinodermata","Echinoidea","Temnopleuroida","Toxopneustidae","Lytechinus","Lytechinus pictus","Yes","Yes","Yes","Internal skeleton","Exoskeleton","Calcite","Meroplanktonic","No","Short-spined sea urchins"
"1559",-0.119367777174226,0.291594217716064,1,1.25,"Eukaryota","Mollusca","Gastropoda","Nudibranchia","Glaucidae","Hermissenda","Hermissenda opalescens","Variable","Variable","No","External shell","None","Aragonite","Meroplanktonic","No","Shell-less sea slugs"
"1808",-0.119367777174226,0.291594217716064,1,1.25,"Eukaryota","Arthropoda","Copepoda","Calanoida","Calanidae","Calanus","Calanus pacificus","Variable","Variable","Variable","Exoskeleton","Exoskeleton","Chitin + Calcium","Holoplanktonic","No","Copepods"
"1842",-0.119367777174226,0.291594217716064,1,1.25,"Eukaryota","Arthropoda","Ostracoda","Halocyprida","Halocyprididae","Conchoecia","Conchoecia magna","Variable","No","Variable","None","Exoskeleton","Chitin + Calcium","Holoplanktonic","No","Ostracods (seed shrimp)"
"2332",-0.119367777174226,0.291594217716064,1,1.25,"Eukaryota","Arthropoda","Copepoda","Calanoida","Calanidae","Calanus","Calanus pacificus","Variable","Variable","Variable","Exoskeleton","Exoskeleton","Chitin + Calcium","Holoplanktonic","No","Copepods"
"2565",-0.119367777174226,0.291594217716064,1,1.25,"Eukaryota","Arthropoda","Copepoda","Calanoida","Pontellidae","Labidocera","Labidocera trispinosa","Variable","Variable","Variable","Exoskeleton","Exoskeleton","Chitin + Calcium","Holoplanktonic","No","Copepods"
"2758",-0.119367777174226,0.291594217716064,1,1.25,"Eukaryota","Arthropoda","Copepoda","Calanoida","Eucalanidae","Eucalanus","Eucalanus californicus","Variable","Variable","Variable","Exoskeleton","Exoskeleton","Chitin + Calcium","Holoplanktonic","No","Copepods"
"2903",-0.119367777174226,0.291594217716064,1,1.25,"Eukaryota","Mollusca","Gastropoda","Nudibranchia","Glaucidae","Hermissenda",NA,"Variable","Variable","No","External shell","None","Aragonite","Meroplanktonic","No","Shell-less sea slugs"
"2939",-0.119367777174226,0.291594217716064,1,1.25,"Eukaryota","Arthropoda","Copepoda","Calanoida","Calanidae","Calanus","Calanus pacificus","Variable","Variable","Variable","Exoskeleton","Exoskeleton","Chitin + Calcium","Holoplanktonic","No","Copepods"
"3270",-0.119367777174226,0.291594217716064,1,1.25,"Eukaryota","Arthropoda","Copepoda","Poecilostomatoida","Oncaeidae","Oncaea","Oncaea sp.","Variable","Variable","Variable","Exoskeleton","Exoskeleton","Chitin + Calcium","Holoplanktonic","No","Parasitic or predatory copepods"
"3499",-0.119367777174226,0.291594217716064,1,1.25,"Eukaryota","Arthropoda","Malacostraca","Decapoda","Panopeidae","Lophopanopeus","Lophopanopeus bellus","Variable","No","Variable","None","Exoskeleton","Calcite","Meroplanktonic","No","Crabs, lobsters, shrimp"
"3561",-0.119367777174226,0.291594217716064,1,1.25,"Eukaryota","Arthropoda","Malacostraca","Euphausiacea","Euphausiidae","Euphausia","Euphausia pacifica","Variable","No","Variable","None","Exoskeleton","Chitin + Calcium","Holoplanktonic","No","Krill"
"3777",-0.119367777174226,0.291594217716064,1,1.25,"Eukaryota","Arthropoda","Copepoda","Calanoida","Eucalanidae","Eucalanus","Eucalanus californicus","Variable","Variable","Variable","Exoskeleton","Exoskeleton","Chitin + Calcium","Holoplanktonic","No","Copepods"
"3779",-0.119367777174226,0.291594217716064,1,1.25,"Eukaryota","Arthropoda","Copepoda","Calanoida","Calanidae","Calanus","Calanus pacificus","Variable","Variable","Variable","Exoskeleton","Exoskeleton","Chitin + Calcium","Holoplanktonic","No","Copepods"
"3859",-0.119367777174226,0.291594217716064,1,1.25,"Eukaryota","Bryozoa","Gymnolaemata","Cheilostomatida","Membraniporidae","Membranipora","Membranipora villosa","Yes","Yes","Yes","External shell","External shell","Calcite","Meroplanktonic","No","Encrusting bryozoans"
"3940",-0.119367777174226,0.291594217716064,1,1.25,"Eukaryota","Arthropoda","Copepoda","Calanoida","Eucalanidae","Eucalanus","Eucalanus californicus","Variable","Variable","Variable","Exoskeleton","Exoskeleton","Chitin + Calcium","Holoplanktonic","No","Copepods"
"4025",-0.119367777174226,0.291594217716064,1,1.25,"Eukaryota","Arthropoda","Copepoda","Calanoida","Pontellidae","Labidocera","Labidocera trispinosa","Variable","Variable","Variable","Exoskeleton","Exoskeleton","Chitin + Calcium","Holoplanktonic","No","Copepods"
"4026",-0.119367777174226,0.291594217716064,1,1.25,"Eukaryota","Arthropoda","Malacostraca","Euphausiacea","Euphausiidae","Nyctiphanes","Nyctiphanes simplex","Variable","No","Variable","None","Exoskeleton","Chitin + Calcium","Holoplanktonic","No","Krill"
"4212",-0.119367777174226,0.291594217716064,1,1.25,"Eukaryota","Arthropoda","Ostracoda","Halocyprida","Halocyprididae","Mikroconchoecia","Mikroconchoecia sp. USNM IZ 1448470","Variable","No","Variable","None","Exoskeleton","Chitin + Calcium","Holoplanktonic","No","Ostracods (seed shrimp)"
"4584",-0.119367777174226,0.291594217716064,1,1.25,"Eukaryota","Mollusca","Bivalvia","Mytilida","Modiolidae",NA,NA,"Yes","Yes","Yes","External shell","External shell","Aragonite/Calcite","Meroplanktonic","No","Mussels"
"5024",-0.119367777174226,0.291594217716064,1,1.25,"Eukaryota","Arthropoda","Copepoda","Calanoida","Pontellidae","Labidocera","Labidocera trispinosa","Variable","Variable","Variable","Exoskeleton","Exoskeleton","Chitin + Calcium","Holoplanktonic","No","Copepods"
"5151",-0.119367777174226,0.291594217716064,1,1.25,"Eukaryota","Arthropoda","Copepoda","Calanoida","Metridinidae","Metridia","Metridia pacifica","Variable","Variable","Variable","Exoskeleton","Exoskeleton","Chitin + Calcium","Holoplanktonic","No","Copepods"
"5152",-0.119367777174226,0.291594217716064,1,1.25,"Eukaryota","Arthropoda","Copepoda","Calanoida","Eucalanidae","Eucalanus","Eucalanus californicus","Variable","Variable","Variable","Exoskeleton","Exoskeleton","Chitin + Calcium","Holoplanktonic","No","Copepods"
"5317",-0.119367777174226,0.291594217716064,1,1.25,"Eukaryota","Arthropoda","Copepoda","Calanoida","Clausocalanidae","Clausocalanus","Clausocalanus parapergens","Variable","Variable","Variable","Exoskeleton","Exoskeleton","Chitin + Calcium","Holoplanktonic","No","Copepods"
"5318",-0.119367777174226,0.291594217716064,1,1.25,"Eukaryota","Arthropoda","Malacostraca","Decapoda","Hippolytidae","Eualus","Eualus subtilis","Variable","No","Variable","None","Exoskeleton","Calcite","Meroplanktonic","No","Crabs, lobsters, shrimp"
"5746",-0.119367777174226,0.291594217716064,1,1.25,"Eukaryota","Arthropoda","Malacostraca","Euphausiacea","Euphausiidae","Hansarsia","Hansarsia difficilis","Variable","No","Variable","None","Exoskeleton","Chitin + Calcium","Holoplanktonic","No","Krill"
"5749",-0.119367777174226,0.291594217716064,1,1.25,"Eukaryota","Arthropoda","Copepoda","Calanoida","Eucalanidae","Rhincalanus","Rhincalanus nasutus","Variable","Variable","Variable","Exoskeleton","Exoskeleton","Chitin + Calcium","Holoplanktonic","No","Copepods"
"5915",-0.119367777174226,0.291594217716064,1,1.25,"Eukaryota","Arthropoda","Copepoda","Calanoida","Calocalanidae","Calocalanus",NA,"Variable","Variable","Variable","Exoskeleton","Exoskeleton","Chitin + Calcium","Holoplanktonic","No","Copepods"
"5917",-0.119367777174226,0.291594217716064,1,1.25,"Eukaryota","Arthropoda","Malacostraca","Decapoda","Alpheidae",NA,NA,"Variable","No","Variable","None","Exoskeleton","Calcite","Meroplanktonic","No","Crabs, lobsters, shrimp"
"6102",-0.119367777174226,0.291594217716064,1,1.25,"Eukaryota","Arthropoda","Ostracoda","Halocyprida","Halocyprididae","Conchoecetta","Conchoecetta giesbrechti","Variable","No","Variable","None","Exoskeleton","Chitin + Calcium","Holoplanktonic","No","Ostracods (seed shrimp)"
"6300",-0.119367777174226,0.291594217716064,1,1.25,"Eukaryota","Arthropoda","Copepoda","Calanoida","Eucalanidae","Eucalanus","Eucalanus californicus","Variable","Variable","Variable","Exoskeleton","Exoskeleton","Chitin + Calcium","Holoplanktonic","No","Copepods"
"6302",-0.119367777174226,0.291594217716064,1,1.25,"Eukaryota","Arthropoda","Copepoda","Calanoida","Eucalanidae",NA,NA,"Variable","Variable","Variable","Exoskeleton","Exoskeleton","Chitin + Calcium","Holoplanktonic","No","Copepods"
"6782",-0.119367777174226,0.291594217716064,1,1.25,"Eukaryota","Chordata","Actinopteri","Sciaenidae","Sciaenidae","Seriphus","Seriphus politus","No","No","No","None","None","None","Meroplanktonic","No","Drums and croakers (marine fish)"
"7005",-0.119367777174226,0.291594217716064,1,1.25,"Eukaryota","Echinodermata","Ophiuroidea","Amphilepidida","Amphiuridae",NA,NA,"Yes","Yes","Yes","Internal skeleton","Internal skeleton","Calcite","Meroplanktonic","No","Brittle stars"
"7006",-0.119367777174226,0.291594217716064,1,1.25,"Eukaryota","Arthropoda","Copepoda","Calanoida","Scolecitrichidae","Scolecithrix","Scolecithrix bradyi","Variable","Variable","Variable","Exoskeleton","Exoskeleton","Chitin + Calcium","Holoplanktonic","No","Copepods"
"7512",-0.119367777174226,0.291594217716064,1,1.25,"Eukaryota","Echinodermata","Ophiuroidea","Amphilepidida","Ophiactidae","Ophiopholis","Ophiopholis sp. EAC01","Yes","Yes","Yes","Internal skeleton","Internal skeleton","Calcite","Meroplanktonic","No","Brittle stars"
"7513",-0.119367777174226,0.291594217716064,1,1.25,"Eukaryota","Arthropoda","Copepoda","Cyclopoida","Oithonidae","Oithona","Oithona similis","Variable","Variable","Variable","Exoskeleton","Exoskeleton","Chitin + Calcium","Holoplanktonic","No","Cyclopoid copepods"
"898",-0.119633737241353,0.290512683521749,4,5,"Eukaryota","Echinodermata","Echinoidea","Clypeasteroida","Dendrasteridae","Dendraster","Dendraster excentricus","Yes","Yes","Yes","Exoskeleton","Exoskeleton","Calcite","Meroplanktonic","No","Sand dollars"
"307",-0.120459096317405,0.287173207920548,10,12.5,"Eukaryota","Arthropoda","Copepoda","Calanoida","Pontellidae","Labidocera","Labidocera trispinosa","Variable","Variable","Variable","Exoskeleton","Exoskeleton","Chitin + Calcium","Holoplanktonic","No","Copepods"
"4283",-0.120523173022975,0.286915015099862,7,8.75,"Eukaryota","Cnidaria","Hydrozoa","Anthoathecata","Corymorphidae","Euphysa",NA,"No","No","No","None","None","None","Benthic + Holoplanktonic","No","Colonial hydroids and small medusae"
"1233",-0.120564943313339,0.286746787264544,5,6.25,"Eukaryota","Arthropoda","Copepoda","Calanoida","Eucalanidae","Eucalanus","Eucalanus californicus","Variable","Variable","Variable","Exoskeleton","Exoskeleton","Chitin + Calcium","Holoplanktonic","No","Copepods"
"515",-0.122226307333156,0.280108669372331,47,58.75,"Eukaryota","Arthropoda","Copepoda","Calanoida","Paracalanidae","Paracalanus","Paracalanus sp. C AC_2013","Variable","Variable","Variable","Exoskeleton","Exoskeleton","Chitin + Calcium","Holoplanktonic","No","Copepods"
"1576",-0.123202836582643,0.276255027802408,3,3.75,"Eukaryota","Arthropoda","Copepoda","Calanoida","Calanidae","Calanus","Calanus pacificus","Variable","Variable","Variable","Exoskeleton","Exoskeleton","Chitin + Calcium","Holoplanktonic","No","Copepods"
"195",-0.124239931344603,0.272201373190591,1,1.25,"Eukaryota","Arthropoda","Copepoda","Calanoida","Pontellidae","Labidocera","Labidocera trispinosa","Variable","Variable","Variable","Exoskeleton","Exoskeleton","Chitin + Calcium","Holoplanktonic","No","Copepods"
"442",-0.124239931344603,0.272201373190591,1,1.25,"Eukaryota","Arthropoda","Copepoda","Calanoida","Pontellidae","Labidocera","Labidocera trispinosa","Variable","Variable","Variable","Exoskeleton","Exoskeleton","Chitin + Calcium","Holoplanktonic","No","Copepods"
"509",-0.124239931344603,0.272201373190591,1,1.25,"Eukaryota","Arthropoda","Copepoda","Calanoida","Pontellidae","Labidocera","Labidocera trispinosa","Variable","Variable","Variable","Exoskeleton","Exoskeleton","Chitin + Calcium","Holoplanktonic","No","Copepods"
"530",-0.124239931344603,0.272201373190591,1,1.25,"Eukaryota","Arthropoda","Copepoda","Calanoida","Pontellidae","Labidocera","Labidocera trispinosa","Variable","Variable","Variable","Exoskeleton","Exoskeleton","Chitin + Calcium","Holoplanktonic","No","Copepods"
"572",-0.124239931344603,0.272201373190591,1,1.25,"Eukaryota","Arthropoda","Copepoda","Calanoida","Pontellidae","Labidocera","Labidocera trispinosa","Variable","Variable","Variable","Exoskeleton","Exoskeleton","Chitin + Calcium","Holoplanktonic","No","Copepods"
"629",-0.124239931344603,0.272201373190591,1,1.25,"Eukaryota","Arthropoda","Copepoda","Calanoida","Pontellidae","Labidocera","Labidocera trispinosa","Variable","Variable","Variable","Exoskeleton","Exoskeleton","Chitin + Calcium","Holoplanktonic","No","Copepods"
"753",-0.124239931344603,0.272201373190591,1,1.25,"Eukaryota","Arthropoda","Copepoda","Calanoida","Pontellidae","Labidocera","Labidocera trispinosa","Variable","Variable","Variable","Exoskeleton","Exoskeleton","Chitin + Calcium","Holoplanktonic","No","Copepods"
"770",-0.124239931344603,0.272201373190591,1,1.25,"Eukaryota","Arthropoda","Copepoda","Calanoida","Pontellidae","Labidocera","Labidocera trispinosa","Variable","Variable","Variable","Exoskeleton","Exoskeleton","Chitin + Calcium","Holoplanktonic","No","Copepods"
"772",-0.124239931344603,0.272201373190591,1,1.25,"Eukaryota","Arthropoda","Copepoda","Calanoida","Pontellidae","Labidocera","Labidocera trispinosa","Variable","Variable","Variable","Exoskeleton","Exoskeleton","Chitin + Calcium","Holoplanktonic","No","Copepods"
"777",-0.124239931344603,0.272201373190591,1,1.25,"Eukaryota","Arthropoda","Copepoda","Calanoida","Pontellidae","Labidocera",NA,"Variable","Variable","Variable","Exoskeleton","Exoskeleton","Chitin + Calcium","Holoplanktonic","No","Copepods"
"782",-0.124239931344603,0.272201373190591,1,1.25,"Eukaryota","Arthropoda","Copepoda","Calanoida","Pontellidae","Labidocera","Labidocera trispinosa","Variable","Variable","Variable","Exoskeleton","Exoskeleton","Chitin + Calcium","Holoplanktonic","No","Copepods"
"822",-0.124239931344603,0.272201373190591,1,1.25,"Eukaryota","Arthropoda","Copepoda","Calanoida","Pontellidae","Labidocera","Labidocera trispinosa","Variable","Variable","Variable","Exoskeleton","Exoskeleton","Chitin + Calcium","Holoplanktonic","No","Copepods"
"949",-0.124239931344603,0.272201373190591,1,1.25,"Eukaryota","Arthropoda","Copepoda","Calanoida","Pontellidae","Labidocera","Labidocera trispinosa","Variable","Variable","Variable","Exoskeleton","Exoskeleton","Chitin + Calcium","Holoplanktonic","No","Copepods"
"991",-0.124239931344603,0.272201373190591,1,1.25,"Eukaryota","Arthropoda","Copepoda","Calanoida","Pontellidae","Labidocera","Labidocera trispinosa","Variable","Variable","Variable","Exoskeleton","Exoskeleton","Chitin + Calcium","Holoplanktonic","No","Copepods"
"1219",-0.124239931344603,0.272201373190591,1,1.25,"Eukaryota","Arthropoda","Copepoda","Calanoida","Pontellidae","Labidocera","Labidocera trispinosa","Variable","Variable","Variable","Exoskeleton","Exoskeleton","Chitin + Calcium","Holoplanktonic","No","Copepods"
"1280",-0.124239931344603,0.272201373190591,1,1.25,"Eukaryota","Arthropoda","Copepoda","Calanoida","Pontellidae","Labidocera","Labidocera trispinosa","Variable","Variable","Variable","Exoskeleton","Exoskeleton","Chitin + Calcium","Holoplanktonic","No","Copepods"
"1315",-0.124239931344603,0.272201373190591,1,1.25,"Eukaryota","Mollusca","Gastropoda","Nudibranchia","Glaucidae","Hermissenda",NA,"Variable","Variable","No","External shell","None","Aragonite","Meroplanktonic","No","Shell-less sea slugs"
"1323",-0.124239931344603,0.272201373190591,1,1.25,"Eukaryota","Arthropoda","Copepoda","Calanoida","Pontellidae","Labidocera","Labidocera trispinosa","Variable","Variable","Variable","Exoskeleton","Exoskeleton","Chitin + Calcium","Holoplanktonic","No","Copepods"
"1358",-0.124239931344603,0.272201373190591,1,1.25,"Eukaryota","Arthropoda","Copepoda","Calanoida","Pontellidae","Labidocera","Labidocera trispinosa","Variable","Variable","Variable","Exoskeleton","Exoskeleton","Chitin + Calcium","Holoplanktonic","No","Copepods"
"1366",-0.124239931344603,0.272201373190591,1,1.25,"Eukaryota","Arthropoda","Copepoda","Calanoida","Pontellidae","Labidocera","Labidocera trispinosa","Variable","Variable","Variable","Exoskeleton","Exoskeleton","Chitin + Calcium","Holoplanktonic","No","Copepods"
"1569",-0.124239931344603,0.272201373190591,1,1.25,"Eukaryota","Arthropoda","Copepoda","Calanoida","Pontellidae","Labidocera","Labidocera trispinosa","Variable","Variable","Variable","Exoskeleton","Exoskeleton","Chitin + Calcium","Holoplanktonic","No","Copepods"
"1689",-0.124239931344603,0.272201373190591,1,1.25,"Eukaryota","Arthropoda","Copepoda","Calanoida","Pontellidae","Labidocera","Labidocera trispinosa","Variable","Variable","Variable","Exoskeleton","Exoskeleton","Chitin + Calcium","Holoplanktonic","No","Copepods"
"1723",-0.124239931344603,0.272201373190591,1,1.25,"Eukaryota","Arthropoda","Copepoda","Calanoida","Pontellidae","Labidocera","Labidocera trispinosa","Variable","Variable","Variable","Exoskeleton","Exoskeleton","Chitin + Calcium","Holoplanktonic","No","Copepods"
"1994",-0.124239931344603,0.272201373190591,1,1.25,"Eukaryota","Arthropoda","Copepoda","Calanoida","Pontellidae","Labidocera","Labidocera trispinosa","Variable","Variable","Variable","Exoskeleton","Exoskeleton","Chitin + Calcium","Holoplanktonic","No","Copepods"
"2022",-0.124239931344603,0.272201373190591,1,1.25,"Eukaryota","Arthropoda","Copepoda","Calanoida","Pontellidae","Labidocera","Labidocera trispinosa","Variable","Variable","Variable","Exoskeleton","Exoskeleton","Chitin + Calcium","Holoplanktonic","No","Copepods"
"2241",-0.124239931344603,0.272201373190591,1,1.25,"Eukaryota","Arthropoda","Malacostraca","Amphipoda","Vibiliidae","Vibilia","Vibilia armata","Variable","Yes","Yes","Exoskeleton","Exoskeleton","Chitin + Calcium","Benthic + Holoplanktonic","No","Amphipods"
"2258",-0.124239931344603,0.272201373190591,1,1.25,"Eukaryota","Arthropoda","Copepoda","Calanoida","Pontellidae","Labidocera","Labidocera trispinosa","Variable","Variable","Variable","Exoskeleton","Exoskeleton","Chitin + Calcium","Holoplanktonic","No","Copepods"
"2294",-0.124239931344603,0.272201373190591,1,1.25,"Eukaryota","Arthropoda","Malacostraca","Euphausiacea","Euphausiidae","Nyctiphanes","Nyctiphanes simplex","Variable","No","Variable","None","Exoskeleton","Chitin + Calcium","Holoplanktonic","No","Krill"
"2388",-0.124239931344603,0.272201373190591,1,1.25,"Eukaryota","Arthropoda","Copepoda","Calanoida","Pontellidae","Labidocera","Labidocera trispinosa","Variable","Variable","Variable","Exoskeleton","Exoskeleton","Chitin + Calcium","Holoplanktonic","No","Copepods"
"2570",-0.124239931344603,0.272201373190591,1,1.25,"Eukaryota","Arthropoda","Copepoda","Calanoida","Pontellidae","Labidocera","Labidocera trispinosa","Variable","Variable","Variable","Exoskeleton","Exoskeleton","Chitin + Calcium","Holoplanktonic","No","Copepods"
"2656",-0.124239931344603,0.272201373190591,1,1.25,"Eukaryota","Arthropoda","Copepoda","Calanoida","Pontellidae","Labidocera","Labidocera trispinosa","Variable","Variable","Variable","Exoskeleton","Exoskeleton","Chitin + Calcium","Holoplanktonic","No","Copepods"
"2723",-0.124239931344603,0.272201373190591,1,1.25,"Eukaryota","Arthropoda","Copepoda","Calanoida","Pontellidae","Labidocera","Labidocera trispinosa","Variable","Variable","Variable","Exoskeleton","Exoskeleton","Chitin + Calcium","Holoplanktonic","No","Copepods"
"2806",-0.124239931344603,0.272201373190591,1,1.25,"Eukaryota","Arthropoda","Copepoda","Calanoida","Pontellidae","Labidocera","Labidocera trispinosa","Variable","Variable","Variable","Exoskeleton","Exoskeleton","Chitin + Calcium","Holoplanktonic","No","Copepods"
"3399",-0.124239931344603,0.272201373190591,1,1.25,"Eukaryota","Arthropoda","Copepoda","Calanoida","Pontellidae","Labidocera","Labidocera trispinosa","Variable","Variable","Variable","Exoskeleton","Exoskeleton","Chitin + Calcium","Holoplanktonic","No","Copepods"
"3591",-0.124239931344603,0.272201373190591,1,1.25,"Eukaryota","Arthropoda","Copepoda","Calanoida","Eucalanidae","Eucalanus","Eucalanus californicus","Variable","Variable","Variable","Exoskeleton","Exoskeleton","Chitin + Calcium","Holoplanktonic","No","Copepods"
"3592",-0.124239931344603,0.272201373190591,1,1.25,"Eukaryota","Arthropoda","Copepoda","Calanoida","Calanidae","Calanus","Calanus pacificus","Variable","Variable","Variable","Exoskeleton","Exoskeleton","Chitin + Calcium","Holoplanktonic","No","Copepods"
"3649",-0.124239931344603,0.272201373190591,1,1.25,"Eukaryota","Arthropoda","Malacostraca","Decapoda","Epialtidae","Pugettia","Pugettia dalli","Variable","No","Variable","None","Exoskeleton","Calcite","Meroplanktonic","No","Crabs, lobsters, shrimp"
"3812",-0.124239931344603,0.272201373190591,1,1.25,"Eukaryota","Arthropoda","Copepoda","Calanoida","Pontellidae","Labidocera","Labidocera trispinosa","Variable","Variable","Variable","Exoskeleton","Exoskeleton","Chitin + Calcium","Holoplanktonic","No","Copepods"
"3961",-0.124239931344603,0.272201373190591,1,1.25,"Eukaryota","Arthropoda","Thecostraca","Balanomorpha","Balanidae","Balanus","Balanus trigonus","Yes","Yes","Yes","External shell","External shell","Calcite","Meroplanktonic","No","Barnacles"
"4050",-0.124239931344603,0.272201373190591,1,1.25,"Eukaryota","Arthropoda","Malacostraca","Decapoda","Palinuridae","Panulirus","Panulirus interruptus","Variable","No","Variable","None","Exoskeleton","Calcite","Meroplanktonic","No","Crabs, lobsters, shrimp"
"4146",-0.124239931344603,0.272201373190591,1,1.25,"Eukaryota","Arthropoda","Copepoda","Calanoida","Eucalanidae","Eucalanus","Eucalanus californicus","Variable","Variable","Variable","Exoskeleton","Exoskeleton","Chitin + Calcium","Holoplanktonic","No","Copepods"
"4731",-0.124239931344603,0.272201373190591,1,1.25,"Eukaryota","Arthropoda","Copepoda","Calanoida","Eucalanidae","Eucalanus","Eucalanus californicus","Variable","Variable","Variable","Exoskeleton","Exoskeleton","Chitin + Calcium","Holoplanktonic","No","Copepods"
"4937",-0.124239931344603,0.272201373190591,1,1.25,"Eukaryota","Arthropoda","Copepoda","Calanoida","Eucalanidae","Eucalanus","Eucalanus californicus","Variable","Variable","Variable","Exoskeleton","Exoskeleton","Chitin + Calcium","Holoplanktonic","No","Copepods"
"5053",-0.124239931344603,0.272201373190591,1,1.25,"Eukaryota","Echinodermata","Ophiuroidea","Amphilepidida","Amphiuridae",NA,NA,"Yes","Yes","Yes","Internal skeleton","Internal skeleton","Calcite","Meroplanktonic","No","Brittle stars"
"5202",-0.124239931344603,0.272201373190591,1,1.25,"Eukaryota","Arthropoda","Copepoda","Calanoida","Eucalanidae","Eucalanus","Eucalanus californicus","Variable","Variable","Variable","Exoskeleton","Exoskeleton","Chitin + Calcium","Holoplanktonic","No","Copepods"
"5787",-0.124239931344603,0.272201373190591,1,1.25,"Eukaryota","Arthropoda","Malacostraca","Euphausiacea","Euphausiidae","Hansarsia",NA,"Variable","No","Variable","None","Exoskeleton","Chitin + Calcium","Holoplanktonic","No","Krill"
"6559",-0.124239931344603,0.272201373190591,1,1.25,"Eukaryota","Arthropoda","Malacostraca","Euphausiacea","Euphausiidae","Thysanoessa","Thysanoessa gregaria","Variable","No","Variable","None","Exoskeleton","Chitin + Calcium","Holoplanktonic","No","Krill"
"6825",-0.124239931344603,0.272201373190591,1,1.25,"Eukaryota","Arthropoda","Copepoda","Calanoida","Aetideidae",NA,NA,"Variable","Variable","Variable","Exoskeleton","Exoskeleton","Chitin + Calcium","Holoplanktonic","No","Copepods"
"7044",-0.124239931344603,0.272201373190591,1,1.25,"Eukaryota","Echinodermata","Ophiuroidea","Amphilepidida","Ophiactidae","Ophiopholis","Ophiopholis sp. EAC01","Yes","Yes","Yes","Internal skeleton","Internal skeleton","Calcite","Meroplanktonic","No","Brittle stars"
"7045",-0.124239931344603,0.272201373190591,1,1.25,"Eukaryota","Arthropoda","Copepoda","Calanoida","Metridinidae","Metridia",NA,"Variable","Variable","Variable","Exoskeleton","Exoskeleton","Chitin + Calcium","Holoplanktonic","No","Copepods"
"7315",-0.124239931344603,0.272201373190591,1,1.25,"Eukaryota","Arthropoda","Copepoda","Calanoida","Scolecitrichidae","Scolecithrix","Scolecithrix bradyi","Variable","Variable","Variable","Exoskeleton","Exoskeleton","Chitin + Calcium","Holoplanktonic","No","Copepods"
"7552",-0.124239931344603,0.272201373190591,1,1.25,"Eukaryota","Arthropoda","Malacostraca","Decapoda","Palinuridae",NA,NA,"Variable","No","Variable","None","Exoskeleton","Calcite","Meroplanktonic","No","Crabs, lobsters, shrimp"
"7553",-0.124239931344603,0.272201373190591,1,1.25,"Eukaryota","Mollusca","Gastropoda","Nudibranchia","Onchidorididae","Acanthodoris","Acanthodoris rhodoceras","Variable","Variable","No","External shell","None","Aragonite","Meroplanktonic","No","Shell-less sea slugs"
"7554",-0.124239931344603,0.272201373190591,1,1.25,"Eukaryota","Arthropoda","Copepoda","Calanoida","Metridinidae","Pleuromamma","Pleuromamma gracilis","Variable","Variable","Variable","Exoskeleton","Exoskeleton","Chitin + Calcium","Holoplanktonic","No","Copepods"
"860",-0.12536966301906,0.26783128298948,5,6.25,"Eukaryota","Arthropoda","Copepoda","Calanoida","Calanidae","Calanus","Calanus pacificus","Variable","Variable","Variable","Exoskeleton","Exoskeleton","Chitin + Calcium","Holoplanktonic","No","Copepods"
"3442",-0.126336950534254,0.264127341814325,4,5,"Eukaryota","Arthropoda","Malacostraca","Decapoda","Cancridae",NA,NA,"Variable","No","Variable","None","Exoskeleton","Calcite","Meroplanktonic","No","Crabs, lobsters, shrimp"
"2180",-0.127667462892,0.259089372241327,2,2.5,"Eukaryota","Chordata","Actinopteri","Sciaenidae","Sciaenidae","Seriphus","Seriphus politus","No","No","No","None","None","None","Meroplanktonic","No","Drums and croakers (marine fish)"
"527",-0.128620851956367,0.255519780343752,2,2.5,"Eukaryota","Arthropoda","Copepoda","Calanoida","Pontellidae","Labidocera","Labidocera trispinosa","Variable","Variable","Variable","Exoskeleton","Exoskeleton","Chitin + Calcium","Holoplanktonic","No","Copepods"
"3120",-0.128794195422615,0.254874382508863,2,2.5,"Eukaryota","Annelida","Polychaeta","Phyllodocida","Polynoidae",NA,NA,"No","No","No","None","None","None","Benthic + Meroplanktonic","No","Active marine polychaetes"
"1108",-0.12911208551498,0.253693694912414,1,1.25,"Eukaryota","Arthropoda","Copepoda","Calanoida","Calanidae","Calanus","Calanus pacificus","Variable","Variable","Variable","Exoskeleton","Exoskeleton","Chitin + Calcium","Holoplanktonic","No","Copepods"
"1133",-0.12911208551498,0.253693694912414,1,1.25,"Eukaryota","Arthropoda","Copepoda","Calanoida","Calanidae","Calanus","Calanus pacificus","Variable","Variable","Variable","Exoskeleton","Exoskeleton","Chitin + Calcium","Holoplanktonic","No","Copepods"
"1411",-0.12911208551498,0.253693694912414,1,1.25,"Eukaryota","Arthropoda","Copepoda","Calanoida","Pontellidae","Labidocera","Labidocera trispinosa","Variable","Variable","Variable","Exoskeleton","Exoskeleton","Chitin + Calcium","Holoplanktonic","No","Copepods"
"2044",-0.12911208551498,0.253693694912414,1,1.25,"Eukaryota","Arthropoda","Malacostraca","Euphausiacea","Euphausiidae","Euphausia","Euphausia pacifica","Variable","No","Variable","None","Exoskeleton","Chitin + Calcium","Holoplanktonic","No","Krill"
"2333",-0.12911208551498,0.253693694912414,1,1.25,"Eukaryota","Arthropoda","Copepoda","Calanoida","Pontellidae","Labidocera","Labidocera trispinosa","Variable","Variable","Variable","Exoskeleton","Exoskeleton","Chitin + Calcium","Holoplanktonic","No","Copepods"
"2678",-0.12911208551498,0.253693694912414,1,1.25,"Eukaryota","Arthropoda","Copepoda","Calanoida","Eucalanidae","Eucalanus","Eucalanus californicus","Variable","Variable","Variable","Exoskeleton","Exoskeleton","Chitin + Calcium","Holoplanktonic","No","Copepods"
"2905",-0.12911208551498,0.253693694912414,1,1.25,"Eukaryota","Bryozoa","Gymnolaemata","Cheilostomatida","Membraniporidae","Membranipora","Membranipora villosa","Yes","Yes","Yes","External shell","External shell","Calcite","Meroplanktonic","No","Encrusting bryozoans"
"2906",-0.12911208551498,0.253693694912414,1,1.25,"Eukaryota","Arthropoda","Copepoda","Calanoida","Scolecitrichidae","Scolecithricella","Scolecithricella dentata","Variable","Variable","Variable","Exoskeleton","Exoskeleton","Chitin + Calcium","Holoplanktonic","No","Copepods"
"3122",-0.12911208551498,0.253693694912414,1,1.25,"Eukaryota","Arthropoda","Copepoda","Calanoida","Metridinidae","Pleuromamma","Pleuromamma abdominalis","Variable","Variable","Variable","Exoskeleton","Exoskeleton","Chitin + Calcium","Holoplanktonic","No","Copepods"
"3379",-0.12911208551498,0.253693694912414,1,1.25,"Eukaryota","Arthropoda","Copepoda","Poecilostomatoida","Oncaeidae","Oncaea","Oncaea sp.","Variable","Variable","Variable","Exoskeleton","Exoskeleton","Chitin + Calcium","Holoplanktonic","No","Parasitic or predatory copepods"
"3562",-0.12911208551498,0.253693694912414,1,1.25,"Eukaryota","Arthropoda","Ostracoda","Halocyprida","Halocyprididae","Conchoecetta","Conchoecetta giesbrechti","Variable","No","Variable","None","Exoskeleton","Chitin + Calcium","Holoplanktonic","No","Ostracods (seed shrimp)"
"3941",-0.12911208551498,0.253693694912414,1,1.25,"Eukaryota","Arthropoda","Malacostraca","Euphausiacea","Euphausiidae","Nyctiphanes","Nyctiphanes simplex","Variable","No","Variable","None","Exoskeleton","Chitin + Calcium","Holoplanktonic","No","Krill"
"4120",-0.12911208551498,0.253693694912414,1,1.25,"Eukaryota","Arthropoda","Copepoda","Calanoida","Eucalanidae","Eucalanus","Eucalanus californicus","Variable","Variable","Variable","Exoskeleton","Exoskeleton","Chitin + Calcium","Holoplanktonic","No","Copepods"
"4213",-0.12911208551498,0.253693694912414,1,1.25,"Eukaryota","Arthropoda","Copepoda","Poecilostomatoida","Oncaeidae","Oncaea","Oncaea sp.","Variable","Variable","Variable","Exoskeleton","Exoskeleton","Chitin + Calcium","Holoplanktonic","No","Parasitic or predatory copepods"
"4306",-0.12911208551498,0.253693694912414,1,1.25,"Eukaryota","Arthropoda","Malacostraca","Euphausiacea","Euphausiidae","Nyctiphanes","Nyctiphanes simplex","Variable","No","Variable","None","Exoskeleton","Chitin + Calcium","Holoplanktonic","No","Krill"
"4810",-0.12911208551498,0.253693694912414,1,1.25,"Eukaryota","Arthropoda","Malacostraca","Euphausiacea","Euphausiidae","Nyctiphanes","Nyctiphanes simplex","Variable","No","Variable","None","Exoskeleton","Chitin + Calcium","Holoplanktonic","No","Krill"
"4811",-0.12911208551498,0.253693694912414,1,1.25,"Eukaryota","Arthropoda","Copepoda","Calanoida","Eucalanidae","Eucalanus","Eucalanus californicus","Variable","Variable","Variable","Exoskeleton","Exoskeleton","Chitin + Calcium","Holoplanktonic","No","Copepods"
"4911",-0.12911208551498,0.253693694912414,1,1.25,"Eukaryota","Mollusca","Gastropoda","Nudibranchia","Glaucidae","Hermissenda","Hermissenda opalescens","Variable","Variable","No","External shell","None","Aragonite","Meroplanktonic","No","Shell-less sea slugs"
"5464",-0.12911208551498,0.253693694912414,1,1.25,"Eukaryota","Cnidaria","Hydrozoa","Anthoathecata","Pandeidae",NA,NA,"No","No","No","None","None","None","Benthic + Holoplanktonic","No","Colonial hydroids and small medusae"
"5918",-0.12911208551498,0.253693694912414,1,1.25,"Eukaryota","Arthropoda","Malacostraca","Euphausiacea","Euphausiidae","Nyctiphanes","Nyctiphanes simplex","Variable","No","Variable","None","Exoskeleton","Chitin + Calcium","Holoplanktonic","No","Krill"
"5919",-0.12911208551498,0.253693694912414,1,1.25,"Eukaryota","Phoronida","Phoronidae","Phoronidae","Phoronidae","Phoronopsis",NA,"Yes","Yes","Yes","External tube","External tube","Chitin + Calcium","Meroplanktonic","No","Horseshoe worms (tube-dwelling lophophorates)"
"6514",-0.12911208551498,0.253693694912414,1,1.25,"Eukaryota","Arthropoda","Copepoda","Calanoida","Aetideidae",NA,NA,"Variable","Variable","Variable","Exoskeleton","Exoskeleton","Chitin + Calcium","Holoplanktonic","No","Copepods"
"6788",-0.12911208551498,0.253693694912414,1,1.25,"Eukaryota","Chordata","Actinopteri","Myctophiformes","Myctophidae","Triphoturus","Triphoturus mexicanus","No","No","No","None","None","None","Meroplanktonic","No","Lanternfishes"
"7668",-0.12911208551498,0.253693694912414,1,1.25,"Eukaryota","Arthropoda","Ostracoda","Halocyprida","Halocyprididae","Conchoecia","Conchoecia magna","Variable","No","Variable","None","Exoskeleton","Chitin + Calcium","Holoplanktonic","No","Ostracods (seed shrimp)"
"1363",-0.12975466373039,0.251318487466828,3,3.75,"Eukaryota","Arthropoda","Malacostraca","Decapoda","Sergestidae","Eusergestes","Eusergestes similis","Variable","No","Variable","None","Exoskeleton","Calcite","Meroplanktonic","No","Crabs, lobsters, shrimp"
"1163",-0.131090996350408,0.246427747542072,2,2.5,"Eukaryota","Arthropoda","Copepoda","Calanoida","Calanidae","Calanus","Calanus pacificus","Variable","Variable","Variable","Exoskeleton","Exoskeleton","Chitin + Calcium","Holoplanktonic","No","Copepods"
"3677",-0.131906316572193,0.243476155428586,5,6.25,"Eukaryota","Echinodermata","Asteroidea","Forcipulatida","Labidiasteridae","Rathbunaster","Rathbunaster californicus","Yes","Yes","Yes","Internal skeleton","Internal skeleton","Calcite","Meroplanktonic","No","Starfish"
"1774",-0.132389637691984,0.24173800020429,3,3.75,"Eukaryota","Arthropoda","Copepoda","Calanoida","Eucalanidae","Eucalanus","Eucalanus californicus","Variable","Variable","Variable","Exoskeleton","Exoskeleton","Chitin + Calcium","Holoplanktonic","No","Copepods"
"34",-0.132934833567745,0.239258942597337,80,100,"Eukaryota","Arthropoda","Copepoda","Calanoida","Paracalanidae","Paracalanus","Paracalanus sp. C AC_2013","Variable","Variable","Variable","Exoskeleton","Exoskeleton","Chitin + Calcium","Holoplanktonic","No","Copepods"
"255",-0.133148600752385,0.239025876661418,30,37.5,"Eukaryota","Arthropoda","Copepoda","Calanoida","Calanidae","Calanus","Calanus pacificus","Variable","Variable","Variable","Exoskeleton","Exoskeleton","Chitin + Calcium","Holoplanktonic","No","Copepods"
"524",-0.133984239685356,0.236064184929761,1,1.25,"Eukaryota","Mollusca","Gastropoda","Nudibranchia","Glaucidae","Hermissenda","Hermissenda opalescens","Variable","Variable","No","External shell","None","Aragonite","Meroplanktonic","No","Shell-less sea slugs"
"849",-0.133984239685356,0.236064184929761,1,1.25,"Eukaryota","Arthropoda","Copepoda","Calanoida","Pontellidae","Labidocera","Labidocera trispinosa","Variable","Variable","Variable","Exoskeleton","Exoskeleton","Chitin + Calcium","Holoplanktonic","No","Copepods"
"995",-0.133984239685356,0.236064184929761,1,1.25,"Eukaryota","Arthropoda","Copepoda","Calanoida","Eucalanidae","Eucalanus","Eucalanus californicus","Variable","Variable","Variable","Exoskeleton","Exoskeleton","Chitin + Calcium","Holoplanktonic","No","Copepods"
"1028",-0.133984239685356,0.236064184929761,1,1.25,"Eukaryota","Echinodermata","Echinoidea","Clypeasteroida","Dendrasteridae","Dendraster","Dendraster excentricus","Yes","Yes","Yes","Exoskeleton","Exoskeleton","Calcite","Meroplanktonic","No","Sand dollars"
"1287",-0.133984239685356,0.236064184929761,1,1.25,"Eukaryota","Mollusca","Gastropoda","Nudibranchia","Glaucidae","Hermissenda","Hermissenda opalescens","Variable","Variable","No","External shell","None","Aragonite","Meroplanktonic","No","Shell-less sea slugs"
"1881",-0.133984239685356,0.236064184929761,1,1.25,"Eukaryota","Mollusca","Gastropoda","Nudibranchia","Glaucidae","Hermissenda","Hermissenda opalescens","Variable","Variable","No","External shell","None","Aragonite","Meroplanktonic","No","Shell-less sea slugs"
"2175",-0.133984239685356,0.236064184929761,1,1.25,"Eukaryota","Echinodermata","Asteroidea","Forcipulatida","Asteriidae","Pisaster","Pisaster giganteus","Yes","Yes","Yes","Internal skeleton","Internal skeleton","Calcite","Meroplanktonic","No","Starfish"
"2176",-0.133984239685356,0.236064184929761,1,1.25,"Eukaryota","Arthropoda","Copepoda","Calanoida","Eucalanidae","Eucalanus","Eucalanus californicus","Variable","Variable","Variable","Exoskeleton","Exoskeleton","Chitin + Calcium","Holoplanktonic","No","Copepods"
"2177",-0.133984239685356,0.236064184929761,1,1.25,"Eukaryota","Annelida","Polychaeta","Chaetopteridae","Chaetopteridae","Phyllochaetopterus","Phyllochaetopterus sp. 5 JM_2017","No","No","No","None","None","None","Benthic + Meroplanktonic","No","Tube-dwelling marine polychaetes"
"2198",-0.133984239685356,0.236064184929761,1,1.25,"Eukaryota","Arthropoda","Copepoda","Calanoida","Eucalanidae","Eucalanus","Eucalanus californicus","Variable","Variable","Variable","Exoskeleton","Exoskeleton","Chitin + Calcium","Holoplanktonic","No","Copepods"
"2199",-0.133984239685356,0.236064184929761,1,1.25,"Eukaryota","Arthropoda","Copepoda","Calanoida","Calanidae","Calanus","Calanus pacificus","Variable","Variable","Variable","Exoskeleton","Exoskeleton","Chitin + Calcium","Holoplanktonic","No","Copepods"
"2200",-0.133984239685356,0.236064184929761,1,1.25,"Eukaryota","Arthropoda","Copepoda","Calanoida","Pontellidae","Labidocera","Labidocera trispinosa","Variable","Variable","Variable","Exoskeleton","Exoskeleton","Chitin + Calcium","Holoplanktonic","No","Copepods"
"2253",-0.133984239685356,0.236064184929761,1,1.25,"Eukaryota","Arthropoda","Copepoda","Calanoida","Eucalanidae","Eucalanus","Eucalanus californicus","Variable","Variable","Variable","Exoskeleton","Exoskeleton","Chitin + Calcium","Holoplanktonic","No","Copepods"
"2601",-0.133984239685356,0.236064184929761,1,1.25,"Eukaryota","Arthropoda","Copepoda","Calanoida","Calanidae","Calanus","Calanus pacificus","Variable","Variable","Variable","Exoskeleton","Exoskeleton","Chitin + Calcium","Holoplanktonic","No","Copepods"
"2869",-0.133984239685356,0.236064184929761,1,1.25,"Eukaryota","Arthropoda","Copepoda","Calanoida","Eucalanidae","Eucalanus","Eucalanus californicus","Variable","Variable","Variable","Exoskeleton","Exoskeleton","Chitin + Calcium","Holoplanktonic","No","Copepods"
"3035",-0.133984239685356,0.236064184929761,1,1.25,"Eukaryota","Mollusca","Gastropoda","Nudibranchia","Glaucidae","Hermissenda","Hermissenda opalescens","Variable","Variable","No","External shell","None","Aragonite","Meroplanktonic","No","Shell-less sea slugs"
"3336",-0.133984239685356,0.236064184929761,1,1.25,"Eukaryota","Bryozoa","Gymnolaemata","Cheilostomatida","Membraniporidae","Membranipora","Membranipora villosa","Yes","Yes","Yes","External shell","External shell","Calcite","Meroplanktonic","No","Encrusting bryozoans"
"3513",-0.133984239685356,0.236064184929761,1,1.25,"Eukaryota","Arthropoda","Malacostraca","Decapoda","Panopeidae","Lophopanopeus","Lophopanopeus bellus","Variable","No","Variable","None","Exoskeleton","Calcite","Meroplanktonic","No","Crabs, lobsters, shrimp"
"3579",-0.133984239685356,0.236064184929761,1,1.25,"Eukaryota","Arthropoda","Copepoda","Calanoida","Eucalanidae","Eucalanus","Eucalanus californicus","Variable","Variable","Variable","Exoskeleton","Exoskeleton","Chitin + Calcium","Holoplanktonic","No","Copepods"
"3703",-0.133984239685356,0.236064184929761,1,1.25,"Eukaryota","Mollusca","Gastropoda","Nudibranchia","Glaucidae","Hermissenda","Hermissenda opalescens","Variable","Variable","No","External shell","None","Aragonite","Meroplanktonic","No","Shell-less sea slugs"
"3800",-0.133984239685356,0.236064184929761,1,1.25,"Eukaryota","Arthropoda","Malacostraca","Euphausiacea","Euphausiidae","Euphausia","Euphausia pacifica","Variable","No","Variable","None","Exoskeleton","Chitin + Calcium","Holoplanktonic","No","Krill"
"4041",-0.133984239685356,0.236064184929761,1,1.25,"Eukaryota","Arthropoda","Malacostraca","Euphausiacea","Euphausiidae","Nyctiphanes","Nyctiphanes simplex","Variable","No","Variable","None","Exoskeleton","Chitin + Calcium","Holoplanktonic","No","Krill"
"4042",-0.133984239685356,0.236064184929761,1,1.25,"Eukaryota","Bryozoa","Gymnolaemata","Cheilostomatida","Membraniporidae","Membranipora",NA,"Yes","Yes","Yes","External shell","External shell","Calcite","Meroplanktonic","No","Encrusting bryozoans"
"4317",-0.133984239685356,0.236064184929761,1,1.25,"Eukaryota","Echinodermata","Echinoidea","Camarodonta","Strongylocentrotidae","Allocentrotus","Allocentrotus fragilis","Yes","Yes","Yes","Internal skeleton","Exoskeleton","Calcite","Meroplanktonic","No","Sea urchins"
"4407",-0.133984239685356,0.236064184929761,1,1.25,"Eukaryota","Arthropoda","Copepoda","Calanoida","Scolecitrichidae","Scolecithricella","Scolecithricella dentata","Variable","Variable","Variable","Exoskeleton","Exoskeleton","Chitin + Calcium","Holoplanktonic","No","Copepods"
"4408",-0.133984239685356,0.236064184929761,1,1.25,"Eukaryota","Chordata","Actinopteri","Aulopiformes","Scopelarchidae","Benthalbella","Benthalbella dentata","No","No","No","None","None","None","Meroplanktonic","No","Lizardfish and deep-sea teleosts"
"4721",-0.133984239685356,0.236064184929761,1,1.25,"Eukaryota","Echinodermata","Ophiuroidea","Amphilepidida","Ophiactidae","Ophiopholis","Ophiopholis sp. EAC01","Yes","Yes","Yes","Internal skeleton","Internal skeleton","Calcite","Meroplanktonic","No","Brittle stars"
"4723",-0.133984239685356,0.236064184929761,1,1.25,"Eukaryota","Bryozoa","Gymnolaemata","Cheilostomatida","Membraniporidae","Membranipora","Membranipora villosa","Yes","Yes","Yes","External shell","External shell","Calcite","Meroplanktonic","No","Encrusting bryozoans"
"4830",-0.133984239685356,0.236064184929761,1,1.25,"Eukaryota","Arthropoda","Copepoda","Calanoida","Calanidae","Calanus","Calanus pacificus","Variable","Variable","Variable","Exoskeleton","Exoskeleton","Chitin + Calcium","Holoplanktonic","No","Copepods"
"5042",-0.133984239685356,0.236064184929761,1,1.25,"Eukaryota","Arthropoda","Ostracoda","Halocyprida","Halocyprididae","Mikroconchoecia","Mikroconchoecia sp. USNM IZ 1448470","Variable","No","Variable","None","Exoskeleton","Chitin + Calcium","Holoplanktonic","No","Ostracods (seed shrimp)"
"5043",-0.133984239685356,0.236064184929761,1,1.25,"Eukaryota","Arthropoda","Copepoda","Calanoida","Eucalanidae","Eucalanus","Eucalanus californicus","Variable","Variable","Variable","Exoskeleton","Exoskeleton","Chitin + Calcium","Holoplanktonic","No","Copepods"
"5188",-0.133984239685356,0.236064184929761,1,1.25,"Eukaryota","Chordata","Actinopteri","Myctophiformes","Myctophidae","Triphoturus","Triphoturus mexicanus","No","No","No","None","None","None","Meroplanktonic","No","Lanternfishes"
"5190",-0.133984239685356,0.236064184929761,1,1.25,"Eukaryota","Arthropoda","Copepoda","Calanoida","Eucalanidae","Eucalanus","Eucalanus californicus","Variable","Variable","Variable","Exoskeleton","Exoskeleton","Chitin + Calcium","Holoplanktonic","No","Copepods"
"5338",-0.133984239685356,0.236064184929761,1,1.25,"Eukaryota","Arthropoda","Copepoda","Calanoida","Calanidae","Calanus","Calanus pacificus","Variable","Variable","Variable","Exoskeleton","Exoskeleton","Chitin + Calcium","Holoplanktonic","No","Copepods"
"5478",-0.133984239685356,0.236064184929761,1,1.25,"Eukaryota","Arthropoda","Copepoda","Poecilostomatoida","Oncaeidae","Oncaea","Oncaea sp.","Variable","Variable","Variable","Exoskeleton","Exoskeleton","Chitin + Calcium","Holoplanktonic","No","Parasitic or predatory copepods"
"5636",-0.133984239685356,0.236064184929761,1,1.25,"Eukaryota","Arthropoda","Malacostraca","Euphausiacea","Euphausiidae","Hansarsia",NA,"Variable","No","Variable","None","Exoskeleton","Chitin + Calcium","Holoplanktonic","No","Krill"
"5637",-0.133984239685356,0.236064184929761,1,1.25,"Eukaryota","Mollusca","Gastropoda","Littorinimorpha","Atlantidae","Atlanta","Atlanta sp. USNM IZ 1230636","Yes","Yes","Yes","External shell","External shell","Aragonite/Calcite","Meroplanktonic","No","Periwinkles and related snails"
"5775",-0.133984239685356,0.236064184929761,1,1.25,"Eukaryota","Arthropoda","Copepoda","Calanoida","Eucalanidae","Eucalanus","Eucalanus californicus","Variable","Variable","Variable","Exoskeleton","Exoskeleton","Chitin + Calcium","Holoplanktonic","No","Copepods"
"5778",-0.133984239685356,0.236064184929761,1,1.25,"Eukaryota","Arthropoda","Malacostraca","Euphausiacea","Euphausiidae","Hansarsia",NA,"Variable","No","Variable","None","Exoskeleton","Chitin + Calcium","Holoplanktonic","No","Krill"
"5943",-0.133984239685356,0.236064184929761,1,1.25,"Eukaryota","Echinodermata","Ophiuroidea","Amphilepidida","Amphiuridae","Amphipholis","Amphipholis pugetana","Yes","Yes","Yes","Internal skeleton","Internal skeleton","Calcite","Meroplanktonic","No","Brittle stars"
"6127",-0.133984239685356,0.236064184929761,1,1.25,"Eukaryota","Cnidaria","Hydrozoa","Anthoathecata","Bythotiaridae",NA,NA,"No","No","No","None","None","None","Benthic + Holoplanktonic","No","Colonial hydroids and small medusae"
"6128",-0.133984239685356,0.236064184929761,1,1.25,"Eukaryota","Arthropoda","Ostracoda","Halocyprida","Halocyprididae","Porroecia","Porroecia spinirostris","Variable","No","Variable","None","Exoskeleton","Chitin + Calcium","Holoplanktonic","No","Ostracods (seed shrimp)"
"6329",-0.133984239685356,0.236064184929761,1,1.25,"Eukaryota","Arthropoda","Copepoda","Poecilostomatoida","Oncaeidae","Oncaea","Oncaea sp.","Variable","Variable","Variable","Exoskeleton","Exoskeleton","Chitin + Calcium","Holoplanktonic","No","Parasitic or predatory copepods"
"6545",-0.133984239685356,0.236064184929761,1,1.25,"Eukaryota","Arthropoda","Copepoda","Calanoida","Aetideidae",NA,NA,"Variable","Variable","Variable","Exoskeleton","Exoskeleton","Chitin + Calcium","Holoplanktonic","No","Copepods"
"6547",-0.133984239685356,0.236064184929761,1,1.25,"Eukaryota","Arthropoda","Copepoda","Calanoida","Aetideidae",NA,NA,"Variable","Variable","Variable","Exoskeleton","Exoskeleton","Chitin + Calcium","Holoplanktonic","No","Copepods"
"6807",-0.133984239685356,0.236064184929761,1,1.25,"Eukaryota","Arthropoda","Copepoda","Calanoida","Metridinidae","Pleuromamma","Pleuromamma borealis","Variable","Variable","Variable","Exoskeleton","Exoskeleton","Chitin + Calcium","Holoplanktonic","No","Copepods"
"7030",-0.133984239685356,0.236064184929761,1,1.25,"Eukaryota","Arthropoda","Copepoda","Calanoida","Aetideidae",NA,NA,"Variable","Variable","Variable","Exoskeleton","Exoskeleton","Chitin + Calcium","Holoplanktonic","No","Copepods"
"7031",-0.133984239685356,0.236064184929761,1,1.25,"Eukaryota","Arthropoda","Copepoda","Calanoida","Metridinidae","Pleuromamma","Pleuromamma borealis","Variable","Variable","Variable","Exoskeleton","Exoskeleton","Chitin + Calcium","Holoplanktonic","No","Copepods"
"7032",-0.133984239685356,0.236064184929761,1,1.25,"Eukaryota","Cnidaria","Hydrozoa","Limnomedusae","Geryoniidae","Liriope","Liriope tetraphylla","No","No","No","None","None","None","Holoplanktonic","No","Hydromedusae (sampled Liriope tetraphylla)"
"3276",-0.134476282926416,0.23433222900368,5,6.25,"Eukaryota","Arthropoda","Malacostraca","Amphipoda","Phrosinidae","Primno","Primno brevidens","Variable","Yes","Yes","Exoskeleton","Exoskeleton","Chitin + Calcium","Benthic + Holoplanktonic","No","Amphipods"
"529",-0.134704056429459,0.233533479503398,16,20,"Eukaryota","Arthropoda","Copepoda","Calanoida","Acartiidae","Acartia","Acartia tonsa","Variable","Variable","Variable","Exoskeleton","Exoskeleton","Chitin + Calcium","Holoplanktonic","No","Copepods"
"726",-0.134878403221605,0.232923365504689,8,10,"Eukaryota","Arthropoda","Copepoda","Calanoida","Pontellidae","Labidocera","Labidocera trispinosa","Variable","Variable","Variable","Exoskeleton","Exoskeleton","Chitin + Calcium","Holoplanktonic","No","Copepods"
"1189",-0.135314315433228,0.231402776336042,5,6.25,"Eukaryota","Arthropoda","Copepoda","Calanoida","Pontellidae","Labidocera","Labidocera trispinosa","Variable","Variable","Variable","Exoskeleton","Exoskeleton","Chitin + Calcium","Holoplanktonic","No","Copepods"
"449",-0.135473134402013,0.230850491670661,10,12.5,"Eukaryota","Echinodermata","Echinoidea","Clypeasteroida","Dendrasteridae","Dendraster","Dendraster excentricus","Yes","Yes","Yes","Exoskeleton","Exoskeleton","Calcite","Meroplanktonic","No","Sand dollars"
"309",-0.135762945704069,0.229845056821484,6,7.5,"Eukaryota","Arthropoda","Copepoda","Calanoida","Pontellidae","Labidocera","Labidocera trispinosa","Variable","Variable","Variable","Exoskeleton","Exoskeleton","Chitin + Calcium","Holoplanktonic","No","Copepods"
"1339",-0.136504682209466,0.227285693787137,19,23.75,"Eukaryota","Arthropoda","Copepoda","Calanoida","Paracalanidae",NA,NA,"Variable","Variable","Variable","Exoskeleton","Exoskeleton","Chitin + Calcium","Holoplanktonic","No","Copepods"
"654",-0.138229309714976,0.22141206095751,3,3.75,"Eukaryota","Arthropoda","Copepoda","Calanoida","Pontellidae","Labidocera","Labidocera trispinosa","Variable","Variable","Variable","Exoskeleton","Exoskeleton","Chitin + Calcium","Holoplanktonic","No","Copepods"
"1013",-0.13881237527382,0.219450634995017,4,5,"Eukaryota","Arthropoda","Copepoda","Calanoida","Calanidae","Calanus","Calanus pacificus","Variable","Variable","Variable","Exoskeleton","Exoskeleton","Chitin + Calcium","Holoplanktonic","No","Copepods"
"2005",-0.138856393855733,0.219303055144789,1,1.25,"Eukaryota","Arthropoda","Copepoda","Calanoida","Calanidae","Calanus","Calanus pacificus","Variable","Variable","Variable","Exoskeleton","Exoskeleton","Chitin + Calcium","Holoplanktonic","No","Copepods"
"2756",-0.138856393855733,0.219303055144789,1,1.25,"Eukaryota","Arthropoda","Copepoda","Calanoida","Calanidae","Calanus","Calanus pacificus","Variable","Variable","Variable","Exoskeleton","Exoskeleton","Chitin + Calcium","Holoplanktonic","No","Copepods"
"2791",-0.138856393855733,0.219303055144789,1,1.25,"Eukaryota","Arthropoda","Copepoda","Calanoida","Pontellidae","Labidocera","Labidocera trispinosa","Variable","Variable","Variable","Exoskeleton","Exoskeleton","Chitin + Calcium","Holoplanktonic","No","Copepods"
"3229",-0.138856393855733,0.219303055144789,1,1.25,"Eukaryota","Arthropoda","Copepoda","Calanoida","Calanidae","Calanus","Calanus pacificus","Variable","Variable","Variable","Exoskeleton","Exoskeleton","Chitin + Calcium","Holoplanktonic","No","Copepods"
"4304",-0.138856393855733,0.219303055144789,1,1.25,"Eukaryota","Arthropoda","Copepoda","Calanoida","Eucalanidae","Eucalanus","Eucalanus californicus","Variable","Variable","Variable","Exoskeleton","Exoskeleton","Chitin + Calcium","Holoplanktonic","No","Copepods"
"4908",-0.138856393855733,0.219303055144789,1,1.25,"Eukaryota","Bryozoa","Gymnolaemata","Cheilostomatida","Membraniporidae","Membranipora","Membranipora villosa","Yes","Yes","Yes","External shell","External shell","Calcite","Meroplanktonic","No","Encrusting bryozoans"
"5460",-0.138856393855733,0.219303055144789,1,1.25,"Eukaryota","Arthropoda","Copepoda","Calanoida","Eucalanidae","Eucalanus","Eucalanus californicus","Variable","Variable","Variable","Exoskeleton","Exoskeleton","Chitin + Calcium","Holoplanktonic","No","Copepods"
"5912",-0.138856393855733,0.219303055144789,1,1.25,"Eukaryota","Arthropoda","Malacostraca","Euphausiacea","Euphausiidae","Hansarsia","Hansarsia difficilis","Variable","No","Variable","None","Exoskeleton","Chitin + Calcium","Holoplanktonic","No","Krill"
"7260",-0.138856393855733,0.219303055144789,1,1.25,"Eukaryota","Arthropoda","Malacostraca","Decapoda","Pinnotheridae","Pinnixa","Pinnixa franciscana","Variable","No","Variable","None","Exoskeleton","Calcite","Meroplanktonic","No","Crabs, lobsters, shrimp"
"1246",-0.139938482014389,0.215697119058619,3,3.75,"Eukaryota","Arthropoda","Malacostraca","Amphipoda","Paraphronimidae","Paraphronima","Paraphronima sp. B VIS_2020","Variable","Yes","Yes","Exoskeleton","Exoskeleton","Chitin + Calcium","Benthic + Holoplanktonic","No","Amphipods"
"3948",-0.141188253259381,0.211584753890276,2,2.5,"Eukaryota","Mollusca","Gastropoda","Nudibranchia","Tritoniidae","Tritonia","Tritonia exsulans","Variable","Variable","No","External shell","None","Aragonite","Meroplanktonic","No","Shell-less sea slugs"
"707",-0.141332049525956,0.211115182847551,6,7.5,"Eukaryota","Cnidaria","Hydrozoa","Siphonophorae","Prayidae","Rosacea","Rosacea sp. 3 BO_2009","No","No","No","None","None","None","Holoplanktonic","No","Colonial hydrozoans (e.g., Portuguese man o' war)"
"577",-0.141505714957522,0.21054905894346,11,13.75,"Eukaryota","Arthropoda","Copepoda","Calanoida","Eucalanidae","Eucalanus","Eucalanus californicus","Variable","Variable","Variable","Exoskeleton","Exoskeleton","Chitin + Calcium","Holoplanktonic","No","Copepods"
"1464",-0.141566901646034,0.210349856113611,7,8.75,"Eukaryota","Annelida","Polychaeta","Phyllodocida","Phyllodocidae",NA,NA,"No","No","No","None","None","None","Benthic + Meroplanktonic","No","Active marine polychaetes"
"3942",-0.141571624817424,0.210334484652938,5,6.25,"Eukaryota","Arthropoda","Copepoda","Calanoida","Eucalanidae","Rhincalanus","Rhincalanus nasutus","Variable","Variable","Variable","Exoskeleton","Exoskeleton","Chitin + Calcium","Holoplanktonic","No","Copepods"
"238",-0.141592969144739,0.210265029934593,14,17.5,"Eukaryota","Arthropoda","Copepoda","Calanoida","Pontellidae","Labidocera","Labidocera trispinosa","Variable","Variable","Variable","Exoskeleton","Exoskeleton","Chitin + Calcium","Holoplanktonic","No","Copepods"
"769",-0.141708283658126,0.209890076499071,2,2.5,"Eukaryota","Arthropoda","Copepoda","Calanoida","Pontellidae","Labidocera","Labidocera trispinosa","Variable","Variable","Variable","Exoskeleton","Exoskeleton","Chitin + Calcium","Holoplanktonic","No","Copepods"
"614",-0.142106243657889,0.20859972718208,14,17.5,"Eukaryota","Arthropoda","Malacostraca","Decapoda","Cancridae","Romaleon","Romaleon antennarium","Variable","No","Variable","None","Exoskeleton","Calcite","Meroplanktonic","No","Crabs, lobsters, shrimp"
"396",-0.14272459218542,0.206605990425296,51,63.75,"Eukaryota","Cnidaria","Hydrozoa","Siphonophorae","Diphyidae","Chelophyes","Chelophyes appendiculata","No","No","No","None","None","None","Holoplanktonic","No","Colonial hydrozoans (e.g., Portuguese man o' war)"
"1348",-0.143181703121239,0.205140878148914,2,2.5,"Eukaryota","Arthropoda","Copepoda","Calanoida","Calanidae","Calanus","Calanus pacificus","Variable","Variable","Variable","Exoskeleton","Exoskeleton","Chitin + Calcium","Holoplanktonic","No","Copepods"
"143",-0.143456048293785,0.204265123340104,8,10,"Eukaryota","Arthropoda","Copepoda","Calanoida","Pontellidae","Labidocera","Labidocera trispinosa","Variable","Variable","Variable","Exoskeleton","Exoskeleton","Chitin + Calcium","Holoplanktonic","No","Copepods"
"1073",-0.143728548026109,0.203397903023869,1,1.25,"Eukaryota","Arthropoda","Copepoda","Calanoida","Calanidae","Calanus","Calanus pacificus","Variable","Variable","Variable","Exoskeleton","Exoskeleton","Chitin + Calcium","Holoplanktonic","No","Copepods"
"1099",-0.143728548026109,0.203397903023869,1,1.25,"Eukaryota","Mollusca","Gastropoda","Nudibranchia","Glaucidae","Hermissenda","Hermissenda opalescens","Variable","Variable","No","External shell","None","Aragonite","Meroplanktonic","No","Shell-less sea slugs"
"2316",-0.143728548026109,0.203397903023869,1,1.25,"Eukaryota","Arthropoda","Copepoda","Calanoida","Eucalanidae","Eucalanus","Eucalanus californicus","Variable","Variable","Variable","Exoskeleton","Exoskeleton","Chitin + Calcium","Holoplanktonic","No","Copepods"
"2659",-0.143728548026109,0.203397903023869,1,1.25,"Eukaryota","Arthropoda","Copepoda","Calanoida","Eucalanidae","Eucalanus","Eucalanus californicus","Variable","Variable","Variable","Exoskeleton","Exoskeleton","Chitin + Calcium","Holoplanktonic","No","Copepods"
"2691",-0.143728548026109,0.203397903023869,1,1.25,"Eukaryota","Arthropoda","Copepoda","Calanoida","Pontellidae","Labidocera","Labidocera trispinosa","Variable","Variable","Variable","Exoskeleton","Exoskeleton","Chitin + Calcium","Holoplanktonic","No","Copepods"
"2876",-0.143728548026109,0.203397903023869,1,1.25,"Eukaryota","Mollusca","Gastropoda","Nudibranchia","Glaucidae","Hermissenda","Hermissenda opalescens","Variable","Variable","No","External shell","None","Aragonite","Meroplanktonic","No","Shell-less sea slugs"
"2919",-0.143728548026109,0.203397903023869,1,1.25,"Eukaryota","Mollusca","Gastropoda","Nudibranchia","Glaucidae","Hermissenda","Hermissenda opalescens","Variable","Variable","No","External shell","None","Aragonite","Meroplanktonic","No","Shell-less sea slugs"
"3047",-0.143728548026109,0.203397903023869,1,1.25,"Eukaryota","Arthropoda","Copepoda","Calanoida","Eucalanidae","Eucalanus","Eucalanus californicus","Variable","Variable","Variable","Exoskeleton","Exoskeleton","Chitin + Calcium","Holoplanktonic","No","Copepods"
"3196",-0.143728548026109,0.203397903023869,1,1.25,"Eukaryota","Arthropoda","Malacostraca","Euphausiacea","Euphausiidae","Euphausia","Euphausia pacifica","Variable","No","Variable","None","Exoskeleton","Chitin + Calcium","Holoplanktonic","No","Krill"
"3408",-0.143728548026109,0.203397903023869,1,1.25,"Eukaryota","Arthropoda","Copepoda","Calanoida","Pontellidae","Labidocera","Labidocera trispinosa","Variable","Variable","Variable","Exoskeleton","Exoskeleton","Chitin + Calcium","Holoplanktonic","No","Copepods"
"3525",-0.143728548026109,0.203397903023869,1,1.25,"Eukaryota","Arthropoda","Copepoda","Calanoida","Scolecitrichidae","Scolecithricella","Scolecithricella dentata","Variable","Variable","Variable","Exoskeleton","Exoskeleton","Chitin + Calcium","Holoplanktonic","No","Copepods"
"3601",-0.143728548026109,0.203397903023869,1,1.25,"Eukaryota","Arthropoda","Copepoda","Calanoida","Eucalanidae","Eucalanus","Eucalanus californicus","Variable","Variable","Variable","Exoskeleton","Exoskeleton","Chitin + Calcium","Holoplanktonic","No","Copepods"
"4424",-0.143728548026109,0.203397903023869,1,1.25,"Eukaryota","Arthropoda","Copepoda","Calanoida","Calanidae","Calanus","Calanus pacificus","Variable","Variable","Variable","Exoskeleton","Exoskeleton","Chitin + Calcium","Holoplanktonic","No","Copepods"
"4525",-0.143728548026109,0.203397903023869,1,1.25,"Eukaryota","Arthropoda","Copepoda","Calanoida","Eucalanidae","Eucalanus","Eucalanus californicus","Variable","Variable","Variable","Exoskeleton","Exoskeleton","Chitin + Calcium","Holoplanktonic","No","Copepods"
"4625",-0.143728548026109,0.203397903023869,1,1.25,"Eukaryota","Arthropoda","Copepoda","Calanoida","Eucalanidae","Eucalanus","Eucalanus californicus","Variable","Variable","Variable","Exoskeleton","Exoskeleton","Chitin + Calcium","Holoplanktonic","No","Copepods"
"4626",-0.143728548026109,0.203397903023869,1,1.25,"Eukaryota","Arthropoda","Copepoda","Calanoida","Eucalanidae","Eucalanus","Eucalanus californicus","Variable","Variable","Variable","Exoskeleton","Exoskeleton","Chitin + Calcium","Holoplanktonic","No","Copepods"
"4627",-0.143728548026109,0.203397903023869,1,1.25,"Eukaryota","Bryozoa","Gymnolaemata","Cheilostomatida","Membraniporidae","Membranipora","Membranipora villosa","Yes","Yes","Yes","External shell","External shell","Calcite","Meroplanktonic","No","Encrusting bryozoans"
"4951",-0.143728548026109,0.203397903023869,1,1.25,"Eukaryota","Arthropoda","Ostracoda","Halocyprida","Halocyprididae","Halocypris","Halocypris inflata","Variable","No","Variable","None","Exoskeleton","Chitin + Calcium","Holoplanktonic","No","Ostracods (seed shrimp)"
"5068",-0.143728548026109,0.203397903023869,1,1.25,"Eukaryota","Arthropoda","Copepoda","Calanoida","Eucalanidae","Eucalanus","Eucalanus californicus","Variable","Variable","Variable","Exoskeleton","Exoskeleton","Chitin + Calcium","Holoplanktonic","No","Copepods"
"5069",-0.143728548026109,0.203397903023869,1,1.25,"Eukaryota","Arthropoda","Copepoda","Calanoida","Eucalanidae","Eucalanus","Eucalanus californicus","Variable","Variable","Variable","Exoskeleton","Exoskeleton","Chitin + Calcium","Holoplanktonic","No","Copepods"
"5221",-0.143728548026109,0.203397903023869,1,1.25,"Eukaryota","Arthropoda","Copepoda","Calanoida","Eucalanidae","Eucalanus","Eucalanus californicus","Variable","Variable","Variable","Exoskeleton","Exoskeleton","Chitin + Calcium","Holoplanktonic","No","Copepods"
"5515",-0.143728548026109,0.203397903023869,1,1.25,"Eukaryota","Arthropoda","Malacostraca","Euphausiacea","Euphausiidae","Hansarsia",NA,"Variable","No","Variable","None","Exoskeleton","Chitin + Calcium","Holoplanktonic","No","Krill"
"7080",-0.143728548026109,0.203397903023869,1,1.25,"Eukaryota","Arthropoda","Malacostraca","Decapoda","Hippolytidae","Eualus","Eualus subtilis","Variable","No","Variable","None","Exoskeleton","Calcite","Meroplanktonic","No","Crabs, lobsters, shrimp"
"7081",-0.143728548026109,0.203397903023869,1,1.25,"Eukaryota","Arthropoda","Copepoda","Calanoida","Eucalanidae","Rhincalanus","Rhincalanus nasutus","Variable","Variable","Variable","Exoskeleton","Exoskeleton","Chitin + Calcium","Holoplanktonic","No","Copepods"
"7083",-0.143728548026109,0.203397903023869,1,1.25,"Eukaryota","Mollusca","Gastropoda","Pteropoda","Creseidae","Creseis","Creseis conica","Yes","Yes","Yes","External shell","External shell","Aragonite","Holoplanktonic","No","Sea butterflies"
"7338",-0.143728548026109,0.203397903023869,1,1.25,"Eukaryota","Arthropoda","Copepoda","Calanoida","Aetideidae",NA,NA,"Variable","Variable","Variable","Exoskeleton","Exoskeleton","Chitin + Calcium","Holoplanktonic","No","Copepods"
"7577",-0.143728548026109,0.203397903023869,1,1.25,"Eukaryota","Arthropoda","Thecostraca","Balanomorpha","Chthamalidae","Chthamalus","Chthamalus fissus","Yes","Yes","Yes","External shell","External shell","Calcite","Meroplanktonic","No","Barnacles"
"4013",-0.143994952217868,0.202552625740802,4,5,"Eukaryota","Mollusca","Gastropoda","Neogastropoda","Columbellidae","Alia","Alia carinata","Yes","Yes","Yes","External shell","External shell","Aragonite/Calcite","Meroplanktonic","No","Whelks and predatory snails"
"5928",-0.144265099785291,0.201698037029101,2,2.5,"Eukaryota","Arthropoda","Thecostraca","Balanomorpha","Balanidae","Megabalanus","Megabalanus californicus","Yes","Yes","Yes","External shell","External shell","Calcite","Meroplanktonic","No","Barnacles"
"756",-0.148600702196486,0.18833389756356,1,1.25,"Eukaryota","Arthropoda","Copepoda","Calanoida","Pontellidae","Labidocera","Labidocera trispinosa","Variable","Variable","Variable","Exoskeleton","Exoskeleton","Chitin + Calcium","Holoplanktonic","No","Copepods"
"1349",-0.148600702196486,0.18833389756356,1,1.25,"Eukaryota","Chordata","Actinopteri","Argentiniformes","Bathylagidae","Leuroglossus","Leuroglossus stilbius","No","No","No","None","None","None","Meroplanktonic","No","Deep-sea smelts and related fish"
"1439",-0.148600702196486,0.18833389756356,1,1.25,"Eukaryota","Chordata","Actinopteri","Argentiniformes","Bathylagidae","Leuroglossus","Leuroglossus stilbius","No","No","No","None","None","None","Meroplanktonic","No","Deep-sea smelts and related fish"
"1473",-0.148600702196486,0.18833389756356,1,1.25,"Eukaryota","Mollusca","Gastropoda","Nudibranchia","Glaucidae","Hermissenda",NA,"Variable","Variable","No","External shell","None","Aragonite","Meroplanktonic","No","Shell-less sea slugs"
"1567",-0.148600702196486,0.18833389756356,1,1.25,"Eukaryota","Chordata","Actinopteri","Argentiniformes","Bathylagidae","Leuroglossus","Leuroglossus stilbius","No","No","No","None","None","None","Meroplanktonic","No","Deep-sea smelts and related fish"
"1762",-0.148600702196486,0.18833389756356,1,1.25,"Eukaryota","Chordata","Actinopteri","Argentiniformes","Bathylagidae","Leuroglossus","Leuroglossus stilbius","No","No","No","None","None","None","Meroplanktonic","No","Deep-sea smelts and related fish"
"1844",-0.148600702196486,0.18833389756356,1,1.25,"Eukaryota","Chordata","Actinopteri","Argentiniformes","Bathylagidae","Leuroglossus","Leuroglossus stilbius","No","No","No","None","None","None","Meroplanktonic","No","Deep-sea smelts and related fish"
"3642",-0.148600702196486,0.18833389756356,1,1.25,"Eukaryota","Bryozoa","Gymnolaemata","Cheilostomatida","Membraniporidae","Membranipora","Membranipora villosa","Yes","Yes","Yes","External shell","External shell","Calcite","Meroplanktonic","No","Encrusting bryozoans"
"3794",-0.148600702196486,0.18833389756356,1,1.25,"Eukaryota","Echinodermata","Asteroidea","Paxillosida","Luidiidae","Luidia","Luidia foliolata","Variable","No","Yes","None","Internal skeleton","Calcite","Meroplanktonic","No","Starfish without suckers"
"4038",-0.148600702196486,0.18833389756356,1,1.25,"Eukaryota","Mollusca","Bivalvia","Mytilida","Modiolidae",NA,NA,"Yes","Yes","Yes","External shell","External shell","Aragonite/Calcite","Meroplanktonic","No","Mussels"
"4135",-0.148600702196486,0.18833389756356,1,1.25,"Eukaryota","Arthropoda","Copepoda","Calanoida","Calanidae","Calanus","Calanus pacificus","Variable","Variable","Variable","Exoskeleton","Exoskeleton","Chitin + Calcium","Holoplanktonic","No","Copepods"
"4401",-0.148600702196486,0.18833389756356,1,1.25,"Eukaryota","Arthropoda","Malacostraca","Euphausiacea","Euphausiidae","Stylocheiron",NA,"Variable","No","Variable","None","Exoskeleton","Chitin + Calcium","Holoplanktonic","No","Krill"
"4495",-0.148600702196486,0.18833389756356,1,1.25,"Eukaryota","Bryozoa","Gymnolaemata","Cheilostomatida","Membraniporidae",NA,NA,"Yes","Yes","Yes","External shell","External shell","Calcite","Meroplanktonic","No","Encrusting bryozoans"
"4718",-0.148600702196486,0.18833389756356,1,1.25,"Eukaryota","Arthropoda","Copepoda","Calanoida","Eucalanidae","Eucalanus","Eucalanus californicus","Variable","Variable","Variable","Exoskeleton","Exoskeleton","Chitin + Calcium","Holoplanktonic","No","Copepods"
"4825",-0.148600702196486,0.18833389756356,1,1.25,"Eukaryota","Arthropoda","Malacostraca","Decapoda","Blepharipodidae",NA,NA,"Variable","No","Variable","None","Exoskeleton","Calcite","Meroplanktonic","No","Crabs, lobsters, shrimp"
"5182",-0.148600702196486,0.18833389756356,1,1.25,"Eukaryota","Arthropoda","Malacostraca","Decapoda","Hippolytidae","Spirontocaris","Spirontocaris sica","Variable","No","Variable","None","Exoskeleton","Calcite","Meroplanktonic","No","Crabs, lobsters, shrimp"
"5334",-0.148600702196486,0.18833389756356,1,1.25,"Eukaryota","Arthropoda","Malacostraca","Decapoda","Blepharipodidae",NA,NA,"Variable","No","Variable","None","Exoskeleton","Calcite","Meroplanktonic","No","Crabs, lobsters, shrimp"
"5633",-0.148600702196486,0.18833389756356,1,1.25,"Eukaryota","Arthropoda","Thecostraca","Balanomorpha","Chthamalidae","Chthamalus","Chthamalus fissus","Yes","Yes","Yes","External shell","External shell","Calcite","Meroplanktonic","No","Barnacles"
"5771",-0.148600702196486,0.18833389756356,1,1.25,"Eukaryota","Arthropoda","Copepoda","Calanoida","Eucalanidae","Eucalanus","Eucalanus californicus","Variable","Variable","Variable","Exoskeleton","Exoskeleton","Chitin + Calcium","Holoplanktonic","No","Copepods"
"5938",-0.148600702196486,0.18833389756356,1,1.25,"Eukaryota","Arthropoda","Malacostraca","Euphausiacea","Euphausiidae",NA,NA,"Variable","No","Variable","None","Exoskeleton","Chitin + Calcium","Holoplanktonic","No","Krill"
"5939",-0.148600702196486,0.18833389756356,1,1.25,"Eukaryota","Arthropoda","Malacostraca","Euphausiacea","Euphausiidae","Hansarsia","Hansarsia difficilis","Variable","No","Variable","None","Exoskeleton","Chitin + Calcium","Holoplanktonic","No","Krill"
"6121",-0.148600702196486,0.18833389756356,1,1.25,"Eukaryota","Annelida","Polychaeta","Phyllodocida","Phyllodocidae",NA,NA,"No","No","No","None","None","None","Benthic + Meroplanktonic","No","Active marine polychaetes"
"6540",-0.148600702196486,0.18833389756356,1,1.25,"Eukaryota","Mollusca","Gastropoda","Littorinimorpha","Triviidae",NA,NA,"Yes","Yes","Yes","External shell","External shell","Aragonite/Calcite","Meroplanktonic","No","Periwinkles and related snails"
"6803",-0.148600702196486,0.18833389756356,1,1.25,"Eukaryota","Mollusca","Gastropoda","Nudibranchia","Triopha","Triopha","Triopha maculata","Variable","Variable","No","External shell","None","Aragonite","Meroplanktonic","No","Shell-less sea slugs"
"7026",-0.148600702196486,0.18833389756356,1,1.25,"Eukaryota","Mollusca","Gastropoda","Siphonariida","Siphonariidae","Williamia","Williamia peltoides","Variable","Variable","Variable","External shell","External shell","Aragonite","Meroplanktonic","No","False limpets (air-breathing marine snails)"
"7297",-0.148600702196486,0.18833389756356,1,1.25,"Eukaryota","Arthropoda","Malacostraca","Euphausiacea","Euphausiidae","Euphausia",NA,"Variable","No","Variable","None","Exoskeleton","Chitin + Calcium","Holoplanktonic","No","Krill"
"7298",-0.148600702196486,0.18833389756356,1,1.25,"Eukaryota","Arthropoda","Malacostraca","Decapoda","Munididae","Pleuroncodes","Pleuroncodes planipes","Variable","No","Variable","None","Exoskeleton","Calcite","Meroplanktonic","No","Crabs, lobsters, shrimp"
"483",-0.149749865441067,0.184901633836284,6,7.5,"Eukaryota","Chordata","Actinopteri","Pleuronectiformes","Paralichthyidae","Paralichthys","Paralichthys californicus","No","No","No","None","None","None","Meroplanktonic","No","Flatfishes (flounders, soles, halibut)"
"296",-0.149837438248486,0.18464194922963,3,3.75,"Eukaryota","Arthropoda","Copepoda","Calanoida","Pontellidae","Labidocera","Labidocera trispinosa","Variable","Variable","Variable","Exoskeleton","Exoskeleton","Chitin + Calcium","Holoplanktonic","No","Copepods"
"1860",-0.151290747729792,0.180370944295106,8,10,"Eukaryota","Annelida","Polychaeta","Phyllodocida","Phyllodocidae",NA,NA,"No","No","No","None","None","None","Benthic + Meroplanktonic","No","Active marine polychaetes"
"1218",-0.151683883732954,0.179228057263551,5,6.25,"Eukaryota","Arthropoda","Copepoda","Calanoida","Calanidae","Calanus","Calanus pacificus","Variable","Variable","Variable","Exoskeleton","Exoskeleton","Chitin + Calcium","Holoplanktonic","No","Copepods"
"5191",-0.152065555766473,0.178123557495393,2,2.5,"Eukaryota","Arthropoda","Malacostraca","Amphipoda","Phrosinidae","Primno","Primno brevidens","Variable","Yes","Yes","Exoskeleton","Exoskeleton","Chitin + Calcium","Benthic + Holoplanktonic","No","Amphipods"
"1076",-0.152152227499597,0.177873436542088,2,2.5,"Eukaryota","Arthropoda","Ostracoda","Halocyprida","Halocyprididae","Proceroecia","Proceroecia procera","Variable","No","Variable","None","Exoskeleton","Chitin + Calcium","Holoplanktonic","No","Ostracods (seed shrimp)"
"1579",-0.153365631763336,0.174398624146848,2,2.5,"Eukaryota","Arthropoda","Copepoda","Calanoida","Eucalanidae","Eucalanus","Eucalanus californicus","Variable","Variable","Variable","Exoskeleton","Exoskeleton","Chitin + Calcium","Holoplanktonic","No","Copepods"
"1269",-0.153472856366863,0.174093973483199,1,1.25,"Eukaryota","Arthropoda","Copepoda","Calanoida","Pontellidae","Labidocera","Labidocera trispinosa","Variable","Variable","Variable","Exoskeleton","Exoskeleton","Chitin + Calcium","Holoplanktonic","No","Copepods"
"1296",-0.153472856366863,0.174093973483199,1,1.25,"Eukaryota","Arthropoda","Copepoda","Calanoida","Eucalanidae","Eucalanus","Eucalanus californicus","Variable","Variable","Variable","Exoskeleton","Exoskeleton","Chitin + Calcium","Holoplanktonic","No","Copepods"
"1497",-0.153472856366863,0.174093973483199,1,1.25,"Eukaryota","Arthropoda","Copepoda","Calanoida","Eucalanidae","Eucalanus","Eucalanus californicus","Variable","Variable","Variable","Exoskeleton","Exoskeleton","Chitin + Calcium","Holoplanktonic","No","Copepods"
"1521",-0.153472856366863,0.174093973483199,1,1.25,"Eukaryota","Arthropoda","Malacostraca","Euphausiacea","Euphausiidae","Euphausia","Euphausia pacifica","Variable","No","Variable","None","Exoskeleton","Chitin + Calcium","Holoplanktonic","No","Krill"
"1654",-0.153472856366863,0.174093973483199,1,1.25,"Eukaryota","Mollusca","Gastropoda","Nudibranchia","Glaucidae","Hermissenda","Hermissenda opalescens","Variable","Variable","No","External shell","None","Aragonite","Meroplanktonic","No","Shell-less sea slugs"
"1686",-0.153472856366863,0.174093973483199,1,1.25,"Eukaryota","Arthropoda","Copepoda","Calanoida","Eucalanidae","Eucalanus","Eucalanus californicus","Variable","Variable","Variable","Exoskeleton","Exoskeleton","Chitin + Calcium","Holoplanktonic","No","Copepods"
"1879",-0.153472856366863,0.174093973483199,1,1.25,"Eukaryota","Arthropoda","Malacostraca","Euphausiacea","Euphausiidae","Nyctiphanes","Nyctiphanes simplex","Variable","No","Variable","None","Exoskeleton","Chitin + Calcium","Holoplanktonic","No","Krill"
"1990",-0.153472856366863,0.174093973483199,1,1.25,"Eukaryota","Cnidaria","Hydrozoa","Siphonophorae","Diphyidae","Lensia","Lensia campanella","No","No","No","None","None","None","Holoplanktonic","No","Colonial hydrozoans (e.g., Portuguese man o' war)"
"2105",-0.153472856366863,0.174093973483199,1,1.25,"Eukaryota","Arthropoda","Copepoda","Calanoida","Calanidae","Calanus","Calanus pacificus","Variable","Variable","Variable","Exoskeleton","Exoskeleton","Chitin + Calcium","Holoplanktonic","No","Copepods"
"2149",-0.153472856366863,0.174093973483199,1,1.25,"Eukaryota","Arthropoda","Copepoda","Calanoida","Calanidae","Calanus","Calanus pacificus","Variable","Variable","Variable","Exoskeleton","Exoskeleton","Chitin + Calcium","Holoplanktonic","No","Copepods"
"2238",-0.153472856366863,0.174093973483199,1,1.25,"Eukaryota","Arthropoda","Copepoda","Calanoida","Calanidae","Calanus","Calanus pacificus","Variable","Variable","Variable","Exoskeleton","Exoskeleton","Chitin + Calcium","Holoplanktonic","No","Copepods"
"2276",-0.153472856366863,0.174093973483199,1,1.25,"Eukaryota","Arthropoda","Malacostraca","Euphausiacea","Euphausiidae","Euphausia","Euphausia pacifica","Variable","No","Variable","None","Exoskeleton","Chitin + Calcium","Holoplanktonic","No","Krill"
"2443",-0.153472856366863,0.174093973483199,1,1.25,"Eukaryota","Echinodermata","Echinoidea","Camarodonta","Strongylocentrotidae","Allocentrotus","Allocentrotus fragilis","Yes","Yes","Yes","Internal skeleton","Exoskeleton","Calcite","Meroplanktonic","No","Sea urchins"
"3131",-0.153472856366863,0.174093973483199,1,1.25,"Eukaryota","Echinodermata","Echinoidea","Clypeasteroida","Dendrasteridae","Dendraster","Dendraster excentricus","Yes","Yes","Yes","Exoskeleton","Exoskeleton","Calcite","Meroplanktonic","No","Sand dollars"
"3236",-0.153472856366863,0.174093973483199,1,1.25,"Eukaryota","Echinodermata","Ophiuroidea","Amphilepidida","Amphiuridae","Amphipholis","Amphipholis pugetana","Yes","Yes","Yes","Internal skeleton","Internal skeleton","Calcite","Meroplanktonic","No","Brittle stars"
"3392",-0.153472856366863,0.174093973483199,1,1.25,"Eukaryota","Mollusca","Cephalopoda","Oegopsida","Gonatidae","Gonatus","Gonatus pyros","Variable","Yes","No","Statoliths","None","Aragonite","Meroplanktonic","No","Squid"
"3447",-0.153472856366863,0.174093973483199,1,1.25,"Eukaryota","Arthropoda","Ostracoda","Halocyprida","Halocyprididae","Discoconchoecia",NA,"Variable","No","Variable","None","Exoskeleton","Chitin + Calcium","Holoplanktonic","No","Ostracods (seed shrimp)"
"3448",-0.153472856366863,0.174093973483199,1,1.25,"Eukaryota","Arthropoda","Copepoda","Calanoida","Eucalanidae","Eucalanus","Eucalanus californicus","Variable","Variable","Variable","Exoskeleton","Exoskeleton","Chitin + Calcium","Holoplanktonic","No","Copepods"
"3577",-0.153472856366863,0.174093973483199,1,1.25,"Eukaryota","Arthropoda","Copepoda","Calanoida","Calanidae","Calanus","Calanus pacificus","Variable","Variable","Variable","Exoskeleton","Exoskeleton","Chitin + Calcium","Holoplanktonic","No","Copepods"
"3578",-0.153472856366863,0.174093973483199,1,1.25,"Eukaryota","Chordata","Actinopteri","Argentiniformes","Bathylagidae","Leuroglossus","Leuroglossus stilbius","No","No","No","None","None","None","Meroplanktonic","No","Deep-sea smelts and related fish"
"3644",-0.153472856366863,0.174093973483199,1,1.25,"Eukaryota","Cnidaria","Hydrozoa","Siphonophorae","Agalmatidae","Agalma","Agalma elegans","No","No","No","None","None","None","Holoplanktonic","No","Colonial hydrozoans (e.g., Portuguese man o' war)"
"3702",-0.153472856366863,0.174093973483199,1,1.25,"Eukaryota","Annelida","Polychaeta","Phyllodocida","Pholoidae","Pholoides","Pholoides asperus","No","No","No","None","None","None","Benthic + Meroplanktonic","No","Active marine polychaetes"
"3797",-0.153472856366863,0.174093973483199,1,1.25,"Eukaryota","Arthropoda","Malacostraca","Decapoda","Panopeidae","Lophopanopeus","Lophopanopeus bellus","Variable","No","Variable","None","Exoskeleton","Calcite","Meroplanktonic","No","Crabs, lobsters, shrimp"
"3874",-0.153472856366863,0.174093973483199,1,1.25,"Eukaryota","Arthropoda","Copepoda","Calanoida","Eucalanidae","Eucalanus","Eucalanus californicus","Variable","Variable","Variable","Exoskeleton","Exoskeleton","Chitin + Calcium","Holoplanktonic","No","Copepods"
"4039",-0.153472856366863,0.174093973483199,1,1.25,"Eukaryota","Arthropoda","Copepoda","Calanoida","Eucalanidae","Eucalanus","Eucalanus californicus","Variable","Variable","Variable","Exoskeleton","Exoskeleton","Chitin + Calcium","Holoplanktonic","No","Copepods"
"4040",-0.153472856366863,0.174093973483199,1,1.25,"Eukaryota","Arthropoda","Copepoda","Calanoida","Eucalanidae","Eucalanus","Eucalanus californicus","Variable","Variable","Variable","Exoskeleton","Exoskeleton","Chitin + Calcium","Holoplanktonic","No","Copepods"
"4404",-0.153472856366863,0.174093973483199,1,1.25,"Eukaryota","Arthropoda","Malacostraca","Decapoda","Hippolytidae","Lysmata","Lysmata californica","Variable","No","Variable","None","Exoskeleton","Calcite","Meroplanktonic","No","Crabs, lobsters, shrimp"
"4406",-0.153472856366863,0.174093973483199,1,1.25,"Eukaryota","Arthropoda","Copepoda","Calanoida","Eucalanidae","Rhincalanus","Rhincalanus nasutus","Variable","Variable","Variable","Exoskeleton","Exoskeleton","Chitin + Calcium","Holoplanktonic","No","Copepods"
"4829",-0.153472856366863,0.174093973483199,1,1.25,"Eukaryota","Arthropoda","Copepoda","Calanoida","Eucalanidae","Eucalanus","Eucalanus californicus","Variable","Variable","Variable","Exoskeleton","Exoskeleton","Chitin + Calcium","Holoplanktonic","No","Copepods"
"4926",-0.153472856366863,0.174093973483199,1,1.25,"Eukaryota","Arthropoda","Malacostraca","Euphausiacea","Euphausiidae","Nyctiphanes","Nyctiphanes simplex","Variable","No","Variable","None","Exoskeleton","Chitin + Calcium","Holoplanktonic","No","Krill"
"5040",-0.153472856366863,0.174093973483199,1,1.25,"Eukaryota","Arthropoda","Copepoda","Calanoida","Eucalanidae","Eucalanus","Eucalanus californicus","Variable","Variable","Variable","Exoskeleton","Exoskeleton","Chitin + Calcium","Holoplanktonic","No","Copepods"
"5635",-0.153472856366863,0.174093973483199,1,1.25,"Eukaryota","Arthropoda","Malacostraca","Euphausiacea","Euphausiidae","Nyctiphanes","Nyctiphanes simplex","Variable","No","Variable","None","Exoskeleton","Chitin + Calcium","Holoplanktonic","No","Krill"
"5774",-0.153472856366863,0.174093973483199,1,1.25,"Eukaryota","Arthropoda","Copepoda","Calanoida","Eucalanidae",NA,NA,"Variable","Variable","Variable","Exoskeleton","Exoskeleton","Chitin + Calcium","Holoplanktonic","No","Copepods"
"6125",-0.153472856366863,0.174093973483199,1,1.25,"Eukaryota","Cnidaria","Hydrozoa","Leptothecata","Campanulariidae",NA,NA,"No","No","No","None","None","None","Benthic + Holoplanktonic","No","Hydroids"
"6327",-0.153472856366863,0.174093973483199,1,1.25,"Eukaryota","Arthropoda","Copepoda","Calanoida","Eucalanidae","Eucalanus","Eucalanus californicus","Variable","Variable","Variable","Exoskeleton","Exoskeleton","Chitin + Calcium","Holoplanktonic","No","Copepods"
"6328",-0.153472856366863,0.174093973483199,1,1.25,"Eukaryota","Chordata","Actinopteri","Argentiniformes","Bathylagidae","Lipolagus","Lipolagus ochotensis","No","No","No","None","None","None","Meroplanktonic","No","Deep-sea smelts and related fish"
"6543",-0.153472856366863,0.174093973483199,1,1.25,"Eukaryota","Bryozoa","Gymnolaemata","Cheilostomatida","Membraniporidae","Membranipora","Membranipora villosa","Yes","Yes","Yes","External shell","External shell","Calcite","Meroplanktonic","No","Encrusting bryozoans"
"6806",-0.153472856366863,0.174093973483199,1,1.25,"Eukaryota","Arthropoda","Ostracoda","Halocyprida","Halocyprididae",NA,NA,"Variable","No","Variable","None","Exoskeleton","Chitin + Calcium","Holoplanktonic","No","Ostracods (seed shrimp)"
"7027",-0.153472856366863,0.174093973483199,1,1.25,"Eukaryota","Echinodermata","Ophiuroidea","Amphilepidida","Amphiuridae","Amphipholis","Amphipholis pugetana","Yes","Yes","Yes","Internal skeleton","Internal skeleton","Calcite","Meroplanktonic","No","Brittle stars"
"7028",-0.153472856366863,0.174093973483199,1,1.25,"Eukaryota","Arthropoda","Ostracoda","Halocyprida","Halocyprididae","Conchoecetta","Conchoecetta giesbrechti","Variable","No","Variable","None","Exoskeleton","Chitin + Calcium","Holoplanktonic","No","Ostracods (seed shrimp)"
"7029",-0.153472856366863,0.174093973483199,1,1.25,"Eukaryota","Arthropoda","Ostracoda","Halocyprida","Halocyprididae","Conchoecia","Conchoecia magna","Variable","No","Variable","None","Exoskeleton","Chitin + Calcium","Holoplanktonic","No","Ostracods (seed shrimp)"
"404",-0.157647985115558,0.162532507591445,19,23.75,"Eukaryota","Arthropoda","Copepoda","Calanoida","Calanidae","Calanus","Calanus pacificus","Variable","Variable","Variable","Exoskeleton","Exoskeleton","Chitin + Calcium","Holoplanktonic","No","Copepods"
"1040",-0.158208247070407,0.161025358992719,4,5,"Eukaryota","Echinodermata","Echinoidea","Clypeasteroida","Dendrasteridae","Dendraster","Dendraster excentricus","Yes","Yes","Yes","Exoskeleton","Exoskeleton","Calcite","Meroplanktonic","No","Sand dollars"
"322",-0.158345010537239,0.160659031619726,1,1.25,"Eukaryota","Chordata","Actinopteri","Argentiniformes","Bathylagidae","Leuroglossus","Leuroglossus stilbius","No","No","No","None","None","None","Meroplanktonic","No","Deep-sea smelts and related fish"
"924",-0.158345010537239,0.160659031619726,1,1.25,"Eukaryota","Echinodermata","Ophiuroidea","Amphilepidida","Ophiotrichidae","Ophiothrix","Ophiothrix spiculata","Yes","Yes","Yes","Internal skeleton","Internal skeleton","Calcite","Meroplanktonic","No","Brittle stars"
"934",-0.158345010537239,0.160659031619726,1,1.25,"Eukaryota","Chordata","Actinopteri","Argentiniformes","Bathylagidae","Leuroglossus","Leuroglossus stilbius","No","No","No","None","None","None","Meroplanktonic","No","Deep-sea smelts and related fish"
"1198",-0.158345010537239,0.160659031619726,1,1.25,"Eukaryota","Chordata","Actinopteri","Argentiniformes","Bathylagidae","Leuroglossus","Leuroglossus stilbius","No","No","No","None","None","None","Meroplanktonic","No","Deep-sea smelts and related fish"
"1242",-0.158345010537239,0.160659031619726,1,1.25,"Eukaryota","Mollusca","Gastropoda","Nudibranchia","Glaucidae","Hermissenda","Hermissenda opalescens","Variable","Variable","No","External shell","None","Aragonite","Meroplanktonic","No","Shell-less sea slugs"
"1368",-0.158345010537239,0.160659031619726,1,1.25,"Eukaryota","Arthropoda","Copepoda","Calanoida","Eucalanidae","Eucalanus","Eucalanus californicus","Variable","Variable","Variable","Exoskeleton","Exoskeleton","Chitin + Calcium","Holoplanktonic","No","Copepods"
"1520",-0.158345010537239,0.160659031619726,1,1.25,"Eukaryota","Mollusca","Gastropoda","Nudibranchia","Glaucidae","Hermissenda","Hermissenda opalescens","Variable","Variable","No","External shell","None","Aragonite","Meroplanktonic","No","Shell-less sea slugs"
"1606",-0.158345010537239,0.160659031619726,1,1.25,"Eukaryota","Echinodermata","Echinoidea","Temnopleuroida","Toxopneustidae","Lytechinus","Lytechinus pictus","Yes","Yes","Yes","Internal skeleton","Exoskeleton","Calcite","Meroplanktonic","No","Short-spined sea urchins"
"1667",-0.158345010537239,0.160659031619726,1,1.25,"Eukaryota","Arthropoda","Ostracoda","Halocyprida","Halocyprididae","Conchoecetta","Conchoecetta giesbrechti","Variable","No","Variable","None","Exoskeleton","Chitin + Calcium","Holoplanktonic","No","Ostracods (seed shrimp)"
"1731",-0.158345010537239,0.160659031619726,1,1.25,"Eukaryota","Arthropoda","Malacostraca","Decapoda","Cancridae","Romaleon","Romaleon antennarium","Variable","No","Variable","None","Exoskeleton","Calcite","Meroplanktonic","No","Crabs, lobsters, shrimp"
"1810",-0.158345010537239,0.160659031619726,1,1.25,"Eukaryota","Mollusca","Gastropoda","Nudibranchia","Glaucidae","Hermissenda","Hermissenda opalescens","Variable","Variable","No","External shell","None","Aragonite","Meroplanktonic","No","Shell-less sea slugs"
"1989",-0.158345010537239,0.160659031619726,1,1.25,"Eukaryota","Mollusca","Gastropoda","Nudibranchia","Glaucidae","Hermissenda",NA,"Variable","Variable","No","External shell","None","Aragonite","Meroplanktonic","No","Shell-less sea slugs"
"2104",-0.158345010537239,0.160659031619726,1,1.25,"Eukaryota","Echinodermata","Ophiuroidea","Amphilepidida","Ophiactidae","Ophiopholis",NA,"Yes","Yes","Yes","Internal skeleton","Internal skeleton","Calcite","Meroplanktonic","No","Brittle stars"
"2409",-0.158345010537239,0.160659031619726,1,1.25,"Eukaryota","Chordata","Actinopteri","Myctophiformes","Myctophidae","Stenobrachius","Stenobrachius leucopsarus","No","No","No","None","None","None","Meroplanktonic","No","Lanternfishes"
"2569",-0.158345010537239,0.160659031619726,1,1.25,"Eukaryota","Arthropoda","Copepoda","Calanoida","Eucalanidae","Eucalanus","Eucalanus californicus","Variable","Variable","Variable","Exoskeleton","Exoskeleton","Chitin + Calcium","Holoplanktonic","No","Copepods"
"2747",-0.158345010537239,0.160659031619726,1,1.25,"Eukaryota","Arthropoda","Malacostraca","Euphausiacea","Euphausiidae","Hansarsia","Hansarsia difficilis","Variable","No","Variable","None","Exoskeleton","Chitin + Calcium","Holoplanktonic","No","Krill"
"3281",-0.158345010537239,0.160659031619726,1,1.25,"Eukaryota","Echinodermata","Ophiuroidea","Amphilepidida","Ophiactidae","Ophiopholis","Ophiopholis sp. EAC01","Yes","Yes","Yes","Internal skeleton","Internal skeleton","Calcite","Meroplanktonic","No","Brittle stars"
"3871",-0.158345010537239,0.160659031619726,1,1.25,"Eukaryota","Arthropoda","Malacostraca","Decapoda","Cancridae",NA,NA,"Variable","No","Variable","None","Exoskeleton","Calcite","Meroplanktonic","No","Crabs, lobsters, shrimp"
"4133",-0.158345010537239,0.160659031619726,1,1.25,"Eukaryota","Arthropoda","Copepoda","Calanoida","Eucalanidae","Eucalanus","Eucalanus californicus","Variable","Variable","Variable","Exoskeleton","Exoskeleton","Chitin + Calcium","Holoplanktonic","No","Copepods"
"4493",-0.158345010537239,0.160659031619726,1,1.25,"Eukaryota","Annelida","Polychaeta","Eunicida","Amphinomidae",NA,NA,"No","No","No","None","None","None","Benthic + Meroplanktonic","No","Marine bristle worms (polychaetes)"
"4494",-0.158345010537239,0.160659031619726,1,1.25,"Eukaryota","Arthropoda","Malacostraca","Decapoda","Cancridae","Romaleon",NA,"Variable","No","Variable","None","Exoskeleton","Calcite","Meroplanktonic","No","Crabs, lobsters, shrimp"
"5178",-0.158345010537239,0.160659031619726,1,1.25,"Eukaryota","Arthropoda","Thecostraca","Balanomorpha","Chthamalidae","Chthamalus","Chthamalus fissus","Yes","Yes","Yes","External shell","External shell","Calcite","Meroplanktonic","No","Barnacles"
"5179",-0.158345010537239,0.160659031619726,1,1.25,"Eukaryota","Arthropoda","Malacostraca","Decapoda","Panopeidae","Lophopanopeus","Lophopanopeus bellus","Variable","No","Variable","None","Exoskeleton","Calcite","Meroplanktonic","No","Crabs, lobsters, shrimp"
"5333",-0.158345010537239,0.160659031619726,1,1.25,"Eukaryota","Arthropoda","Malacostraca","Euphausiacea","Euphausiidae","Nyctiphanes","Nyctiphanes simplex","Variable","No","Variable","None","Exoskeleton","Chitin + Calcium","Holoplanktonic","No","Krill"
"5475",-0.158345010537239,0.160659031619726,1,1.25,"Eukaryota","Annelida","Polychaeta","Spionida","Spionidae",NA,NA,"No","No","No","None","None","None","Benthic + Meroplanktonic","No","Marine worms (sediment burrowers)"
"5631",-0.158345010537239,0.160659031619726,1,1.25,"Eukaryota","Arthropoda","Copepoda","Calanoida","Eucalanidae","Rhincalanus","Rhincalanus nasutus","Variable","Variable","Variable","Exoskeleton","Exoskeleton","Chitin + Calcium","Holoplanktonic","No","Copepods"
"5632",-0.158345010537239,0.160659031619726,1,1.25,"Eukaryota","Mollusca","Gastropoda","Nudibranchia","Glaucidae","Hermissenda","Hermissenda opalescens","Variable","Variable","No","External shell","None","Aragonite","Meroplanktonic","No","Shell-less sea slugs"
"5936",-0.158345010537239,0.160659031619726,1,1.25,"Eukaryota","Annelida","Polychaeta","Phyllodocida","Pholoidae","Pholoides","Pholoides asperus","No","No","No","None","None","None","Benthic + Meroplanktonic","No","Active marine polychaetes"
"6120",-0.158345010537239,0.160659031619726,1,1.25,"Eukaryota","Arthropoda","Malacostraca","Euphausiacea","Euphausiidae","Nyctiphanes","Nyctiphanes simplex","Variable","No","Variable","None","Exoskeleton","Chitin + Calcium","Holoplanktonic","No","Krill"
"6320",-0.158345010537239,0.160659031619726,1,1.25,"Eukaryota","Mollusca","Gastropoda","Nudibranchia","Triopha","Triopha","Triopha catalinae","Variable","Variable","No","External shell","None","Aragonite","Meroplanktonic","No","Shell-less sea slugs"
"6322",-0.158345010537239,0.160659031619726,1,1.25,"Eukaryota","Mollusca","Bivalvia","Adapedonta","Hiatellidae","Panopea","Panopea generosa","Yes","Yes","Yes","External shell","External shell","Aragonite/Calcite","Meroplanktonic","No","Burrowing clams"
"6323",-0.158345010537239,0.160659031619726,1,1.25,"Eukaryota","Arthropoda","Malacostraca","Decapoda","Panopeidae",NA,NA,"Variable","No","Variable","None","Exoskeleton","Calcite","Meroplanktonic","No","Crabs, lobsters, shrimp"
"6537",-0.158345010537239,0.160659031619726,1,1.25,"Eukaryota","Echinodermata","Ophiuroidea","Amphilepidida","Ophiocomidae","Ophiopteris","Ophiopteris papillosa","Yes","Yes","Yes","Internal skeleton","Internal skeleton","Calcite","Meroplanktonic","No","Brittle stars"
"6800",-0.158345010537239,0.160659031619726,1,1.25,"Eukaryota","Arthropoda","Malacostraca","Euphausiacea","Euphausiidae","Thysanoessa","Thysanoessa gregaria","Variable","No","Variable","None","Exoskeleton","Chitin + Calcium","Holoplanktonic","No","Krill"
"7024",-0.158345010537239,0.160659031619726,1,1.25,"Eukaryota","Mollusca","Gastropoda","Nudibranchia","Tritoniidae","Tritonia","Tritonia festiva","Variable","Variable","No","External shell","None","Aragonite","Meroplanktonic","No","Shell-less sea slugs"
"7025",-0.158345010537239,0.160659031619726,1,1.25,"Eukaryota","Bryozoa","Gymnolaemata","Cheilostomatida","Membraniporidae",NA,NA,"Yes","Yes","Yes","External shell","External shell","Calcite","Meroplanktonic","No","Encrusting bryozoans"
"7291",-0.158345010537239,0.160659031619726,1,1.25,"Eukaryota","Mollusca","Gastropoda","Littorinimorpha","Calyptraeidae",NA,NA,"Yes","Yes","Yes","External shell","External shell","Aragonite/Calcite","Meroplanktonic","No","Periwinkles and related snails"
"7292",-0.158345010537239,0.160659031619726,1,1.25,"Eukaryota","Mollusca","Gastropoda","Neogastropoda","Nassariidae",NA,NA,"Yes","Yes","Yes","External shell","External shell","Aragonite/Calcite","Meroplanktonic","No","Whelks and predatory snails"
"7293",-0.158345010537239,0.160659031619726,1,1.25,"Eukaryota","Mollusca","Gastropoda","Pteropoda","Cliidae","Clio","Clio pyramidata","Yes","Yes","Yes","External shell","External shell","Aragonite","Holoplanktonic","No","Sea butterflies"
"7295",-0.158345010537239,0.160659031619726,1,1.25,"Eukaryota","Mollusca","Gastropoda","Nudibranchia","Tritoniidae","Tritonia","Tritonia exsulans","Variable","Variable","No","External shell","None","Aragonite","Meroplanktonic","No","Shell-less sea slugs"
"7296",-0.158345010537239,0.160659031619726,1,1.25,"Eukaryota","Arthropoda","Copepoda","Calanoida","Paracalanidae",NA,NA,"Variable","Variable","Variable","Exoskeleton","Exoskeleton","Chitin + Calcium","Holoplanktonic","No","Copepods"
"406",-0.15876636413364,0.159534298475993,25,31.25,"Eukaryota","Arthropoda","Thecostraca","Balanomorpha","Chthamalidae","Chthamalus","Chthamalus fissus","Yes","Yes","Yes","External shell","External shell","Calcite","Meroplanktonic","No","Barnacles"
"2481",-0.15968186165798,0.157110678302854,6,7.5,"Eukaryota","Cnidaria","Hydrozoa","Siphonophorae","Diphyidae","Chelophyes","Chelophyes appendiculata","No","No","No","None","None","None","Holoplanktonic","No","Colonial hydrozoans (e.g., Portuguese man o' war)"
"2838",-0.159840733465923,0.156692894633867,5,6.25,"Eukaryota","Mollusca","Gastropoda","Littorinimorpha","Calyptraeidae","Crepipatella","Crepipatella lingulata","Yes","Yes","Yes","External shell","External shell","Aragonite/Calcite","Meroplanktonic","No","Periwinkles and related snails"
"1641",-0.160087944507398,0.156044449717638,16,20,"Eukaryota","Arthropoda","Copepoda","Calanoida","Calanidae","Calanus","Calanus pacificus","Variable","Variable","Variable","Exoskeleton","Exoskeleton","Chitin + Calcium","Holoplanktonic","No","Copepods"
"3567",-0.161729454009825,0.151789256264008,2,2.5,"Eukaryota","Arthropoda","Malacostraca","Decapoda","Hippolytidae","Spirontocaris","Spirontocaris sica","Variable","No","Variable","None","Exoskeleton","Calcite","Meroplanktonic","No","Crabs, lobsters, shrimp"
"325",-0.162476219741614,0.149882385368024,60,75,"Eukaryota","Arthropoda","Copepoda","Calanoida","Paracalanidae","Paracalanus","Paracalanus sp. C AC_2013","Variable","Variable","Variable","Exoskeleton","Exoskeleton","Chitin + Calcium","Holoplanktonic","No","Copepods"
"220",-0.163217164707616,0.148008143528415,1,1.25,"Eukaryota","Arthropoda","Copepoda","Calanoida","Pontellidae","Labidocera","Labidocera trispinosa","Variable","Variable","Variable","Exoskeleton","Exoskeleton","Chitin + Calcium","Holoplanktonic","No","Copepods"
"226",-0.163217164707616,0.148008143528415,1,1.25,"Eukaryota","Arthropoda","Copepoda","Calanoida","Pontellidae","Labidocera","Labidocera trispinosa","Variable","Variable","Variable","Exoskeleton","Exoskeleton","Chitin + Calcium","Holoplanktonic","No","Copepods"
"263",-0.163217164707616,0.148008143528415,1,1.25,"Eukaryota","Arthropoda","Copepoda","Calanoida","Pontellidae","Labidocera","Labidocera trispinosa","Variable","Variable","Variable","Exoskeleton","Exoskeleton","Chitin + Calcium","Holoplanktonic","No","Copepods"
"438",-0.163217164707616,0.148008143528415,1,1.25,"Eukaryota","Arthropoda","Copepoda","Calanoida","Pontellidae","Labidocera","Labidocera trispinosa","Variable","Variable","Variable","Exoskeleton","Exoskeleton","Chitin + Calcium","Holoplanktonic","No","Copepods"
"548",-0.163217164707616,0.148008143528415,1,1.25,"Eukaryota","Arthropoda","Copepoda","Calanoida","Pontellidae","Labidocera","Labidocera trispinosa","Variable","Variable","Variable","Exoskeleton","Exoskeleton","Chitin + Calcium","Holoplanktonic","No","Copepods"
"616",-0.163217164707616,0.148008143528415,1,1.25,"Eukaryota","Arthropoda","Copepoda","Calanoida","Pontellidae","Labidocera",NA,"Variable","Variable","Variable","Exoskeleton","Exoskeleton","Chitin + Calcium","Holoplanktonic","No","Copepods"
"671",-0.163217164707616,0.148008143528415,1,1.25,"Eukaryota","Arthropoda","Copepoda","Calanoida","Pontellidae","Labidocera","Labidocera trispinosa","Variable","Variable","Variable","Exoskeleton","Exoskeleton","Chitin + Calcium","Holoplanktonic","No","Copepods"
"762",-0.163217164707616,0.148008143528415,1,1.25,"Eukaryota","Arthropoda","Copepoda","Calanoida","Pontellidae","Labidocera","Labidocera trispinosa","Variable","Variable","Variable","Exoskeleton","Exoskeleton","Chitin + Calcium","Holoplanktonic","No","Copepods"
"786",-0.163217164707616,0.148008143528415,1,1.25,"Eukaryota","Arthropoda","Copepoda","Calanoida","Pontellidae","Labidocera","Labidocera trispinosa","Variable","Variable","Variable","Exoskeleton","Exoskeleton","Chitin + Calcium","Holoplanktonic","No","Copepods"
"797",-0.163217164707616,0.148008143528415,1,1.25,"Eukaryota","Arthropoda","Copepoda","Calanoida","Pontellidae","Labidocera","Labidocera trispinosa","Variable","Variable","Variable","Exoskeleton","Exoskeleton","Chitin + Calcium","Holoplanktonic","No","Copepods"
"883",-0.163217164707616,0.148008143528415,1,1.25,"Eukaryota","Arthropoda","Copepoda","Calanoida","Pontellidae","Labidocera","Labidocera trispinosa","Variable","Variable","Variable","Exoskeleton","Exoskeleton","Chitin + Calcium","Holoplanktonic","No","Copepods"
"900",-0.163217164707616,0.148008143528415,1,1.25,"Eukaryota","Arthropoda","Copepoda","Calanoida","Pontellidae","Labidocera","Labidocera trispinosa","Variable","Variable","Variable","Exoskeleton","Exoskeleton","Chitin + Calcium","Holoplanktonic","No","Copepods"
"915",-0.163217164707616,0.148008143528415,1,1.25,"Eukaryota","Arthropoda","Copepoda","Calanoida","Pontellidae","Labidocera","Labidocera trispinosa","Variable","Variable","Variable","Exoskeleton","Exoskeleton","Chitin + Calcium","Holoplanktonic","No","Copepods"
"923",-0.163217164707616,0.148008143528415,1,1.25,"Eukaryota","Arthropoda","Copepoda","Calanoida","Pontellidae","Labidocera",NA,"Variable","Variable","Variable","Exoskeleton","Exoskeleton","Chitin + Calcium","Holoplanktonic","No","Copepods"
"938",-0.163217164707616,0.148008143528415,1,1.25,"Eukaryota","Arthropoda","Copepoda","Calanoida","Calanidae","Calanus","Calanus pacificus","Variable","Variable","Variable","Exoskeleton","Exoskeleton","Chitin + Calcium","Holoplanktonic","No","Copepods"
"940",-0.163217164707616,0.148008143528415,1,1.25,"Eukaryota","Arthropoda","Copepoda","Calanoida","Pontellidae","Labidocera","Labidocera trispinosa","Variable","Variable","Variable","Exoskeleton","Exoskeleton","Chitin + Calcium","Holoplanktonic","No","Copepods"
"978",-0.163217164707616,0.148008143528415,1,1.25,"Eukaryota","Arthropoda","Copepoda","Calanoida","Pontellidae","Labidocera","Labidocera trispinosa","Variable","Variable","Variable","Exoskeleton","Exoskeleton","Chitin + Calcium","Holoplanktonic","No","Copepods"
"996",-0.163217164707616,0.148008143528415,1,1.25,"Eukaryota","Arthropoda","Copepoda","Calanoida","Pontellidae","Labidocera","Labidocera trispinosa","Variable","Variable","Variable","Exoskeleton","Exoskeleton","Chitin + Calcium","Holoplanktonic","No","Copepods"
"1014",-0.163217164707616,0.148008143528415,1,1.25,"Eukaryota","Arthropoda","Copepoda","Calanoida","Pontellidae","Labidocera","Labidocera trispinosa","Variable","Variable","Variable","Exoskeleton","Exoskeleton","Chitin + Calcium","Holoplanktonic","No","Copepods"
"1029",-0.163217164707616,0.148008143528415,1,1.25,"Eukaryota","Arthropoda","Copepoda","Calanoida","Pontellidae","Labidocera","Labidocera trispinosa","Variable","Variable","Variable","Exoskeleton","Exoskeleton","Chitin + Calcium","Holoplanktonic","No","Copepods"
"1143",-0.163217164707616,0.148008143528415,1,1.25,"Eukaryota","Arthropoda","Copepoda","Calanoida","Pontellidae","Labidocera","Labidocera trispinosa","Variable","Variable","Variable","Exoskeleton","Exoskeleton","Chitin + Calcium","Holoplanktonic","No","Copepods"
"1151",-0.163217164707616,0.148008143528415,1,1.25,"Eukaryota","Arthropoda","Copepoda","Calanoida","Pontellidae","Labidocera","Labidocera trispinosa","Variable","Variable","Variable","Exoskeleton","Exoskeleton","Chitin + Calcium","Holoplanktonic","No","Copepods"
"1182",-0.163217164707616,0.148008143528415,1,1.25,"Eukaryota","Arthropoda","Copepoda","Calanoida","Pontellidae","Labidocera","Labidocera trispinosa","Variable","Variable","Variable","Exoskeleton","Exoskeleton","Chitin + Calcium","Holoplanktonic","No","Copepods"
"1204",-0.163217164707616,0.148008143528415,1,1.25,"Eukaryota","Mollusca","Gastropoda","Neogastropoda","Olividae","Olivella","Olivella baetica","Yes","Yes","Yes","External shell","External shell","Aragonite/Calcite","Meroplanktonic","No","Whelks and predatory snails"
"1205",-0.163217164707616,0.148008143528415,1,1.25,"Eukaryota","Arthropoda","Copepoda","Calanoida","Pontellidae","Labidocera","Labidocera trispinosa","Variable","Variable","Variable","Exoskeleton","Exoskeleton","Chitin + Calcium","Holoplanktonic","No","Copepods"
"1224",-0.163217164707616,0.148008143528415,1,1.25,"Eukaryota","Arthropoda","Malacostraca","Decapoda","Blepharipodidae",NA,NA,"Variable","No","Variable","None","Exoskeleton","Calcite","Meroplanktonic","No","Crabs, lobsters, shrimp"
"1249",-0.163217164707616,0.148008143528415,1,1.25,"Eukaryota","Arthropoda","Copepoda","Calanoida","Pontellidae","Labidocera","Labidocera trispinosa","Variable","Variable","Variable","Exoskeleton","Exoskeleton","Chitin + Calcium","Holoplanktonic","No","Copepods"
"1277",-0.163217164707616,0.148008143528415,1,1.25,"Eukaryota","Arthropoda","Copepoda","Calanoida","Pontellidae","Labidocera","Labidocera trispinosa","Variable","Variable","Variable","Exoskeleton","Exoskeleton","Chitin + Calcium","Holoplanktonic","No","Copepods"
"1306",-0.163217164707616,0.148008143528415,1,1.25,"Eukaryota","Arthropoda","Copepoda","Calanoida","Pontellidae","Labidocera","Labidocera trispinosa","Variable","Variable","Variable","Exoskeleton","Exoskeleton","Chitin + Calcium","Holoplanktonic","No","Copepods"
"1369",-0.163217164707616,0.148008143528415,1,1.25,"Eukaryota","Arthropoda","Copepoda","Calanoida","Pontellidae","Labidocera","Labidocera trispinosa","Variable","Variable","Variable","Exoskeleton","Exoskeleton","Chitin + Calcium","Holoplanktonic","No","Copepods"
"1406",-0.163217164707616,0.148008143528415,1,1.25,"Eukaryota","Arthropoda","Copepoda","Calanoida","Pontellidae","Labidocera","Labidocera trispinosa","Variable","Variable","Variable","Exoskeleton","Exoskeleton","Chitin + Calcium","Holoplanktonic","No","Copepods"
"1423",-0.163217164707616,0.148008143528415,1,1.25,"Eukaryota","Arthropoda","Copepoda","Calanoida","Pontellidae","Labidocera","Labidocera trispinosa","Variable","Variable","Variable","Exoskeleton","Exoskeleton","Chitin + Calcium","Holoplanktonic","No","Copepods"
"1441",-0.163217164707616,0.148008143528415,1,1.25,"Eukaryota","Arthropoda","Copepoda","Calanoida","Pontellidae","Labidocera","Labidocera trispinosa","Variable","Variable","Variable","Exoskeleton","Exoskeleton","Chitin + Calcium","Holoplanktonic","No","Copepods"
"1483",-0.163217164707616,0.148008143528415,1,1.25,"Eukaryota","Arthropoda","Copepoda","Calanoida","Pontellidae","Labidocera","Labidocera trispinosa","Variable","Variable","Variable","Exoskeleton","Exoskeleton","Chitin + Calcium","Holoplanktonic","No","Copepods"
"1618",-0.163217164707616,0.148008143528415,1,1.25,"Eukaryota","Arthropoda","Copepoda","Calanoida","Pontellidae","Labidocera","Labidocera trispinosa","Variable","Variable","Variable","Exoskeleton","Exoskeleton","Chitin + Calcium","Holoplanktonic","No","Copepods"
"1720",-0.163217164707616,0.148008143528415,1,1.25,"Eukaryota","Arthropoda","Copepoda","Calanoida","Pontellidae","Labidocera","Labidocera trispinosa","Variable","Variable","Variable","Exoskeleton","Exoskeleton","Chitin + Calcium","Holoplanktonic","No","Copepods"
"1834",-0.163217164707616,0.148008143528415,1,1.25,"Eukaryota","Arthropoda","Copepoda","Calanoida","Pontellidae","Labidocera","Labidocera trispinosa","Variable","Variable","Variable","Exoskeleton","Exoskeleton","Chitin + Calcium","Holoplanktonic","No","Copepods"
"1835",-0.163217164707616,0.148008143528415,1,1.25,"Eukaryota","Arthropoda","Copepoda","Calanoida","Pontellidae","Labidocera","Labidocera trispinosa","Variable","Variable","Variable","Exoskeleton","Exoskeleton","Chitin + Calcium","Holoplanktonic","No","Copepods"
"1882",-0.163217164707616,0.148008143528415,1,1.25,"Eukaryota","Arthropoda","Copepoda","Calanoida","Pontellidae","Labidocera","Labidocera trispinosa","Variable","Variable","Variable","Exoskeleton","Exoskeleton","Chitin + Calcium","Holoplanktonic","No","Copepods"
"1991",-0.163217164707616,0.148008143528415,1,1.25,"Eukaryota","Arthropoda","Copepoda","Calanoida","Pontellidae","Labidocera","Labidocera trispinosa","Variable","Variable","Variable","Exoskeleton","Exoskeleton","Chitin + Calcium","Holoplanktonic","No","Copepods"
"2021",-0.163217164707616,0.148008143528415,1,1.25,"Eukaryota","Arthropoda","Copepoda","Calanoida","Eucalanidae","Eucalanus","Eucalanus californicus","Variable","Variable","Variable","Exoskeleton","Exoskeleton","Chitin + Calcium","Holoplanktonic","No","Copepods"
"2087",-0.163217164707616,0.148008143528415,1,1.25,"Eukaryota","Arthropoda","Copepoda","Calanoida","Pontellidae","Labidocera","Labidocera trispinosa","Variable","Variable","Variable","Exoskeleton","Exoskeleton","Chitin + Calcium","Holoplanktonic","No","Copepods"
"2088",-0.163217164707616,0.148008143528415,1,1.25,"Eukaryota","Arthropoda","Copepoda","Calanoida","Pontellidae","Labidocera","Labidocera trispinosa","Variable","Variable","Variable","Exoskeleton","Exoskeleton","Chitin + Calcium","Holoplanktonic","No","Copepods"
"2089",-0.163217164707616,0.148008143528415,1,1.25,"Eukaryota","Arthropoda","Copepoda","Calanoida","Pontellidae","Labidocera","Labidocera trispinosa","Variable","Variable","Variable","Exoskeleton","Exoskeleton","Chitin + Calcium","Holoplanktonic","No","Copepods"
"2106",-0.163217164707616,0.148008143528415,1,1.25,"Eukaryota","Arthropoda","Copepoda","Calanoida","Pontellidae","Labidocera","Labidocera trispinosa","Variable","Variable","Variable","Exoskeleton","Exoskeleton","Chitin + Calcium","Holoplanktonic","No","Copepods"
"2219",-0.163217164707616,0.148008143528415,1,1.25,"Eukaryota","Arthropoda","Copepoda","Calanoida","Pontellidae","Labidocera","Labidocera trispinosa","Variable","Variable","Variable","Exoskeleton","Exoskeleton","Chitin + Calcium","Holoplanktonic","No","Copepods"
"2255",-0.163217164707616,0.148008143528415,1,1.25,"Eukaryota","Arthropoda","Copepoda","Calanoida","Eucalanidae","Eucalanus","Eucalanus californicus","Variable","Variable","Variable","Exoskeleton","Exoskeleton","Chitin + Calcium","Holoplanktonic","No","Copepods"
"2386",-0.163217164707616,0.148008143528415,1,1.25,"Eukaryota","Arthropoda","Copepoda","Calanoida","Pontellidae","Labidocera","Labidocera trispinosa","Variable","Variable","Variable","Exoskeleton","Exoskeleton","Chitin + Calcium","Holoplanktonic","No","Copepods"
"2444",-0.163217164707616,0.148008143528415,1,1.25,"Eukaryota","Arthropoda","Copepoda","Calanoida","Pontellidae","Labidocera","Labidocera trispinosa","Variable","Variable","Variable","Exoskeleton","Exoskeleton","Chitin + Calcium","Holoplanktonic","No","Copepods"
"2489",-0.163217164707616,0.148008143528415,1,1.25,"Eukaryota","Arthropoda","Copepoda","Calanoida","Pontellidae","Labidocera","Labidocera trispinosa","Variable","Variable","Variable","Exoskeleton","Exoskeleton","Chitin + Calcium","Holoplanktonic","No","Copepods"
"2546",-0.163217164707616,0.148008143528415,1,1.25,"Eukaryota","Arthropoda","Copepoda","Calanoida","Pontellidae","Labidocera","Labidocera trispinosa","Variable","Variable","Variable","Exoskeleton","Exoskeleton","Chitin + Calcium","Holoplanktonic","No","Copepods"
"2602",-0.163217164707616,0.148008143528415,1,1.25,"Eukaryota","Arthropoda","Copepoda","Calanoida","Pontellidae","Labidocera","Labidocera trispinosa","Variable","Variable","Variable","Exoskeleton","Exoskeleton","Chitin + Calcium","Holoplanktonic","No","Copepods"
"2687",-0.163217164707616,0.148008143528415,1,1.25,"Eukaryota","Arthropoda","Malacostraca","Decapoda","Blepharipodidae",NA,NA,"Variable","No","Variable","None","Exoskeleton","Calcite","Meroplanktonic","No","Crabs, lobsters, shrimp"
"2719",-0.163217164707616,0.148008143528415,1,1.25,"Eukaryota","Arthropoda","Copepoda","Calanoida","Pontellidae","Labidocera","Labidocera trispinosa","Variable","Variable","Variable","Exoskeleton","Exoskeleton","Chitin + Calcium","Holoplanktonic","No","Copepods"
"2803",-0.163217164707616,0.148008143528415,1,1.25,"Eukaryota","Arthropoda","Copepoda","Calanoida","Pontellidae","Labidocera","Labidocera trispinosa","Variable","Variable","Variable","Exoskeleton","Exoskeleton","Chitin + Calcium","Holoplanktonic","No","Copepods"
"2910",-0.163217164707616,0.148008143528415,1,1.25,"Eukaryota","Arthropoda","Copepoda","Calanoida","Pontellidae","Labidocera",NA,"Variable","Variable","Variable","Exoskeleton","Exoskeleton","Chitin + Calcium","Holoplanktonic","No","Copepods"
"2911",-0.163217164707616,0.148008143528415,1,1.25,"Eukaryota","Arthropoda","Copepoda","Calanoida","Calanidae","Calanus","Calanus pacificus","Variable","Variable","Variable","Exoskeleton","Exoskeleton","Chitin + Calcium","Holoplanktonic","No","Copepods"
"2912",-0.163217164707616,0.148008143528415,1,1.25,"Eukaryota","Arthropoda","Malacostraca","Euphausiacea","Euphausiidae","Nyctiphanes","Nyctiphanes simplex","Variable","No","Variable","None","Exoskeleton","Chitin + Calcium","Holoplanktonic","No","Krill"
"3039",-0.163217164707616,0.148008143528415,1,1.25,"Eukaryota","Arthropoda","Malacostraca","Euphausiacea","Euphausiidae","Nyctiphanes","Nyctiphanes simplex","Variable","No","Variable","None","Exoskeleton","Chitin + Calcium","Holoplanktonic","No","Krill"
"3082",-0.163217164707616,0.148008143528415,1,1.25,"Eukaryota","Arthropoda","Thecostraca","Balanomorpha","Chthamalidae","Chthamalus","Chthamalus fissus","Yes","Yes","Yes","External shell","External shell","Calcite","Meroplanktonic","No","Barnacles"
"3083",-0.163217164707616,0.148008143528415,1,1.25,"Eukaryota","Arthropoda","Copepoda","Calanoida","Calanidae","Calanus","Calanus pacificus","Variable","Variable","Variable","Exoskeleton","Exoskeleton","Chitin + Calcium","Holoplanktonic","No","Copepods"
"3133",-0.163217164707616,0.148008143528415,1,1.25,"Eukaryota","Arthropoda","Copepoda","Calanoida","Pontellidae","Labidocera","Labidocera trispinosa","Variable","Variable","Variable","Exoskeleton","Exoskeleton","Chitin + Calcium","Holoplanktonic","No","Copepods"
"3237",-0.163217164707616,0.148008143528415,1,1.25,"Eukaryota","Mollusca","Gastropoda","Neogastropoda","Nassariidae",NA,NA,"Yes","Yes","Yes","External shell","External shell","Aragonite/Calcite","Meroplanktonic","No","Whelks and predatory snails"
"3337",-0.163217164707616,0.148008143528415,1,1.25,"Eukaryota","Mollusca","Gastropoda","Nudibranchia","Glaucidae","Hermissenda","Hermissenda opalescens","Variable","Variable","No","External shell","None","Aragonite","Meroplanktonic","No","Shell-less sea slugs"
"3395",-0.163217164707616,0.148008143528415,1,1.25,"Eukaryota","Arthropoda","Copepoda","Calanoida","Pontellidae","Labidocera","Labidocera trispinosa","Variable","Variable","Variable","Exoskeleton","Exoskeleton","Chitin + Calcium","Holoplanktonic","No","Copepods"
"3450",-0.163217164707616,0.148008143528415,1,1.25,"Eukaryota","Arthropoda","Copepoda","Calanoida","Lucicutiidae","Lucicutia","Lucicutia flavicornis","Variable","Variable","Variable","Exoskeleton","Exoskeleton","Chitin + Calcium","Holoplanktonic","No","Copepods"
"3451",-0.163217164707616,0.148008143528415,1,1.25,"Eukaryota","Arthropoda","Copepoda","Calanoida","Pontellidae","Labidocera",NA,"Variable","Variable","Variable","Exoskeleton","Exoskeleton","Chitin + Calcium","Holoplanktonic","No","Copepods"
"3452",-0.163217164707616,0.148008143528415,1,1.25,"Eukaryota","Arthropoda","Copepoda","Calanoida","Calanidae","Calanus","Calanus pacificus","Variable","Variable","Variable","Exoskeleton","Exoskeleton","Chitin + Calcium","Holoplanktonic","No","Copepods"
"3582",-0.163217164707616,0.148008143528415,1,1.25,"Eukaryota","Arthropoda","Copepoda","Calanoida","Scolecitrichidae","Scolecithricella","Scolecithricella dentata","Variable","Variable","Variable","Exoskeleton","Exoskeleton","Chitin + Calcium","Holoplanktonic","No","Copepods"
"3706",-0.163217164707616,0.148008143528415,1,1.25,"Eukaryota","Arthropoda","Copepoda","Calanoida","Pontellidae","Labidocera","Labidocera trispinosa","Variable","Variable","Variable","Exoskeleton","Exoskeleton","Chitin + Calcium","Holoplanktonic","No","Copepods"
"3707",-0.163217164707616,0.148008143528415,1,1.25,"Eukaryota","Arthropoda","Copepoda","Calanoida","Eucalanidae","Eucalanus","Eucalanus californicus","Variable","Variable","Variable","Exoskeleton","Exoskeleton","Chitin + Calcium","Holoplanktonic","No","Copepods"
"3877",-0.163217164707616,0.148008143528415,1,1.25,"Eukaryota","Arthropoda","Copepoda","Calanoida","Eucalanidae","Eucalanus","Eucalanus californicus","Variable","Variable","Variable","Exoskeleton","Exoskeleton","Chitin + Calcium","Holoplanktonic","No","Copepods"
"3878",-0.163217164707616,0.148008143528415,1,1.25,"Eukaryota","Arthropoda","Copepoda","Calanoida","Pontellidae","Labidocera","Labidocera trispinosa","Variable","Variable","Variable","Exoskeleton","Exoskeleton","Chitin + Calcium","Holoplanktonic","No","Copepods"
"4044",-0.163217164707616,0.148008143528415,1,1.25,"Eukaryota","Mollusca","Gastropoda","Nudibranchia","Glaucidae","Hermissenda","Hermissenda opalescens","Variable","Variable","No","External shell","None","Aragonite","Meroplanktonic","No","Shell-less sea slugs"
"4139",-0.163217164707616,0.148008143528415,1,1.25,"Eukaryota","Arthropoda","Thecostraca","Balanomorpha","Chthamalidae","Chthamalus","Chthamalus fissus","Yes","Yes","Yes","External shell","External shell","Calcite","Meroplanktonic","No","Barnacles"
"4595",-0.163217164707616,0.148008143528415,1,1.25,"Eukaryota","Arthropoda","Malacostraca","Decapoda","Hippolytidae","Lysmata","Lysmata californica","Variable","No","Variable","None","Exoskeleton","Calcite","Meroplanktonic","No","Crabs, lobsters, shrimp"
"5046",-0.163217164707616,0.148008143528415,1,1.25,"Eukaryota","Arthropoda","Thecostraca","Balanomorpha","Chthamalidae","Chthamalus","Chthamalus fissus","Yes","Yes","Yes","External shell","External shell","Calcite","Meroplanktonic","No","Barnacles"
"5195",-0.163217164707616,0.148008143528415,1,1.25,"Eukaryota","Arthropoda","Malacostraca","Decapoda","Panopeidae","Lophopanopeus","Lophopanopeus bellus","Variable","No","Variable","None","Exoskeleton","Calcite","Meroplanktonic","No","Crabs, lobsters, shrimp"
"5339",-0.163217164707616,0.148008143528415,1,1.25,"Eukaryota","Arthropoda","Thecostraca","Lepadidae","Lepadidae",NA,NA,"Yes","Variable","Yes","External shell","External shell","Chitin + Calcium","Meroplanktonic","No","Goose barnacles"
"5481",-0.163217164707616,0.148008143528415,1,1.25,"Eukaryota","Arthropoda","Malacostraca","Decapoda","Pinnotheridae","Pinnixa","Pinnixa occidentalis","Variable","No","Variable","None","Exoskeleton","Calcite","Meroplanktonic","No","Crabs, lobsters, shrimp"
"5782",-0.163217164707616,0.148008143528415,1,1.25,"Eukaryota","Arthropoda","Thecostraca","Balanomorpha","Balanidae","Balanus","Balanus trigonus","Yes","Yes","Yes","External shell","External shell","Calcite","Meroplanktonic","No","Barnacles"
"6135",-0.163217164707616,0.148008143528415,1,1.25,"Eukaryota","Arthropoda","Malacostraca","Decapoda","Blepharipodidae",NA,NA,"Variable","No","Variable","None","Exoskeleton","Calcite","Meroplanktonic","No","Crabs, lobsters, shrimp"
"6136",-0.163217164707616,0.148008143528415,1,1.25,"Eukaryota","Arthropoda","Thecostraca","Balanomorpha","Chthamalidae","Chthamalus","Chthamalus fissus","Yes","Yes","Yes","External shell","External shell","Calcite","Meroplanktonic","No","Barnacles"
"6138",-0.163217164707616,0.148008143528415,1,1.25,"Eukaryota","Cnidaria","Hydrozoa","Anthoathecata","Pandeidae","Halitholus","Halitholus sp. PS_2018","No","No","No","None","None","None","Benthic + Holoplanktonic","No","Colonial hydroids and small medusae"
"6139",-0.163217164707616,0.148008143528415,1,1.25,"Eukaryota","Mollusca","Bivalvia","Mytilida","Modiolidae",NA,NA,"Yes","Yes","Yes","External shell","External shell","Aragonite/Calcite","Meroplanktonic","No","Mussels"
"6140",-0.163217164707616,0.148008143528415,1,1.25,"Eukaryota","Mollusca","Gastropoda","Neogastropoda","Olividae","Callianax","Callianax biplicata","Yes","Yes","Yes","External shell","External shell","Aragonite/Calcite","Meroplanktonic","No","Whelks and predatory snails"
"6141",-0.163217164707616,0.148008143528415,1,1.25,"Eukaryota","Arthropoda","Malacostraca","Decapoda","Cancridae",NA,NA,"Variable","No","Variable","None","Exoskeleton","Calcite","Meroplanktonic","No","Crabs, lobsters, shrimp"
"6334",-0.163217164707616,0.148008143528415,1,1.25,"Eukaryota","Mollusca","Gastropoda","Littorinimorpha","Naticidae",NA,NA,"Yes","Yes","Yes","External shell","External shell","Aragonite/Calcite","Meroplanktonic","No","Periwinkles and related snails"
"6809",-0.163217164707616,0.148008143528415,1,1.25,"Eukaryota","Arthropoda","Malacostraca","Decapoda","Munididae","Pleuroncodes","Pleuroncodes planipes","Variable","No","Variable","None","Exoskeleton","Calcite","Meroplanktonic","No","Crabs, lobsters, shrimp"
"6810",-0.163217164707616,0.148008143528415,1,1.25,"Eukaryota","Arthropoda","Copepoda","Calanoida","Metridinidae","Pleuromamma","Pleuromamma abdominalis","Variable","Variable","Variable","Exoskeleton","Exoskeleton","Chitin + Calcium","Holoplanktonic","No","Copepods"
"6812",-0.163217164707616,0.148008143528415,1,1.25,"Eukaryota","Mollusca","Gastropoda","Littorinimorpha","Naticidae","Neverita",NA,"Yes","Yes","Yes","External shell","External shell","Aragonite/Calcite","Meroplanktonic","No","Periwinkles and related snails"
"2230",-0.163866894206162,0.14637913180943,3,3.75,"Eukaryota","Arthropoda","Ostracoda","Halocyprida","Halocyprididae","Conchoecetta","Conchoecetta giesbrechti","Variable","No","Variable","None","Exoskeleton","Chitin + Calcium","Holoplanktonic","No","Ostracods (seed shrimp)"
"3551",-0.165326330934481,0.142769103840124,2,2.5,"Eukaryota","Annelida","Polychaeta","Phyllodocida","Tomopteridae","Tomopteris",NA,"No","No","No","None","None","None","Benthic + Meroplanktonic","No","Active marine polychaetes"
"1263",-0.165362419968148,0.142680691717348,3,3.75,"Eukaryota","Arthropoda","Copepoda","Calanoida","Calanidae","Calanus","Calanus pacificus","Variable","Variable","Variable","Exoskeleton","Exoskeleton","Chitin + Calcium","Holoplanktonic","No","Copepods"
"1699",-0.165362419968148,0.142680691717348,3,3.75,"Eukaryota","Arthropoda","Copepoda","Calanoida","Calanidae","Calanus","Calanus pacificus","Variable","Variable","Variable","Exoskeleton","Exoskeleton","Chitin + Calcium","Holoplanktonic","No","Copepods"
"1722",-0.166279719998848,0.140447270929187,2,2.5,"Eukaryota","Mollusca","Gastropoda","Neogastropoda","Olividae","Callianax","Callianax biplicata","Yes","Yes","Yes","External shell","External shell","Aragonite/Calcite","Meroplanktonic","No","Whelks and predatory snails"
"1940",-0.166786730217658,0.139224182300236,3,3.75,"Eukaryota","Arthropoda","Copepoda","Calanoida","Eucalanidae","Eucalanus","Eucalanus californicus","Variable","Variable","Variable","Exoskeleton","Exoskeleton","Chitin + Calcium","Holoplanktonic","No","Copepods"
"455",-0.167215419525868,0.138196320173849,5,6.25,"Eukaryota","Arthropoda","Copepoda","Calanoida","Pontellidae","Labidocera","Labidocera trispinosa","Variable","Variable","Variable","Exoskeleton","Exoskeleton","Chitin + Calcium","Holoplanktonic","No","Copepods"
"2289",-0.167890666271264,0.136588935245257,4,5,"Eukaryota","Arthropoda","Copepoda","Calanoida","Eucalanidae","Eucalanus","Eucalanus californicus","Variable","Variable","Variable","Exoskeleton","Exoskeleton","Chitin + Calcium","Holoplanktonic","No","Copepods"
"281",-0.16796892068986,0.136403573865526,22,27.5,"Eukaryota","Cnidaria","Hydrozoa","Leptothecata","Clytiidae","Clytia","Clytia sp. 701AC","No","No","No","None","None","None","Benthic + Holoplanktonic","No","Hydroids"
"356",-0.168089318877992,0.136118758343099,1,1.25,"Eukaryota","Chordata","Actinopteri","Argentiniformes","Bathylagidae","Leuroglossus","Leuroglossus stilbius","No","No","No","None","None","None","Meroplanktonic","No","Deep-sea smelts and related fish"
"508",-0.168089318877992,0.136118758343099,1,1.25,"Eukaryota","Arthropoda","Malacostraca","Euphausiacea","Euphausiidae","Euphausia","Euphausia pacifica","Variable","No","Variable","None","Exoskeleton","Chitin + Calcium","Holoplanktonic","No","Krill"
"1141",-0.168089318877992,0.136118758343099,1,1.25,"Eukaryota","Arthropoda","Malacostraca","Euphausiacea","Euphausiidae","Euphausia","Euphausia pacifica","Variable","No","Variable","None","Exoskeleton","Chitin + Calcium","Holoplanktonic","No","Krill"
"1918",-0.168089318877992,0.136118758343099,1,1.25,"Eukaryota","Arthropoda","Copepoda","Calanoida","Eucalanidae","Eucalanus","Eucalanus californicus","Variable","Variable","Variable","Exoskeleton","Exoskeleton","Chitin + Calcium","Holoplanktonic","No","Copepods"
"2148",-0.168089318877992,0.136118758343099,1,1.25,"Eukaryota","Mollusca","Gastropoda","Nudibranchia","Glaucidae","Hermissenda","Hermissenda opalescens","Variable","Variable","No","External shell","None","Aragonite","Meroplanktonic","No","Shell-less sea slugs"
"2384",-0.168089318877992,0.136118758343099,1,1.25,"Eukaryota","Arthropoda","Copepoda","Calanoida","Pontellidae","Labidocera","Labidocera trispinosa","Variable","Variable","Variable","Exoskeleton","Exoskeleton","Chitin + Calcium","Holoplanktonic","No","Copepods"
"2683",-0.168089318877992,0.136118758343099,1,1.25,"Eukaryota","Arthropoda","Copepoda","Calanoida","Eucalanidae","Eucalanus","Eucalanus californicus","Variable","Variable","Variable","Exoskeleton","Exoskeleton","Chitin + Calcium","Holoplanktonic","No","Copepods"
"3791",-0.168089318877992,0.136118758343099,1,1.25,"Eukaryota","Arthropoda","Copepoda","Calanoida","Eucalanidae","Eucalanus","Eucalanus californicus","Variable","Variable","Variable","Exoskeleton","Exoskeleton","Chitin + Calcium","Holoplanktonic","No","Copepods"
"4492",-0.168089318877992,0.136118758343099,1,1.25,"Eukaryota","Arthropoda","Copepoda","Calanoida","Eucalanidae","Eucalanus","Eucalanus californicus","Variable","Variable","Variable","Exoskeleton","Exoskeleton","Chitin + Calcium","Holoplanktonic","No","Copepods"
"4591",-0.168089318877992,0.136118758343099,1,1.25,"Eukaryota","Arthropoda","Copepoda","Calanoida","Eucalanidae","Eucalanus","Eucalanus californicus","Variable","Variable","Variable","Exoskeleton","Exoskeleton","Chitin + Calcium","Holoplanktonic","No","Copepods"
"5176",-0.168089318877992,0.136118758343099,1,1.25,"Eukaryota","Arthropoda","Copepoda","Calanoida","Eucalanidae","Eucalanus","Eucalanus californicus","Variable","Variable","Variable","Exoskeleton","Exoskeleton","Chitin + Calcium","Holoplanktonic","No","Copepods"
"5934",-0.168089318877992,0.136118758343099,1,1.25,"Eukaryota","Echinodermata","Ophiuroidea","Amphilepidida","Ophiactidae","Ophiopholis","Ophiopholis sp. EAC01","Yes","Yes","Yes","Internal skeleton","Internal skeleton","Calcite","Meroplanktonic","No","Brittle stars"
"6319",-0.168089318877992,0.136118758343099,1,1.25,"Eukaryota","Arthropoda","Malacostraca","Decapoda","Pinnotheridae","Pinnixa","Pinnixa occidentalis","Variable","No","Variable","None","Exoskeleton","Calcite","Meroplanktonic","No","Crabs, lobsters, shrimp"
"7290",-0.168089318877992,0.136118758343099,1,1.25,"Eukaryota","Arthropoda","Ostracoda","Halocyprida","Halocyprididae","Discoconchoecia","Discoconchoecia sp. S8_D6","Variable","No","Variable","None","Exoskeleton","Chitin + Calcium","Holoplanktonic","No","Ostracods (seed shrimp)"
"7534",-0.168089318877992,0.136118758343099,1,1.25,"Eukaryota","Phoronida","Phoronidae","Phoronidae","Phoronidae","Phoronopsis",NA,"Yes","Yes","Yes","External tube","External tube","Chitin + Calcium","Meroplanktonic","No","Horseshoe worms (tube-dwelling lophophorates)"
"247",-0.168780764566973,0.134491775727743,3,3.75,"Eukaryota","Arthropoda","Copepoda","Calanoida","Pontellidae","Labidocera","Labidocera trispinosa","Variable","Variable","Variable","Exoskeleton","Exoskeleton","Chitin + Calcium","Holoplanktonic","No","Copepods"
"547",-0.17078898843851,0.12984997158244,7,8.75,"Eukaryota","Echinodermata","Echinoidea","Clypeasteroida","Dendrasteridae","Dendraster","Dendraster excentricus","Yes","Yes","Yes","Exoskeleton","Exoskeleton","Calcite","Meroplanktonic","No","Sand dollars"
"132",-0.172459385663336,0.126082775899476,70,87.5,"Eukaryota","Arthropoda","Ostracoda","Halocyprida","Halocyprididae","Conchoecetta","Conchoecetta giesbrechti","Variable","No","Variable","None","Exoskeleton","Chitin + Calcium","Holoplanktonic","No","Ostracods (seed shrimp)"
"518",-0.172961473048369,0.124966910019696,1,1.25,"Eukaryota","Chordata","Actinopteri","Argentiniformes","Bathylagidae","Leuroglossus","Leuroglossus stilbius","No","No","No","None","None","None","Meroplanktonic","No","Deep-sea smelts and related fish"
"603",-0.172961473048369,0.124966910019696,1,1.25,"Eukaryota","Arthropoda","Copepoda","Calanoida","Eucalanidae","Eucalanus","Eucalanus californicus","Variable","Variable","Variable","Exoskeleton","Exoskeleton","Chitin + Calcium","Holoplanktonic","No","Copepods"
"674",-0.172961473048369,0.124966910019696,1,1.25,"Eukaryota","Chordata","Actinopteri","Argentiniformes","Bathylagidae","Leuroglossus","Leuroglossus stilbius","No","No","No","None","None","None","Meroplanktonic","No","Deep-sea smelts and related fish"
"738",-0.172961473048369,0.124966910019696,1,1.25,"Eukaryota","Arthropoda","Malacostraca","Euphausiacea","Euphausiidae","Euphausia","Euphausia pacifica","Variable","No","Variable","None","Exoskeleton","Chitin + Calcium","Holoplanktonic","No","Krill"
"854",-0.172961473048369,0.124966910019696,1,1.25,"Eukaryota","Chordata","Actinopteri","Argentiniformes","Bathylagidae","Leuroglossus","Leuroglossus stilbius","No","No","No","None","None","None","Meroplanktonic","No","Deep-sea smelts and related fish"
"953",-0.172961473048369,0.124966910019696,1,1.25,"Eukaryota","Arthropoda","Copepoda","Calanoida","Eucalanidae","Eucalanus","Eucalanus californicus","Variable","Variable","Variable","Exoskeleton","Exoskeleton","Chitin + Calcium","Holoplanktonic","No","Copepods"
"960",-0.172961473048369,0.124966910019696,1,1.25,"Eukaryota","Arthropoda","Copepoda","Calanoida","Eucalanidae","Eucalanus","Eucalanus californicus","Variable","Variable","Variable","Exoskeleton","Exoskeleton","Chitin + Calcium","Holoplanktonic","No","Copepods"
"989",-0.172961473048369,0.124966910019696,1,1.25,"Eukaryota","Arthropoda","Copepoda","Calanoida","Eucalanidae","Eucalanus","Eucalanus californicus","Variable","Variable","Variable","Exoskeleton","Exoskeleton","Chitin + Calcium","Holoplanktonic","No","Copepods"
"1140",-0.172961473048369,0.124966910019696,1,1.25,"Eukaryota","Arthropoda","Copepoda","Calanoida","Eucalanidae","Eucalanus","Eucalanus californicus","Variable","Variable","Variable","Exoskeleton","Exoskeleton","Chitin + Calcium","Holoplanktonic","No","Copepods"
"1438",-0.172961473048369,0.124966910019696,1,1.25,"Eukaryota","Arthropoda","Copepoda","Calanoida","Eucalanidae","Eucalanus","Eucalanus californicus","Variable","Variable","Variable","Exoskeleton","Exoskeleton","Chitin + Calcium","Holoplanktonic","No","Copepods"
"1597",-0.172961473048369,0.124966910019696,1,1.25,"Eukaryota","Arthropoda","Copepoda","Calanoida","Eucalanidae","Eucalanus","Eucalanus californicus","Variable","Variable","Variable","Exoskeleton","Exoskeleton","Chitin + Calcium","Holoplanktonic","No","Copepods"
"1702",-0.172961473048369,0.124966910019696,1,1.25,"Eukaryota","Arthropoda","Copepoda","Calanoida","Eucalanidae","Eucalanus","Eucalanus californicus","Variable","Variable","Variable","Exoskeleton","Exoskeleton","Chitin + Calcium","Holoplanktonic","No","Copepods"
"1775",-0.172961473048369,0.124966910019696,1,1.25,"Eukaryota","Arthropoda","Copepoda","Calanoida","Eucalanidae","Eucalanus","Eucalanus californicus","Variable","Variable","Variable","Exoskeleton","Exoskeleton","Chitin + Calcium","Holoplanktonic","No","Copepods"
"1952",-0.172961473048369,0.124966910019696,1,1.25,"Eukaryota","Arthropoda","Copepoda","Calanoida","Eucalanidae","Eucalanus","Eucalanus californicus","Variable","Variable","Variable","Exoskeleton","Exoskeleton","Chitin + Calcium","Holoplanktonic","No","Copepods"
"1987",-0.172961473048369,0.124966910019696,1,1.25,"Eukaryota","Arthropoda","Copepoda","Calanoida","Eucalanidae","Eucalanus","Eucalanus californicus","Variable","Variable","Variable","Exoskeleton","Exoskeleton","Chitin + Calcium","Holoplanktonic","No","Copepods"
"2086",-0.172961473048369,0.124966910019696,1,1.25,"Eukaryota","Arthropoda","Copepoda","Calanoida","Eucalanidae","Eucalanus","Eucalanus californicus","Variable","Variable","Variable","Exoskeleton","Exoskeleton","Chitin + Calcium","Holoplanktonic","No","Copepods"
"2103",-0.172961473048369,0.124966910019696,1,1.25,"Eukaryota","Arthropoda","Copepoda","Calanoida","Eucalanidae","Eucalanus","Eucalanus californicus","Variable","Variable","Variable","Exoskeleton","Exoskeleton","Chitin + Calcium","Holoplanktonic","No","Copepods"
"2131",-0.172961473048369,0.124966910019696,1,1.25,"Eukaryota","Chordata","Actinopteri","Argentiniformes","Bathylagidae","Leuroglossus","Leuroglossus stilbius","No","No","No","None","None","None","Meroplanktonic","No","Deep-sea smelts and related fish"
"2132",-0.172961473048369,0.124966910019696,1,1.25,"Eukaryota","Arthropoda","Copepoda","Calanoida","Eucalanidae","Eucalanus","Eucalanus californicus","Variable","Variable","Variable","Exoskeleton","Exoskeleton","Chitin + Calcium","Holoplanktonic","No","Copepods"
"2195",-0.172961473048369,0.124966910019696,1,1.25,"Eukaryota","Chordata","Actinopteri","Argentiniformes","Bathylagidae","Leuroglossus","Leuroglossus stilbius","No","No","No","None","None","None","Meroplanktonic","No","Deep-sea smelts and related fish"
"2196",-0.172961473048369,0.124966910019696,1,1.25,"Eukaryota","Arthropoda","Copepoda","Calanoida","Eucalanidae","Eucalanus","Eucalanus californicus","Variable","Variable","Variable","Exoskeleton","Exoskeleton","Chitin + Calcium","Holoplanktonic","No","Copepods"
"2382",-0.172961473048369,0.124966910019696,1,1.25,"Eukaryota","Arthropoda","Copepoda","Calanoida","Eucalanidae","Eucalanus","Eucalanus californicus","Variable","Variable","Variable","Exoskeleton","Exoskeleton","Chitin + Calcium","Holoplanktonic","No","Copepods"
"2468",-0.172961473048369,0.124966910019696,1,1.25,"Eukaryota","Arthropoda","Copepoda","Calanoida","Eucalanidae","Eucalanus","Eucalanus californicus","Variable","Variable","Variable","Exoskeleton","Exoskeleton","Chitin + Calcium","Holoplanktonic","No","Copepods"
"2469",-0.172961473048369,0.124966910019696,1,1.25,"Eukaryota","Arthropoda","Copepoda","Calanoida","Eucalanidae","Eucalanus","Eucalanus californicus","Variable","Variable","Variable","Exoskeleton","Exoskeleton","Chitin + Calcium","Holoplanktonic","No","Copepods"
"2470",-0.172961473048369,0.124966910019696,1,1.25,"Eukaryota","Arthropoda","Copepoda","Calanoida","Eucalanidae","Eucalanus","Eucalanus californicus","Variable","Variable","Variable","Exoskeleton","Exoskeleton","Chitin + Calcium","Holoplanktonic","No","Copepods"
"2471",-0.172961473048369,0.124966910019696,1,1.25,"Eukaryota","Arthropoda","Copepoda","Calanoida","Eucalanidae","Eucalanus","Eucalanus californicus","Variable","Variable","Variable","Exoskeleton","Exoskeleton","Chitin + Calcium","Holoplanktonic","No","Copepods"
"2472",-0.172961473048369,0.124966910019696,1,1.25,"Eukaryota","Arthropoda","Copepoda","Calanoida","Eucalanidae","Eucalanus","Eucalanus californicus","Variable","Variable","Variable","Exoskeleton","Exoskeleton","Chitin + Calcium","Holoplanktonic","No","Copepods"
"2545",-0.172961473048369,0.124966910019696,1,1.25,"Eukaryota","Arthropoda","Copepoda","Calanoida","Eucalanidae","Eucalanus","Eucalanus californicus","Variable","Variable","Variable","Exoskeleton","Exoskeleton","Chitin + Calcium","Holoplanktonic","No","Copepods"
"2680",-0.172961473048369,0.124966910019696,1,1.25,"Eukaryota","Arthropoda","Copepoda","Calanoida","Eucalanidae","Eucalanus","Eucalanus californicus","Variable","Variable","Variable","Exoskeleton","Exoskeleton","Chitin + Calcium","Holoplanktonic","No","Copepods"
"2681",-0.172961473048369,0.124966910019696,1,1.25,"Eukaryota","Arthropoda","Copepoda","Calanoida","Calanidae","Calanus","Calanus pacificus","Variable","Variable","Variable","Exoskeleton","Exoskeleton","Chitin + Calcium","Holoplanktonic","No","Copepods"
"2944",-0.172961473048369,0.124966910019696,1,1.25,"Eukaryota","Arthropoda","Copepoda","Calanoida","Eucalanidae","Eucalanus","Eucalanus californicus","Variable","Variable","Variable","Exoskeleton","Exoskeleton","Chitin + Calcium","Holoplanktonic","No","Copepods"
"2945",-0.172961473048369,0.124966910019696,1,1.25,"Eukaryota","Arthropoda","Copepoda","Calanoida","Eucalanidae","Eucalanus","Eucalanus californicus","Variable","Variable","Variable","Exoskeleton","Exoskeleton","Chitin + Calcium","Holoplanktonic","No","Copepods"
"3233",-0.172961473048369,0.124966910019696,1,1.25,"Eukaryota","Arthropoda","Copepoda","Calanoida","Eucalanidae","Eucalanus","Eucalanus californicus","Variable","Variable","Variable","Exoskeleton","Exoskeleton","Chitin + Calcium","Holoplanktonic","No","Copepods"
"3234",-0.172961473048369,0.124966910019696,1,1.25,"Eukaryota","Arthropoda","Copepoda","Calanoida","Eucalanidae","Eucalanus","Eucalanus californicus","Variable","Variable","Variable","Exoskeleton","Exoskeleton","Chitin + Calcium","Holoplanktonic","No","Copepods"
"3330",-0.172961473048369,0.124966910019696,1,1.25,"Eukaryota","Arthropoda","Copepoda","Calanoida","Eucalanidae","Eucalanus","Eucalanus californicus","Variable","Variable","Variable","Exoskeleton","Exoskeleton","Chitin + Calcium","Holoplanktonic","No","Copepods"
"3387",-0.172961473048369,0.124966910019696,1,1.25,"Eukaryota","Arthropoda","Copepoda","Calanoida","Eucalanidae","Eucalanus","Eucalanus californicus","Variable","Variable","Variable","Exoskeleton","Exoskeleton","Chitin + Calcium","Holoplanktonic","No","Copepods"
"3446",-0.172961473048369,0.124966910019696,1,1.25,"Eukaryota","Arthropoda","Copepoda","Calanoida","Eucalanidae","Eucalanus","Eucalanus californicus","Variable","Variable","Variable","Exoskeleton","Exoskeleton","Chitin + Calcium","Holoplanktonic","No","Copepods"
"3636",-0.172961473048369,0.124966910019696,1,1.25,"Eukaryota","Arthropoda","Malacostraca","Euphausiacea","Euphausiidae","Euphausia","Euphausia pacifica","Variable","No","Variable","None","Exoskeleton","Chitin + Calcium","Holoplanktonic","No","Krill"
"3637",-0.172961473048369,0.124966910019696,1,1.25,"Eukaryota","Arthropoda","Copepoda","Calanoida","Eucalanidae","Eucalanus","Eucalanus californicus","Variable","Variable","Variable","Exoskeleton","Exoskeleton","Chitin + Calcium","Holoplanktonic","No","Copepods"
"3700",-0.172961473048369,0.124966910019696,1,1.25,"Eukaryota","Arthropoda","Copepoda","Calanoida","Eucalanidae","Eucalanus","Eucalanus californicus","Variable","Variable","Variable","Exoskeleton","Exoskeleton","Chitin + Calcium","Holoplanktonic","No","Copepods"
"3787",-0.172961473048369,0.124966910019696,1,1.25,"Eukaryota","Arthropoda","Copepoda","Calanoida","Eucalanidae","Eucalanus","Eucalanus californicus","Variable","Variable","Variable","Exoskeleton","Exoskeleton","Chitin + Calcium","Holoplanktonic","No","Copepods"
"3788",-0.172961473048369,0.124966910019696,1,1.25,"Eukaryota","Arthropoda","Copepoda","Calanoida","Eucalanidae","Eucalanus","Eucalanus californicus","Variable","Variable","Variable","Exoskeleton","Exoskeleton","Chitin + Calcium","Holoplanktonic","No","Copepods"
"3868",-0.172961473048369,0.124966910019696,1,1.25,"Eukaryota","Arthropoda","Copepoda","Calanoida","Eucalanidae","Eucalanus","Eucalanus californicus","Variable","Variable","Variable","Exoskeleton","Exoskeleton","Chitin + Calcium","Holoplanktonic","No","Copepods"
"3869",-0.172961473048369,0.124966910019696,1,1.25,"Eukaryota","Arthropoda","Copepoda","Calanoida","Eucalanidae","Eucalanus","Eucalanus californicus","Variable","Variable","Variable","Exoskeleton","Exoskeleton","Chitin + Calcium","Holoplanktonic","No","Copepods"
"4034",-0.172961473048369,0.124966910019696,1,1.25,"Eukaryota","Arthropoda","Copepoda","Calanoida","Pontellidae","Labidocera","Labidocera trispinosa","Variable","Variable","Variable","Exoskeleton","Exoskeleton","Chitin + Calcium","Holoplanktonic","No","Copepods"
"4130",-0.172961473048369,0.124966910019696,1,1.25,"Eukaryota","Arthropoda","Copepoda","Calanoida","Eucalanidae","Eucalanus","Eucalanus californicus","Variable","Variable","Variable","Exoskeleton","Exoskeleton","Chitin + Calcium","Holoplanktonic","No","Copepods"
"4489",-0.172961473048369,0.124966910019696,1,1.25,"Eukaryota","Echinodermata","Echinoidea","Temnopleuroida","Toxopneustidae","Lytechinus","Lytechinus pictus","Yes","Yes","Yes","Internal skeleton","Exoskeleton","Calcite","Meroplanktonic","No","Short-spined sea urchins"
"4920",-0.172961473048369,0.124966910019696,1,1.25,"Eukaryota","Arthropoda","Copepoda","Calanoida","Eucalanidae","Eucalanus","Eucalanus californicus","Variable","Variable","Variable","Exoskeleton","Exoskeleton","Chitin + Calcium","Holoplanktonic","No","Copepods"
"5034",-0.172961473048369,0.124966910019696,1,1.25,"Eukaryota","Arthropoda","Copepoda","Calanoida","Eucalanidae","Eucalanus","Eucalanus californicus","Variable","Variable","Variable","Exoskeleton","Exoskeleton","Chitin + Calcium","Holoplanktonic","No","Copepods"
"5328",-0.172961473048369,0.124966910019696,1,1.25,"Eukaryota","Arthropoda","Copepoda","Calanoida","Pontellidae","Labidocera","Labidocera trispinosa","Variable","Variable","Variable","Exoskeleton","Exoskeleton","Chitin + Calcium","Holoplanktonic","No","Copepods"
"5768",-0.172961473048369,0.124966910019696,1,1.25,"Eukaryota","Arthropoda","Malacostraca","Decapoda","Pinnotheridae","Pinnixa","Pinnixa occidentalis","Variable","No","Variable","None","Exoskeleton","Calcite","Meroplanktonic","No","Crabs, lobsters, shrimp"
"5769",-0.172961473048369,0.124966910019696,1,1.25,"Eukaryota","Arthropoda","Copepoda","Calanoida","Acartiidae","Acartia","Acartia tonsa","Variable","Variable","Variable","Exoskeleton","Exoskeleton","Chitin + Calcium","Holoplanktonic","No","Copepods"
"5929",-0.172961473048369,0.124966910019696,1,1.25,"Eukaryota","Arthropoda","Copepoda","Calanoida","Calanidae","Calanus","Calanus pacificus","Variable","Variable","Variable","Exoskeleton","Exoskeleton","Chitin + Calcium","Holoplanktonic","No","Copepods"
"5931",-0.172961473048369,0.124966910019696,1,1.25,"Eukaryota","Arthropoda","Copepoda","Poecilostomatoida","Oncaeidae","Oncaea","Oncaea sp.","Variable","Variable","Variable","Exoskeleton","Exoskeleton","Chitin + Calcium","Holoplanktonic","No","Parasitic or predatory copepods"
"6114",-0.172961473048369,0.124966910019696,1,1.25,"Eukaryota","Arthropoda","Ostracoda","Halocyprida","Halocyprididae","Conchoecia","Conchoecia magna","Variable","No","Variable","None","Exoskeleton","Chitin + Calcium","Holoplanktonic","No","Ostracods (seed shrimp)"
"6115",-0.172961473048369,0.124966910019696,1,1.25,"Eukaryota","Arthropoda","Copepoda","Calanoida","Eucalanidae","Eucalanus","Eucalanus californicus","Variable","Variable","Variable","Exoskeleton","Exoskeleton","Chitin + Calcium","Holoplanktonic","No","Copepods"
"6794",-0.172961473048369,0.124966910019696,1,1.25,"Eukaryota","Bryozoa","Gymnolaemata","Cheilostomatida","Membraniporidae","Membranipora","Membranipora villosa","Yes","Yes","Yes","External shell","External shell","Calcite","Meroplanktonic","No","Encrusting bryozoans"
"7284",-0.172961473048369,0.124966910019696,1,1.25,"Eukaryota","Arthropoda","Copepoda","Poecilostomatoida","Oncaeidae","Oncaea",NA,"Variable","Variable","Variable","Exoskeleton","Exoskeleton","Chitin + Calcium","Holoplanktonic","No","Parasitic or predatory copepods"
"7530",-0.172961473048369,0.124966910019696,1,1.25,"Eukaryota","Arthropoda","Copepoda","Calanoida","Scolecitrichidae","Scolecithrix","Scolecithrix bradyi","Variable","Variable","Variable","Exoskeleton","Exoskeleton","Chitin + Calcium","Holoplanktonic","No","Copepods"
"121",-0.173025396965252,0.12482538563252,65,81.25,"Eukaryota","Arthropoda","Copepoda","Calanoida","Paracalanidae","Paracalanus","Paracalanus sp. C AC_2013","Variable","Variable","Variable","Exoskeleton","Exoskeleton","Chitin + Calcium","Holoplanktonic","No","Copepods"
"1398",-0.176543255426804,0.117224391068942,3,3.75,"Eukaryota","Arthropoda","Copepoda","Calanoida","Calanidae","Calanus","Calanus pacificus","Variable","Variable","Variable","Exoskeleton","Exoskeleton","Chitin + Calcium","Holoplanktonic","No","Copepods"
"5614",-0.17655032037407,0.117209492885616,2,2.5,"Eukaryota","Arthropoda","Malacostraca","Decapoda","Pilumnidae",NA,NA,"Variable","No","Variable","None","Exoskeleton","Calcite","Meroplanktonic","No","Crabs, lobsters, shrimp"
"1450",-0.176798547905068,0.116686968676455,8,10,"Eukaryota","Arthropoda","Copepoda","Calanoida","Eucalanidae","Eucalanus","Eucalanus californicus","Variable","Variable","Variable","Exoskeleton","Exoskeleton","Chitin + Calcium","Holoplanktonic","No","Copepods"
"434",-0.177833627218745,0.114527423175601,1,1.25,"Eukaryota","Arthropoda","Copepoda","Calanoida","Pontellidae","Labidocera","Labidocera trispinosa","Variable","Variable","Variable","Exoskeleton","Exoskeleton","Chitin + Calcium","Holoplanktonic","No","Copepods"
"857",-0.177833627218745,0.114527423175601,1,1.25,"Eukaryota","Arthropoda","Copepoda","Calanoida","Pontellidae","Labidocera","Labidocera trispinosa","Variable","Variable","Variable","Exoskeleton","Exoskeleton","Chitin + Calcium","Holoplanktonic","No","Copepods"
"976",-0.177833627218745,0.114527423175601,1,1.25,"Eukaryota","Arthropoda","Copepoda","Calanoida","Eucalanidae","Eucalanus","Eucalanus californicus","Variable","Variable","Variable","Exoskeleton","Exoskeleton","Chitin + Calcium","Holoplanktonic","No","Copepods"
"1264",-0.177833627218745,0.114527423175601,1,1.25,"Eukaryota","Arthropoda","Copepoda","Calanoida","Pontellidae","Labidocera","Labidocera trispinosa","Variable","Variable","Variable","Exoskeleton","Exoskeleton","Chitin + Calcium","Holoplanktonic","No","Copepods"
"1519",-0.177833627218745,0.114527423175601,1,1.25,"Eukaryota","Arthropoda","Copepoda","Calanoida","Eucalanidae","Eucalanus","Eucalanus californicus","Variable","Variable","Variable","Exoskeleton","Exoskeleton","Chitin + Calcium","Holoplanktonic","No","Copepods"
"1543",-0.177833627218745,0.114527423175601,1,1.25,"Eukaryota","Arthropoda","Copepoda","Calanoida","Eucalanidae","Eucalanus","Eucalanus californicus","Variable","Variable","Variable","Exoskeleton","Exoskeleton","Chitin + Calcium","Holoplanktonic","No","Copepods"
"1637",-0.177833627218745,0.114527423175601,1,1.25,"Eukaryota","Arthropoda","Copepoda","Calanoida","Pontellidae","Labidocera","Labidocera trispinosa","Variable","Variable","Variable","Exoskeleton","Exoskeleton","Chitin + Calcium","Holoplanktonic","No","Copepods"
"1668",-0.177833627218745,0.114527423175601,1,1.25,"Eukaryota","Arthropoda","Copepoda","Calanoida","Eucalanidae","Eucalanus","Eucalanus californicus","Variable","Variable","Variable","Exoskeleton","Exoskeleton","Chitin + Calcium","Holoplanktonic","No","Copepods"
"1718",-0.177833627218745,0.114527423175601,1,1.25,"Eukaryota","Arthropoda","Copepoda","Calanoida","Pontellidae","Labidocera","Labidocera trispinosa","Variable","Variable","Variable","Exoskeleton","Exoskeleton","Chitin + Calcium","Holoplanktonic","No","Copepods"
"2172",-0.177833627218745,0.114527423175601,1,1.25,"Eukaryota","Arthropoda","Ostracoda","Halocyprida","Halocyprididae","Discoconchoecia",NA,"Variable","No","Variable","None","Exoskeleton","Chitin + Calcium","Holoplanktonic","No","Ostracods (seed shrimp)"
"2173",-0.177833627218745,0.114527423175601,1,1.25,"Eukaryota","Mollusca","Gastropoda","Neogastropoda","Olividae","Olivella","Olivella baetica","Yes","Yes","Yes","External shell","External shell","Aragonite/Calcite","Meroplanktonic","No","Whelks and predatory snails"
"2543",-0.177833627218745,0.114527423175601,1,1.25,"Eukaryota","Echinodermata","Echinoidea","Temnopleuroida","Toxopneustidae","Lytechinus","Lytechinus pictus","Yes","Yes","Yes","Internal skeleton","Exoskeleton","Calcite","Meroplanktonic","No","Short-spined sea urchins"
"2544",-0.177833627218745,0.114527423175601,1,1.25,"Eukaryota","Arthropoda","Copepoda","Calanoida","Pontellidae","Labidocera","Labidocera trispinosa","Variable","Variable","Variable","Exoskeleton","Exoskeleton","Chitin + Calcium","Holoplanktonic","No","Copepods"
"2679",-0.177833627218745,0.114527423175601,1,1.25,"Eukaryota","Arthropoda","Copepoda","Calanoida","Pontellidae","Labidocera","Labidocera trispinosa","Variable","Variable","Variable","Exoskeleton","Exoskeleton","Chitin + Calcium","Holoplanktonic","No","Copepods"
"3079",-0.177833627218745,0.114527423175601,1,1.25,"Eukaryota","Arthropoda","Copepoda","Calanoida","Eucalanidae","Eucalanus","Eucalanus californicus","Variable","Variable","Variable","Exoskeleton","Exoskeleton","Chitin + Calcium","Holoplanktonic","No","Copepods"
"3161",-0.177833627218745,0.114527423175601,1,1.25,"Eukaryota","Bryozoa","Gymnolaemata","Cheilostomatida","Membraniporidae","Membranipora","Membranipora villosa","Yes","Yes","Yes","External shell","External shell","Calcite","Meroplanktonic","No","Encrusting bryozoans"
"3329",-0.177833627218745,0.114527423175601,1,1.25,"Eukaryota","Arthropoda","Copepoda","Calanoida","Calanidae","Calanus","Calanus pacificus","Variable","Variable","Variable","Exoskeleton","Exoskeleton","Chitin + Calcium","Holoplanktonic","No","Copepods"
"3385",-0.177833627218745,0.114527423175601,1,1.25,"Eukaryota","Arthropoda","Copepoda","Calanoida","Calanidae","Calanus","Calanus pacificus","Variable","Variable","Variable","Exoskeleton","Exoskeleton","Chitin + Calcium","Holoplanktonic","No","Copepods"
"3386",-0.177833627218745,0.114527423175601,1,1.25,"Eukaryota","Arthropoda","Copepoda","Calanoida","Eucalanidae","Eucalanus","Eucalanus californicus","Variable","Variable","Variable","Exoskeleton","Exoskeleton","Chitin + Calcium","Holoplanktonic","No","Copepods"
"3445",-0.177833627218745,0.114527423175601,1,1.25,"Eukaryota","Arthropoda","Copepoda","Calanoida","Eucalanidae","Eucalanus","Eucalanus californicus","Variable","Variable","Variable","Exoskeleton","Exoskeleton","Chitin + Calcium","Holoplanktonic","No","Copepods"
"3699",-0.177833627218745,0.114527423175601,1,1.25,"Eukaryota","Arthropoda","Copepoda","Calanoida","Pontellidae","Labidocera","Labidocera trispinosa","Variable","Variable","Variable","Exoskeleton","Exoskeleton","Chitin + Calcium","Holoplanktonic","No","Copepods"
"3786",-0.177833627218745,0.114527423175601,1,1.25,"Eukaryota","Arthropoda","Copepoda","Poecilostomatoida","Oncaeidae","Oncaea","Oncaea sp.","Variable","Variable","Variable","Exoskeleton","Exoskeleton","Chitin + Calcium","Holoplanktonic","No","Parasitic or predatory copepods"
"3866",-0.177833627218745,0.114527423175601,1,1.25,"Eukaryota","Arthropoda","Copepoda","Calanoida","Eucalanidae","Eucalanus","Eucalanus californicus","Variable","Variable","Variable","Exoskeleton","Exoskeleton","Chitin + Calcium","Holoplanktonic","No","Copepods"
"3867",-0.177833627218745,0.114527423175601,1,1.25,"Eukaryota","Echinodermata","Ophiuroidea","Amphilepidida","Ophiactidae","Ophiopholis","Ophiopholis sp. EAC01","Yes","Yes","Yes","Internal skeleton","Internal skeleton","Calcite","Meroplanktonic","No","Brittle stars"
"4127",-0.177833627218745,0.114527423175601,1,1.25,"Eukaryota","Arthropoda","Copepoda","Calanoida","Pontellidae","Labidocera","Labidocera trispinosa","Variable","Variable","Variable","Exoskeleton","Exoskeleton","Chitin + Calcium","Holoplanktonic","No","Copepods"
"4711",-0.177833627218745,0.114527423175601,1,1.25,"Eukaryota","Arthropoda","Copepoda","Calanoida","Eucalanidae","Eucalanus","Eucalanus californicus","Variable","Variable","Variable","Exoskeleton","Exoskeleton","Chitin + Calcium","Holoplanktonic","No","Copepods"
"4819",-0.177833627218745,0.114527423175601,1,1.25,"Eukaryota","Bryozoa","Gymnolaemata","Cheilostomatida","Membraniporidae","Membranipora","Membranipora villosa","Yes","Yes","Yes","External shell","External shell","Calcite","Meroplanktonic","No","Encrusting bryozoans"
"5171",-0.177833627218745,0.114527423175601,1,1.25,"Eukaryota","Arthropoda","Copepoda","Poecilostomatoida","Oncaeidae","Oncaea","Oncaea sp.","Variable","Variable","Variable","Exoskeleton","Exoskeleton","Chitin + Calcium","Holoplanktonic","No","Parasitic or predatory copepods"
"5172",-0.177833627218745,0.114527423175601,1,1.25,"Eukaryota","Arthropoda","Copepoda","Calanoida","Eucalanidae","Eucalanus","Eucalanus californicus","Variable","Variable","Variable","Exoskeleton","Exoskeleton","Chitin + Calcium","Holoplanktonic","No","Copepods"
"5327",-0.177833627218745,0.114527423175601,1,1.25,"Eukaryota","Arthropoda","Copepoda","Calanoida","Eucalanidae","Eucalanus","Eucalanus californicus","Variable","Variable","Variable","Exoskeleton","Exoskeleton","Chitin + Calcium","Holoplanktonic","No","Copepods"
"5468",-0.177833627218745,0.114527423175601,1,1.25,"Eukaryota","Arthropoda","Copepoda","Calanoida","Metridinidae","Pleuromamma","Pleuromamma abdominalis","Variable","Variable","Variable","Exoskeleton","Exoskeleton","Chitin + Calcium","Holoplanktonic","No","Copepods"
"5469",-0.177833627218745,0.114527423175601,1,1.25,"Eukaryota","Arthropoda","Copepoda","Poecilostomatoida","Oncaeidae","Oncaea","Oncaea sp.","Variable","Variable","Variable","Exoskeleton","Exoskeleton","Chitin + Calcium","Holoplanktonic","No","Parasitic or predatory copepods"
"5628",-0.177833627218745,0.114527423175601,1,1.25,"Eukaryota","Mollusca","Gastropoda","Neogastropoda","Nassariidae",NA,NA,"Yes","Yes","Yes","External shell","External shell","Aragonite/Calcite","Meroplanktonic","No","Whelks and predatory snails"
"6314",-0.177833627218745,0.114527423175601,1,1.25,"Eukaryota","Arthropoda","Malacostraca","Euphausiacea","Euphausiidae","Euphausia","Euphausia gibboides","Variable","No","Variable","None","Exoskeleton","Chitin + Calcium","Holoplanktonic","No","Krill"
"6530",-0.177833627218745,0.114527423175601,1,1.25,"Eukaryota","Arthropoda","Thecostraca","Pollicipedomorpha","Pollicipedidae","Pollicipes","Pollicipes polymerus","Variable","Variable","Yes","Exoskeleton","Exoskeleton","Chitin + Calcium","Meroplanktonic","No","Stalked barnacles"
"7529",-0.177833627218745,0.114527423175601,1,1.25,"Eukaryota","Cnidaria","Hydrozoa","Leptothecata","Obeliidae","Obelia","Obelia dichotoma","No","No","No","None","None","None","Benthic + Holoplanktonic","No","Hydroids"
"3811",-0.178822151826021,0.112493925761755,3,3.75,"Eukaryota","Arthropoda","Malacostraca","Decapoda","Penaeidae","Penaeus","Penaeus californiensis","Variable","No","Variable","None","Exoskeleton","Calcite","Meroplanktonic","No","Crabs, lobsters, shrimp"
"1386",-0.180147197298725,0.109812092058069,2,2.5,"Eukaryota","Arthropoda","Copepoda","Calanoida","Calanidae","Calanus","Calanus pacificus","Variable","Variable","Variable","Exoskeleton","Exoskeleton","Chitin + Calcium","Holoplanktonic","No","Copepods"
"560",-0.182705781389122,0.104774115842666,1,1.25,"Eukaryota","Chordata","Actinopteri","Argentiniformes","Bathylagidae","Leuroglossus","Leuroglossus stilbius","No","No","No","None","None","None","Meroplanktonic","No","Deep-sea smelts and related fish"
"824",-0.182705781389122,0.104774115842666,1,1.25,"Eukaryota","Chordata","Actinopteri","Argentiniformes","Bathylagidae","Leuroglossus","Leuroglossus stilbius","No","No","No","None","None","None","Meroplanktonic","No","Deep-sea smelts and related fish"
"1617",-0.182705781389122,0.104774115842666,1,1.25,"Eukaryota","Chordata","Actinopteri","Argentiniformes","Bathylagidae","Leuroglossus","Leuroglossus stilbius","No","No","No","None","None","None","Meroplanktonic","No","Deep-sea smelts and related fish"
"1878",-0.182705781389122,0.104774115842666,1,1.25,"Eukaryota","Arthropoda","Ostracoda","Halocyprida","Halocyprididae","Halocypris","Halocypris inflata","Variable","No","Variable","None","Exoskeleton","Chitin + Calcium","Holoplanktonic","No","Ostracods (seed shrimp)"
"1941",-0.182705781389122,0.104774115842666,1,1.25,"Eukaryota","Chordata","Actinopteri","Argentiniformes","Bathylagidae","Leuroglossus","Leuroglossus stilbius","No","No","No","None","None","None","Meroplanktonic","No","Deep-sea smelts and related fish"
"1953",-0.182705781389122,0.104774115842666,1,1.25,"Eukaryota","Mollusca","Gastropoda","Nudibranchia","Glaucidae","Hermissenda","Hermissenda opalescens","Variable","Variable","No","External shell","None","Aragonite","Meroplanktonic","No","Shell-less sea slugs"
"2174",-0.182705781389122,0.104774115842666,1,1.25,"Eukaryota","Arthropoda","Copepoda","Calanoida","Eucalanidae","Eucalanus","Eucalanus californicus","Variable","Variable","Variable","Exoskeleton","Exoskeleton","Chitin + Calcium","Holoplanktonic","No","Copepods"
"2274",-0.182705781389122,0.104774115842666,1,1.25,"Eukaryota","Arthropoda","Copepoda","Calanoida","Eucalanidae","Eucalanus","Eucalanus californicus","Variable","Variable","Variable","Exoskeleton","Exoskeleton","Chitin + Calcium","Holoplanktonic","No","Copepods"
"2312",-0.182705781389122,0.104774115842666,1,1.25,"Eukaryota","Arthropoda","Copepoda","Calanoida","Eucalanidae","Eucalanus","Eucalanus californicus","Variable","Variable","Variable","Exoskeleton","Exoskeleton","Chitin + Calcium","Holoplanktonic","No","Copepods"
"2600",-0.182705781389122,0.104774115842666,1,1.25,"Eukaryota","Arthropoda","Malacostraca","Euphausiacea","Euphausiidae","Nyctiphanes","Nyctiphanes simplex","Variable","No","Variable","None","Exoskeleton","Chitin + Calcium","Holoplanktonic","No","Krill"
"2800",-0.182705781389122,0.104774115842666,1,1.25,"Eukaryota","Arthropoda","Copepoda","Calanoida","Eucalanidae","Eucalanus","Eucalanus californicus","Variable","Variable","Variable","Exoskeleton","Exoskeleton","Chitin + Calcium","Holoplanktonic","No","Copepods"
"2947",-0.182705781389122,0.104774115842666,1,1.25,"Eukaryota","Chordata","Actinopteri","Argentiniformes","Bathylagidae","Leuroglossus","Leuroglossus stilbius","No","No","No","None","None","None","Meroplanktonic","No","Deep-sea smelts and related fish"
"2948",-0.182705781389122,0.104774115842666,1,1.25,"Eukaryota","Arthropoda","Copepoda","Calanoida","Eucalanidae","Eucalanus","Eucalanus californicus","Variable","Variable","Variable","Exoskeleton","Exoskeleton","Chitin + Calcium","Holoplanktonic","No","Copepods"
"3331",-0.182705781389122,0.104774115842666,1,1.25,"Eukaryota","Chordata","Actinopteri","Argentiniformes","Bathylagidae","Leuroglossus","Leuroglossus stilbius","No","No","No","None","None","None","Meroplanktonic","No","Deep-sea smelts and related fish"
"3508",-0.182705781389122,0.104774115842666,1,1.25,"Eukaryota","Arthropoda","Copepoda","Calanoida","Eucalanidae","Eucalanus","Eucalanus californicus","Variable","Variable","Variable","Exoskeleton","Exoskeleton","Chitin + Calcium","Holoplanktonic","No","Copepods"
"3509",-0.182705781389122,0.104774115842666,1,1.25,"Eukaryota","Arthropoda","Malacostraca","Euphausiacea","Euphausiidae","Thysanoessa","Thysanoessa gregaria","Variable","No","Variable","None","Exoskeleton","Chitin + Calcium","Holoplanktonic","No","Krill"
"3639",-0.182705781389122,0.104774115842666,1,1.25,"Eukaryota","Arthropoda","Copepoda","Calanoida","Eucalanidae","Eucalanus","Eucalanus californicus","Variable","Variable","Variable","Exoskeleton","Exoskeleton","Chitin + Calcium","Holoplanktonic","No","Copepods"
"3789",-0.182705781389122,0.104774115842666,1,1.25,"Eukaryota","Arthropoda","Copepoda","Calanoida","Eucalanidae","Eucalanus","Eucalanus californicus","Variable","Variable","Variable","Exoskeleton","Exoskeleton","Chitin + Calcium","Holoplanktonic","No","Copepods"
"4820",-0.182705781389122,0.104774115842666,1,1.25,"Eukaryota","Arthropoda","Copepoda","Calanoida","Eucalanidae","Eucalanus","Eucalanus californicus","Variable","Variable","Variable","Exoskeleton","Exoskeleton","Chitin + Calcium","Holoplanktonic","No","Copepods"
"4821",-0.182705781389122,0.104774115842666,1,1.25,"Eukaryota","Arthropoda","Copepoda","Calanoida","Eucalanidae","Eucalanus","Eucalanus californicus","Variable","Variable","Variable","Exoskeleton","Exoskeleton","Chitin + Calcium","Holoplanktonic","No","Copepods"
"5629",-0.182705781389122,0.104774115842666,1,1.25,"Eukaryota","Arthropoda","Malacostraca","Euphausiacea","Euphausiidae","Euphausia","Euphausia pacifica","Variable","No","Variable","None","Exoskeleton","Chitin + Calcium","Holoplanktonic","No","Krill"
"5770",-0.182705781389122,0.104774115842666,1,1.25,"Eukaryota","Arthropoda","Copepoda","Calanoida","Eucalanidae","Eucalanus","Eucalanus californicus","Variable","Variable","Variable","Exoskeleton","Exoskeleton","Chitin + Calcium","Holoplanktonic","No","Copepods"
"5898",-0.182705781389122,0.104774115842666,1,1.25,"Eukaryota","Arthropoda","Ostracoda","Halocyprida","Halocyprididae","Mikroconchoecia","Mikroconchoecia sp. USNM IZ 1448470","Variable","No","Variable","None","Exoskeleton","Chitin + Calcium","Holoplanktonic","No","Ostracods (seed shrimp)"
"6117",-0.182705781389122,0.104774115842666,1,1.25,"Eukaryota","Arthropoda","Malacostraca","Euphausiacea","Euphausiidae","Euphausia","Euphausia pacifica","Variable","No","Variable","None","Exoskeleton","Chitin + Calcium","Holoplanktonic","No","Krill"
"6317",-0.182705781389122,0.104774115842666,1,1.25,"Eukaryota","Arthropoda","Malacostraca","Euphausiacea","Euphausiidae","Nyctiphanes","Nyctiphanes simplex","Variable","No","Variable","None","Exoskeleton","Chitin + Calcium","Holoplanktonic","No","Krill"
"6534",-0.182705781389122,0.104774115842666,1,1.25,"Eukaryota","Arthropoda","Copepoda","Calanoida","Paracalanidae",NA,NA,"Variable","Variable","Variable","Exoskeleton","Exoskeleton","Chitin + Calcium","Holoplanktonic","No","Copepods"
"6795",-0.182705781389122,0.104774115842666,1,1.25,"Eukaryota","Mollusca","Gastropoda","Littorinimorpha","Atlantidae","Atlanta","Atlanta sp. USNM IZ 1230636","Yes","Yes","Yes","External shell","External shell","Aragonite/Calcite","Meroplanktonic","No","Periwinkles and related snails"
"6796",-0.182705781389122,0.104774115842666,1,1.25,"Eukaryota","Arthropoda","Malacostraca","Decapoda","Hippolytidae",NA,NA,"Variable","No","Variable","None","Exoskeleton","Calcite","Meroplanktonic","No","Crabs, lobsters, shrimp"
"6797",-0.182705781389122,0.104774115842666,1,1.25,"Eukaryota","Chordata","Actinopteri","Argentiniformes","Bathylagidae","Lipolagus","Lipolagus ochotensis","No","No","No","None","None","None","Meroplanktonic","No","Deep-sea smelts and related fish"
"2706",-0.182753863205799,0.104681193129932,6,7.5,"Eukaryota","Cnidaria","Hydrozoa","Siphonophorae","Diphyidae","Chelophyes","Chelophyes appendiculata","No","No","No","None","None","None","Holoplanktonic","No","Colonial hydrozoans (e.g., Portuguese man o' war)"
"3072",-0.18331071555776,0.103609691553581,2,2.5,"Eukaryota","Arthropoda","Copepoda","Calanoida","Calanidae","Calanus","Calanus pacificus","Variable","Variable","Variable","Exoskeleton","Exoskeleton","Chitin + Calcium","Holoplanktonic","No","Copepods"
"482",-0.18365563086753,0.10295030090803,4,5,"Eukaryota","Arthropoda","Copepoda","Calanoida","Pontellidae","Labidocera","Labidocera trispinosa","Variable","Variable","Variable","Exoskeleton","Exoskeleton","Chitin + Calcium","Holoplanktonic","No","Copepods"
"1432",-0.184784135020872,0.100815737058083,2,2.5,"Eukaryota","Arthropoda","Malacostraca","Decapoda","Hippolytidae","Spirontocaris","Spirontocaris holmesi","Variable","No","Variable","None","Exoskeleton","Calcite","Meroplanktonic","No","Crabs, lobsters, shrimp"
"23",-0.185296776925344,0.099857571022697,41,51.25,"Eukaryota","Arthropoda","Copepoda","Calanoida","Pontellidae","Labidocera","Labidocera trispinosa","Variable","Variable","Variable","Exoskeleton","Exoskeleton","Chitin + Calcium","Holoplanktonic","No","Copepods"
"1448",-0.185699179033325,0.0991104525719066,14,17.5,"Eukaryota","Arthropoda","Copepoda","Calanoida","Calanidae","Calanus","Calanus pacificus","Variable","Variable","Variable","Exoskeleton","Exoskeleton","Chitin + Calcium","Holoplanktonic","No","Copepods"
"933",-0.186136240340189,0.0983039477193548,17,21.25,"Eukaryota","Arthropoda","Copepoda","Calanoida","Acartiidae","Acartia","Acartia californiensis","Variable","Variable","Variable","Exoskeleton","Exoskeleton","Chitin + Calcium","Holoplanktonic","No","Copepods"
"464",-0.187577935559499,0.0956799975709633,1,1.25,"Eukaryota","Arthropoda","Copepoda","Calanoida","Pontellidae","Labidocera","Labidocera trispinosa","Variable","Variable","Variable","Exoskeleton","Exoskeleton","Chitin + Calcium","Holoplanktonic","No","Copepods"
"499",-0.187577935559499,0.0956799975709633,1,1.25,"Eukaryota","Arthropoda","Copepoda","Calanoida","Pontellidae","Labidocera","Labidocera trispinosa","Variable","Variable","Variable","Exoskeleton","Exoskeleton","Chitin + Calcium","Holoplanktonic","No","Copepods"
"704",-0.187577935559499,0.0956799975709633,1,1.25,"Eukaryota","Mollusca","Cephalopoda","Oegopsida","Gonatidae","Gonatus","Gonatus onyx","Variable","Yes","No","Statoliths","None","Aragonite","Meroplanktonic","No","Squid"
"845",-0.187577935559499,0.0956799975709633,1,1.25,"Eukaryota","Arthropoda","Copepoda","Calanoida","Pontellidae","Labidocera","Labidocera trispinosa","Variable","Variable","Variable","Exoskeleton","Exoskeleton","Chitin + Calcium","Holoplanktonic","No","Copepods"
"1009",-0.187577935559499,0.0956799975709633,1,1.25,"Eukaryota","Arthropoda","Copepoda","Calanoida","Pontellidae","Labidocera","Labidocera trispinosa","Variable","Variable","Variable","Exoskeleton","Exoskeleton","Chitin + Calcium","Holoplanktonic","No","Copepods"
"1342",-0.187577935559499,0.0956799975709633,1,1.25,"Eukaryota","Arthropoda","Copepoda","Calanoida","Pontellidae","Labidocera","Labidocera trispinosa","Variable","Variable","Variable","Exoskeleton","Exoskeleton","Chitin + Calcium","Holoplanktonic","No","Copepods"
"1405",-0.187577935559499,0.0956799975709633,1,1.25,"Eukaryota","Arthropoda","Copepoda","Calanoida","Pontellidae","Labidocera","Labidocera trispinosa","Variable","Variable","Variable","Exoskeleton","Exoskeleton","Chitin + Calcium","Holoplanktonic","No","Copepods"
"1440",-0.187577935559499,0.0956799975709633,1,1.25,"Eukaryota","Arthropoda","Malacostraca","Euphausiacea","Euphausiidae","Nyctiphanes","Nyctiphanes simplex","Variable","No","Variable","None","Exoskeleton","Chitin + Calcium","Holoplanktonic","No","Krill"
"1554",-0.187577935559499,0.0956799975709633,1,1.25,"Eukaryota","Arthropoda","Malacostraca","Decapoda","Diogenidae","Isocheles","Isocheles pilosus","Variable","No","Variable","None","Exoskeleton","Calcite","Meroplanktonic","No","Crabs, lobsters, shrimp"
"1580",-0.187577935559499,0.0956799975709633,1,1.25,"Eukaryota","Arthropoda","Copepoda","Calanoida","Pontellidae","Labidocera","Labidocera trispinosa","Variable","Variable","Variable","Exoskeleton","Exoskeleton","Chitin + Calcium","Holoplanktonic","No","Copepods"
"1763",-0.187577935559499,0.0956799975709633,1,1.25,"Eukaryota","Arthropoda","Copepoda","Calanoida","Pontellidae","Labidocera","Labidocera trispinosa","Variable","Variable","Variable","Exoskeleton","Exoskeleton","Chitin + Calcium","Holoplanktonic","No","Copepods"
"1811",-0.187577935559499,0.0956799975709633,1,1.25,"Eukaryota","Arthropoda","Copepoda","Calanoida","Pontellidae","Labidocera","Labidocera trispinosa","Variable","Variable","Variable","Exoskeleton","Exoskeleton","Chitin + Calcium","Holoplanktonic","No","Copepods"
"2006",-0.187577935559499,0.0956799975709633,1,1.25,"Eukaryota","Arthropoda","Copepoda","Calanoida","Pontellidae","Labidocera","Labidocera trispinosa","Variable","Variable","Variable","Exoskeleton","Exoskeleton","Chitin + Calcium","Holoplanktonic","No","Copepods"
"2178",-0.187577935559499,0.0956799975709633,1,1.25,"Eukaryota","Arthropoda","Copepoda","Calanoida","Pontellidae","Labidocera","Labidocera trispinosa","Variable","Variable","Variable","Exoskeleton","Exoskeleton","Chitin + Calcium","Holoplanktonic","No","Copepods"
"2201",-0.187577935559499,0.0956799975709633,1,1.25,"Eukaryota","Arthropoda","Copepoda","Calanoida","Pontellidae","Labidocera","Labidocera trispinosa","Variable","Variable","Variable","Exoskeleton","Exoskeleton","Chitin + Calcium","Holoplanktonic","No","Copepods"
"2239",-0.187577935559499,0.0956799975709633,1,1.25,"Eukaryota","Cnidaria","Hydrozoa","Leptothecata","Campanulariidae",NA,NA,"No","No","No","None","None","None","Benthic + Holoplanktonic","No","Hydroids"
"2362",-0.187577935559499,0.0956799975709633,1,1.25,"Eukaryota","Arthropoda","Copepoda","Calanoida","Pontellidae","Labidocera","Labidocera trispinosa","Variable","Variable","Variable","Exoskeleton","Exoskeleton","Chitin + Calcium","Holoplanktonic","No","Copepods"
"2410",-0.187577935559499,0.0956799975709633,1,1.25,"Eukaryota","Arthropoda","Copepoda","Calanoida","Pontellidae","Labidocera","Labidocera trispinosa","Variable","Variable","Variable","Exoskeleton","Exoskeleton","Chitin + Calcium","Holoplanktonic","No","Copepods"
"2629",-0.187577935559499,0.0956799975709633,1,1.25,"Eukaryota","Arthropoda","Copepoda","Calanoida","Pontellidae","Labidocera","Labidocera trispinosa","Variable","Variable","Variable","Exoskeleton","Exoskeleton","Chitin + Calcium","Holoplanktonic","No","Copepods"
"2837",-0.187577935559499,0.0956799975709633,1,1.25,"Eukaryota","Arthropoda","Copepoda","Calanoida","Eucalanidae","Eucalanus","Eucalanus californicus","Variable","Variable","Variable","Exoskeleton","Exoskeleton","Chitin + Calcium","Holoplanktonic","No","Copepods"
"2909",-0.187577935559499,0.0956799975709633,1,1.25,"Eukaryota","Arthropoda","Copepoda","Calanoida","Calanidae","Calanus","Calanus pacificus","Variable","Variable","Variable","Exoskeleton","Exoskeleton","Chitin + Calcium","Holoplanktonic","No","Copepods"
"3036",-0.187577935559499,0.0956799975709633,1,1.25,"Eukaryota","Chordata","Actinopteri","Argentiniformes","Bathylagidae","Bathylagus","Bathylagus pacificus","No","No","No","None","None","None","Meroplanktonic","No","Deep-sea smelts and related fish"
"3037",-0.187577935559499,0.0956799975709633,1,1.25,"Eukaryota","Chordata","Actinopteri","Perciformes","Bathymasteridae","Rathbunella","Rathbunella hypoplecta","No","No","No","None","None","None","Meroplanktonic","No","Perch-like fishes (most diverse fish group)"
"3038",-0.187577935559499,0.0956799975709633,1,1.25,"Eukaryota","Arthropoda","Malacostraca","Decapoda","Cancridae","Metacarcinus","Metacarcinus gracilis","Variable","No","Variable","None","Exoskeleton","Calcite","Meroplanktonic","No","Crabs, lobsters, shrimp"
"3580",-0.187577935559499,0.0956799975709633,1,1.25,"Eukaryota","Arthropoda","Copepoda","Calanoida","Calanidae","Calanus","Calanus pacificus","Variable","Variable","Variable","Exoskeleton","Exoskeleton","Chitin + Calcium","Holoplanktonic","No","Copepods"
"3581",-0.187577935559499,0.0956799975709633,1,1.25,"Eukaryota","Arthropoda","Malacostraca","Euphausiacea","Euphausiidae","Nyctiphanes","Nyctiphanes simplex","Variable","No","Variable","None","Exoskeleton","Chitin + Calcium","Holoplanktonic","No","Krill"
"3645",-0.187577935559499,0.0956799975709633,1,1.25,"Eukaryota","Arthropoda","Copepoda","Calanoida","Eucalanidae","Eucalanus","Eucalanus californicus","Variable","Variable","Variable","Exoskeleton","Exoskeleton","Chitin + Calcium","Holoplanktonic","No","Copepods"
"3704",-0.187577935559499,0.0956799975709633,1,1.25,"Eukaryota","Mollusca","Gastropoda","Neogastropoda","Nassariidae","Nassarius","Nassarius mendicus","Yes","Yes","Yes","External shell","External shell","Aragonite/Calcite","Meroplanktonic","No","Whelks and predatory snails"
"3705",-0.187577935559499,0.0956799975709633,1,1.25,"Eukaryota","Cnidaria","Hydrozoa","Anthoathecata","Pandeidae","Halitholus","Halitholus sp. PS_2018","No","No","No","None","None","None","Benthic + Holoplanktonic","No","Colonial hydroids and small medusae"
"3801",-0.187577935559499,0.0956799975709633,1,1.25,"Eukaryota","Arthropoda","Copepoda","Calanoida","Calanidae","Calanus","Calanus pacificus","Variable","Variable","Variable","Exoskeleton","Exoskeleton","Chitin + Calcium","Holoplanktonic","No","Copepods"
"4043",-0.187577935559499,0.0956799975709633,1,1.25,"Eukaryota","Arthropoda","Copepoda","Calanoida","Pontellidae","Labidocera",NA,"Variable","Variable","Variable","Exoskeleton","Exoskeleton","Chitin + Calcium","Holoplanktonic","No","Copepods"
"4138",-0.187577935559499,0.0956799975709633,1,1.25,"Eukaryota","Echinodermata","Asteroidea","Valvatida","Poraniidae",NA,NA,"Variable","No","Yes","None","Internal skeleton","Calcite","Meroplanktonic","No","Sea stars"
"4409",-0.187577935559499,0.0956799975709633,1,1.25,"Eukaryota","Arthropoda","Malacostraca","Decapoda","Cancridae",NA,NA,"Variable","No","Variable","None","Exoskeleton","Calcite","Meroplanktonic","No","Crabs, lobsters, shrimp"
"4594",-0.187577935559499,0.0956799975709633,1,1.25,"Eukaryota","Arthropoda","Copepoda","Calanoida","Eucalanidae","Eucalanus","Eucalanus californicus","Variable","Variable","Variable","Exoskeleton","Exoskeleton","Chitin + Calcium","Holoplanktonic","No","Copepods"
"5044",-0.187577935559499,0.0956799975709633,1,1.25,"Eukaryota","Arthropoda","Malacostraca","Euphausiacea","Euphausiidae","Nyctiphanes","Nyctiphanes simplex","Variable","No","Variable","None","Exoskeleton","Chitin + Calcium","Holoplanktonic","No","Krill"
"5045",-0.187577935559499,0.0956799975709633,1,1.25,"Eukaryota","Arthropoda","Malacostraca","Decapoda","Panopeidae",NA,NA,"Variable","No","Variable","None","Exoskeleton","Calcite","Meroplanktonic","No","Crabs, lobsters, shrimp"
"5192",-0.187577935559499,0.0956799975709633,1,1.25,"Eukaryota","Arthropoda","Malacostraca","Decapoda","Callianassidae",NA,NA,"Variable","No","Variable","None","Exoskeleton","Calcite","Meroplanktonic","No","Crabs, lobsters, shrimp"
"5194",-0.187577935559499,0.0956799975709633,1,1.25,"Eukaryota","Arthropoda","Copepoda","Calanoida","Eucalanidae","Eucalanus","Eucalanus californicus","Variable","Variable","Variable","Exoskeleton","Exoskeleton","Chitin + Calcium","Holoplanktonic","No","Copepods"
"5779",-0.187577935559499,0.0956799975709633,1,1.25,"Eukaryota","Arthropoda","Copepoda","Calanoida","Eucalanidae","Eucalanus","Eucalanus californicus","Variable","Variable","Variable","Exoskeleton","Exoskeleton","Chitin + Calcium","Holoplanktonic","No","Copepods"
"5780",-0.187577935559499,0.0956799975709633,1,1.25,"Eukaryota","Arthropoda","Copepoda","Poecilostomatoida","Oncaeidae","Oncaea","Oncaea scottodicarloi","Variable","Variable","Variable","Exoskeleton","Exoskeleton","Chitin + Calcium","Holoplanktonic","No","Parasitic or predatory copepods"
"5781",-0.187577935559499,0.0956799975709633,1,1.25,"Eukaryota","Arthropoda","Malacostraca","Decapoda","Callianassidae",NA,NA,"Variable","No","Variable","None","Exoskeleton","Calcite","Meroplanktonic","No","Crabs, lobsters, shrimp"
"5944",-0.187577935559499,0.0956799975709633,1,1.25,"Eukaryota","Arthropoda","Ostracoda","Halocyprida","Halocyprididae","Conchoecetta","Conchoecetta giesbrechti","Variable","No","Variable","None","Exoskeleton","Chitin + Calcium","Holoplanktonic","No","Ostracods (seed shrimp)"
"5946",-0.187577935559499,0.0956799975709633,1,1.25,"Eukaryota","Arthropoda","Copepoda","Calanoida","Aetideidae",NA,NA,"Variable","Variable","Variable","Exoskeleton","Exoskeleton","Chitin + Calcium","Holoplanktonic","No","Copepods"
"5947",-0.187577935559499,0.0956799975709633,1,1.25,"Eukaryota","Arthropoda","Malacostraca","Decapoda","Callianassidae",NA,NA,"Variable","No","Variable","None","Exoskeleton","Calcite","Meroplanktonic","No","Crabs, lobsters, shrimp"
"6131",-0.187577935559499,0.0956799975709633,1,1.25,"Eukaryota","Chordata","Actinopteri","Argentiniformes","Bathylagidae","Leuroglossus","Leuroglossus stilbius","No","No","No","None","None","None","Meroplanktonic","No","Deep-sea smelts and related fish"
"6132",-0.187577935559499,0.0956799975709633,1,1.25,"Eukaryota","Arthropoda","Malacostraca","Decapoda","Pinnotheridae","Pinnixa","Pinnixa franciscana","Variable","No","Variable","None","Exoskeleton","Calcite","Meroplanktonic","No","Crabs, lobsters, shrimp"
"6133",-0.187577935559499,0.0956799975709633,1,1.25,"Eukaryota","Arthropoda","Copepoda","Calanoida","Aetideidae",NA,NA,"Variable","Variable","Variable","Exoskeleton","Exoskeleton","Chitin + Calcium","Holoplanktonic","No","Copepods"
"6134",-0.187577935559499,0.0956799975709633,1,1.25,"Eukaryota","Cnidaria","Hydrozoa","Anthoathecata","Pandeidae","Leuckartiara","Leuckartiara longicalcar","No","No","No","None","None","None","Benthic + Holoplanktonic","No","Colonial hydroids and small medusae"
"6330",-0.187577935559499,0.0956799975709633,1,1.25,"Eukaryota","Arthropoda","Copepoda","Calanoida","Metridinidae","Pleuromamma","Pleuromamma borealis","Variable","Variable","Variable","Exoskeleton","Exoskeleton","Chitin + Calcium","Holoplanktonic","No","Copepods"
"6331",-0.187577935559499,0.0956799975709633,1,1.25,"Eukaryota","Arthropoda","Malacostraca","Decapoda","Axiidae","Calocarides","Calocarides spinulicauda","Variable","No","Variable","None","Exoskeleton","Calcite","Meroplanktonic","No","Crabs, lobsters, shrimp"
"6332",-0.187577935559499,0.0956799975709633,1,1.25,"Eukaryota","Arthropoda","Malacostraca","Decapoda","Cancridae",NA,NA,"Variable","No","Variable","None","Exoskeleton","Calcite","Meroplanktonic","No","Crabs, lobsters, shrimp"
"6808",-0.187577935559499,0.0956799975709633,1,1.25,"Eukaryota","Arthropoda","Malacostraca","Decapoda","Munididae","Antillimunida","Antillimunida bapensis","Variable","No","Variable","None","Exoskeleton","Calcite","Meroplanktonic","No","Crabs, lobsters, shrimp"
"7033",-0.187577935559499,0.0956799975709633,1,1.25,"Eukaryota","Echinodermata","Ophiuroidea","Amphilepidida","Amphiuridae","Amphipholis","Amphipholis pugetana","Yes","Yes","Yes","Internal skeleton","Internal skeleton","Calcite","Meroplanktonic","No","Brittle stars"
"7302",-0.187577935559499,0.0956799975709633,1,1.25,"Eukaryota","Echinodermata","Ophiuroidea","Amphilepidida","Amphiuridae","Amphipholis","Amphipholis pugetana","Yes","Yes","Yes","Internal skeleton","Internal skeleton","Calcite","Meroplanktonic","No","Brittle stars"
"660",-0.188412924728526,0.0941856169550928,13,16.25,"Eukaryota","Arthropoda","Ostracoda","Halocyprida","Halocyprididae","Conchoecetta","Conchoecetta giesbrechti","Variable","No","Variable","None","Exoskeleton","Chitin + Calcium","Holoplanktonic","No","Ostracods (seed shrimp)"
"6531",-0.189897767275202,0.0915735828824887,2,2.5,"Eukaryota","Arthropoda","Ostracoda","Halocyprida","Halocyprididae","Metaconchoecia",NA,"Variable","No","Variable","None","Exoskeleton","Chitin + Calcium","Holoplanktonic","No","Ostracods (seed shrimp)"
"1626",-0.19037609286064,0.0907444127503215,6,7.5,"Eukaryota","Arthropoda","Copepoda","Calanoida","Eucalanidae","Eucalanus",NA,"Variable","Variable","Variable","Exoskeleton","Exoskeleton","Chitin + Calcium","Holoplanktonic","No","Copepods"
"638",-0.192450089729875,0.087217461452071,1,1.25,"Eukaryota","Chordata","Actinopteri","Argentiniformes","Bathylagidae","Leuroglossus","Leuroglossus stilbius","No","No","No","None","None","None","Meroplanktonic","No","Deep-sea smelts and related fish"
"1129",-0.192450089729875,0.087217461452071,1,1.25,"Eukaryota","Chordata","Actinopteri","Argentiniformes","Bathylagidae","Leuroglossus","Leuroglossus stilbius","No","No","No","None","None","None","Meroplanktonic","No","Deep-sea smelts and related fish"
"1364",-0.192450089729875,0.087217461452071,1,1.25,"Eukaryota","Arthropoda","Copepoda","Calanoida","Pontellidae","Labidocera","Labidocera trispinosa","Variable","Variable","Variable","Exoskeleton","Exoskeleton","Chitin + Calcium","Holoplanktonic","No","Copepods"
"1415",-0.192450089729875,0.087217461452071,1,1.25,"Eukaryota","Arthropoda","Copepoda","Calanoida","Eucalanidae","Eucalanus","Eucalanus californicus","Variable","Variable","Variable","Exoskeleton","Exoskeleton","Chitin + Calcium","Holoplanktonic","No","Copepods"
"1462",-0.192450089729875,0.087217461452071,1,1.25,"Eukaryota","Chordata","Actinopteri","Argentiniformes","Bathylagidae","Leuroglossus","Leuroglossus stilbius","No","No","No","None","None","None","Meroplanktonic","No","Deep-sea smelts and related fish"
"1472",-0.192450089729875,0.087217461452071,1,1.25,"Eukaryota","Arthropoda","Copepoda","Calanoida","Calanidae","Calanus","Calanus pacificus","Variable","Variable","Variable","Exoskeleton","Exoskeleton","Chitin + Calcium","Holoplanktonic","No","Copepods"
"1760",-0.192450089729875,0.087217461452071,1,1.25,"Eukaryota","Arthropoda","Copepoda","Calanoida","Calanidae","Calanus","Calanus pacificus","Variable","Variable","Variable","Exoskeleton","Exoskeleton","Chitin + Calcium","Holoplanktonic","No","Copepods"
"1787",-0.192450089729875,0.087217461452071,1,1.25,"Eukaryota","Arthropoda","Copepoda","Calanoida","Calanidae","Calanus","Calanus pacificus","Variable","Variable","Variable","Exoskeleton","Exoskeleton","Chitin + Calcium","Holoplanktonic","No","Copepods"
"1901",-0.192450089729875,0.087217461452071,1,1.25,"Eukaryota","Arthropoda","Copepoda","Calanoida","Clausocalanidae","Clausocalanus","Clausocalanus parapergens","Variable","Variable","Variable","Exoskeleton","Exoskeleton","Chitin + Calcium","Holoplanktonic","No","Copepods"
"2237",-0.192450089729875,0.087217461452071,1,1.25,"Eukaryota","Chordata","Actinopteri","Argentiniformes","Bathylagidae","Leuroglossus","Leuroglossus stilbius","No","No","No","None","None","None","Meroplanktonic","No","Deep-sea smelts and related fish"
"2383",-0.192450089729875,0.087217461452071,1,1.25,"Eukaryota","Arthropoda","Copepoda","Calanoida","Eucalanidae","Eucalanus","Eucalanus californicus","Variable","Variable","Variable","Exoskeleton","Exoskeleton","Chitin + Calcium","Holoplanktonic","No","Copepods"
"2867",-0.192450089729875,0.087217461452071,1,1.25,"Eukaryota","Arthropoda","Copepoda","Calanoida","Eucalanidae","Eucalanus",NA,"Variable","Variable","Variable","Exoskeleton","Exoskeleton","Chitin + Calcium","Holoplanktonic","No","Copepods"
"3031",-0.192450089729875,0.087217461452071,1,1.25,"Eukaryota","Arthropoda","Ostracoda","Halocyprida","Halocyprididae","Proceroecia","Proceroecia procera","Variable","No","Variable","None","Exoskeleton","Chitin + Calcium","Holoplanktonic","No","Ostracods (seed shrimp)"
"3510",-0.192450089729875,0.087217461452071,1,1.25,"Eukaryota","Arthropoda","Copepoda","Calanoida","Calanidae","Calanus","Calanus pacificus","Variable","Variable","Variable","Exoskeleton","Exoskeleton","Chitin + Calcium","Holoplanktonic","No","Copepods"
"3573",-0.192450089729875,0.087217461452071,1,1.25,"Eukaryota","Arthropoda","Ostracoda","Halocyprida","Halocyprididae","Proceroecia","Proceroecia sp. 1 IK_2020","Variable","No","Variable","None","Exoskeleton","Chitin + Calcium","Holoplanktonic","No","Ostracods (seed shrimp)"
"3640",-0.192450089729875,0.087217461452071,1,1.25,"Eukaryota","Arthropoda","Copepoda","Calanoida","Calanidae","Calanus","Calanus pacificus","Variable","Variable","Variable","Exoskeleton","Exoskeleton","Chitin + Calcium","Holoplanktonic","No","Copepods"
"4036",-0.192450089729875,0.087217461452071,1,1.25,"Eukaryota","Arthropoda","Ostracoda","Halocyprida","Halocyprididae","Mikroconchoecia","Mikroconchoecia sp. USNM IZ 1448470","Variable","No","Variable","None","Exoskeleton","Chitin + Calcium","Holoplanktonic","No","Ostracods (seed shrimp)"
"4132",-0.192450089729875,0.087217461452071,1,1.25,"Eukaryota","Arthropoda","Malacostraca","Euphausiacea","Euphausiidae","Nyctiphanes","Nyctiphanes simplex","Variable","No","Variable","None","Exoskeleton","Chitin + Calcium","Holoplanktonic","No","Krill"
"4590",-0.192450089729875,0.087217461452071,1,1.25,"Eukaryota","Arthropoda","Malacostraca","Euphausiacea","Euphausiidae","Nyctiphanes","Nyctiphanes simplex","Variable","No","Variable","None","Exoskeleton","Chitin + Calcium","Holoplanktonic","No","Krill"
"4715",-0.192450089729875,0.087217461452071,1,1.25,"Eukaryota","Arthropoda","Malacostraca","Amphipoda","Phrosinidae","Primno","Primno brevidens","Variable","Yes","Yes","Exoskeleton","Exoskeleton","Chitin + Calcium","Benthic + Holoplanktonic","No","Amphipods"
"4923",-0.192450089729875,0.087217461452071,1,1.25,"Eukaryota","Arthropoda","Malacostraca","Euphausiacea","Euphausiidae","Nyctiphanes","Nyctiphanes simplex","Variable","No","Variable","None","Exoskeleton","Chitin + Calcium","Holoplanktonic","No","Krill"
"4924",-0.192450089729875,0.087217461452071,1,1.25,"Eukaryota","Arthropoda","Copepoda","Calanoida","Metridinidae","Pleuromamma","Pleuromamma borealis","Variable","Variable","Variable","Exoskeleton","Exoskeleton","Chitin + Calcium","Holoplanktonic","No","Copepods"
"5035",-0.192450089729875,0.087217461452071,1,1.25,"Eukaryota","Arthropoda","Malacostraca","Euphausiacea","Euphausiidae","Hansarsia","Hansarsia difficilis","Variable","No","Variable","None","Exoskeleton","Chitin + Calcium","Holoplanktonic","No","Krill"
"5036",-0.192450089729875,0.087217461452071,1,1.25,"Eukaryota","Arthropoda","Ostracoda","Halocyprida","Halocyprididae","Conchoecia",NA,"Variable","No","Variable","None","Exoskeleton","Chitin + Calcium","Holoplanktonic","No","Ostracods (seed shrimp)"
"5175",-0.192450089729875,0.087217461452071,1,1.25,"Eukaryota","Echinodermata","Asteroidea","Valvatida","Poraniidae",NA,NA,"Variable","No","Yes","None","Internal skeleton","Calcite","Meroplanktonic","No","Sea stars"
"5330",-0.192450089729875,0.087217461452071,1,1.25,"Eukaryota","Arthropoda","Malacostraca","Euphausiacea","Euphausiidae","Euphausia","Euphausia pacifica","Variable","No","Variable","None","Exoskeleton","Chitin + Calcium","Holoplanktonic","No","Krill"
"5331",-0.192450089729875,0.087217461452071,1,1.25,"Eukaryota","Arthropoda","Ostracoda","Halocyprida","Halocyprididae","Discoconchoecia",NA,"Variable","No","Variable","None","Exoskeleton","Chitin + Calcium","Holoplanktonic","No","Ostracods (seed shrimp)"
"5471",-0.192450089729875,0.087217461452071,1,1.25,"Eukaryota","Arthropoda","Ostracoda","Halocyprida","Halocyprididae","Proceroecia","Proceroecia procera","Variable","No","Variable","None","Exoskeleton","Chitin + Calcium","Holoplanktonic","No","Ostracods (seed shrimp)"
"5472",-0.192450089729875,0.087217461452071,1,1.25,"Eukaryota","Arthropoda","Copepoda","Calanoida","Eucalanidae","Eucalanus","Eucalanus californicus","Variable","Variable","Variable","Exoskeleton","Exoskeleton","Chitin + Calcium","Holoplanktonic","No","Copepods"
"5932",-0.192450089729875,0.087217461452071,1,1.25,"Eukaryota","Arthropoda","Malacostraca","Euphausiacea","Euphausiidae",NA,NA,"Variable","No","Variable","None","Exoskeleton","Chitin + Calcium","Holoplanktonic","No","Krill"
"6119",-0.192450089729875,0.087217461452071,1,1.25,"Eukaryota","Arthropoda","Thecostraca","Balanomorpha","Chthamalidae","Chthamalus","Chthamalus fissus","Yes","Yes","Yes","External shell","External shell","Calcite","Meroplanktonic","No","Barnacles"
"7285",-0.192450089729875,0.087217461452071,1,1.25,"Eukaryota","Arthropoda","Copepoda","Calanoida","Lucicutiidae","Lucicutia","Lucicutia flavicornis","Variable","Variable","Variable","Exoskeleton","Exoskeleton","Chitin + Calcium","Holoplanktonic","No","Copepods"
"7286",-0.192450089729875,0.087217461452071,1,1.25,"Eukaryota","Arthropoda","Ostracoda","Halocyprida","Halocyprididae","Orthoconchoecia","Orthoconchoecia bispinosa","Variable","No","Variable","None","Exoskeleton","Chitin + Calcium","Holoplanktonic","No","Ostracods (seed shrimp)"
"7288",-0.192450089729875,0.087217461452071,1,1.25,"Eukaryota","Echinodermata","Ophiuroidea","Amphilepidida","Amphiuridae","Amphipholis","Amphipholis pugetana","Yes","Yes","Yes","Internal skeleton","Internal skeleton","Calcite","Meroplanktonic","No","Brittle stars"
"7533",-0.192450089729875,0.087217461452071,1,1.25,"Eukaryota","Arthropoda","Malacostraca","Decapoda","Munididae","Antillimunida","Antillimunida bapensis","Variable","No","Variable","None","Exoskeleton","Calcite","Meroplanktonic","No","Crabs, lobsters, shrimp"
"7671",-0.192450089729875,0.087217461452071,1,1.25,"Eukaryota","Arthropoda","Copepoda","Calanoida","Lucicutiidae","Lucicutia","Lucicutia flavicornis","Variable","Variable","Variable","Exoskeleton","Exoskeleton","Chitin + Calcium","Holoplanktonic","No","Copepods"
"6539",-0.194534704997349,0.0837826597971677,2,2.5,"Eukaryota","Mollusca","Gastropoda","Nudibranchia","Aeolidiidae","Cerberilla","Cerberilla mosslandica","Variable","Variable","No","External shell","None","Aragonite","Meroplanktonic","No","Shell-less sea slugs"
"85",-0.195091564896801,0.0828835438819575,35,43.75,"Eukaryota","Arthropoda","Copepoda","Calanoida","Acartiidae","Acartia","Acartia tonsa","Variable","Variable","Variable","Exoskeleton","Exoskeleton","Chitin + Calcium","Holoplanktonic","No","Copepods"
"131",-0.195446249904599,0.0823148717318021,40,50,"Eukaryota","Arthropoda","Copepoda","Calanoida","Scolecitrichidae","Scolecithricella","Scolecithricella dentata","Variable","Variable","Variable","Exoskeleton","Exoskeleton","Chitin + Calcium","Holoplanktonic","No","Copepods"
"4140",-0.197480616094606,0.0791128145159496,3,3.75,"Eukaryota","Arthropoda","Thecostraca","Balanomorpha","Chthamalidae","Chthamalus","Chthamalus fissus","Yes","Yes","Yes","External shell","External shell","Calcite","Meroplanktonic","No","Barnacles"
"6303",-0.197784894989507,0.0786425436514182,2,2.5,"Eukaryota","Echinodermata","Asteroidea","Forcipulatida","Asteriidae","Stylasterias","Stylasterias forreri","Yes","Yes","Yes","Internal skeleton","Internal skeleton","Calcite","Meroplanktonic","No","Starfish"
"2335",-0.198278491111696,0.0778844246819671,5,6.25,"Eukaryota","Arthropoda","Malacostraca","Euphausiacea","Euphausiidae","Nyctiphanes","Nyctiphanes simplex","Variable","No","Variable","None","Exoskeleton","Chitin + Calcium","Holoplanktonic","No","Krill"
"364",-0.198568314312651,0.0774420088902402,22,27.5,"Eukaryota","Arthropoda","Copepoda","Calanoida","Eucalanidae","Eucalanus","Eucalanus californicus","Variable","Variable","Variable","Exoskeleton","Exoskeleton","Chitin + Calcium","Holoplanktonic","No","Copepods"
"2858",-0.19919802207964,0.0764876779941395,7,8.75,"Eukaryota","Arthropoda","Copepoda","Calanoida","Eucalanidae",NA,NA,"Variable","Variable","Variable","Exoskeleton","Exoskeleton","Chitin + Calcium","Holoplanktonic","No","Copepods"
"767",-0.199715666675338,0.0757102428162628,16,20,"Eukaryota","Arthropoda","Copepoda","Calanoida","Calanidae","Calanus","Calanus pacificus","Variable","Variable","Variable","Exoskeleton","Exoskeleton","Chitin + Calcium","Holoplanktonic","No","Copepods"
"639",-0.200289530520284,0.0748557778426411,4,5,"Eukaryota","Arthropoda","Copepoda","Calanoida","Pontellidae","Labidocera","Labidocera trispinosa","Variable","Variable","Variable","Exoskeleton","Exoskeleton","Chitin + Calcium","Holoplanktonic","No","Copepods"
"4592",-0.201381771914163,0.0732508138117328,2,2.5,"Eukaryota","Chordata","Actinopteri","Stomiiformes","Sternoptychidae","Sternoptyx",NA,"No","No","No","None","None","None","Meroplanktonic","No","Deep-sea fishes (e.g., dragonfishes)"
"1127",-0.203579070376985,0.0701057067773547,4,5,"Eukaryota","Arthropoda","Copepoda","Calanoida","Calanidae","Calanus","Calanus pacificus","Variable","Variable","Variable","Exoskeleton","Exoskeleton","Chitin + Calcium","Holoplanktonic","No","Copepods"
"384",-0.204023615064029,0.0694828194103864,9,11.25,"Eukaryota","Arthropoda","Copepoda","Calanoida","Eucalanidae","Eucalanus","Eucalanus californicus","Variable","Variable","Variable","Exoskeleton","Exoskeleton","Chitin + Calcium","Holoplanktonic","No","Copepods"
"3132",-0.204388520804731,0.0689748575959201,3,3.75,"Eukaryota","Arthropoda","Malacostraca","Decapoda","Hippolytidae","Eualus","Eualus subtilis","Variable","No","Variable","None","Exoskeleton","Calcite","Meroplanktonic","No","Crabs, lobsters, shrimp"
"400",-0.205404466423426,0.0675763695227119,23,28.75,"Eukaryota","Arthropoda","Malacostraca","Euphausiacea","Euphausiidae","Nyctiphanes","Nyctiphanes simplex","Variable","No","Variable","None","Exoskeleton","Chitin + Calcium","Holoplanktonic","No","Krill"
"4909",-0.205429701836491,0.0675419253831265,5,6.25,"Eukaryota","Arthropoda","Malacostraca","Decapoda","Cancridae","Metacarcinus","Metacarcinus gracilis","Variable","No","Variable","None","Exoskeleton","Calcite","Meroplanktonic","No","Crabs, lobsters, shrimp"
"693",-0.206052232033816,0.0666967011349015,36,45,"Eukaryota","Arthropoda","Malacostraca","Euphausiacea","Euphausiidae","Nyctiphanes","Nyctiphanes simplex","Variable","No","Variable","None","Exoskeleton","Chitin + Calcium","Holoplanktonic","No","Krill"
"1194",-0.206287818066031,0.0663790765491994,6,7.5,"Eukaryota","Arthropoda","Ostracoda","Halocyprida","Halocyprididae","Conchoecetta","Conchoecetta giesbrechti","Variable","No","Variable","None","Exoskeleton","Chitin + Calcium","Holoplanktonic","No","Ostracods (seed shrimp)"
"420",-0.20630703157476,0.0663532262640635,11,13.75,"Eukaryota","Arthropoda","Copepoda","Calanoida","Calanidae","Calanus","Calanus pacificus","Variable","Variable","Variable","Exoskeleton","Exoskeleton","Chitin + Calcium","Holoplanktonic","No","Copepods"
"908",-0.207237141303751,0.0651115288438674,3,3.75,"Eukaryota","Arthropoda","Copepoda","Calanoida","Pontellidae","Labidocera","Labidocera trispinosa","Variable","Variable","Variable","Exoskeleton","Exoskeleton","Chitin + Calcium","Holoplanktonic","No","Copepods"
"2597",-0.207535464965984,0.0647172708520852,2,2.5,"Eukaryota","Cnidaria","Hydrozoa","Siphonophorae","Apolemiidae","Apolemia","Apolemia sp.","No","No","No","None","None","None","Holoplanktonic","No","Colonial hydrozoans (e.g., Portuguese man o' war)"
"2306",-0.207709589070694,0.0644880464670508,8,10,"Eukaryota","Arthropoda","Copepoda","Calanoida","Calanidae","Calanus","Calanus pacificus","Variable","Variable","Variable","Exoskeleton","Exoskeleton","Chitin + Calcium","Holoplanktonic","No","Copepods"
"1162",-0.207882151898481,0.0642615261355206,2,2.5,"Eukaryota","Mollusca","Gastropoda","Nudibranchia","Glaucidae","Hermissenda","Hermissenda opalescens","Variable","Variable","No","External shell","None","Aragonite","Meroplanktonic","No","Shell-less sea slugs"
"2787",-0.208315279826073,0.0636958027793725,6,7.5,"Eukaryota","Arthropoda","Thecostraca","Balanomorpha","Balanidae",NA,NA,"Yes","Yes","Yes","External shell","External shell","Calcite","Meroplanktonic","No","Barnacles"
"221",-0.208728206887836,0.0631602272532069,46,57.5,"Eukaryota","Arthropoda","Ostracoda","Halocyprida","Halocyprididae","Conchoecia","Conchoecia magna","Variable","No","Variable","None","Exoskeleton","Chitin + Calcium","Holoplanktonic","No","Ostracods (seed shrimp)"
"3574",-0.209943330777821,0.0616053263752844,3,3.75,"Eukaryota","Chordata","Actinopteri","Pleuronectiformes","Cyclopsettidae","Citharichthys","Citharichthys stigmaeus","No","No","No","None","None","None","Meroplanktonic","No","Flatfishes (flounders, soles, halibut)"
"411",-0.210189761539079,0.0612938095666873,17,21.25,"Eukaryota","Arthropoda","Copepoda","Calanoida","Calanidae","Calanus","Calanus pacificus","Variable","Variable","Variable","Exoskeleton","Exoskeleton","Chitin + Calcium","Holoplanktonic","No","Copepods"
"788",-0.212516688100853,0.0584149274273834,4,5,"Eukaryota","Mollusca","Gastropoda","Nudibranchia","Glaucidae","Hermissenda","Hermissenda opalescens","Variable","Variable","No","External shell","None","Aragonite","Meroplanktonic","No","Shell-less sea slugs"
"956",-0.213646537426548,0.0570573340922198,3,3.75,"Eukaryota","Arthropoda","Copepoda","Calanoida","Calanidae","Calanus","Calanus pacificus","Variable","Variable","Variable","Exoskeleton","Exoskeleton","Chitin + Calcium","Holoplanktonic","No","Copepods"
"481",-0.214217023000997,0.0563816976919745,12,15,"Eukaryota","Arthropoda","Copepoda","Calanoida","Acartiidae","Acartia","Acartia tonsa","Variable","Variable","Variable","Exoskeleton","Exoskeleton","Chitin + Calcium","Holoplanktonic","No","Copepods"
"617",-0.214714210736732,0.0557982084900697,48,60,"Eukaryota","Arthropoda","Copepoda","Calanoida","Calanidae","Calanus","Calanus pacificus","Variable","Variable","Variable","Exoskeleton","Exoskeleton","Chitin + Calcium","Holoplanktonic","No","Copepods"
"203",-0.214817721337585,0.0556773530895363,65,81.25,"Eukaryota","Arthropoda","Copepoda","Calanoida","Calanidae","Calanus","Calanus pacificus","Variable","Variable","Variable","Exoskeleton","Exoskeleton","Chitin + Calcium","Holoplanktonic","No","Copepods"
"761",-0.216922451000422,0.0532659716341138,3,3.75,"Eukaryota","Chordata","Actinopteri","Argentiniformes","Bathylagidae","Leuroglossus","Leuroglossus stilbius","No","No","No","None","None","None","Meroplanktonic","No","Deep-sea smelts and related fish"
"344",-0.21712255598868,0.0530412353075426,12,15,"Eukaryota","Arthropoda","Ostracoda","Halocyprida","Halocyprididae","Halocypris","Halocypris inflata","Variable","No","Variable","None","Exoskeleton","Chitin + Calcium","Holoplanktonic","No","Ostracods (seed shrimp)"
"602",-0.217169342448084,0.0529888020131679,13,16.25,"Eukaryota","Arthropoda","Copepoda","Calanoida","Calanidae","Calanus","Calanus pacificus","Variable","Variable","Variable","Exoskeleton","Exoskeleton","Chitin + Calcium","Holoplanktonic","No","Copepods"
"507",-0.217496413103828,0.0526234409763616,19,23.75,"Eukaryota","Arthropoda","Copepoda","Calanoida","Eucalanidae","Eucalanus","Eucalanus californicus","Variable","Variable","Variable","Exoskeleton","Exoskeleton","Chitin + Calcium","Holoplanktonic","No","Copepods"
"523",-0.218938128540053,0.0510374730379737,14,17.5,"Eukaryota","Bryozoa","Gymnolaemata","Cheilostomatida","Membraniporidae","Membranipora","Membranipora villosa","Yes","Yes","Yes","External shell","External shell","Calcite","Meroplanktonic","No","Encrusting bryozoans"
"1374",-0.220269580086771,0.0496078675977483,3,3.75,"Eukaryota","Chordata","Actinopteri","Argentiniformes","Bathylagidae","Leuroglossus","Leuroglossus stilbius","No","No","No","None","None","None","Meroplanktonic","No","Deep-sea smelts and related fish"
"5433",-0.220554442136673,0.049306322945811,3,3.75,"Eukaryota","Arthropoda","Copepoda","Calanoida","Clausocalanidae","Clausocalanus","Clausocalanus pergens","Variable","Variable","Variable","Exoskeleton","Exoskeleton","Chitin + Calcium","Holoplanktonic","No","Copepods"
"799",-0.221303348350834,0.0485207455854092,11,13.75,"Eukaryota","Arthropoda","Malacostraca","Euphausiacea","Euphausiidae","Nyctiphanes","Nyctiphanes simplex","Variable","No","Variable","None","Exoskeleton","Chitin + Calcium","Holoplanktonic","No","Krill"
"401",-0.224065647803403,0.0457117975725624,12,15,"Eukaryota","Arthropoda","Copepoda","Calanoida","Eucalanidae","Eucalanus","Eucalanus californicus","Variable","Variable","Variable","Exoskeleton","Exoskeleton","Chitin + Calcium","Holoplanktonic","No","Copepods"
"383",-0.224394939793861,0.0453860938549049,13,16.25,"Eukaryota","Arthropoda","Copepoda","Calanoida","Eucalanidae","Eucalanus","Eucalanus californicus","Variable","Variable","Variable","Exoskeleton","Exoskeleton","Chitin + Calcium","Holoplanktonic","No","Copepods"
"703",-0.225610743522435,0.0442001092601781,3,3.75,"Eukaryota","Chordata","Actinopteri","Argentiniformes","Bathylagidae","Leuroglossus","Leuroglossus stilbius","No","No","No","None","None","None","Meroplanktonic","No","Deep-sea smelts and related fish"
"563",-0.226000628092923,0.0438252629201177,13,16.25,"Eukaryota","Arthropoda","Malacostraca","Decapoda","Cancridae","Metacarcinus","Metacarcinus gracilis","Variable","No","Variable","None","Exoskeleton","Calcite","Meroplanktonic","No","Crabs, lobsters, shrimp"
"70",-0.226073116957265,0.0437558610387268,19,23.75,"Eukaryota","Arthropoda","Copepoda","Calanoida","Pontellidae","Labidocera","Labidocera trispinosa","Variable","Variable","Variable","Exoskeleton","Exoskeleton","Chitin + Calcium","Holoplanktonic","No","Copepods"
"301",-0.226850245080842,0.0430175290250745,28,35,"Eukaryota","Arthropoda","Copepoda","Calanoida","Calanidae","Calanus","Calanus pacificus","Variable","Variable","Variable","Exoskeleton","Exoskeleton","Chitin + Calcium","Holoplanktonic","No","Copepods"
"196",-0.2270345595061,0.0428439393108508,34,42.5,"Eukaryota","Arthropoda","Copepoda","Calanoida","Calanidae","Calanus","Calanus pacificus","Variable","Variable","Variable","Exoskeleton","Exoskeleton","Chitin + Calcium","Holoplanktonic","No","Copepods"
"313",-0.227483251527534,0.0424237816391165,28,35,"Eukaryota","Arthropoda","Copepoda","Calanoida","Acartiidae","Acartia","Acartia tonsa","Variable","Variable","Variable","Exoskeleton","Exoskeleton","Chitin + Calcium","Holoplanktonic","No","Copepods"
"2275",-0.228770039581422,0.0412377411266155,2,2.5,"Eukaryota","Arthropoda","Malacostraca","Decapoda","Cancridae","Romaleon",NA,"Variable","No","Variable","None","Exoskeleton","Calcite","Meroplanktonic","No","Crabs, lobsters, shrimp"
"1601",-0.229376641991345,0.0406882584483756,7,8.75,"Eukaryota","Annelida","Polychaeta","Phyllodocida","Phyllodocidae",NA,NA,"No","No","No","None","None","None","Benthic + Meroplanktonic","No","Active marine polychaetes"
"3269",-0.231021902731804,0.0392284822798571,16,20,"Eukaryota","Arthropoda","Copepoda","Calanoida","Acartiidae","Acartia","Acartia tonsa","Variable","Variable","Variable","Exoskeleton","Exoskeleton","Chitin + Calcium","Holoplanktonic","No","Copepods"
"50",-0.231822336023854,0.0385342142752971,19,23.75,"Eukaryota","Arthropoda","Copepoda","Calanoida","Pontellidae","Labidocera","Labidocera trispinosa","Variable","Variable","Variable","Exoskeleton","Exoskeleton","Chitin + Calcium","Holoplanktonic","No","Copepods"
"292",-0.231992665419135,0.0383878055808566,56,70,"Eukaryota","Arthropoda","Copepoda","Calanoida","Calanidae","Calanus","Calanus pacificus","Variable","Variable","Variable","Exoskeleton","Exoskeleton","Chitin + Calcium","Holoplanktonic","No","Copepods"
"256",-0.232023266719322,0.0383615510596658,5,6.25,"Eukaryota","Arthropoda","Copepoda","Calanoida","Pontellidae","Labidocera","Labidocera trispinosa","Variable","Variable","Variable","Exoskeleton","Exoskeleton","Chitin + Calcium","Holoplanktonic","No","Copepods"
"1176",-0.232366916506078,0.0380677416576903,2,2.5,"Eukaryota","Mollusca","Gastropoda","Nudibranchia","Glaucidae","Hermissenda","Hermissenda opalescens","Variable","Variable","No","External shell","None","Aragonite","Meroplanktonic","No","Shell-less sea slugs"
"289",-0.236291630373272,0.0348433029898316,13,16.25,"Eukaryota","Arthropoda","Copepoda","Calanoida","Calanidae","Calanus","Calanus pacificus","Variable","Variable","Variable","Exoskeleton","Exoskeleton","Chitin + Calcium","Holoplanktonic","No","Copepods"
"3851",-0.238144673718125,0.0334022825926068,3,3.75,"Eukaryota","Echinodermata","Asteroidea","Forcipulatida","Asteriidae","Sclerasterias",NA,"Yes","Yes","Yes","Internal skeleton","Internal skeleton","Calcite","Meroplanktonic","No","Starfish"
"1136",-0.238287104743076,0.0332936212980489,3,3.75,"Eukaryota","Mollusca","Gastropoda","Nudibranchia","Glaucidae","Hermissenda","Hermissenda opalescens","Variable","Variable","No","External shell","None","Aragonite","Meroplanktonic","No","Shell-less sea slugs"
"3861",-0.243488016185645,0.0295241548463812,4,5,"Eukaryota","Arthropoda","Malacostraca","Amphipoda","Scinidae",NA,NA,"Variable","Yes","Yes","Exoskeleton","Exoskeleton","Chitin + Calcium","Benthic + Holoplanktonic","No","Amphipods"
"254",-0.244402126841044,0.0289003170282414,17,21.25,"Eukaryota","Arthropoda","Copepoda","Calanoida","Calanidae","Calanus","Calanus pacificus","Variable","Variable","Variable","Exoskeleton","Exoskeleton","Chitin + Calcium","Holoplanktonic","No","Copepods"
"2792",-0.246690535215187,0.0273872045012821,3,3.75,"Eukaryota","Arthropoda","Malacostraca","Decapoda","Cancridae","Cancer","Cancer productus","Variable","No","Variable","None","Exoskeleton","Calcite","Meroplanktonic","No","Crabs, lobsters, shrimp"
"741",-0.249311240331866,0.0257372317474372,2,2.5,"Eukaryota","Chordata","Actinopteri","Argentiniformes","Bathylagidae","Leuroglossus","Leuroglossus stilbius","No","No","No","None","None","None","Meroplanktonic","No","Deep-sea smelts and related fish"
"1968",-0.249831270730611,0.0254200528879075,2,2.5,"Eukaryota","Arthropoda","Malacostraca","Decapoda","Panopeidae","Lophopanopeus","Lophopanopeus bellus","Variable","No","Variable","None","Exoskeleton","Calcite","Meroplanktonic","No","Crabs, lobsters, shrimp"
"1950",-0.252039924510672,0.0241096413832492,11,13.75,"Eukaryota","Arthropoda","Malacostraca","Euphausiacea","Euphausiidae","Nyctiphanes","Nyctiphanes simplex","Variable","No","Variable","None","Exoskeleton","Chitin + Calcium","Holoplanktonic","No","Krill"
"6315",-0.256504994181178,0.0216351673693547,2,2.5,"Eukaryota","Arthropoda","Thecostraca","Balanomorpha","Balanidae","Solidobalanus","Solidobalanus engbergi","Yes","Yes","Yes","External shell","External shell","Calcite","Meroplanktonic","No","Barnacles"
"5767",-0.257018576350944,0.021364967625687,4,5,"Eukaryota","Arthropoda","Copepoda","Calanoida","Metridinidae","Pleuromamma","Pleuromamma borealis","Variable","Variable","Variable","Exoskeleton","Exoskeleton","Chitin + Calcium","Holoplanktonic","No","Copepods"
"599",-0.257466046349507,0.0211319042162123,15,18.75,"Eukaryota","Arthropoda","Copepoda","Calanoida","Acartiidae","Acartia","Acartia tonsa","Variable","Variable","Variable","Exoskeleton","Exoskeleton","Chitin + Calcium","Holoplanktonic","No","Copepods"
"562",-0.258933515375551,0.0203827566917415,7,8.75,"Eukaryota","Arthropoda","Copepoda","Calanoida","Pontellidae","Labidocera","Labidocera trispinosa","Variable","Variable","Variable","Exoskeleton","Exoskeleton","Chitin + Calcium","Holoplanktonic","No","Copepods"
"103",-0.260720143455408,0.0195014452864701,32,40,"Eukaryota","Arthropoda","Copepoda","Calanoida","Eucalanidae","Eucalanus","Eucalanus californicus","Variable","Variable","Variable","Exoskeleton","Exoskeleton","Chitin + Calcium","Holoplanktonic","No","Copepods"
"5173",-0.263212534109507,0.0183266501405573,3,3.75,"Eukaryota","Arthropoda","Malacostraca","Decapoda","Parthenopidae","Heterocrypta","Heterocrypta occidentalis","Variable","No","Variable","None","Exoskeleton","Calcite","Meroplanktonic","No","Crabs, lobsters, shrimp"
"237",-0.263724013242914,0.0180932261447693,6,7.5,"Eukaryota","Chordata","Actinopteri","Argentiniformes","Bathylagidae","Leuroglossus","Leuroglossus stilbius","No","No","No","None","None","None","Meroplanktonic","No","Deep-sea smelts and related fish"
"477",-0.264852618590028,0.0175871805282116,21,26.25,"Eukaryota","Arthropoda","Copepoda","Calanoida","Calanidae","Calanus","Calanus pacificus","Variable","Variable","Variable","Exoskeleton","Exoskeleton","Chitin + Calcium","Holoplanktonic","No","Copepods"
"1008",-0.273761400944891,0.0140026005751521,10,12.5,"Eukaryota","Arthropoda","Malacostraca","Euphausiacea","Euphausiidae","Euphausia","Euphausia pacifica","Variable","No","Variable","None","Exoskeleton","Chitin + Calcium","Holoplanktonic","No","Krill"
"2541",-0.276173757380051,0.0131482615375634,3,3.75,"Eukaryota","Arthropoda","Malacostraca","Decapoda","Sergestidae","Eusergestes","Eusergestes similis","Variable","No","Variable","None","Exoskeleton","Calcite","Meroplanktonic","No","Crabs, lobsters, shrimp"
"3123",-0.277890581490295,0.0125681190631602,6,7.5,"Eukaryota","Phoronida","Phoronidae","Phoronidae","Phoronidae","Phoronopsis",NA,"Yes","Yes","Yes","External tube","External tube","Chitin + Calcium","Meroplanktonic","No","Horseshoe worms (tube-dwelling lophophorates)"
"544",-0.278367132180544,0.0124110789824024,16,20,"Eukaryota","Arthropoda","Malacostraca","Decapoda","Sergestidae","Eusergestes","Eusergestes similis","Variable","No","Variable","None","Exoskeleton","Calcite","Meroplanktonic","No","Crabs, lobsters, shrimp"
"758",-0.27957996596664,0.0120190726333531,36,45,"Eukaryota","Arthropoda","Malacostraca","Euphausiacea","Euphausiidae","Nyctiphanes","Nyctiphanes simplex","Variable","No","Variable","None","Exoskeleton","Chitin + Calcium","Holoplanktonic","No","Krill"
"771",-0.280622982595617,0.0116906060585513,11,13.75,"Eukaryota","Chordata","Actinopteri","Myctophiformes","Myctophidae","Triphoturus","Triphoturus mexicanus","No","No","No","None","None","None","Meroplanktonic","No","Lanternfishes"
"545",-0.28279838310723,0.0110305659637363,10,12.5,"Eukaryota","Arthropoda","Malacostraca","Euphausiacea","Euphausiidae","Euphausia","Euphausia pacifica","Variable","No","Variable","None","Exoskeleton","Chitin + Calcium","Holoplanktonic","No","Krill"
"1421",-0.285531917215025,0.0102473839882436,10,12.5,"Eukaryota","Arthropoda","Malacostraca","Euphausiacea","Euphausiidae","Euphausia","Euphausia pacifica","Variable","No","Variable","None","Exoskeleton","Chitin + Calcium","Holoplanktonic","No","Krill"
"1480",-0.289157109498628,0.00928385251403393,6,7.5,"Eukaryota","Arthropoda","Copepoda","Calanoida","Calanidae","Calanus","Calanus pacificus","Variable","Variable","Variable","Exoskeleton","Exoskeleton","Chitin + Calcium","Holoplanktonic","No","Copepods"
"567",-0.294149409890977,0.00808709425514616,5,6.25,"Eukaryota","Arthropoda","Copepoda","Calanoida","Calanidae","Calanus","Calanus pacificus","Variable","Variable","Variable","Exoskeleton","Exoskeleton","Chitin + Calcium","Holoplanktonic","No","Copepods"
"832",-0.298227834757462,0.00721216730947945,5,6.25,"Eukaryota","Arthropoda","Copepoda","Calanoida","Eucalanidae","Eucalanus","Eucalanus californicus","Variable","Variable","Variable","Exoskeleton","Exoskeleton","Chitin + Calcium","Holoplanktonic","No","Copepods"
"2480",-0.300447052750131,0.00677200288462994,7,8.75,"Eukaryota","Arthropoda","Copepoda","Calanoida","Calanidae","Calanus","Calanus pacificus","Variable","Variable","Variable","Exoskeleton","Exoskeleton","Chitin + Calcium","Holoplanktonic","No","Copepods"
"151",-0.303798001088784,0.00615220270459755,12,15,"Eukaryota","Arthropoda","Copepoda","Calanoida","Pontellidae","Labidocera","Labidocera trispinosa","Variable","Variable","Variable","Exoskeleton","Exoskeleton","Chitin + Calcium","Holoplanktonic","No","Copepods"
"538",-0.304541012975445,0.00602175945611424,5,6.25,"Eukaryota","Chordata","Actinopteri","Argentiniformes","Bathylagidae","Leuroglossus","Leuroglossus stilbius","No","No","No","None","None","None","Meroplanktonic","No","Deep-sea smelts and related fish"
"385",-0.305993602653919,0.00577378154664738,5,6.25,"Eukaryota","Arthropoda","Malacostraca","Decapoda","Blepharipodidae",NA,NA,"Variable","No","Variable","None","Exoskeleton","Calcite","Meroplanktonic","No","Crabs, lobsters, shrimp"
"228",-0.306083847985619,0.00575867763986953,31,38.75,"Eukaryota","Arthropoda","Copepoda","Calanoida","Calanidae","Calanus","Calanus pacificus","Variable","Variable","Variable","Exoskeleton","Exoskeleton","Chitin + Calcium","Holoplanktonic","No","Copepods"
"391",-0.306825880581109,0.00563580609457166,9,11.25,"Eukaryota","Cnidaria","Hydrozoa","Leptothecata","Campanulariidae",NA,NA,"No","No","No","None","None","None","Benthic + Holoplanktonic","No","Hydroids"
"258",-0.309120344432116,0.0052704145410615,50,62.5,"Eukaryota","Arthropoda","Copepoda","Calanoida","Eucalanidae","Rhincalanus","Rhincalanus nasutus","Variable","Variable","Variable","Exoskeleton","Exoskeleton","Chitin + Calcium","Holoplanktonic","No","Copepods"
"1120",-0.312194797843006,0.00481376376191807,14,17.5,"Eukaryota","Arthropoda","Malacostraca","Decapoda","Sergestidae","Eusergestes","Eusergestes similis","Variable","No","Variable","None","Exoskeleton","Calcite","Meroplanktonic","No","Crabs, lobsters, shrimp"
"80",-0.312686564969905,0.00474407350892166,69,86.25,"Eukaryota","Arthropoda","Copepoda","Calanoida","Calanidae","Calanus","Calanus pacificus","Variable","Variable","Variable","Exoskeleton","Exoskeleton","Chitin + Calcium","Holoplanktonic","No","Copepods"
"348",-0.314745852981379,0.00446187175642155,29,36.25,"Eukaryota","Arthropoda","Malacostraca","Euphausiacea","Euphausiidae","Nyctiphanes","Nyctiphanes simplex","Variable","No","Variable","None","Exoskeleton","Chitin + Calcium","Holoplanktonic","No","Krill"
"1729",-0.325593032548327,0.00320755338288221,14,17.5,"Eukaryota","Arthropoda","Copepoda","Calanoida","Calanidae","Calanus","Calanus pacificus","Variable","Variable","Variable","Exoskeleton","Exoskeleton","Chitin + Calcium","Holoplanktonic","No","Copepods"
"183",-0.32637320079905,0.00313086594062496,33,41.25,"Eukaryota","Arthropoda","Malacostraca","Euphausiacea","Euphausiidae","Nyctiphanes","Nyctiphanes simplex","Variable","No","Variable","None","Exoskeleton","Chitin + Calcium","Holoplanktonic","No","Krill"
"35",-0.330051865100442,0.00279090348644028,45,56.25,"Eukaryota","Arthropoda","Copepoda","Calanoida","Acartiidae","Acartia","Acartia tonsa","Variable","Variable","Variable","Exoskeleton","Exoskeleton","Chitin + Calcium","Holoplanktonic","No","Copepods"
"280",-0.331651486797553,0.00265368184061736,16,20,"Eukaryota","Arthropoda","Malacostraca","Decapoda","Cancridae","Metacarcinus","Metacarcinus gracilis","Variable","No","Variable","None","Exoskeleton","Calcite","Meroplanktonic","No","Crabs, lobsters, shrimp"
"162",-0.332727453794946,0.00256481476950556,28,35,"Eukaryota","Arthropoda","Copepoda","Calanoida","Calanidae","Calanus","Calanus pacificus","Variable","Variable","Variable","Exoskeleton","Exoskeleton","Chitin + Calcium","Holoplanktonic","No","Copepods"
"259",-0.336887343129429,0.00224580105783574,52,65,"Eukaryota","Arthropoda","Copepoda","Calanoida","Calanidae","Calanus","Calanus pacificus","Variable","Variable","Variable","Exoskeleton","Exoskeleton","Chitin + Calcium","Holoplanktonic","No","Copepods"
"73",-0.347007310121132,0.00161334699515992,68,85,"Eukaryota","Arthropoda","Copepoda","Calanoida","Calanidae","Calanus","Calanus pacificus","Variable","Variable","Variable","Exoskeleton","Exoskeleton","Chitin + Calcium","Holoplanktonic","No","Copepods"
"102",-0.347591992759975,0.00158228093925866,38,47.5,"Eukaryota","Arthropoda","Copepoda","Calanoida","Eucalanidae","Eucalanus","Eucalanus californicus","Variable","Variable","Variable","Exoskeleton","Exoskeleton","Chitin + Calcium","Holoplanktonic","No","Copepods"
"369",-0.348575136986414,0.00153125877756304,20,25,"Eukaryota","Arthropoda","Copepoda","Calanoida","Calanidae","Calanus","Calanus pacificus","Variable","Variable","Variable","Exoskeleton","Exoskeleton","Chitin + Calcium","Holoplanktonic","No","Copepods"
"119",-0.359286507674904,0.00106412839187708,48,60,"Eukaryota","Arthropoda","Copepoda","Calanoida","Calanidae","Calanus","Calanus pacificus","Variable","Variable","Variable","Exoskeleton","Exoskeleton","Chitin + Calcium","Holoplanktonic","No","Copepods"
"1355",-0.362531621558934,0.00095065859136148,18,22.5,"Eukaryota","Arthropoda","Copepoda","Calanoida","Calanidae","Calanus","Calanus pacificus","Variable","Variable","Variable","Exoskeleton","Exoskeleton","Chitin + Calcium","Holoplanktonic","No","Copepods"
"94",-0.371972291643979,0.000680197264401094,13,16.25,"Eukaryota","Chordata","Actinopteri","Argentiniformes","Bathylagidae","Leuroglossus","Leuroglossus stilbius","No","No","No","None","None","None","Meroplanktonic","No","Deep-sea smelts and related fish"
"333",-0.375194072708351,0.000605350646872057,30,37.5,"Eukaryota","Arthropoda","Copepoda","Calanoida","Acartiidae","Acartia","Acartia tonsa","Variable","Variable","Variable","Exoskeleton","Exoskeleton","Chitin + Calcium","Holoplanktonic","No","Copepods"
"1161",-0.376428469989618,0.000578723815904906,20,25,"Eukaryota","Arthropoda","Copepoda","Calanoida","Calanidae","Calanus","Calanus pacificus","Variable","Variable","Variable","Exoskeleton","Exoskeleton","Chitin + Calcium","Holoplanktonic","No","Copepods"
"367",-0.377995894636548,0.000546454989552895,32,40,"Eukaryota","Arthropoda","Malacostraca","Euphausiacea","Euphausiidae","Nyctiphanes","Nyctiphanes simplex","Variable","No","Variable","None","Exoskeleton","Chitin + Calcium","Holoplanktonic","No","Krill"
"173",-0.385425903018269,0.000414705150120286,30,37.5,"Eukaryota","Arthropoda","Malacostraca","Euphausiacea","Euphausiidae","Nyctiphanes","Nyctiphanes simplex","Variable","No","Variable","None","Exoskeleton","Chitin + Calcium","Holoplanktonic","No","Krill"
"77",-0.387482154531238,0.000383777154079222,29,36.25,"Eukaryota","Arthropoda","Copepoda","Calanoida","Calanidae","Calanus","Calanus pacificus","Variable","Variable","Variable","Exoskeleton","Exoskeleton","Chitin + Calcium","Holoplanktonic","No","Copepods"
"922",-0.39029578491881,0.000344877161395901,11,13.75,"Eukaryota","Arthropoda","Malacostraca","Decapoda","Cancridae",NA,NA,"Variable","No","Variable","None","Exoskeleton","Calcite","Meroplanktonic","No","Crabs, lobsters, shrimp"
"1330",-0.392360638921523,0.00031866785435288,19,23.75,"Eukaryota","Arthropoda","Malacostraca","Euphausiacea","Euphausiidae","Nyctiphanes","Nyctiphanes simplex","Variable","No","Variable","None","Exoskeleton","Chitin + Calcium","Holoplanktonic","No","Krill"
"302",-0.398831571114406,0.000247916156060877,24,30,"Eukaryota","Arthropoda","Copepoda","Calanoida","Calanidae","Calanus","Calanus pacificus","Variable","Variable","Variable","Exoskeleton","Exoskeleton","Chitin + Calcium","Holoplanktonic","No","Copepods"
"7",-0.406727613689639,0.000205017148258387,80,100,"Eukaryota","Arthropoda","Copepoda","Calanoida","Calanidae","Calanus","Calanus pacificus","Variable","Variable","Variable","Exoskeleton","Exoskeleton","Chitin + Calcium","Holoplanktonic","No","Copepods"
"138",-0.413364832924778,0.000138412481790424,48,60,"Eukaryota","Arthropoda","Copepoda","Calanoida","Calanidae","Calanus","Calanus pacificus","Variable","Variable","Variable","Exoskeleton","Exoskeleton","Chitin + Calcium","Holoplanktonic","No","Copepods"
"859",-0.416735472229445,0.000120447898535067,23,28.75,"Eukaryota","Arthropoda","Malacostraca","Euphausiacea","Euphausiidae","Nyctiphanes","Nyctiphanes simplex","Variable","No","Variable","None","Exoskeleton","Chitin + Calcium","Holoplanktonic","No","Krill"
"158",-0.416904750455345,0.000119605237750413,10,12.5,"Eukaryota","Chordata","Actinopteri","Argentiniformes","Bathylagidae","Leuroglossus","Leuroglossus stilbius","No","No","No","None","None","None","Meroplanktonic","No","Deep-sea smelts and related fish"
"88",-0.420632892192758,0.000102373469850327,43,53.75,"Eukaryota","Arthropoda","Copepoda","Calanoida","Calanidae","Calanus","Calanus pacificus","Variable","Variable","Variable","Exoskeleton","Exoskeleton","Chitin + Calcium","Holoplanktonic","No","Copepods"
"188",-0.425824873590882,8.21811635848995e-05,59,73.75,"Eukaryota","Arthropoda","Malacostraca","Euphausiacea","Euphausiidae","Nyctiphanes","Nyctiphanes simplex","Variable","No","Variable","None","Exoskeleton","Chitin + Calcium","Holoplanktonic","No","Krill"
"157",-0.42672026482974,7.9096991853892e-05,34,42.5,"Eukaryota","Arthropoda","Copepoda","Calanoida","Calanidae","Calanus","Calanus pacificus","Variable","Variable","Variable","Exoskeleton","Exoskeleton","Chitin + Calcium","Holoplanktonic","No","Copepods"
"68",-0.438539580686769,4.7256061485525e-05,70,87.5,"Eukaryota","Arthropoda","Copepoda","Calanoida","Calanidae","Calanus","Calanus pacificus","Variable","Variable","Variable","Exoskeleton","Exoskeleton","Chitin + Calcium","Holoplanktonic","No","Copepods"
"22",-0.441102698262268,4.21546368279594e-05,77,96.25,"Eukaryota","Arthropoda","Malacostraca","Euphausiacea","Euphausiidae","Nyctiphanes","Nyctiphanes simplex","Variable","No","Variable","None","Exoskeleton","Chitin + Calcium","Holoplanktonic","No","Krill"
"801",-0.441380487483791,4.16336513280794e-05,23,28.75,"Eukaryota","Arthropoda","Copepoda","Calanoida","Calanidae","Calanus","Calanus pacificus","Variable","Variable","Variable","Exoskeleton","Exoskeleton","Chitin + Calcium","Holoplanktonic","No","Copepods"
"395",-0.442164654636252,4.01951069495326e-05,27,33.75,"Eukaryota","Arthropoda","Malacostraca","Euphausiacea","Euphausiidae","Nyctiphanes","Nyctiphanes simplex","Variable","No","Variable","None","Exoskeleton","Chitin + Calcium","Holoplanktonic","No","Krill"
"74",-0.446038366450817,3.37429269797078e-05,16,20,"Eukaryota","Chordata","Actinopteri","Argentiniformes","Bathylagidae","Leuroglossus","Leuroglossus stilbius","No","No","No","None","None","None","Meroplanktonic","No","Deep-sea smelts and related fish"
"170",-0.446566191891692,3.29425350098794e-05,55,68.75,"Eukaryota","Arthropoda","Copepoda","Calanoida","Calanidae","Calanus","Calanus pacificus","Variable","Variable","Variable","Exoskeleton","Exoskeleton","Chitin + Calcium","Holoplanktonic","No","Copepods"
"42",-0.472374469683576,9.69193293995227e-06,70,87.5,"Eukaryota","Arthropoda","Copepoda","Calanoida","Calanidae","Calanus","Calanus pacificus","Variable","Variable","Variable","Exoskeleton","Exoskeleton","Chitin + Calcium","Holoplanktonic","No","Copepods"
"26",-0.473383415749362,9.22047611342333e-06,70,87.5,"Eukaryota","Arthropoda","Copepoda","Calanoida","Calanidae","Calanus","Calanus pacificus","Variable","Variable","Variable","Exoskeleton","Exoskeleton","Chitin + Calcium","Holoplanktonic","No","Copepods"
"227",-0.480037320655375,6.60994139122373e-06,37,46.25,"Eukaryota","Arthropoda","Copepoda","Calanoida","Calanidae","Calanus","Calanus pacificus","Variable","Variable","Variable","Exoskeleton","Exoskeleton","Chitin + Calcium","Holoplanktonic","No","Copepods"
"5",-0.488607594936709,5.69330639868381e-06,80,100,"Eukaryota","Arthropoda","Copepoda","Calanoida","Calanidae","Calanus","Calanus pacificus","Variable","Variable","Variable","Exoskeleton","Exoskeleton","Chitin + Calcium","Holoplanktonic","No","Copepods"
"2",-0.493178621659634,4.54178383248184e-06,80,100,"Eukaryota","Arthropoda","Copepoda","Calanoida","Calanidae","Calanus","Calanus pacificus","Variable","Variable","Variable","Exoskeleton","Exoskeleton","Chitin + Calcium","Holoplanktonic","No","Copepods"
"3",-0.512541022034693,1.68713446338226e-06,80,100,"Eukaryota","Arthropoda","Copepoda","Calanoida","Calanidae","Calanus","Calanus pacificus","Variable","Variable","Variable","Exoskeleton","Exoskeleton","Chitin + Calcium","Holoplanktonic","No","Copepods"
"1",-0.515752461322082,1.42400628612262e-06,79,98.75,"Eukaryota","Arthropoda","Malacostraca","Euphausiacea","Euphausiidae","Euphausia","Euphausia pacifica","Variable","No","Variable","None","Exoskeleton","Chitin + Calcium","Holoplanktonic","No","Krill"
"193",-0.516296378417646,9.48245996533772e-07,43,53.75,"Eukaryota","Arthropoda","Copepoda","Calanoida","Calanidae","Calanus","Calanus pacificus","Variable","Variable","Variable","Exoskeleton","Exoskeleton","Chitin + Calcium","Holoplanktonic","No","Copepods"
