ASV,Kingdom,Phylum,Class,Order,Family,Genus,Species
1,Eukaryota,Arthropoda,Malacostraca,Euphausiacea,Euphausiidae,Euphausia,Euphausia pacifica
2,Eukaryota,Arthropoda,Copepoda,Calanoida,Calanidae,Calanus,Calanus pacificus
3,Eukaryota,Arthropoda,Copepoda,Calanoida,Calanidae,Calanus,Calanus pacificus
4,Eukaryota,Arthropoda,Copepoda,Calanoida,Clausocalanidae,Clausocalanus,Clausocalanus furcatus
5,Eukaryota,Arthropoda,Copepoda,Calanoida,Calanidae,Calanus,Calanus pacificus
6,NA,NA,NA,NA,NA,NA,NA
7,Eukaryota,Arthropoda,Copepoda,Calanoida,Calanidae,Calanus,Calanus pacificus
8,Eukaryota,Arthropoda,Copepoda,Calanoida,Calanidae,Ctenocalanus,Ctenocalanus vanus
9,Eukaryota,Arthropoda,Copepoda,Poecilostomatoida,Oncaeidae,Oncaea,Oncaea sp.
10,NA,NA,NA,NA,NA,NA,NA
11,Eukaryota,Arthropoda,Copepoda,Calanoida,Metridinidae,Pleuromamma,Pleuromamma borealis
12,Eukaryota,Arthropoda,Ostracoda,Halocyprida,Halocyprididae,Discoconchoecia,NA
13,Eukaryota,Arthropoda,Copepoda,Calanoida,Clausocalanidae,Clausocalanus,Clausocalanus furcatus
14,NA,NA,NA,NA,NA,NA,NA
15,NA,NA,NA,NA,NA,NA,NA
16,Eukaryota,Arthropoda,Branchiopoda,Diplostraca,Podonidae,Evadne,Evadne nordmanni
17,NA,NA,NA,NA,NA,NA,NA
18,NA,NA,NA,NA,NA,NA,NA
19,Eukaryota,Arthropoda,Copepoda,Calanoida,Candaciidae,Candacia,Candacia curta
20,NA,NA,NA,NA,NA,NA,NA
21,Eukaryota,Cnidaria,Hydrozoa,Siphonophorae,Sphaeronectidae,NA,NA
22,Eukaryota,Arthropoda,Malacostraca,Euphausiacea,Euphausiidae,Nyctiphanes,Nyctiphanes simplex
23,Eukaryota,Arthropoda,Copepoda,Calanoida,Pontellidae,Labidocera,Labidocera trispinosa
24,NA,NA,NA,NA,NA,NA,NA
25,NA,NA,NA,NA,NA,NA,NA
26,Eukaryota,Arthropoda,Copepoda,Calanoida,Calanidae,Calanus,Calanus pacificus
27,Eukaryota,Bryozoa,Gymnolaemata,Cheilostomatida,Membraniporidae,Membranipora,Membranipora villosa
28,Eukaryota,Mollusca,Gastropoda,Nudibranchia,Glaucidae,Hermissenda,Hermissenda opalescens
29,Eukaryota,Arthropoda,Copepoda,Calanoida,Clausocalanidae,Clausocalanus,Clausocalanus furcatus
30,Eukaryota,Bryozoa,Gymnolaemata,Cheilostomatida,Membraniporidae,Membranipora,Membranipora villosa
31,Eukaryota,Arthropoda,Copepoda,Calanoida,Calanidae,Ctenocalanus,Ctenocalanus vanus
32,Eukaryota,Bryozoa,Gymnolaemata,Cheilostomatida,Membraniporidae,Membranipora,Membranipora villosa
33,Eukaryota,Echinodermata,Echinoidea,Camarodonta,Strongylocentrotidae,Strongylocentrotus,Strongylocentrotus purpuratus
34,Eukaryota,Arthropoda,Copepoda,Calanoida,Paracalanidae,Paracalanus,Paracalanus sp. C AC_2013
35,Eukaryota,Arthropoda,Copepoda,Calanoida,Acartiidae,Acartia,Acartia tonsa
36,Eukaryota,Arthropoda,Copepoda,Calanoida,Clausocalanidae,Clausocalanus,Clausocalanus parapergens
37,Eukaryota,Bryozoa,Gymnolaemata,Cheilostomatida,Membraniporidae,Membranipora,Membranipora villosa
38,Eukaryota,Arthropoda,Copepoda,Calanoida,Calocalanidae,Calocalanus,Calocalanus tenuis
39,Eukaryota,Arthropoda,Copepoda,Calanoida,Pontellidae,Labidocera,Labidocera trispinosa
40,NA,NA,NA,NA,NA,NA,NA
41,Eukaryota,Arthropoda,Ostracoda,Halocyprida,Halocyprididae,Discoconchoecia,NA
42,Eukaryota,Arthropoda,Copepoda,Calanoida,Calanidae,Calanus,Calanus pacificus
43,Eukaryota,Arthropoda,Branchiopoda,Diplostraca,Podonidae,Evadne,Evadne nordmanni
44,Eukaryota,Arthropoda,Copepoda,Poecilostomatoida,Oncaeidae,Oncaea,Oncaea sp.
45,Eukaryota,Bryozoa,Gymnolaemata,Cheilostomatida,Membraniporidae,Membranipora,NA
46,NA,NA,NA,NA,NA,NA,NA
47,NA,NA,NA,NA,NA,NA,NA
48,Eukaryota,Arthropoda,Branchiopoda,Diplostraca,Podonidae,Evadne,Evadne nordmanni
49,NA,NA,NA,NA,NA,NA,NA
50,Eukaryota,Arthropoda,Copepoda,Calanoida,Pontellidae,Labidocera,Labidocera trispinosa
51,NA,NA,NA,NA,NA,NA,NA
52,NA,NA,NA,NA,NA,NA,NA
53,Eukaryota,Bacillariophyta,Thalassiosirophyceae,Cymatosirales,Cymatosiraceae,NA,NA
54,Eukaryota,Bryozoa,Gymnolaemata,Cheilostomatida,Membraniporidae,Membranipora,NA
55,Eukaryota,Arthropoda,Malacostraca,Euphausiacea,Euphausiidae,Hansarsia,Hansarsia difficilis
56,Eukaryota,Echinodermata,Echinoidea,Camarodonta,Strongylocentrotidae,Strongylocentrotus,Strongylocentrotus purpuratus
57,Eukaryota,Arthropoda,Copepoda,Calanoida,Calanidae,Ctenocalanus,Ctenocalanus vanus
58,NA,NA,NA,NA,NA,NA,NA
59,Eukaryota,Arthropoda,Malacostraca,Euphausiacea,Euphausiidae,Hansarsia,Hansarsia difficilis
60,NA,NA,NA,NA,NA,NA,NA
61,Eukaryota,Echinodermata,Echinoidea,Temnopleuroida,Toxopneustidae,Lytechinus,Lytechinus pictus
62,NA,NA,NA,NA,NA,NA,NA
63,Eukaryota,Arthropoda,Branchiopoda,Diplostraca,Sididae,Penilia,Penilia avirostris
64,Eukaryota,Echinodermata,Echinoidea,Temnopleuroida,Toxopneustidae,Lytechinus,Lytechinus pictus
65,NA,NA,NA,NA,NA,NA,NA
66,NA,NA,NA,NA,NA,NA,NA
67,Eukaryota,Arthropoda,Copepoda,Calanoida,Clausocalanidae,Clausocalanus,Clausocalanus pergens
68,Eukaryota,Arthropoda,Copepoda,Calanoida,Calanidae,Calanus,Calanus pacificus
69,Eukaryota,Bryozoa,Gymnolaemata,Cheilostomatida,Membraniporidae,Membranipora,Membranipora villosa
70,Eukaryota,Arthropoda,Copepoda,Calanoida,Pontellidae,Labidocera,Labidocera trispinosa
71,Eukaryota,Arthropoda,Branchiopoda,Diplostraca,Podonidae,Pleopis,Pleopis polyphemoides
72,Eukaryota,Arthropoda,Branchiopoda,Diplostraca,Podonidae,Pseudevadne,Pseudevadne tergestina
73,Eukaryota,Arthropoda,Copepoda,Calanoida,Calanidae,Calanus,Calanus pacificus
74,Eukaryota,Chordata,Actinopteri,Argentiniformes,Bathylagidae,Leuroglossus,Leuroglossus stilbius
75,Eukaryota,Arthropoda,Ostracoda,Halocyprida,Halocyprididae,NA,NA
76,Eukaryota,Arthropoda,Copepoda,Calanoida,Metridinidae,Pleuromamma,Pleuromamma borealis
77,Eukaryota,Arthropoda,Copepoda,Calanoida,Calanidae,Calanus,Calanus pacificus
78,NA,NA,NA,NA,NA,NA,NA
79,Eukaryota,Mollusca,Gastropoda,Nudibranchia,Glaucidae,Hermissenda,NA
80,Eukaryota,Arthropoda,Copepoda,Calanoida,Calanidae,Calanus,Calanus pacificus
81,NA,NA,NA,NA,NA,NA,NA
82,Eukaryota,Arthropoda,Malacostraca,Decapoda,Hippolytidae,Lysmata,Lysmata californica
83,NA,NA,NA,NA,NA,NA,NA
84,Eukaryota,Arthropoda,Branchiopoda,Diplostraca,Podonidae,Pseudevadne,Pseudevadne tergestina
85,Eukaryota,Arthropoda,Copepoda,Calanoida,Acartiidae,Acartia,Acartia tonsa
86,Eukaryota,Mollusca,Gastropoda,Littorinimorpha,Atlantidae,Atlanta,Atlanta sp. USNM IZ 1230636
87,NA,NA,NA,NA,NA,NA,NA
88,Eukaryota,Arthropoda,Copepoda,Calanoida,Calanidae,Calanus,Calanus pacificus
89,Eukaryota,Bryozoa,Gymnolaemata,Cheilostomatida,Membraniporidae,Membranipora,Membranipora villosa
90,Eukaryota,Arthropoda,Copepoda,Calanoida,Clausocalanidae,Clausocalanus,Clausocalanus parapergens
91,NA,NA,NA,NA,NA,NA,NA
92,Eukaryota,Arthropoda,Ostracoda,Halocyprida,Halocyprididae,Conchoecia,Conchoecia magna
93,Eukaryota,Arthropoda,Copepoda,Calanoida,Calanidae,Ctenocalanus,Ctenocalanus vanus
94,Eukaryota,Chordata,Actinopteri,Argentiniformes,Bathylagidae,Leuroglossus,Leuroglossus stilbius
95,Eukaryota,Arthropoda,Copepoda,Calanoida,Pontellidae,Labidocera,Labidocera trispinosa
96,Eukaryota,Echinodermata,Echinoidea,Camarodonta,Strongylocentrotidae,Strongylocentrotus,Strongylocentrotus purpuratus
97,Eukaryota,Bryozoa,Gymnolaemata,Cheilostomatida,Membraniporidae,Membranipora,Membranipora villosa
98,Eukaryota,Arthropoda,Copepoda,Calanoida,Pontellidae,Labidocera,Labidocera trispinosa
99,Eukaryota,Arthropoda,Copepoda,Calanoida,Pontellidae,Labidocera,Labidocera trispinosa
100,Eukaryota,Echinodermata,Ophiuroidea,Amphilepidida,Ophiocomidae,Ophiopteris,Ophiopteris papillosa
101,NA,NA,NA,NA,NA,NA,NA
102,Eukaryota,Arthropoda,Copepoda,Calanoida,Eucalanidae,Eucalanus,Eucalanus californicus
103,Eukaryota,Arthropoda,Copepoda,Calanoida,Eucalanidae,Eucalanus,Eucalanus californicus
104,Eukaryota,Arthropoda,Ostracoda,Halocyprida,Halocyprididae,Discoconchoecia,NA
105,Eukaryota,Arthropoda,Copepoda,Calanoida,Clausocalanidae,Clausocalanus,Clausocalanus paululus
106,NA,NA,NA,NA,NA,NA,NA
107,Eukaryota,Arthropoda,Copepoda,Calanoida,Clausocalanidae,Clausocalanus,Clausocalanus parapergens
108,Eukaryota,Arthropoda,Copepoda,Calanoida,Clausocalanidae,Clausocalanus,Clausocalanus parapergens
109,Eukaryota,Arthropoda,Copepoda,Calanoida,Clausocalanidae,Clausocalanus,Clausocalanus parapergens
110,Eukaryota,Bryozoa,Gymnolaemata,Cheilostomatida,Membraniporidae,Membranipora,Membranipora villosa
111,Eukaryota,Arthropoda,Copepoda,Calanoida,Acartiidae,Acartia,Acartia tonsa
112,Eukaryota,Mollusca,Gastropoda,Littorinimorpha,Atlantidae,Atlanta,Atlanta sp. USNM IZ 1230636
113,Eukaryota,Mollusca,Gastropoda,Nudibranchia,Glaucidae,Hermissenda,Hermissenda opalescens
114,Eukaryota,Bryozoa,Gymnolaemata,Cheilostomatida,Membraniporidae,Membranipora,Membranipora villosa
115,Eukaryota,Arthropoda,Copepoda,Calanoida,Pontellidae,Labidocera,Labidocera trispinosa
116,Eukaryota,Arthropoda,Ostracoda,Halocyprida,Halocyprididae,Discoconchoecia,NA
117,Eukaryota,Arthropoda,Copepoda,Calanoida,Clausocalanidae,Clausocalanus,Clausocalanus parapergens
118,NA,NA,NA,NA,NA,NA,NA
119,Eukaryota,Arthropoda,Copepoda,Calanoida,Calanidae,Calanus,Calanus pacificus
120,Eukaryota,Arthropoda,Copepoda,Calanoida,Clausocalanidae,Clausocalanus,Clausocalanus parapergens
121,Eukaryota,Arthropoda,Copepoda,Calanoida,Paracalanidae,Paracalanus,Paracalanus sp. C AC_2013
122,NA,NA,NA,NA,NA,NA,NA
123,Eukaryota,Arthropoda,Ostracoda,Halocyprida,Halocyprididae,Paraconchoecia,Paraconchoecia allotherium
124,Eukaryota,Arthropoda,Copepoda,Poecilostomatoida,Corycaeidae,Farranula,NA
125,Eukaryota,Echinodermata,Echinoidea,Camarodonta,Strongylocentrotidae,Mesocentrotus,NA
126,Eukaryota,Echinodermata,Ophiuroidea,Amphilepidida,Ophionereidae,Ophionereis,NA
127,Eukaryota,Arthropoda,Copepoda,Calanoida,Scolecitrichidae,Scolecithricella,Scolecithricella dentata
128,Eukaryota,Arthropoda,Copepoda,Calanoida,Paracalanidae,NA,NA
129,Eukaryota,Arthropoda,Copepoda,Calanoida,Paracalanidae,Paracalanus,Paracalanus sp. C AC_2013
130,Eukaryota,Arthropoda,Copepoda,Calanoida,Scolecitrichidae,Scolecithricella,Scolecithricella dentata
131,Eukaryota,Arthropoda,Copepoda,Calanoida,Scolecitrichidae,Scolecithricella,Scolecithricella dentata
132,Eukaryota,Arthropoda,Ostracoda,Halocyprida,Halocyprididae,Conchoecetta,Conchoecetta giesbrechti
133,NA,NA,NA,NA,NA,NA,NA
134,Eukaryota,Arthropoda,Copepoda,Calanoida,Clausocalanidae,Clausocalanus,Clausocalanus parapergens
135,Eukaryota,Arthropoda,Copepoda,Calanoida,Clausocalanidae,Clausocalanus,Clausocalanus pergens
136,NA,NA,NA,NA,NA,NA,NA
137,NA,NA,NA,NA,NA,NA,NA
138,Eukaryota,Arthropoda,Copepoda,Calanoida,Calanidae,Calanus,Calanus pacificus
139,Eukaryota,Arthropoda,Copepoda,Calanoida,Calocalanidae,Calocalanus,NA
140,NA,NA,NA,NA,NA,NA,NA
141,Eukaryota,Arthropoda,Copepoda,Calanoida,Paracalanidae,Paracalanus,Paracalanus sp. C AC_2013
142,Eukaryota,Arthropoda,Copepoda,Calanoida,Mecynoceridae,Mecynocera,Mecynocera clausi
143,Eukaryota,Arthropoda,Copepoda,Calanoida,Pontellidae,Labidocera,Labidocera trispinosa
144,Eukaryota,Arthropoda,Copepoda,Calanoida,Mecynoceridae,Mecynocera,Mecynocera clausi
145,Eukaryota,Arthropoda,Malacostraca,Euphausiacea,Euphausiidae,Hansarsia,NA
146,Eukaryota,Arthropoda,Malacostraca,Euphausiacea,Euphausiidae,Hansarsia,NA
147,Eukaryota,Arthropoda,Copepoda,Calanoida,Pontellidae,Labidocera,Labidocera trispinosa
148,NA,NA,NA,NA,NA,NA,NA
149,Eukaryota,Annelida,Polychaeta,Spionida,Spionidae,NA,NA
150,NA,NA,NA,NA,NA,NA,NA
151,Eukaryota,Arthropoda,Copepoda,Calanoida,Pontellidae,Labidocera,Labidocera trispinosa
152,NA,NA,NA,NA,NA,NA,NA
153,Eukaryota,Arthropoda,Copepoda,Calanoida,Candaciidae,Candacia,Candacia curta
154,NA,NA,NA,NA,NA,NA,NA
155,Eukaryota,Bacillariophyta,Bacillariophyceae,Bacillariales,Bacillariaceae,Pseudo_nitzschia,NA
156,NA,NA,NA,NA,NA,NA,NA
157,Eukaryota,Arthropoda,Copepoda,Calanoida,Calanidae,Calanus,Calanus pacificus
158,Eukaryota,Chordata,Actinopteri,Argentiniformes,Bathylagidae,Leuroglossus,Leuroglossus stilbius
159,NA,NA,NA,NA,NA,NA,NA
160,NA,NA,NA,NA,NA,NA,NA
161,Eukaryota,Chordata,Actinopteri,Scombriformes,Scombridae,Scomber,Scomber japonicus
162,Eukaryota,Arthropoda,Copepoda,Calanoida,Calanidae,Calanus,Calanus pacificus
163,Eukaryota,Arthropoda,Copepoda,Calanoida,Pontellidae,Labidocera,Labidocera trispinosa
164,NA,NA,NA,NA,NA,NA,NA
165,Eukaryota,Bryozoa,Gymnolaemata,Cheilostomatida,Membraniporidae,Membranipora,Membranipora villosa
166,NA,NA,NA,NA,NA,NA,NA
167,Eukaryota,Arthropoda,Copepoda,Calanoida,Pontellidae,Labidocera,Labidocera trispinosa
168,NA,NA,NA,NA,NA,NA,NA
169,NA,NA,NA,NA,NA,NA,NA
170,Eukaryota,Arthropoda,Copepoda,Calanoida,Calanidae,Calanus,Calanus pacificus
171,Eukaryota,Arthropoda,Copepoda,Calanoida,Pontellidae,Labidocera,Labidocera trispinosa
172,Eukaryota,Arthropoda,Malacostraca,Decapoda,Sergestidae,Eusergestes,Eusergestes similis
173,Eukaryota,Arthropoda,Malacostraca,Euphausiacea,Euphausiidae,Nyctiphanes,Nyctiphanes simplex
174,Eukaryota,Arthropoda,Copepoda,Calanoida,Clausocalanidae,Clausocalanus,Clausocalanus pergens
175,Eukaryota,Mollusca,Gastropoda,Nudibranchia,Glaucidae,Hermissenda,NA
176,NA,NA,NA,NA,NA,NA,NA
177,Eukaryota,Arthropoda,Malacostraca,Euphausiacea,Euphausiidae,Hansarsia,Hansarsia difficilis
178,Eukaryota,Chordata,Actinopteri,Scombriformes,Scombridae,Scomber,Scomber japonicus
179,Eukaryota,Arthropoda,Copepoda,Calanoida,Pontellidae,Labidocera,Labidocera trispinosa
180,Eukaryota,Arthropoda,Ostracoda,Halocyprida,Halocyprididae,Conchoecetta,Conchoecetta giesbrechti
181,NA,NA,NA,NA,NA,NA,NA
182,Eukaryota,Arthropoda,Copepoda,Calanoida,Clausocalanidae,Clausocalanus,Clausocalanus paululus
183,Eukaryota,Arthropoda,Malacostraca,Euphausiacea,Euphausiidae,Nyctiphanes,Nyctiphanes simplex
184,NA,NA,NA,NA,NA,NA,NA
185,NA,NA,NA,NA,NA,NA,NA
186,Eukaryota,Arthropoda,Copepoda,Calanoida,Pontellidae,Labidocera,Labidocera trispinosa
187,Eukaryota,Mollusca,Cephalopoda,Octopoda,Octopodidae,Octopus,NA
188,Eukaryota,Arthropoda,Malacostraca,Euphausiacea,Euphausiidae,Nyctiphanes,Nyctiphanes simplex
189,Eukaryota,Arthropoda,Ostracoda,Halocyprida,Halocyprididae,Discoconchoecia,NA
190,Eukaryota,Cnidaria,Hydrozoa,Siphonophorae,Sphaeronectidae,NA,NA
191,Eukaryota,Arthropoda,Copepoda,Calanoida,Clausocalanidae,Clausocalanus,NA
192,Eukaryota,Arthropoda,Copepoda,Poecilostomatoida,Oncaeidae,Oncaea,Oncaea sp.
193,Eukaryota,Arthropoda,Copepoda,Calanoida,Calanidae,Calanus,Calanus pacificus
194,Eukaryota,Arthropoda,Copepoda,Calanoida,Clausocalanidae,Clausocalanus,Clausocalanus paululus
195,Eukaryota,Arthropoda,Copepoda,Calanoida,Pontellidae,Labidocera,Labidocera trispinosa
196,Eukaryota,Arthropoda,Copepoda,Calanoida,Calanidae,Calanus,Calanus pacificus
197,Eukaryota,Arthropoda,Copepoda,Calanoida,Paracalanidae,Paracalanus,NA
198,Eukaryota,Cnidaria,Hydrozoa,Siphonophorae,Athorybiidae,NA,NA
199,Eukaryota,Arthropoda,Copepoda,Calanoida,Calocalanidae,Calocalanus,NA
200,Eukaryota,Arthropoda,Copepoda,Calanoida,Pontellidae,Labidocera,Labidocera trispinosa
201,Eukaryota,Arthropoda,Copepoda,Calanoida,Calanidae,NA,NA
202,NA,NA,NA,NA,NA,NA,NA
203,Eukaryota,Arthropoda,Copepoda,Calanoida,Calanidae,Calanus,Calanus pacificus
204,Eukaryota,Bryozoa,Gymnolaemata,Cheilostomatida,Membraniporidae,Membranipora,Membranipora villosa
205,Eukaryota,Echinodermata,Echinoidea,Temnopleuroida,Toxopneustidae,Lytechinus,Lytechinus pictus
206,Eukaryota,Bryozoa,Gymnolaemata,Cheilostomatida,Membraniporidae,Membranipora,Membranipora villosa
207,NA,NA,NA,NA,NA,NA,NA
208,Eukaryota,Chordata,Actinopteri,Myctophiformes,Myctophidae,Nannobrachium,Nannobrachium ritteri
209,Eukaryota,Mollusca,Gastropoda,Littorinimorpha,Atlantidae,Atlanta,Atlanta sp. USNM IZ 1230636
210,Eukaryota,Arthropoda,Copepoda,Calanoida,Pontellidae,Labidocera,Labidocera trispinosa
211,Eukaryota,Arthropoda,Copepoda,Calanoida,Pontellidae,Labidocera,Labidocera trispinosa
212,Eukaryota,Annelida,Polychaeta,Chaetopteridae,Chaetopteridae,Phyllochaetopterus,Phyllochaetopterus sp. 5 JM_2017
213,Eukaryota,Mollusca,Gastropoda,Nudibranchia,Glaucidae,Hermissenda,Hermissenda opalescens
214,Eukaryota,Arthropoda,Copepoda,Calanoida,Clausocalanidae,NA,NA
215,NA,NA,NA,NA,NA,NA,NA
216,Eukaryota,Bryozoa,Gymnolaemata,Cheilostomatida,Membraniporidae,Membranipora,Membranipora villosa
217,Eukaryota,Bacillariophyta,Thalassiosirophyceae,Hemiaulales,Hemiaulaceae,NA,NA
218,Eukaryota,Arthropoda,Branchiopoda,Diplostraca,Sididae,Penilia,Penilia avirostris
219,Eukaryota,Arthropoda,Copepoda,Calanoida,Acartiidae,Acartia,Acartia tonsa
220,Eukaryota,Arthropoda,Copepoda,Calanoida,Pontellidae,Labidocera,Labidocera trispinosa
221,Eukaryota,Arthropoda,Ostracoda,Halocyprida,Halocyprididae,Conchoecia,Conchoecia magna
222,NA,NA,NA,NA,NA,NA,NA
223,Eukaryota,Arthropoda,Malacostraca,Euphausiacea,Euphausiidae,Hansarsia,NA
224,Eukaryota,Arthropoda,Copepoda,Calanoida,Calanidae,Ctenocalanus,Ctenocalanus vanus
225,Eukaryota,Arthropoda,Copepoda,Calanoida,Clausocalanidae,Clausocalanus,Clausocalanus pergens
226,Eukaryota,Arthropoda,Copepoda,Calanoida,Pontellidae,Labidocera,Labidocera trispinosa
227,Eukaryota,Arthropoda,Copepoda,Calanoida,Calanidae,Calanus,Calanus pacificus
228,Eukaryota,Arthropoda,Copepoda,Calanoida,Calanidae,Calanus,Calanus pacificus
229,Eukaryota,Arthropoda,Copepoda,Calanoida,Pontellidae,Labidocera,Labidocera trispinosa
230,Eukaryota,Arthropoda,Copepoda,Calanoida,Clausocalanidae,Clausocalanus,Clausocalanus parapergens
231,Eukaryota,Arthropoda,Copepoda,Calanoida,Pontellidae,Labidocera,Labidocera trispinosa
232,NA,NA,NA,NA,NA,NA,NA
233,NA,NA,NA,NA,NA,NA,NA
234,Eukaryota,Arthropoda,Copepoda,Calanoida,Calocalanidae,Calocalanus,Calocalanus tenuis
235,Eukaryota,Arthropoda,Copepoda,Calanoida,Calocalanidae,Calocalanus,Calocalanus tenuis
236,Eukaryota,Arthropoda,Copepoda,Calanoida,Lucicutiidae,Lucicutia,Lucicutia flavicornis
237,Eukaryota,Chordata,Actinopteri,Argentiniformes,Bathylagidae,Leuroglossus,Leuroglossus stilbius
238,Eukaryota,Arthropoda,Copepoda,Calanoida,Pontellidae,Labidocera,Labidocera trispinosa
239,Eukaryota,Arthropoda,Copepoda,Calanoida,Lucicutiidae,Lucicutia,Lucicutia flavicornis
240,NA,NA,NA,NA,NA,NA,NA
241,Eukaryota,Arthropoda,Copepoda,Calanoida,Pontellidae,Labidocera,Labidocera trispinosa
242,Eukaryota,Echinodermata,Echinoidea,Camarodonta,Strongylocentrotidae,Mesocentrotus,NA
243,Eukaryota,Arthropoda,Copepoda,Calanoida,Pontellidae,Labidocera,Labidocera trispinosa
244,Eukaryota,Arthropoda,Copepoda,Calanoida,Calocalanidae,Calocalanus,Calocalanus tenuis
245,NA,NA,NA,NA,NA,NA,NA
246,NA,NA,NA,NA,NA,NA,NA
247,Eukaryota,Arthropoda,Copepoda,Calanoida,Pontellidae,Labidocera,Labidocera trispinosa
248,Eukaryota,Mollusca,Gastropoda,Nudibranchia,Glaucidae,Hermissenda,Hermissenda opalescens
249,NA,NA,NA,NA,NA,NA,NA
250,Eukaryota,Arthropoda,Ostracoda,Halocyprida,Halocyprididae,Mikroconchoecia,NA
251,NA,NA,NA,NA,NA,NA,NA
252,NA,NA,NA,NA,NA,NA,NA
253,Eukaryota,Echinodermata,Echinoidea,Camarodonta,Strongylocentrotidae,Mesocentrotus,NA
254,Eukaryota,Arthropoda,Copepoda,Calanoida,Calanidae,Calanus,Calanus pacificus
255,Eukaryota,Arthropoda,Copepoda,Calanoida,Calanidae,Calanus,Calanus pacificus
256,Eukaryota,Arthropoda,Copepoda,Calanoida,Pontellidae,Labidocera,Labidocera trispinosa
257,NA,NA,NA,NA,NA,NA,NA
258,Eukaryota,Arthropoda,Copepoda,Calanoida,Eucalanidae,Rhincalanus,Rhincalanus nasutus
259,Eukaryota,Arthropoda,Copepoda,Calanoida,Calanidae,Calanus,Calanus pacificus
260,Eukaryota,Echinodermata,Echinoidea,Temnopleuroida,Toxopneustidae,Lytechinus,Lytechinus pictus
261,Eukaryota,Arthropoda,Copepoda,Calanoida,Calocalanidae,Calocalanus,NA
262,NA,NA,NA,NA,NA,NA,NA
263,Eukaryota,Arthropoda,Copepoda,Calanoida,Pontellidae,Labidocera,Labidocera trispinosa
264,Eukaryota,Arthropoda,Copepoda,Calanoida,Mecynoceridae,Mecynocera,Mecynocera clausi
265,NA,NA,NA,NA,NA,NA,NA
266,Eukaryota,Mollusca,Gastropoda,Nudibranchia,Glaucidae,Hermissenda,Hermissenda opalescens
267,Eukaryota,Arthropoda,Malacostraca,Amphipoda,Paraphronimidae,Paraphronima,NA
268,Eukaryota,Arthropoda,Ostracoda,Halocyprida,Halocyprididae,Paraconchoecia,Paraconchoecia allotherium
269,Eukaryota,Arthropoda,Copepoda,Calanoida,Clausocalanidae,Clausocalanus,Clausocalanus arcuicornis
270,NA,NA,NA,NA,NA,NA,NA
271,Eukaryota,Arthropoda,Copepoda,Calanoida,Pontellidae,Labidocera,Labidocera trispinosa
272,Eukaryota,Arthropoda,Copepoda,Calanoida,Pontellidae,Labidocera,Labidocera trispinosa
273,Eukaryota,Arthropoda,Copepoda,Calanoida,Pontellidae,Labidocera,Labidocera trispinosa
274,NA,NA,NA,NA,NA,NA,NA
275,Eukaryota,Arthropoda,Copepoda,Calanoida,Pontellidae,Labidocera,Labidocera trispinosa
276,NA,NA,NA,NA,NA,NA,NA
277,Eukaryota,Arthropoda,Copepoda,Calanoida,Calanidae,NA,NA
278,Eukaryota,Arthropoda,Copepoda,Calanoida,Pontellidae,Labidocera,Labidocera trispinosa
279,Eukaryota,Chlorophyta,Chloropicophyceae,Chloropicales,Chloropicaceae,Chloroparvula,Chloroparvula pacifica
280,Eukaryota,Arthropoda,Malacostraca,Decapoda,Cancridae,Metacarcinus,Metacarcinus gracilis
281,Eukaryota,Cnidaria,Hydrozoa,Leptothecata,Clytiidae,Clytia,Clytia sp. 701AC
282,Eukaryota,Arthropoda,Copepoda,Calanoida,Eucalanidae,Eucalanus,Eucalanus californicus
283,NA,NA,NA,NA,NA,NA,NA
284,Eukaryota,Echinodermata,Echinoidea,Camarodonta,Strongylocentrotidae,Strongylocentrotus,Strongylocentrotus purpuratus
285,Eukaryota,Arthropoda,Copepoda,Calanoida,Pontellidae,Labidocera,Labidocera trispinosa
286,NA,NA,NA,NA,NA,NA,NA
287,NA,NA,NA,NA,NA,NA,NA
288,NA,NA,NA,NA,NA,NA,NA
289,Eukaryota,Arthropoda,Copepoda,Calanoida,Calanidae,Calanus,Calanus pacificus
290,NA,NA,NA,NA,NA,NA,NA
291,Eukaryota,Chordata,Actinopteri,Scombriformes,Scombridae,Scomber,Scomber japonicus
292,Eukaryota,Arthropoda,Copepoda,Calanoida,Calanidae,Calanus,Calanus pacificus
293,Eukaryota,Mollusca,Gastropoda,Nudibranchia,Glaucidae,Hermissenda,Hermissenda opalescens
294,Eukaryota,Arthropoda,Copepoda,Calanoida,Pontellidae,Labidocera,Labidocera trispinosa
295,NA,NA,NA,NA,NA,NA,NA
296,Eukaryota,Arthropoda,Copepoda,Calanoida,Pontellidae,Labidocera,Labidocera trispinosa
297,NA,NA,NA,NA,NA,NA,NA
298,Eukaryota,Mollusca,Gastropoda,Nudibranchia,Glaucidae,Hermissenda,Hermissenda opalescens
299,Eukaryota,Arthropoda,Copepoda,Calanoida,Pontellidae,Labidocera,Labidocera trispinosa
300,NA,NA,NA,NA,NA,NA,NA
301,Eukaryota,Arthropoda,Copepoda,Calanoida,Calanidae,Calanus,Calanus pacificus
302,Eukaryota,Arthropoda,Copepoda,Calanoida,Calanidae,Calanus,Calanus pacificus
303,Eukaryota,Chordata,Actinopteri,Gobiiformes,Gobiidae,Rhinogobiops,Rhinogobiops nicholsii
304,NA,NA,NA,NA,NA,NA,NA
305,NA,NA,NA,NA,NA,NA,NA
306,Eukaryota,Arthropoda,Malacostraca,Decapoda,Cancridae,Romaleon,Romaleon antennarium
307,Eukaryota,Arthropoda,Copepoda,Calanoida,Pontellidae,Labidocera,Labidocera trispinosa
308,NA,NA,NA,NA,NA,NA,NA
309,Eukaryota,Arthropoda,Copepoda,Calanoida,Pontellidae,Labidocera,Labidocera trispinosa
310,Eukaryota,Arthropoda,Copepoda,Calanoida,Pontellidae,Labidocera,Labidocera trispinosa
311,Eukaryota,Arthropoda,Copepoda,Calanoida,Metridinidae,Pleuromamma,Pleuromamma abdominalis
312,Eukaryota,Mollusca,Gastropoda,Nudibranchia,Glaucidae,Hermissenda,Hermissenda opalescens
313,Eukaryota,Arthropoda,Copepoda,Calanoida,Acartiidae,Acartia,Acartia tonsa
314,Eukaryota,Mollusca,Gastropoda,Nudibranchia,Glaucidae,Hermissenda,Hermissenda opalescens
315,Eukaryota,Mollusca,Gastropoda,Nudibranchia,Glaucidae,Hermissenda,Hermissenda opalescens
316,NA,NA,NA,NA,NA,NA,NA
317,Eukaryota,Arthropoda,Malacostraca,Euphausiacea,Euphausiidae,Hansarsia,Hansarsia difficilis
318,Eukaryota,Arthropoda,Copepoda,Calanoida,Pontellidae,Labidocera,Labidocera trispinosa
319,Eukaryota,Annelida,Polychaeta,Spionida,Spionidae,NA,NA
320,NA,NA,NA,NA,NA,NA,NA
321,NA,NA,NA,NA,NA,NA,NA
322,Eukaryota,Chordata,Actinopteri,Argentiniformes,Bathylagidae,Leuroglossus,Leuroglossus stilbius
323,Eukaryota,Arthropoda,Copepoda,Calanoida,Pontellidae,Labidocera,Labidocera trispinosa
324,Eukaryota,Arthropoda,Copepoda,Calanoida,Calocalanidae,Calocalanus,Calocalanus tenuis
325,Eukaryota,Arthropoda,Copepoda,Calanoida,Paracalanidae,Paracalanus,Paracalanus sp. C AC_2013
326,Eukaryota,Arthropoda,Copepoda,Calanoida,Clausocalanidae,Clausocalanus,Clausocalanus jobei
327,Eukaryota,Arthropoda,Copepoda,Calanoida,Eucalanidae,Eucalanus,Eucalanus californicus
328,Eukaryota,Arthropoda,Thecostraca,Lepadidae,Lepadidae,NA,NA
329,Eukaryota,Arthropoda,Ostracoda,Halocyprida,Halocyprididae,Conchoecia,Conchoecia magna
330,NA,NA,NA,NA,NA,NA,NA
331,Eukaryota,Arthropoda,Copepoda,Calanoida,Pontellidae,Labidocera,Labidocera trispinosa
332,NA,NA,NA,NA,NA,NA,NA
333,Eukaryota,Arthropoda,Copepoda,Calanoida,Acartiidae,Acartia,Acartia tonsa
334,Eukaryota,Arthropoda,Copepoda,Calanoida,Pontellidae,Labidocera,Labidocera trispinosa
335,Eukaryota,Cnidaria,Hydrozoa,Siphonophorae,Diphyidae,Diphyes,Diphyes sp. HAW01
336,Eukaryota,Chordata,Actinopteri,Perciformes,Serranidae,Paralabrax,Paralabrax clathratus
337,Eukaryota,Bryozoa,Gymnolaemata,Cheilostomatida,Membraniporidae,Membranipora,Membranipora villosa
338,Eukaryota,Arthropoda,Copepoda,Calanoida,Pontellidae,Labidocera,Labidocera trispinosa
339,NA,NA,NA,NA,NA,NA,NA
340,Eukaryota,Mollusca,Gastropoda,Nudibranchia,Glaucidae,Hermissenda,Hermissenda opalescens
341,Eukaryota,Arthropoda,Ostracoda,Halocyprida,Halocyprididae,Discoconchoecia,NA
342,Eukaryota,Arthropoda,Thecostraca,Lepadidae,Lepadidae,NA,NA
343,NA,NA,NA,NA,NA,NA,NA
344,Eukaryota,Arthropoda,Ostracoda,Halocyprida,Halocyprididae,Halocypris,Halocypris inflata
345,NA,NA,NA,NA,NA,NA,NA
346,NA,NA,NA,NA,NA,NA,NA
347,Eukaryota,Mollusca,Gastropoda,Nudibranchia,Glaucidae,Hermissenda,Hermissenda opalescens
348,Eukaryota,Arthropoda,Malacostraca,Euphausiacea,Euphausiidae,Nyctiphanes,Nyctiphanes simplex
349,NA,NA,NA,NA,NA,NA,NA
350,Eukaryota,Arthropoda,Copepoda,Calanoida,Calocalanidae,Calocalanus,NA
351,Eukaryota,Mollusca,Gastropoda,Nudibranchia,Glaucidae,Hermissenda,Hermissenda opalescens
352,Eukaryota,Arthropoda,Copepoda,Calanoida,Calanidae,Calanus,Calanus pacificus
353,Eukaryota,Arthropoda,Copepoda,Calanoida,Pontellidae,Labidocera,Labidocera trispinosa
354,Eukaryota,Echinodermata,Echinoidea,Temnopleuroida,Toxopneustidae,Lytechinus,Lytechinus pictus
355,Eukaryota,Arthropoda,Ostracoda,Halocyprida,Halocyprididae,Conchoecetta,Conchoecetta giesbrechti
356,Eukaryota,Chordata,Actinopteri,Argentiniformes,Bathylagidae,Leuroglossus,Leuroglossus stilbius
357,Eukaryota,Arthropoda,Copepoda,Calanoida,Pontellidae,Labidocera,Labidocera trispinosa
358,Eukaryota,Echinodermata,Echinoidea,Camarodonta,Strongylocentrotidae,Strongylocentrotus,Strongylocentrotus purpuratus
359,Eukaryota,Arthropoda,Copepoda,Calanoida,Clausocalanidae,Clausocalanus,Clausocalanus pergens
360,Eukaryota,Arthropoda,Copepoda,Calanoida,Lucicutiidae,Lucicutia,Lucicutia flavicornis
361,Eukaryota,Arthropoda,Copepoda,Cyclopoida,Oithonidae,Oithona,Oithona similis
362,Eukaryota,Arthropoda,Copepoda,Calanoida,Clausocalanidae,Clausocalanus,Clausocalanus jobei
363,Eukaryota,Arthropoda,Copepoda,Calanoida,Eucalanidae,Eucalanus,Eucalanus californicus
364,Eukaryota,Arthropoda,Copepoda,Calanoida,Eucalanidae,Eucalanus,Eucalanus californicus
365,Eukaryota,Arthropoda,Copepoda,Calanoida,Pontellidae,Labidocera,Labidocera trispinosa
366,NA,NA,NA,NA,NA,NA,NA
367,Eukaryota,Arthropoda,Malacostraca,Euphausiacea,Euphausiidae,Nyctiphanes,Nyctiphanes simplex
368,Eukaryota,Echinodermata,Ophiuroidea,Amphilepidida,Ophiotrichidae,Ophiothrix,Ophiothrix spiculata
369,Eukaryota,Arthropoda,Copepoda,Calanoida,Calanidae,Calanus,Calanus pacificus
370,Eukaryota,Arthropoda,Copepoda,Calanoida,Lucicutiidae,Lucicutia,Lucicutia flavicornis
371,Eukaryota,Arthropoda,Copepoda,Calanoida,Pontellidae,Labidocera,Labidocera trispinosa
372,Eukaryota,Bryozoa,Gymnolaemata,Cheilostomatida,Membraniporidae,Membranipora,Membranipora villosa
373,Eukaryota,Arthropoda,Copepoda,Calanoida,Eucalanidae,Eucalanus,Eucalanus californicus
374,Eukaryota,Arthropoda,Copepoda,Calanoida,Mecynoceridae,Mecynocera,Mecynocera clausi
375,NA,NA,NA,NA,NA,NA,NA
376,NA,NA,NA,NA,NA,NA,NA
377,Eukaryota,Arthropoda,Copepoda,Calanoida,Eucalanidae,Eucalanus,Eucalanus californicus
378,Eukaryota,Mollusca,Gastropoda,Nudibranchia,Glaucidae,Hermissenda,Hermissenda opalescens
379,NA,NA,NA,NA,NA,NA,NA
380,NA,NA,NA,NA,NA,NA,NA
381,Eukaryota,Arthropoda,Copepoda,Calanoida,Pontellidae,Labidocera,Labidocera trispinosa
382,Eukaryota,Echinodermata,Ophiuroidea,Amphilepidida,Amphiuridae,Amphiodia,NA
383,Eukaryota,Arthropoda,Copepoda,Calanoida,Eucalanidae,Eucalanus,Eucalanus californicus
384,Eukaryota,Arthropoda,Copepoda,Calanoida,Eucalanidae,Eucalanus,Eucalanus californicus
385,Eukaryota,Arthropoda,Malacostraca,Decapoda,Blepharipodidae,NA,NA
386,Eukaryota,Chordata,Actinopteri,Gadiformes,Merlucciidae,Merluccius,NA
387,Eukaryota,Arthropoda,Copepoda,Calanoida,Pontellidae,Labidocera,Labidocera trispinosa
388,Eukaryota,Bryozoa,Gymnolaemata,Cheilostomatida,Membraniporidae,Membranipora,Membranipora villosa
389,NA,NA,NA,NA,NA,NA,NA
390,NA,NA,NA,NA,NA,NA,NA
391,Eukaryota,Cnidaria,Hydrozoa,Leptothecata,Campanulariidae,NA,NA
392,Eukaryota,Arthropoda,Copepoda,Calanoida,Pontellidae,Labidocera,Labidocera trispinosa
393,Eukaryota,Arthropoda,Copepoda,Calanoida,Pontellidae,Labidocera,Labidocera trispinosa
394,Eukaryota,Chordata,Actinopteri,Clupeiformes,Clupeidae,Sardinops,Sardinops sagax
395,Eukaryota,Arthropoda,Malacostraca,Euphausiacea,Euphausiidae,Nyctiphanes,Nyctiphanes simplex
396,Eukaryota,Cnidaria,Hydrozoa,Siphonophorae,Diphyidae,Chelophyes,Chelophyes appendiculata
397,Eukaryota,Arthropoda,Copepoda,Calanoida,Pontellidae,Labidocera,Labidocera trispinosa
398,Eukaryota,Arthropoda,Copepoda,Calanoida,Pontellidae,Labidocera,Labidocera trispinosa
399,Eukaryota,Arthropoda,Copepoda,Calanoida,Pontellidae,Labidocera,Labidocera trispinosa
400,Eukaryota,Arthropoda,Malacostraca,Euphausiacea,Euphausiidae,Nyctiphanes,Nyctiphanes simplex
401,Eukaryota,Arthropoda,Copepoda,Calanoida,Eucalanidae,Eucalanus,Eucalanus californicus
402,Eukaryota,Arthropoda,Copepoda,Calanoida,Pontellidae,Labidocera,Labidocera trispinosa
403,NA,NA,NA,NA,NA,NA,NA
404,Eukaryota,Arthropoda,Copepoda,Calanoida,Calanidae,Calanus,Calanus pacificus
405,Eukaryota,Arthropoda,Copepoda,Calanoida,Pontellidae,Labidocera,Labidocera trispinosa
406,Eukaryota,Arthropoda,Thecostraca,Balanomorpha,Chthamalidae,Chthamalus,Chthamalus fissus
407,Eukaryota,Arthropoda,Malacostraca,Euphausiacea,Euphausiidae,Euphausia,Euphausia pacifica
408,Eukaryota,Arthropoda,Copepoda,Calanoida,Pontellidae,Labidocera,Labidocera trispinosa
409,Eukaryota,Arthropoda,Malacostraca,Euphausiacea,Euphausiidae,Hansarsia,Hansarsia difficilis
410,Eukaryota,Arthropoda,Ostracoda,Halocyprida,Halocyprididae,Conchoecetta,Conchoecetta giesbrechti
411,Eukaryota,Arthropoda,Copepoda,Calanoida,Calanidae,Calanus,Calanus pacificus
412,Eukaryota,Arthropoda,Copepoda,Calanoida,Pontellidae,Labidocera,Labidocera trispinosa
413,Eukaryota,Arthropoda,Copepoda,Calanoida,Scolecitrichidae,Scolecithricella,Scolecithricella dentata
414,NA,NA,NA,NA,NA,NA,NA
415,Eukaryota,Arthropoda,Copepoda,Calanoida,Mecynoceridae,Mecynocera,Mecynocera clausi
416,Eukaryota,Arthropoda,Copepoda,Calanoida,Mecynoceridae,Mecynocera,Mecynocera clausi
417,Eukaryota,Echinodermata,Echinoidea,Camarodonta,Strongylocentrotidae,Strongylocentrotus,Strongylocentrotus purpuratus
418,Eukaryota,Arthropoda,Copepoda,Calanoida,Lucicutiidae,Lucicutia,Lucicutia flavicornis
419,NA,NA,NA,NA,NA,NA,NA
420,Eukaryota,Arthropoda,Copepoda,Calanoida,Calanidae,Calanus,Calanus pacificus
421,Eukaryota,Arthropoda,Copepoda,Calanoida,Mecynoceridae,Mecynocera,Mecynocera clausi
422,NA,NA,NA,NA,NA,NA,NA
423,Eukaryota,Echinodermata,Echinoidea,Camarodonta,Strongylocentrotidae,Strongylocentrotus,Strongylocentrotus purpuratus
424,Eukaryota,Annelida,Polychaeta,Phyllodocida,Phyllodocidae,NA,NA
425,Eukaryota,Arthropoda,Copepoda,Calanoida,Lucicutiidae,Lucicutia,Lucicutia flavicornis
426,NA,NA,NA,NA,NA,NA,NA
427,Eukaryota,Arthropoda,Copepoda,Calanoida,Eucalanidae,Eucalanus,Eucalanus californicus
428,Eukaryota,Mollusca,Gastropoda,Nudibranchia,Glaucidae,Hermissenda,NA
429,Eukaryota,Arthropoda,Copepoda,Calanoida,Candaciidae,Candacia,Candacia bipinnata
430,Eukaryota,Arthropoda,Malacostraca,Euphausiacea,Euphausiidae,Stylocheiron,NA
431,Eukaryota,Arthropoda,Copepoda,Calanoida,Pontellidae,Labidocera,Labidocera trispinosa
432,Eukaryota,Mollusca,Gastropoda,Nudibranchia,Glaucidae,Hermissenda,NA
433,Eukaryota,Echinodermata,Echinoidea,Camarodonta,Strongylocentrotidae,Allocentrotus,Allocentrotus fragilis
434,Eukaryota,Arthropoda,Copepoda,Calanoida,Pontellidae,Labidocera,Labidocera trispinosa
435,Eukaryota,Arthropoda,Malacostraca,Decapoda,Xanthidae,NA,NA
436,Eukaryota,Chlorophyta,Chloropicophyceae,Chloropicales,Chloropicaceae,Chloroparvula,Chloroparvula pacifica
437,NA,NA,NA,NA,NA,NA,NA
438,Eukaryota,Arthropoda,Copepoda,Calanoida,Pontellidae,Labidocera,Labidocera trispinosa
439,Eukaryota,Arthropoda,Ostracoda,Halocyprida,Halocyprididae,Halocypris,Halocypris inflata
440,Eukaryota,Arthropoda,Copepoda,Calanoida,Pontellidae,Labidocera,Labidocera trispinosa
441,Eukaryota,Arthropoda,Malacostraca,Euphausiacea,Euphausiidae,Euphausia,Euphausia eximia
442,Eukaryota,Arthropoda,Copepoda,Calanoida,Pontellidae,Labidocera,Labidocera trispinosa
443,Eukaryota,Bacillariophyta,Thalassiosirophyceae,Cymatosirales,Cymatosiraceae,NA,NA
444,Eukaryota,Arthropoda,Copepoda,Calanoida,Pontellidae,Labidocera,Labidocera trispinosa
445,Eukaryota,Mollusca,Gastropoda,Nudibranchia,Glaucidae,Hermissenda,NA
446,Eukaryota,Arthropoda,Copepoda,Calanoida,Pontellidae,Labidocera,Labidocera trispinosa
447,Eukaryota,Arthropoda,Ostracoda,Halocyprida,Halocyprididae,Conchoecetta,Conchoecetta giesbrechti
448,NA,NA,NA,NA,NA,NA,NA
449,Eukaryota,Echinodermata,Echinoidea,Clypeasteroida,Dendrasteridae,Dendraster,Dendraster excentricus
450,Eukaryota,Arthropoda,Copepoda,Calanoida,Clausocalanidae,Clausocalanus,Clausocalanus pergens
451,Eukaryota,Mollusca,Gastropoda,Nudibranchia,Glaucidae,Hermissenda,Hermissenda opalescens
452,NA,NA,NA,NA,NA,NA,NA
453,NA,NA,NA,NA,NA,NA,NA
454,Eukaryota,Arthropoda,Copepoda,Calanoida,Pontellidae,Labidocera,Labidocera trispinosa
455,Eukaryota,Arthropoda,Copepoda,Calanoida,Pontellidae,Labidocera,Labidocera trispinosa
456,NA,NA,NA,NA,NA,NA,NA
457,Eukaryota,Arthropoda,Copepoda,Calanoida,Pontellidae,Labidocera,Labidocera trispinosa
458,Eukaryota,Arthropoda,Copepoda,Calanoida,Calanidae,Calanus,Calanus pacificus
459,Eukaryota,Mollusca,Gastropoda,Nudibranchia,Glaucidae,Hermissenda,Hermissenda opalescens
460,Eukaryota,Arthropoda,Copepoda,Calanoida,Pontellidae,Labidocera,Labidocera trispinosa
461,Eukaryota,Arthropoda,Copepoda,Calanoida,Pontellidae,Labidocera,Labidocera trispinosa
462,Eukaryota,Arthropoda,Copepoda,Calanoida,Aetideidae,NA,NA
463,NA,NA,NA,NA,NA,NA,NA
464,Eukaryota,Arthropoda,Copepoda,Calanoida,Pontellidae,Labidocera,Labidocera trispinosa
465,Eukaryota,Chordata,Actinopteri,Lutjaniformes,Haemulidae,Brachygenys,Brachygenys californiensis
466,Eukaryota,Arthropoda,Copepoda,Calanoida,Candaciidae,Candacia,Candacia bipinnata
467,Eukaryota,Arthropoda,Copepoda,Calanoida,Lucicutiidae,Lucicutia,Lucicutia flavicornis
468,NA,NA,NA,NA,NA,NA,NA
469,Eukaryota,Arthropoda,Copepoda,Calanoida,Pontellidae,Labidocera,Labidocera trispinosa
470,NA,NA,NA,NA,NA,NA,NA
471,Eukaryota,Mollusca,Gastropoda,Nudibranchia,Glaucidae,Hermissenda,NA
472,Eukaryota,Arthropoda,Copepoda,Calanoida,Calanidae,Calanus,Calanus pacificus
473,Eukaryota,Arthropoda,Copepoda,Calanoida,Pontellidae,Labidocera,Labidocera trispinosa
474,Eukaryota,Chlorophyta,Chloropicophyceae,Chloropicales,Chloropicaceae,Chloroparvula,Chloroparvula sp. RCC999
475,Eukaryota,Arthropoda,Copepoda,Calanoida,Pontellidae,Labidocera,Labidocera trispinosa
476,Eukaryota,Arthropoda,Copepoda,Poecilostomatoida,Oncaeidae,Oncaea,Oncaea sp.
477,Eukaryota,Arthropoda,Copepoda,Calanoida,Calanidae,Calanus,Calanus pacificus
478,Eukaryota,Arthropoda,Thecostraca,Lepadidae,Lepadidae,NA,NA
479,NA,NA,NA,NA,NA,NA,NA
480,Eukaryota,Chlorophyta,Chloropicophyceae,Chloropicales,Chloropicaceae,Chloropicon,Chloropicon laureae
481,Eukaryota,Arthropoda,Copepoda,Calanoida,Acartiidae,Acartia,Acartia tonsa
482,Eukaryota,Arthropoda,Copepoda,Calanoida,Pontellidae,Labidocera,Labidocera trispinosa
483,Eukaryota,Chordata,Actinopteri,Pleuronectiformes,Paralichthyidae,Paralichthys,Paralichthys californicus
484,Eukaryota,Arthropoda,Copepoda,Calanoida,Pontellidae,Labidocera,Labidocera trispinosa
485,Eukaryota,Arthropoda,Copepoda,Calanoida,Aetideidae,NA,NA
486,NA,NA,NA,NA,NA,NA,NA
487,NA,NA,NA,NA,NA,NA,NA
488,Eukaryota,Arthropoda,Ostracoda,Halocyprida,Halocyprididae,Discoconchoecia,NA
489,Eukaryota,Arthropoda,Ostracoda,Halocyprida,Halocyprididae,Halocypris,Halocypris inflata
490,Eukaryota,Mollusca,Gastropoda,Nudibranchia,Glaucidae,Hermissenda,Hermissenda opalescens
491,Eukaryota,Arthropoda,Copepoda,Calanoida,Eucalanidae,Eucalanus,Eucalanus californicus
492,NA,NA,NA,NA,NA,NA,NA
493,Eukaryota,Arthropoda,Copepoda,Calanoida,Pontellidae,Labidocera,Labidocera trispinosa
494,Eukaryota,Chordata,Actinopteri,Pleuronectiformes,Pleuronectidae,Pleuronichthys,Pleuronichthys coenosus
495,Eukaryota,Arthropoda,Ostracoda,Halocyprida,Halocyprididae,Discoconchoecia,NA
496,NA,NA,NA,NA,NA,NA,NA
497,Eukaryota,Arthropoda,Malacostraca,Stomatopoda,Hemisquillidae,Hemisquilla,Hemisquilla californiensis
498,NA,NA,NA,NA,NA,NA,NA
499,Eukaryota,Arthropoda,Copepoda,Calanoida,Pontellidae,Labidocera,Labidocera trispinosa
500,Eukaryota,Arthropoda,Copepoda,Calanoida,Pontellidae,Labidocera,Labidocera trispinosa
501,Eukaryota,Echinodermata,Echinoidea,Camarodonta,Strongylocentrotidae,Strongylocentrotus,Strongylocentrotus purpuratus
502,Eukaryota,Arthropoda,Ostracoda,Halocyprida,Halocyprididae,Proceroecia,Proceroecia procera
503,NA,NA,NA,NA,NA,NA,NA
504,Eukaryota,Arthropoda,Copepoda,Calanoida,Pontellidae,Labidocera,Labidocera trispinosa
505,NA,NA,NA,NA,NA,NA,NA
506,Eukaryota,Arthropoda,Copepoda,Calanoida,Pontellidae,Labidocera,Labidocera trispinosa
507,Eukaryota,Arthropoda,Copepoda,Calanoida,Eucalanidae,Eucalanus,Eucalanus californicus
508,Eukaryota,Arthropoda,Malacostraca,Euphausiacea,Euphausiidae,Euphausia,Euphausia pacifica
509,Eukaryota,Arthropoda,Copepoda,Calanoida,Pontellidae,Labidocera,Labidocera trispinosa
510,Eukaryota,Arthropoda,Copepoda,Calanoida,Pontellidae,Labidocera,Labidocera trispinosa
511,Eukaryota,Arthropoda,Copepoda,Calanoida,Calanidae,NA,NA
512,Eukaryota,Chordata,Actinopteri,Clupeiformes,Clupeidae,Sardinops,Sardinops sagax
513,Eukaryota,Mollusca,Gastropoda,Nudibranchia,Glaucidae,Hermissenda,Hermissenda opalescens
514,NA,NA,NA,NA,NA,NA,NA
515,Eukaryota,Arthropoda,Copepoda,Calanoida,Paracalanidae,Paracalanus,Paracalanus sp. C AC_2013
516,Eukaryota,Arthropoda,Ostracoda,Halocyprida,Halocyprididae,Conchoecia,Conchoecia magna
517,NA,NA,NA,NA,NA,NA,NA
518,Eukaryota,Chordata,Actinopteri,Argentiniformes,Bathylagidae,Leuroglossus,Leuroglossus stilbius
519,Eukaryota,Arthropoda,Copepoda,Poecilostomatoida,Oncaeidae,Oncaea,Oncaea sp.
520,Eukaryota,Arthropoda,Copepoda,Calanoida,Clausocalanidae,Clausocalanus,Clausocalanus paululus
521,NA,NA,NA,NA,NA,NA,NA
522,Eukaryota,Bacillariophyta,Thalassiosirophyceae,Thalassiosirales,Thalassiosiraceae,Minidiscus,Minidiscus variabilis
523,Eukaryota,Bryozoa,Gymnolaemata,Cheilostomatida,Membraniporidae,Membranipora,Membranipora villosa
524,Eukaryota,Mollusca,Gastropoda,Nudibranchia,Glaucidae,Hermissenda,Hermissenda opalescens
525,Eukaryota,Chlorophyta,Chloropicophyceae,Chloropicales,Chloropicaceae,Chloropicon,Chloropicon sieburthii
526,NA,NA,NA,NA,NA,NA,NA
527,Eukaryota,Arthropoda,Copepoda,Calanoida,Pontellidae,Labidocera,Labidocera trispinosa
528,Eukaryota,Mollusca,Gastropoda,Nudibranchia,Glaucidae,Hermissenda,Hermissenda opalescens
529,Eukaryota,Arthropoda,Copepoda,Calanoida,Acartiidae,Acartia,Acartia tonsa
530,Eukaryota,Arthropoda,Copepoda,Calanoida,Pontellidae,Labidocera,Labidocera trispinosa
531,Eukaryota,Arthropoda,Copepoda,Calanoida,Pontellidae,Labidocera,Labidocera trispinosa
532,NA,NA,NA,NA,NA,NA,NA
533,Eukaryota,Arthropoda,Copepoda,Calanoida,Clausocalanidae,Clausocalanus,Clausocalanus jobei
534,NA,NA,NA,NA,NA,NA,NA
535,NA,NA,NA,NA,NA,NA,NA
536,Eukaryota,Arthropoda,Thecostraca,Lepadidae,Lepadidae,NA,NA
537,Eukaryota,Arthropoda,Ostracoda,Halocyprida,Halocyprididae,Paraconchoecia,Paraconchoecia allotherium
538,Eukaryota,Chordata,Actinopteri,Argentiniformes,Bathylagidae,Leuroglossus,Leuroglossus stilbius
539,NA,NA,NA,NA,NA,NA,NA
540,Eukaryota,Arthropoda,Copepoda,Calanoida,Pontellidae,Labidocera,Labidocera trispinosa
541,Eukaryota,Arthropoda,Copepoda,Calanoida,Clausocalanidae,Clausocalanus,Clausocalanus jobei
542,Eukaryota,Mollusca,Gastropoda,Nudibranchia,Glaucidae,Hermissenda,Hermissenda opalescens
543,Eukaryota,Arthropoda,Copepoda,Calanoida,Pontellidae,Labidocera,Labidocera trispinosa
544,Eukaryota,Arthropoda,Malacostraca,Decapoda,Sergestidae,Eusergestes,Eusergestes similis
545,Eukaryota,Arthropoda,Malacostraca,Euphausiacea,Euphausiidae,Euphausia,Euphausia pacifica
546,NA,NA,NA,NA,NA,NA,NA
547,Eukaryota,Echinodermata,Echinoidea,Clypeasteroida,Dendrasteridae,Dendraster,Dendraster excentricus
548,Eukaryota,Arthropoda,Copepoda,Calanoida,Pontellidae,Labidocera,Labidocera trispinosa
549,Eukaryota,Mollusca,Gastropoda,Nudibranchia,Glaucidae,Hermissenda,Hermissenda opalescens
550,NA,NA,NA,NA,NA,NA,NA
551,Eukaryota,Mollusca,Gastropoda,Nudibranchia,Glaucidae,Hermissenda,Hermissenda opalescens
552,Eukaryota,Arthropoda,Ostracoda,Halocyprida,Halocyprididae,Proceroecia,Proceroecia procera
553,Eukaryota,Arthropoda,Malacostraca,Decapoda,Munididae,Pleuroncodes,Pleuroncodes planipes
554,NA,NA,NA,NA,NA,NA,NA
555,Eukaryota,Arthropoda,Copepoda,Calanoida,Calocalanidae,NA,NA
556,Eukaryota,Echinodermata,Ophiuroidea,Amphilepidida,Ophiotrichidae,Ophiothrix,Ophiothrix spiculata
557,Eukaryota,Arthropoda,Copepoda,Calanoida,Eucalanidae,Eucalanus,Eucalanus californicus
558,Eukaryota,Mollusca,Gastropoda,Nudibranchia,Glaucidae,Hermissenda,Hermissenda opalescens
559,Eukaryota,Arthropoda,Copepoda,Calanoida,Pontellidae,Labidocera,Labidocera trispinosa
560,Eukaryota,Chordata,Actinopteri,Argentiniformes,Bathylagidae,Leuroglossus,Leuroglossus stilbius
561,NA,NA,NA,NA,NA,NA,NA
562,Eukaryota,Arthropoda,Copepoda,Calanoida,Pontellidae,Labidocera,Labidocera trispinosa
563,Eukaryota,Arthropoda,Malacostraca,Decapoda,Cancridae,Metacarcinus,Metacarcinus gracilis
564,Eukaryota,Arthropoda,Copepoda,Calanoida,Metridinidae,Pleuromamma,Pleuromamma abdominalis
565,Eukaryota,Chordata,Actinopteri,Lutjaniformes,Haemulidae,Brachygenys,Brachygenys californiensis
566,NA,NA,NA,NA,NA,NA,NA
567,Eukaryota,Arthropoda,Copepoda,Calanoida,Calanidae,Calanus,Calanus pacificus
568,NA,NA,NA,NA,NA,NA,NA
569,Eukaryota,Arthropoda,Copepoda,Calanoida,Calanidae,Calanus,Calanus pacificus
570,NA,NA,NA,NA,NA,NA,NA
571,Eukaryota,Arthropoda,Copepoda,Calanoida,Pontellidae,Labidocera,Labidocera trispinosa
572,Eukaryota,Arthropoda,Copepoda,Calanoida,Pontellidae,Labidocera,Labidocera trispinosa
573,Eukaryota,Arthropoda,Ostracoda,Halocyprida,Halocyprididae,Paraconchoecia,Paraconchoecia allotherium
574,Eukaryota,Arthropoda,Malacostraca,Euphausiacea,Euphausiidae,Hansarsia,Hansarsia difficilis
575,NA,NA,NA,NA,NA,NA,NA
576,Eukaryota,Arthropoda,Copepoda,Calanoida,Calanidae,Calanus,Calanus pacificus
577,Eukaryota,Arthropoda,Copepoda,Calanoida,Eucalanidae,Eucalanus,Eucalanus californicus
578,Eukaryota,Mollusca,Gastropoda,Nudibranchia,Glaucidae,Hermissenda,Hermissenda opalescens
579,Eukaryota,Bryozoa,Gymnolaemata,Cheilostomatida,Membraniporidae,Membranipora,Membranipora villosa
580,Eukaryota,Mollusca,Gastropoda,Nudibranchia,Glaucidae,Hermissenda,NA
581,Eukaryota,Mollusca,Gastropoda,Nudibranchia,Glaucidae,Hermissenda,Hermissenda opalescens
582,Eukaryota,Arthropoda,Copepoda,Calanoida,Eucalanidae,Eucalanus,Eucalanus californicus
583,Eukaryota,Arthropoda,Malacostraca,Decapoda,Cancridae,Metacarcinus,Metacarcinus gracilis
584,Eukaryota,Bacillariophyta,Bacillariophyceae,Bacillariales,Bacillariaceae,Pseudo_nitzschia,Pseudo_nitzschia galaxiae
585,Eukaryota,Arthropoda,Copepoda,Calanoida,Pontellidae,Labidocera,Labidocera trispinosa
586,Eukaryota,Arthropoda,Copepoda,Calanoida,Calanidae,Calanus,Calanus pacificus
587,Eukaryota,Arthropoda,Copepoda,Calanoida,Aetideidae,NA,NA
588,NA,NA,NA,NA,NA,NA,NA
589,Eukaryota,Arthropoda,Copepoda,Calanoida,Eucalanidae,Eucalanus,Eucalanus californicus
590,Eukaryota,Arthropoda,Malacostraca,Euphausiacea,Euphausiidae,Hansarsia,Hansarsia difficilis
591,NA,NA,NA,NA,NA,NA,NA
592,NA,NA,NA,NA,NA,NA,NA
593,Eukaryota,Arthropoda,Copepoda,Calanoida,Pontellidae,Labidocera,Labidocera trispinosa
594,Eukaryota,Arthropoda,Copepoda,Calanoida,Pontellidae,Labidocera,Labidocera trispinosa
595,Eukaryota,Mollusca,Gastropoda,Nudibranchia,Glaucidae,Hermissenda,Hermissenda opalescens
596,Eukaryota,Arthropoda,Copepoda,Calanoida,Pontellidae,Labidocera,Labidocera trispinosa
597,Eukaryota,Arthropoda,Copepoda,Calanoida,Pontellidae,Labidocera,Labidocera trispinosa
598,Eukaryota,Arthropoda,Ostracoda,Halocyprida,Halocyprididae,Conchoecia,Conchoecia magna
599,Eukaryota,Arthropoda,Copepoda,Calanoida,Acartiidae,Acartia,Acartia tonsa
600,Eukaryota,Echinodermata,Echinoidea,Temnopleuroida,Toxopneustidae,Lytechinus,Lytechinus pictus
601,Eukaryota,Arthropoda,Copepoda,Calanoida,Calanidae,Calanus,Calanus pacificus
602,Eukaryota,Arthropoda,Copepoda,Calanoida,Calanidae,Calanus,Calanus pacificus
603,Eukaryota,Arthropoda,Copepoda,Calanoida,Eucalanidae,Eucalanus,Eucalanus californicus
604,Eukaryota,Arthropoda,Copepoda,Calanoida,Lucicutiidae,Lucicutia,Lucicutia flavicornis
605,NA,NA,NA,NA,NA,NA,NA
606,Eukaryota,Arthropoda,Copepoda,Calanoida,Pontellidae,Labidocera,NA
607,Eukaryota,Arthropoda,Copepoda,Calanoida,Calanidae,Calanus,Calanus pacificus
608,Eukaryota,Arthropoda,Malacostraca,Euphausiacea,Euphausiidae,Hansarsia,NA
609,NA,NA,NA,NA,NA,NA,NA
610,Eukaryota,Arthropoda,Copepoda,Calanoida,Pontellidae,Labidocera,Labidocera trispinosa
611,Eukaryota,Arthropoda,Copepoda,Calanoida,Pontellidae,Labidocera,Labidocera trispinosa
612,Eukaryota,Arthropoda,Copepoda,Calanoida,Eucalanidae,Eucalanus,Eucalanus californicus
613,Eukaryota,Arthropoda,Copepoda,Calanoida,Pontellidae,Labidocera,Labidocera trispinosa
614,Eukaryota,Arthropoda,Malacostraca,Decapoda,Cancridae,Romaleon,Romaleon antennarium
615,NA,NA,NA,NA,NA,NA,NA
616,Eukaryota,Arthropoda,Copepoda,Calanoida,Pontellidae,Labidocera,NA
617,Eukaryota,Arthropoda,Copepoda,Calanoida,Calanidae,Calanus,Calanus pacificus
618,NA,NA,NA,NA,NA,NA,NA
619,Eukaryota,Arthropoda,Copepoda,Calanoida,Candaciidae,Candacia,Candacia curta
620,Eukaryota,Arthropoda,Ostracoda,Halocyprida,Halocyprididae,Conchoecetta,Conchoecetta giesbrechti
621,NA,NA,NA,NA,NA,NA,NA
622,NA,NA,NA,NA,NA,NA,NA
623,Eukaryota,Arthropoda,Copepoda,Calanoida,Eucalanidae,Eucalanus,Eucalanus californicus
624,NA,NA,NA,NA,NA,NA,NA
625,Eukaryota,Arthropoda,Copepoda,Calanoida,Pontellidae,Labidocera,Labidocera trispinosa
626,NA,NA,NA,NA,NA,NA,NA
627,Eukaryota,Arthropoda,Copepoda,Calanoida,Pontellidae,Labidocera,Labidocera trispinosa
628,Eukaryota,Mollusca,Bivalvia,Cardiida,Tellinidae,NA,NA
629,Eukaryota,Arthropoda,Copepoda,Calanoida,Pontellidae,Labidocera,Labidocera trispinosa
630,NA,NA,NA,NA,NA,NA,NA
631,Eukaryota,Arthropoda,Copepoda,Calanoida,Pontellidae,Labidocera,Labidocera trispinosa
632,Eukaryota,Chlorophyta,Chloropicophyceae,Chloropicales,Chloropicaceae,Chloroparvula,Chloroparvula pacifica
633,NA,NA,NA,NA,NA,NA,NA
634,NA,NA,NA,NA,NA,NA,NA
635,NA,NA,NA,NA,NA,NA,NA
636,NA,NA,NA,NA,NA,NA,NA
637,NA,NA,NA,NA,NA,NA,NA
638,Eukaryota,Chordata,Actinopteri,Argentiniformes,Bathylagidae,Leuroglossus,Leuroglossus stilbius
639,Eukaryota,Arthropoda,Copepoda,Calanoida,Pontellidae,Labidocera,Labidocera trispinosa
640,NA,NA,NA,NA,NA,NA,NA
641,Eukaryota,Arthropoda,Copepoda,Calanoida,Eucalanidae,Eucalanus,Eucalanus californicus
642,Eukaryota,Arthropoda,Copepoda,Calanoida,Clausocalanidae,Clausocalanus,Clausocalanus furcatus
643,NA,NA,NA,NA,NA,NA,NA
644,Eukaryota,Arthropoda,Malacostraca,Euphausiacea,Euphausiidae,NA,NA
645,Eukaryota,Mollusca,Gastropoda,Pteropoda,Creseidae,Styliola,Styliola sp.
646,Eukaryota,Arthropoda,Copepoda,Calanoida,Eucalanidae,Eucalanus,Eucalanus californicus
647,Eukaryota,Arthropoda,Copepoda,Calanoida,Pontellidae,Labidocera,Labidocera trispinosa
648,Eukaryota,Arthropoda,Malacostraca,Decapoda,Hippolytidae,Lysmata,Lysmata californica
649,Eukaryota,Mollusca,Bivalvia,Mytilida,Modiolidae,Modiolus,NA
650,NA,NA,NA,NA,NA,NA,NA
651,Eukaryota,Arthropoda,Copepoda,Calanoida,Pontellidae,Labidocera,Labidocera trispinosa
652,Eukaryota,Arthropoda,Malacostraca,Euphausiacea,Euphausiidae,Euphausia,Euphausia recurva
653,NA,NA,NA,NA,NA,NA,NA
654,Eukaryota,Arthropoda,Copepoda,Calanoida,Pontellidae,Labidocera,Labidocera trispinosa
655,Eukaryota,Arthropoda,Ostracoda,Halocyprida,Halocyprididae,Paraconchoecia,Paraconchoecia allotherium
656,Eukaryota,Arthropoda,Copepoda,Calanoida,Pontellidae,Labidocera,Labidocera trispinosa
657,Eukaryota,Arthropoda,Copepoda,Calanoida,Calanidae,NA,NA
658,NA,NA,NA,NA,NA,NA,NA
659,Eukaryota,Dinophyceae,Dinophyceae,Syndiniales,Syndiniaceae,Hematodinium,NA
660,Eukaryota,Arthropoda,Ostracoda,Halocyprida,Halocyprididae,Conchoecetta,Conchoecetta giesbrechti
661,Eukaryota,Arthropoda,Copepoda,Calanoida,Paracalanidae,Paracalanus,Paracalanus sp. C AC_2013
662,Eukaryota,Arthropoda,Copepoda,Calanoida,Clausocalanidae,Clausocalanus,Clausocalanus parapergens
663,Eukaryota,Arthropoda,Malacostraca,Decapoda,Munididae,Pleuroncodes,Pleuroncodes planipes
664,Eukaryota,Arthropoda,Copepoda,Calanoida,Eucalanidae,Eucalanus,Eucalanus californicus
665,Eukaryota,Mollusca,Cephalopoda,Myopsida,Loliginidae,NA,NA
666,Eukaryota,Arthropoda,Copepoda,Calanoida,Eucalanidae,Eucalanus,Eucalanus californicus
667,Eukaryota,Arthropoda,Copepoda,Calanoida,Pontellidae,Labidocera,Labidocera trispinosa
668,Eukaryota,Arthropoda,Copepoda,Calanoida,Pontellidae,Labidocera,Labidocera trispinosa
669,NA,NA,NA,NA,NA,NA,NA
670,Eukaryota,Arthropoda,Copepoda,Calanoida,Scolecitrichidae,Scolecithricella,Scolecithricella dentata
671,Eukaryota,Arthropoda,Copepoda,Calanoida,Pontellidae,Labidocera,Labidocera trispinosa
672,Eukaryota,Chordata,Actinopteri,Lutjaniformes,Haemulidae,Brachygenys,Brachygenys californiensis
673,Eukaryota,Arthropoda,Copepoda,Calanoida,Clausocalanidae,Clausocalanus,Clausocalanus furcatus
674,Eukaryota,Chordata,Actinopteri,Argentiniformes,Bathylagidae,Leuroglossus,Leuroglossus stilbius
675,Eukaryota,Arthropoda,Copepoda,Calanoida,Clausocalanidae,Clausocalanus,Clausocalanus parapergens
676,Eukaryota,Arthropoda,Copepoda,Calanoida,Clausocalanidae,Clausocalanus,Clausocalanus jobei
677,NA,NA,NA,NA,NA,NA,NA
678,Eukaryota,Arthropoda,Copepoda,Calanoida,Calanidae,Calanus,Calanus pacificus
679,NA,NA,NA,NA,NA,NA,NA
680,Eukaryota,Arthropoda,Copepoda,Calanoida,Clausocalanidae,Clausocalanus,Clausocalanus parapergens
681,Eukaryota,Arthropoda,Copepoda,Calanoida,Calanidae,Calanus,Calanus pacificus
682,Eukaryota,Arthropoda,Copepoda,Calanoida,Clausocalanidae,Clausocalanus,Clausocalanus parapergens
683,Eukaryota,Arthropoda,Copepoda,Calanoida,Euchaetidae,Euchaeta,Euchaeta marina
684,Eukaryota,Cnidaria,Hydrozoa,Siphonophorae,Agalmatidae,Marrus,NA
685,NA,NA,NA,NA,NA,NA,NA
686,Eukaryota,Arthropoda,Copepoda,Calanoida,Pontellidae,Labidocera,Labidocera trispinosa
687,NA,NA,NA,NA,NA,NA,NA
688,Eukaryota,Arthropoda,Copepoda,Poecilostomatoida,Oncaeidae,Oncaea,Oncaea sp.
689,Eukaryota,Echinodermata,Ophiuroidea,Amphilepidida,Amphiuridae,Amphiodia,Amphiodia cf_ urtica EAC_2010
690,NA,NA,NA,NA,NA,NA,NA
691,Eukaryota,Mollusca,Gastropoda,Nudibranchia,Glaucidae,Hermissenda,Hermissenda opalescens
692,Eukaryota,Pelagophyceae,Pelagophyceae,Pelagomonadales,Pelagomonadaceae,Pelagomonas,NA
693,Eukaryota,Arthropoda,Malacostraca,Euphausiacea,Euphausiidae,Nyctiphanes,Nyctiphanes simplex
694,Eukaryota,Arthropoda,Copepoda,Calanoida,Eucalanidae,Eucalanus,Eucalanus californicus
695,Eukaryota,Mollusca,Gastropoda,Nudibranchia,Glaucidae,Hermissenda,NA
696,NA,NA,NA,NA,NA,NA,NA
697,NA,NA,NA,NA,NA,NA,NA
698,Eukaryota,Arthropoda,Ostracoda,Halocyprida,Halocyprididae,Proceroecia,Proceroecia procera
699,Eukaryota,Arthropoda,Copepoda,Calanoida,Pontellidae,Labidocera,Labidocera trispinosa
700,NA,NA,NA,NA,NA,NA,NA
701,NA,NA,NA,NA,NA,NA,NA
702,Eukaryota,Arthropoda,Copepoda,Calanoida,Scolecitrichidae,Scolecithricella,Scolecithricella dentata
703,Eukaryota,Chordata,Actinopteri,Argentiniformes,Bathylagidae,Leuroglossus,Leuroglossus stilbius
704,Eukaryota,Mollusca,Cephalopoda,Oegopsida,Gonatidae,Gonatus,Gonatus onyx
705,Eukaryota,Bryozoa,Gymnolaemata,Cheilostomatida,Membraniporidae,Membranipora,Membranipora villosa
706,Eukaryota,Arthropoda,Copepoda,Calanoida,Pontellidae,Labidocera,Labidocera trispinosa
707,Eukaryota,Cnidaria,Hydrozoa,Siphonophorae,Prayidae,Rosacea,Rosacea sp. 3 BO_2009
708,Eukaryota,Arthropoda,Copepoda,Calanoida,Calanidae,Calanus,Calanus pacificus
709,Eukaryota,Arthropoda,Copepoda,Calanoida,Calanidae,NA,NA
710,Eukaryota,Arthropoda,Copepoda,Calanoida,Metridinidae,Pleuromamma,Pleuromamma abdominalis
711,Eukaryota,Bryozoa,Gymnolaemata,Cheilostomatida,Membraniporidae,NA,NA
712,NA,NA,NA,NA,NA,NA,NA
713,Eukaryota,Arthropoda,Malacostraca,Euphausiacea,Euphausiidae,Thysanoessa,Thysanoessa gregaria
714,Eukaryota,Arthropoda,Copepoda,Calanoida,Pontellidae,Labidocera,Labidocera trispinosa
715,Eukaryota,Arthropoda,Copepoda,Calanoida,Pontellidae,Labidocera,Labidocera trispinosa
716,Eukaryota,Arthropoda,Ostracoda,Halocyprida,Halocyprididae,Halocypris,Halocypris inflata
717,Eukaryota,Arthropoda,Copepoda,Calanoida,Lucicutiidae,Lucicutia,Lucicutia flavicornis
718,NA,NA,NA,NA,NA,NA,NA
719,Eukaryota,Arthropoda,Copepoda,Calanoida,Calanidae,Calanus,Calanus pacificus
720,Eukaryota,Arthropoda,Copepoda,Calanoida,Calanidae,Calanus,Calanus pacificus
721,Eukaryota,Arthropoda,Copepoda,Calanoida,Pontellidae,NA,NA
722,NA,NA,NA,NA,NA,NA,NA
723,Eukaryota,Arthropoda,Copepoda,Calanoida,Pontellidae,Labidocera,Labidocera trispinosa
724,Eukaryota,Mollusca,Gastropoda,Pteropoda,Limacinidae,NA,NA
725,Eukaryota,Cnidaria,Hydrozoa,Trachymedusae,Halicreatidae,NA,NA
726,Eukaryota,Arthropoda,Copepoda,Calanoida,Pontellidae,Labidocera,Labidocera trispinosa
727,Eukaryota,Arthropoda,Copepoda,Calanoida,Pontellidae,Labidocera,Labidocera trispinosa
728,Eukaryota,Arthropoda,Copepoda,Calanoida,Clausocalanidae,Clausocalanus,Clausocalanus parapergens
729,NA,NA,NA,NA,NA,NA,NA
730,Eukaryota,Arthropoda,Copepoda,Calanoida,Calanidae,Calanus,Calanus pacificus
731,Eukaryota,Echinodermata,Echinoidea,Camarodonta,Strongylocentrotidae,Strongylocentrotus,Strongylocentrotus purpuratus
732,NA,NA,NA,NA,NA,NA,NA
733,Eukaryota,Arthropoda,Copepoda,Calanoida,Pontellidae,Labidocera,Labidocera trispinosa
734,Eukaryota,Arthropoda,Copepoda,Calanoida,Mecynoceridae,Mecynocera,Mecynocera clausi
735,Eukaryota,Bacillariophyta,Thalassiosirophyceae,Thalassiosirales,Thalassiosiraceae,NA,NA
736,Eukaryota,Arthropoda,Malacostraca,Decapoda,Hippolytidae,Lysmata,NA
737,Eukaryota,Mollusca,Gastropoda,Nudibranchia,Glaucidae,Hermissenda,Hermissenda opalescens
738,Eukaryota,Arthropoda,Malacostraca,Euphausiacea,Euphausiidae,Euphausia,Euphausia pacifica
739,Eukaryota,Arthropoda,Copepoda,Calanoida,Pontellidae,Labidocera,Labidocera trispinosa
740,Eukaryota,Arthropoda,Copepoda,Calanoida,Eucalanidae,Eucalanus,Eucalanus californicus
741,Eukaryota,Chordata,Actinopteri,Argentiniformes,Bathylagidae,Leuroglossus,Leuroglossus stilbius
742,NA,NA,NA,NA,NA,NA,NA
743,Eukaryota,Arthropoda,Copepoda,Calanoida,Eucalanidae,Eucalanus,Eucalanus californicus
744,NA,NA,NA,NA,NA,NA,NA
745,NA,NA,NA,NA,NA,NA,NA
746,Eukaryota,Mollusca,Gastropoda,Nudibranchia,Glaucidae,Hermissenda,Hermissenda opalescens
747,Eukaryota,Arthropoda,Copepoda,Calanoida,Eucalanidae,Eucalanus,Eucalanus californicus
748,NA,NA,NA,NA,NA,NA,NA
749,NA,NA,NA,NA,NA,NA,NA
750,NA,NA,NA,NA,NA,NA,NA
751,Eukaryota,Arthropoda,Copepoda,Calanoida,Calanidae,NA,NA
752,NA,NA,NA,NA,NA,NA,NA
753,Eukaryota,Arthropoda,Copepoda,Calanoida,Pontellidae,Labidocera,Labidocera trispinosa
754,Eukaryota,Arthropoda,Copepoda,Calanoida,Calanidae,Calanus,Calanus pacificus
755,NA,NA,NA,NA,NA,NA,NA
756,Eukaryota,Arthropoda,Copepoda,Calanoida,Pontellidae,Labidocera,Labidocera trispinosa
757,Eukaryota,Arthropoda,Branchiopoda,Diplostraca,Podonidae,Pseudevadne,Pseudevadne tergestina
758,Eukaryota,Arthropoda,Malacostraca,Euphausiacea,Euphausiidae,Nyctiphanes,Nyctiphanes simplex
759,Eukaryota,Arthropoda,Copepoda,Calanoida,Paracalanidae,Paracalanus,Paracalanus tropicus
760,Eukaryota,Echinodermata,Echinoidea,Camarodonta,Strongylocentrotidae,Strongylocentrotus,Strongylocentrotus purpuratus
761,Eukaryota,Chordata,Actinopteri,Argentiniformes,Bathylagidae,Leuroglossus,Leuroglossus stilbius
762,Eukaryota,Arthropoda,Copepoda,Calanoida,Pontellidae,Labidocera,Labidocera trispinosa
763,Eukaryota,Arthropoda,Copepoda,Calanoida,Pontellidae,Labidocera,Labidocera trispinosa
764,NA,NA,NA,NA,NA,NA,NA
765,Eukaryota,Mollusca,Gastropoda,Nudibranchia,Glaucidae,Hermissenda,Hermissenda opalescens
766,Eukaryota,Bryozoa,Gymnolaemata,Cheilostomatida,Membraniporidae,NA,NA
767,Eukaryota,Arthropoda,Copepoda,Calanoida,Calanidae,Calanus,Calanus pacificus
768,NA,NA,NA,NA,NA,NA,NA
769,Eukaryota,Arthropoda,Copepoda,Calanoida,Pontellidae,Labidocera,Labidocera trispinosa
770,Eukaryota,Arthropoda,Copepoda,Calanoida,Pontellidae,Labidocera,Labidocera trispinosa
771,Eukaryota,Chordata,Actinopteri,Myctophiformes,Myctophidae,Triphoturus,Triphoturus mexicanus
772,Eukaryota,Arthropoda,Copepoda,Calanoida,Pontellidae,Labidocera,Labidocera trispinosa
773,Eukaryota,Arthropoda,Copepoda,Calanoida,Calanidae,Calanus,Calanus pacificus
774,Eukaryota,Arthropoda,Copepoda,Calanoida,Pontellidae,Labidocera,Labidocera trispinosa
775,NA,NA,NA,NA,NA,NA,NA
776,NA,NA,NA,NA,NA,NA,NA
777,Eukaryota,Arthropoda,Copepoda,Calanoida,Pontellidae,Labidocera,NA
778,Eukaryota,Arthropoda,Copepoda,Calanoida,Lucicutiidae,Lucicutia,Lucicutia flavicornis
779,Eukaryota,Arthropoda,Copepoda,Calanoida,Calanidae,Calanus,Calanus pacificus
780,Eukaryota,Mollusca,Gastropoda,Nudibranchia,Glaucidae,Hermissenda,Hermissenda opalescens
781,Eukaryota,Bryozoa,Gymnolaemata,Cheilostomatida,Membraniporidae,Membranipora,Membranipora villosa
782,Eukaryota,Arthropoda,Copepoda,Calanoida,Pontellidae,Labidocera,Labidocera trispinosa
783,Eukaryota,Mollusca,Gastropoda,Nudibranchia,Glaucidae,Hermissenda,Hermissenda crassicornis
784,Eukaryota,Arthropoda,Copepoda,Calanoida,Eucalanidae,Eucalanus,Eucalanus californicus
785,Eukaryota,Arthropoda,Copepoda,Calanoida,Eucalanidae,Eucalanus,Eucalanus californicus
786,Eukaryota,Arthropoda,Copepoda,Calanoida,Pontellidae,Labidocera,Labidocera trispinosa
787,NA,NA,NA,NA,NA,NA,NA
788,Eukaryota,Mollusca,Gastropoda,Nudibranchia,Glaucidae,Hermissenda,Hermissenda opalescens
789,Eukaryota,Arthropoda,Copepoda,Calanoida,Metridinidae,Pleuromamma,Pleuromamma abdominalis
790,Eukaryota,Mollusca,Cephalopoda,Octopoda,Octopodidae,Octopus,NA
791,NA,NA,NA,NA,NA,NA,NA
792,Eukaryota,Arthropoda,Copepoda,Calanoida,Pontellidae,Labidocera,Labidocera trispinosa
793,NA,NA,NA,NA,NA,NA,NA
794,Eukaryota,Mollusca,Gastropoda,Pteropoda,Creseidae,Styliola,Styliola sp.
795,Eukaryota,Arthropoda,Copepoda,Calanoida,Pontellidae,Labidocera,Labidocera trispinosa
796,NA,NA,NA,NA,NA,NA,NA
797,Eukaryota,Arthropoda,Copepoda,Calanoida,Pontellidae,Labidocera,Labidocera trispinosa
798,Eukaryota,Arthropoda,Malacostraca,Decapoda,Porcellanidae,Petrolisthes,NA
799,Eukaryota,Arthropoda,Malacostraca,Euphausiacea,Euphausiidae,Nyctiphanes,Nyctiphanes simplex
800,Eukaryota,Mollusca,Gastropoda,Nudibranchia,Glaucidae,Hermissenda,NA
801,Eukaryota,Arthropoda,Copepoda,Calanoida,Calanidae,Calanus,Calanus pacificus
802,Eukaryota,Arthropoda,Copepoda,Calanoida,Eucalanidae,Eucalanus,Eucalanus californicus
803,NA,NA,NA,NA,NA,NA,NA
804,Eukaryota,Arthropoda,Malacostraca,Euphausiacea,Euphausiidae,Nyctiphanes,Nyctiphanes simplex
805,Eukaryota,Mollusca,Gastropoda,Nudibranchia,Glaucidae,Hermissenda,Hermissenda opalescens
806,NA,NA,NA,NA,NA,NA,NA
807,Eukaryota,Arthropoda,Copepoda,Calanoida,Pontellidae,Labidocera,Labidocera trispinosa
808,NA,NA,NA,NA,NA,NA,NA
809,NA,NA,NA,NA,NA,NA,NA
810,Eukaryota,Arthropoda,Copepoda,Calanoida,Calanidae,Calanus,Calanus pacificus
811,NA,NA,NA,NA,NA,NA,NA
812,Eukaryota,Mollusca,Gastropoda,Nudibranchia,Glaucidae,Hermissenda,Hermissenda opalescens
813,Eukaryota,Arthropoda,Copepoda,Calanoida,Pontellidae,Labidocera,Labidocera trispinosa
814,Eukaryota,Arthropoda,Copepoda,Calanoida,Eucalanidae,Eucalanus,Eucalanus californicus
815,Eukaryota,Chlorophyta,Chloropicophyceae,Chloropicales,Chloropicaceae,Chloroparvula,Chloroparvula pacifica
816,Eukaryota,Chordata,Actinopteri,Argentiniformes,Bathylagidae,Leuroglossus,Leuroglossus stilbius
817,NA,NA,NA,NA,NA,NA,NA
818,NA,NA,NA,NA,NA,NA,NA
819,Eukaryota,Arthropoda,Ostracoda,Halocyprida,Halocyprididae,Halocypris,Halocypris inflata
820,NA,NA,NA,NA,NA,NA,NA
821,Eukaryota,Mollusca,Gastropoda,Nudibranchia,Glaucidae,Hermissenda,Hermissenda opalescens
822,Eukaryota,Arthropoda,Copepoda,Calanoida,Pontellidae,Labidocera,Labidocera trispinosa
823,NA,NA,NA,NA,NA,NA,NA
824,Eukaryota,Chordata,Actinopteri,Argentiniformes,Bathylagidae,Leuroglossus,Leuroglossus stilbius
825,Eukaryota,Arthropoda,Copepoda,Calanoida,Pontellidae,Labidocera,Labidocera trispinosa
826,NA,NA,NA,NA,NA,NA,NA
827,Eukaryota,Arthropoda,Copepoda,Poecilostomatoida,Corycaeidae,Farranula,NA
828,Eukaryota,Arthropoda,Copepoda,Calanoida,Calanidae,Calanus,Calanus pacificus
829,Eukaryota,Arthropoda,Ostracoda,Halocyprida,Halocyprididae,Conchoecia,Conchoecia magna
830,NA,NA,NA,NA,NA,NA,NA
831,Eukaryota,Echinodermata,Echinoidea,Temnopleuroida,Toxopneustidae,Lytechinus,Lytechinus pictus
832,Eukaryota,Arthropoda,Copepoda,Calanoida,Eucalanidae,Eucalanus,Eucalanus californicus
833,NA,NA,NA,NA,NA,NA,NA
834,Eukaryota,Mollusca,Gastropoda,Nudibranchia,Glaucidae,Hermissenda,NA
835,Eukaryota,Arthropoda,Copepoda,Calanoida,Euchaetidae,Euchaeta,Euchaeta marina
836,NA,NA,NA,NA,NA,NA,NA
837,Eukaryota,Arthropoda,Copepoda,Calanoida,Calanidae,Calanus,Calanus pacificus
838,Eukaryota,Annelida,Polychaeta,Phyllodocida,Polynoidae,NA,NA
839,Eukaryota,Arthropoda,Malacostraca,Decapoda,Hippolytidae,Lysmata,Lysmata californica
840,Eukaryota,Arthropoda,Copepoda,Calanoida,Calanidae,Calanus,Calanus pacificus
841,Eukaryota,Arthropoda,Copepoda,Calanoida,Pontellidae,Labidocera,Labidocera trispinosa
842,Eukaryota,Arthropoda,Copepoda,Calanoida,Pontellidae,Labidocera,Labidocera trispinosa
843,NA,NA,NA,NA,NA,NA,NA
844,NA,NA,NA,NA,NA,NA,NA
845,Eukaryota,Arthropoda,Copepoda,Calanoida,Pontellidae,Labidocera,Labidocera trispinosa
846,Eukaryota,Arthropoda,Copepoda,Calanoida,Pontellidae,Labidocera,Labidocera trispinosa
847,Eukaryota,Mollusca,Gastropoda,Nudibranchia,Glaucidae,Hermissenda,Hermissenda opalescens
848,NA,NA,NA,NA,NA,NA,NA
849,Eukaryota,Arthropoda,Copepoda,Calanoida,Pontellidae,Labidocera,Labidocera trispinosa
850,Eukaryota,Arthropoda,Copepoda,Calanoida,Paracalanidae,Paracalanus,NA
851,Eukaryota,Arthropoda,Copepoda,Calanoida,Mecynoceridae,Mecynocera,Mecynocera clausi
852,NA,NA,NA,NA,NA,NA,NA
853,NA,NA,NA,NA,NA,NA,NA
854,Eukaryota,Chordata,Actinopteri,Argentiniformes,Bathylagidae,Leuroglossus,Leuroglossus stilbius
855,Eukaryota,Annelida,Polychaeta,Phyllodocida,Polynoidae,NA,NA
856,Eukaryota,Arthropoda,Copepoda,Calanoida,Pontellidae,Labidocera,Labidocera trispinosa
857,Eukaryota,Arthropoda,Copepoda,Calanoida,Pontellidae,Labidocera,Labidocera trispinosa
858,Eukaryota,Arthropoda,Copepoda,Calanoida,Pontellidae,Labidocera,Labidocera trispinosa
859,Eukaryota,Arthropoda,Malacostraca,Euphausiacea,Euphausiidae,Nyctiphanes,Nyctiphanes simplex
860,Eukaryota,Arthropoda,Copepoda,Calanoida,Calanidae,Calanus,Calanus pacificus
861,Eukaryota,Echinodermata,Ophiuroidea,Amphilepidida,Ophiocomidae,Ophiopteris,Ophiopteris papillosa
862,NA,NA,NA,NA,NA,NA,NA
863,NA,NA,NA,NA,NA,NA,NA
864,Eukaryota,Mollusca,Gastropoda,Pteropoda,Creseidae,Styliola,Styliola sp.
865,Eukaryota,Arthropoda,Copepoda,Calanoida,Acartiidae,Acartia,Acartia californiensis
866,Eukaryota,Arthropoda,Ostracoda,Halocyprida,Halocyprididae,Discoconchoecia,Discoconchoecia sp. S8_D6
867,Eukaryota,Echinodermata,Echinoidea,Temnopleuroida,Toxopneustidae,Lytechinus,Lytechinus pictus
868,Eukaryota,Chlorophyta,Chloropicophyceae,Chloropicales,Chloropicaceae,Chloroparvula,Chloroparvula sp. RCC999
869,Eukaryota,Arthropoda,Copepoda,Calanoida,Candaciidae,Candacia,Candacia bipinnata
870,NA,NA,NA,NA,NA,NA,NA
871,NA,NA,NA,NA,NA,NA,NA
872,NA,NA,NA,NA,NA,NA,NA
873,Eukaryota,Arthropoda,Copepoda,Calanoida,Calanidae,Calanus,Calanus pacificus
874,Eukaryota,Mollusca,Gastropoda,Littorinimorpha,Atlantidae,Atlanta,Atlanta sp. USNM IZ 1230636
875,Eukaryota,Arthropoda,Copepoda,Calanoida,Calanidae,Calanus,Calanus pacificus
876,Eukaryota,Chordata,Actinopteri,Myctophiformes,Myctophidae,Nannobrachium,Nannobrachium ritteri
877,NA,NA,NA,NA,NA,NA,NA
878,Eukaryota,Arthropoda,Thecostraca,Balanomorpha,Chthamalidae,Chthamalus,Chthamalus fissus
879,Eukaryota,Arthropoda,Malacostraca,Euphausiacea,Euphausiidae,Euphausia,Euphausia pacifica
880,Eukaryota,Chordata,Actinopteri,Argentiniformes,Bathylagidae,Leuroglossus,Leuroglossus stilbius
881,Eukaryota,Arthropoda,Copepoda,Calanoida,Pontellidae,Labidocera,Labidocera trispinosa
882,NA,NA,NA,NA,NA,NA,NA
883,Eukaryota,Arthropoda,Copepoda,Calanoida,Pontellidae,Labidocera,Labidocera trispinosa
884,NA,NA,NA,NA,NA,NA,NA
885,NA,NA,NA,NA,NA,NA,NA
886,Eukaryota,Arthropoda,Copepoda,Calanoida,Pontellidae,Labidocera,Labidocera trispinosa
887,NA,NA,NA,NA,NA,NA,NA
888,Eukaryota,Mollusca,Gastropoda,Nudibranchia,Glaucidae,Hermissenda,Hermissenda opalescens
889,NA,NA,NA,NA,NA,NA,NA
890,NA,NA,NA,NA,NA,NA,NA
891,NA,NA,NA,NA,NA,NA,NA
892,Eukaryota,Arthropoda,Copepoda,Calanoida,Pontellidae,Labidocera,Labidocera trispinosa
893,Eukaryota,Arthropoda,Copepoda,Calanoida,Eucalanidae,Eucalanus,Eucalanus californicus
894,Eukaryota,Arthropoda,Copepoda,Calanoida,Calanidae,Calanus,Calanus pacificus
895,Eukaryota,Arthropoda,Malacostraca,Decapoda,Cancridae,Romaleon,NA
896,Eukaryota,Arthropoda,Copepoda,Calanoida,Calanidae,Calanus,Calanus pacificus
897,NA,NA,NA,NA,NA,NA,NA
898,Eukaryota,Echinodermata,Echinoidea,Clypeasteroida,Dendrasteridae,Dendraster,Dendraster excentricus
899,Eukaryota,Arthropoda,Copepoda,Calanoida,Clausocalanidae,Clausocalanus,Clausocalanus parapergens
900,Eukaryota,Arthropoda,Copepoda,Calanoida,Pontellidae,Labidocera,Labidocera trispinosa
901,Eukaryota,Mollusca,Gastropoda,Nudibranchia,Glaucidae,Hermissenda,Hermissenda opalescens
902,Eukaryota,Arthropoda,Malacostraca,Euphausiacea,Euphausiidae,Stylocheiron,Stylocheiron longicorne
903,Eukaryota,Mollusca,Gastropoda,Nudibranchia,Glaucidae,Hermissenda,Hermissenda opalescens
904,Eukaryota,Arthropoda,Copepoda,Calanoida,Pontellidae,Labidocera,Labidocera trispinosa
905,NA,NA,NA,NA,NA,NA,NA
906,Eukaryota,Mollusca,Gastropoda,Nudibranchia,Glaucidae,Hermissenda,Hermissenda opalescens
907,NA,NA,NA,NA,NA,NA,NA
908,Eukaryota,Arthropoda,Copepoda,Calanoida,Pontellidae,Labidocera,Labidocera trispinosa
909,Eukaryota,Arthropoda,Copepoda,Calanoida,Eucalanidae,Eucalanus,Eucalanus californicus
910,NA,NA,NA,NA,NA,NA,NA
911,Eukaryota,Arthropoda,Malacostraca,Decapoda,Porcellanidae,NA,NA
912,NA,NA,NA,NA,NA,NA,NA
913,Eukaryota,Arthropoda,Copepoda,Calanoida,Pontellidae,Labidocera,Labidocera trispinosa
914,NA,NA,NA,NA,NA,NA,NA
915,Eukaryota,Arthropoda,Copepoda,Calanoida,Pontellidae,Labidocera,Labidocera trispinosa
916,Eukaryota,Arthropoda,Copepoda,Calanoida,Calanidae,Calanus,Calanus pacificus
917,NA,NA,NA,NA,NA,NA,NA
918,Eukaryota,Arthropoda,Copepoda,Calanoida,Pontellidae,Labidocera,Labidocera trispinosa
919,NA,NA,NA,NA,NA,NA,NA
920,Eukaryota,Chordata,Actinopteri,Myctophiformes,Myctophidae,NA,NA
921,Eukaryota,Arthropoda,Copepoda,Calanoida,Eucalanidae,Eucalanus,Eucalanus californicus
922,Eukaryota,Arthropoda,Malacostraca,Decapoda,Cancridae,NA,NA
923,Eukaryota,Arthropoda,Copepoda,Calanoida,Pontellidae,Labidocera,NA
924,Eukaryota,Echinodermata,Ophiuroidea,Amphilepidida,Ophiotrichidae,Ophiothrix,Ophiothrix spiculata
925,Eukaryota,Chordata,Actinopteri,Myctophiformes,Myctophidae,Stenobrachius,Stenobrachius leucopsarus
926,Eukaryota,Mollusca,Gastropoda,Nudibranchia,Glaucidae,Hermissenda,Hermissenda opalescens
927,Eukaryota,Arthropoda,Copepoda,Calanoida,Pontellidae,Labidocera,Labidocera trispinosa
928,NA,NA,NA,NA,NA,NA,NA
929,Eukaryota,Bryozoa,Gymnolaemata,Cheilostomatida,Membraniporidae,NA,NA
930,Eukaryota,Arthropoda,Copepoda,Calanoida,Eucalanidae,Eucalanus,Eucalanus californicus
931,NA,NA,NA,NA,NA,NA,NA
932,Eukaryota,Arthropoda,Malacostraca,Decapoda,Xanthidae,NA,NA
933,Eukaryota,Arthropoda,Copepoda,Calanoida,Acartiidae,Acartia,Acartia californiensis
934,Eukaryota,Chordata,Actinopteri,Argentiniformes,Bathylagidae,Leuroglossus,Leuroglossus stilbius
935,Eukaryota,Arthropoda,Copepoda,Calanoida,Calanidae,Calanus,Calanus pacificus
936,Eukaryota,Mollusca,Gastropoda,Nudibranchia,Glaucidae,Hermissenda,Hermissenda opalescens
937,Eukaryota,Mollusca,Gastropoda,Nudibranchia,Glaucidae,Hermissenda,Hermissenda opalescens
938,Eukaryota,Arthropoda,Copepoda,Calanoida,Calanidae,Calanus,Calanus pacificus
939,Eukaryota,Arthropoda,Copepoda,Calanoida,Pontellidae,Labidocera,Labidocera trispinosa
940,Eukaryota,Arthropoda,Copepoda,Calanoida,Pontellidae,Labidocera,Labidocera trispinosa
941,NA,NA,NA,NA,NA,NA,NA
942,Eukaryota,Arthropoda,Copepoda,Calanoida,Calanidae,Calanus,Calanus pacificus
943,NA,NA,NA,NA,NA,NA,NA
944,NA,NA,NA,NA,NA,NA,NA
945,Eukaryota,Arthropoda,Ostracoda,Halocyprida,Halocyprididae,NA,NA
946,NA,NA,NA,NA,NA,NA,NA
947,Eukaryota,Arthropoda,Copepoda,Calanoida,Scolecitrichidae,Scolecithricella,Scolecithricella dentata
948,Eukaryota,Arthropoda,Copepoda,Calanoida,Pontellidae,Labidocera,Labidocera trispinosa
949,Eukaryota,Arthropoda,Copepoda,Calanoida,Pontellidae,Labidocera,Labidocera trispinosa
950,NA,NA,NA,NA,NA,NA,NA
951,NA,NA,NA,NA,NA,NA,NA
952,NA,NA,NA,NA,NA,NA,NA
953,Eukaryota,Arthropoda,Copepoda,Calanoida,Eucalanidae,Eucalanus,Eucalanus californicus
954,Eukaryota,Arthropoda,Copepoda,Calanoida,Calanidae,NA,NA
955,Eukaryota,Cnidaria,Hydrozoa,Siphonophorae,Diphyidae,Diphyes,Diphyes sp. HAW01
956,Eukaryota,Arthropoda,Copepoda,Calanoida,Calanidae,Calanus,Calanus pacificus
957,Eukaryota,Arthropoda,Copepoda,Calanoida,Euchaetidae,Euchaeta,Euchaeta marina
958,Eukaryota,Arthropoda,Copepoda,Calanoida,Clausocalanidae,Clausocalanus,NA
959,Eukaryota,Arthropoda,Copepoda,Calanoida,Acartiidae,Acartia,Acartia tonsa
960,Eukaryota,Arthropoda,Copepoda,Calanoida,Eucalanidae,Eucalanus,Eucalanus californicus
961,Eukaryota,Arthropoda,Copepoda,Calanoida,Pontellidae,Labidocera,Labidocera trispinosa
962,Eukaryota,Arthropoda,Copepoda,Calanoida,Eucalanidae,Eucalanus,Eucalanus californicus
963,NA,NA,NA,NA,NA,NA,NA
964,Eukaryota,Mollusca,Gastropoda,Nudibranchia,Glaucidae,Hermissenda,Hermissenda opalescens
965,Eukaryota,Arthropoda,Copepoda,Calanoida,Temoridae,Temora,Temora discaudata
966,Eukaryota,Arthropoda,Copepoda,Calanoida,Eucalanidae,Eucalanus,Eucalanus californicus
967,Eukaryota,Arthropoda,Malacostraca,Decapoda,Cancridae,NA,NA
968,Eukaryota,Arthropoda,Ostracoda,Halocyprida,Halocyprididae,Mikroconchoecia,Mikroconchoecia sp. Os099_1_3
969,Eukaryota,Arthropoda,Copepoda,Calanoida,Eucalanidae,Eucalanus,Eucalanus californicus
970,Eukaryota,Arthropoda,Ostracoda,Halocyprida,Halocyprididae,Proceroecia,Proceroecia procera
971,Eukaryota,Arthropoda,Copepoda,Calanoida,Calanidae,Calanus,Calanus pacificus
972,NA,NA,NA,NA,NA,NA,NA
973,Eukaryota,Mollusca,Gastropoda,Nudibranchia,Glaucidae,Hermissenda,Hermissenda opalescens
974,NA,NA,NA,NA,NA,NA,NA
975,NA,NA,NA,NA,NA,NA,NA
976,Eukaryota,Arthropoda,Copepoda,Calanoida,Eucalanidae,Eucalanus,Eucalanus californicus
977,NA,NA,NA,NA,NA,NA,NA
978,Eukaryota,Arthropoda,Copepoda,Calanoida,Pontellidae,Labidocera,Labidocera trispinosa
979,Eukaryota,Arthropoda,Copepoda,Calanoida,Calanidae,Calanus,Calanus pacificus
980,Eukaryota,Arthropoda,Copepoda,Calanoida,Eucalanidae,Eucalanus,Eucalanus californicus
981,Eukaryota,Arthropoda,Ostracoda,Halocyprida,Halocyprididae,Halocypris,Halocypris inflata
982,NA,NA,NA,NA,NA,NA,NA
983,Eukaryota,Chordata,Actinopteri,Argentiniformes,Bathylagidae,Leuroglossus,Leuroglossus stilbius
984,Eukaryota,Arthropoda,Copepoda,Calanoida,Pontellidae,Labidocera,Labidocera trispinosa
985,Eukaryota,Arthropoda,Copepoda,Calanoida,Pontellidae,Labidocera,Labidocera trispinosa
986,Eukaryota,Arthropoda,Ostracoda,Halocyprida,Halocyprididae,Conchoecia,Conchoecia magna
987,NA,NA,NA,NA,NA,NA,NA
988,Eukaryota,Arthropoda,Malacostraca,Euphausiacea,Euphausiidae,Hansarsia,NA
989,Eukaryota,Arthropoda,Copepoda,Calanoida,Eucalanidae,Eucalanus,Eucalanus californicus
990,NA,NA,NA,NA,NA,NA,NA
991,Eukaryota,Arthropoda,Copepoda,Calanoida,Pontellidae,Labidocera,Labidocera trispinosa
992,Eukaryota,Arthropoda,Copepoda,Calanoida,Metridinidae,Pleuromamma,Pleuromamma abdominalis
993,Eukaryota,Arthropoda,Ostracoda,Halocyprida,Halocyprididae,Porroecia,Porroecia sp. S9_F12
994,NA,NA,NA,NA,NA,NA,NA
995,Eukaryota,Arthropoda,Copepoda,Calanoida,Eucalanidae,Eucalanus,Eucalanus californicus
996,Eukaryota,Arthropoda,Copepoda,Calanoida,Pontellidae,Labidocera,Labidocera trispinosa
997,Eukaryota,Arthropoda,Copepoda,Calanoida,Eucalanidae,Eucalanus,Eucalanus californicus
998,Eukaryota,Echinodermata,Echinoidea,Temnopleuroida,Toxopneustidae,Lytechinus,Lytechinus pictus
999,Eukaryota,Arthropoda,Copepoda,Calanoida,Eucalanidae,Eucalanus,Eucalanus californicus
1000,Eukaryota,Arthropoda,Copepoda,Calanoida,Eucalanidae,Eucalanus,Eucalanus californicus
1001,Eukaryota,Arthropoda,Copepoda,Calanoida,Calanidae,Calanus,Calanus pacificus
1002,Eukaryota,Arthropoda,Ostracoda,Halocyprida,Halocyprididae,Discoconchoecia,NA
1003,NA,NA,NA,NA,NA,NA,NA
1004,Eukaryota,Arthropoda,Branchiopoda,Diplostraca,Sididae,Penilia,Penilia avirostris
1005,Eukaryota,Chordata,Actinopteri,Sciaenidae,Sciaenidae,Genyonemus,Genyonemus lineatus
1006,NA,NA,NA,NA,NA,NA,NA
1007,NA,NA,NA,NA,NA,NA,NA
1008,Eukaryota,Arthropoda,Malacostraca,Euphausiacea,Euphausiidae,Euphausia,Euphausia pacifica
1009,Eukaryota,Arthropoda,Copepoda,Calanoida,Pontellidae,Labidocera,Labidocera trispinosa
1010,NA,NA,NA,NA,NA,NA,NA
1011,Eukaryota,Arthropoda,Ostracoda,Halocyprida,Halocyprididae,Porroecia,NA
1012,Eukaryota,Echinodermata,Echinoidea,Temnopleuroida,Toxopneustidae,Lytechinus,Lytechinus pictus
1013,Eukaryota,Arthropoda,Copepoda,Calanoida,Calanidae,Calanus,Calanus pacificus
1014,Eukaryota,Arthropoda,Copepoda,Calanoida,Pontellidae,Labidocera,Labidocera trispinosa
1015,NA,NA,NA,NA,NA,NA,NA
1016,NA,NA,NA,NA,NA,NA,NA
1017,Eukaryota,Mollusca,Gastropoda,Cephalaspidea,Philinidae,Philine,NA
1018,Eukaryota,Cnidaria,Hydrozoa,Siphonophorae,Diphyidae,Lensia,Lensia campanella
1019,NA,NA,NA,NA,NA,NA,NA
1020,NA,NA,NA,NA,NA,NA,NA
1021,Eukaryota,Arthropoda,Copepoda,Calanoida,Pontellidae,Labidocera,Labidocera trispinosa
1022,Eukaryota,Arthropoda,Copepoda,Calanoida,Eucalanidae,Eucalanus,Eucalanus californicus
1023,Eukaryota,Echinodermata,Echinoidea,Temnopleuroida,Toxopneustidae,Lytechinus,Lytechinus pictus
1024,Eukaryota,Mollusca,Gastropoda,Nudibranchia,Glaucidae,Hermissenda,Hermissenda opalescens
1025,Eukaryota,Cnidaria,Hydrozoa,Trachymedusae,Halicreatidae,NA,NA
1026,Eukaryota,Arthropoda,Copepoda,Calanoida,Metridinidae,Metridia,Metridia lucens
1027,Eukaryota,Annelida,Polychaeta,Spionida,Spionidae,NA,NA
1028,Eukaryota,Echinodermata,Echinoidea,Clypeasteroida,Dendrasteridae,Dendraster,Dendraster excentricus
1029,Eukaryota,Arthropoda,Copepoda,Calanoida,Pontellidae,Labidocera,Labidocera trispinosa
1030,Eukaryota,Arthropoda,Copepoda,Calanoida,Pontellidae,Labidocera,Labidocera trispinosa
1031,NA,NA,NA,NA,NA,NA,NA
1032,Eukaryota,Arthropoda,Copepoda,Calanoida,Calanidae,Calanus,Calanus pacificus
1033,NA,NA,NA,NA,NA,NA,NA
1034,Eukaryota,Arthropoda,Malacostraca,Decapoda,Pinnotheridae,Pinnixa,Pinnixa franciscana
1035,Eukaryota,Arthropoda,Copepoda,Calanoida,Scolecitrichidae,Scolecithricella,Scolecithricella dentata
1036,Eukaryota,Arthropoda,Copepoda,Calanoida,Pontellidae,Labidocera,NA
1037,Eukaryota,Arthropoda,Copepoda,Calanoida,Pontellidae,Labidocera,Labidocera trispinosa
1038,Eukaryota,Arthropoda,Copepoda,Calanoida,Candaciidae,Candacia,Candacia curta
1039,Eukaryota,Mollusca,Gastropoda,Pteropoda,Limacinidae,NA,NA
1040,Eukaryota,Echinodermata,Echinoidea,Clypeasteroida,Dendrasteridae,Dendraster,Dendraster excentricus
1041,NA,NA,NA,NA,NA,NA,NA
1042,Eukaryota,Arthropoda,Ostracoda,Halocyprida,Halocyprididae,Conchoecia,Conchoecia magna
1043,Eukaryota,Arthropoda,Copepoda,Calanoida,Pontellidae,Labidocera,Labidocera trispinosa
1044,Eukaryota,Mollusca,Gastropoda,Nudibranchia,Glaucidae,Hermissenda,Hermissenda opalescens
1045,Eukaryota,Arthropoda,Copepoda,Calanoida,Pontellidae,Labidocera,Labidocera trispinosa
1046,NA,NA,NA,NA,NA,NA,NA
1047,Eukaryota,Bacillariophyta,Bacillariophyceae,Bacillariales,Bacillariaceae,Pseudo_nitzschia,NA
1048,Eukaryota,Arthropoda,Copepoda,Calanoida,Pontellidae,Labidocera,Labidocera trispinosa
1049,Eukaryota,Mollusca,Gastropoda,Nudibranchia,Glaucidae,Hermissenda,Hermissenda opalescens
1050,Eukaryota,Arthropoda,Copepoda,Calanoida,Pontellidae,Labidocera,Labidocera trispinosa
1051,NA,NA,NA,NA,NA,NA,NA
1052,Eukaryota,Echinodermata,Ophiuroidea,Amphilepidida,Amphiuridae,NA,NA
1053,NA,NA,NA,NA,NA,NA,NA
1054,NA,NA,NA,NA,NA,NA,NA
1055,Eukaryota,Mollusca,Gastropoda,Nudibranchia,Glaucidae,Hermissenda,Hermissenda opalescens
1056,Eukaryota,Arthropoda,Copepoda,Calanoida,Clausocalanidae,Clausocalanus,Clausocalanus arcuicornis
1057,NA,NA,NA,NA,NA,NA,NA
1058,Eukaryota,Arthropoda,Copepoda,Calanoida,Pontellidae,Labidocera,Labidocera trispinosa
1059,Eukaryota,Arthropoda,Copepoda,Calanoida,Pontellidae,Labidocera,Labidocera trispinosa
1060,Eukaryota,Echinodermata,Ophiuroidea,Amphilepidida,Ophiotrichidae,Ophiothrix,Ophiothrix spiculata
1061,Eukaryota,Mollusca,Gastropoda,Nudibranchia,Glaucidae,Hermissenda,Hermissenda opalescens
1062,Eukaryota,Arthropoda,Copepoda,Calanoida,Calanidae,Calanus,Calanus pacificus
1063,NA,NA,NA,NA,NA,NA,NA
1064,NA,NA,NA,NA,NA,NA,NA
1065,NA,NA,NA,NA,NA,NA,NA
1066,Eukaryota,Mollusca,Gastropoda,Nudibranchia,Glaucidae,Hermissenda,Hermissenda opalescens
1067,Eukaryota,Arthropoda,Copepoda,Calanoida,Calanidae,Calanus,Calanus pacificus
1068,Eukaryota,Arthropoda,Copepoda,Calanoida,Calocalanidae,NA,NA
1069,NA,NA,NA,NA,NA,NA,NA
1070,NA,NA,NA,NA,NA,NA,NA
1071,Eukaryota,Arthropoda,Ostracoda,Halocyprida,Halocyprididae,Proceroecia,Proceroecia procera
1072,NA,NA,NA,NA,NA,NA,NA
1073,Eukaryota,Arthropoda,Copepoda,Calanoida,Calanidae,Calanus,Calanus pacificus
1074,Eukaryota,Arthropoda,Copepoda,Calanoida,Calanidae,Calanus,Calanus pacificus
1075,NA,NA,NA,NA,NA,NA,NA
1076,Eukaryota,Arthropoda,Ostracoda,Halocyprida,Halocyprididae,Proceroecia,Proceroecia procera
1077,Eukaryota,Mollusca,Gastropoda,Nudibranchia,Glaucidae,Hermissenda,Hermissenda opalescens
1078,Eukaryota,Arthropoda,Copepoda,Calanoida,Pontellidae,Labidocera,Labidocera trispinosa
1079,NA,NA,NA,NA,NA,NA,NA
1080,NA,NA,NA,NA,NA,NA,NA
1081,NA,NA,NA,NA,NA,NA,NA
1082,NA,NA,NA,NA,NA,NA,NA
1083,Eukaryota,Arthropoda,Copepoda,Calanoida,Pontellidae,Labidocera,Labidocera trispinosa
1084,Eukaryota,Arthropoda,Copepoda,Calanoida,Pontellidae,Labidocera,Labidocera trispinosa
1085,NA,NA,NA,NA,NA,NA,NA
1086,NA,NA,NA,NA,NA,NA,NA
1087,Eukaryota,Arthropoda,Copepoda,Calanoida,Eucalanidae,Eucalanus,Eucalanus californicus
1088,Eukaryota,Arthropoda,Copepoda,Calanoida,Lucicutiidae,Lucicutia,Lucicutia flavicornis
1089,Eukaryota,Arthropoda,Copepoda,Calanoida,Pontellidae,Labidocera,Labidocera trispinosa
1090,NA,NA,NA,NA,NA,NA,NA
1091,NA,NA,NA,NA,NA,NA,NA
1092,NA,NA,NA,NA,NA,NA,NA
1093,Eukaryota,Arthropoda,Copepoda,Calanoida,Pontellidae,Labidocera,Labidocera trispinosa
1094,Eukaryota,Bacillariophyta,Thalassiosirophyceae,Cymatosirales,Cymatosiraceae,NA,NA
1095,Eukaryota,Arthropoda,Copepoda,Calanoida,Pontellidae,Labidocera,Labidocera trispinosa
1096,Eukaryota,Arthropoda,Copepoda,Calanoida,Calanidae,Calanus,Calanus pacificus
1097,Eukaryota,Arthropoda,Copepoda,Calanoida,Pontellidae,Labidocera,Labidocera trispinosa
1098,Eukaryota,Arthropoda,Copepoda,Calanoida,Pontellidae,Labidocera,Labidocera trispinosa
1099,Eukaryota,Mollusca,Gastropoda,Nudibranchia,Glaucidae,Hermissenda,Hermissenda opalescens
1100,NA,NA,NA,NA,NA,NA,NA
1101,NA,NA,NA,NA,NA,NA,NA
1102,NA,NA,NA,NA,NA,NA,NA
1103,Eukaryota,Arthropoda,Copepoda,Calanoida,Calanidae,Calanus,Calanus pacificus
1104,Eukaryota,Arthropoda,Copepoda,Calanoida,Pontellidae,Labidocera,Labidocera trispinosa
1105,Eukaryota,Mollusca,Gastropoda,Nudibranchia,Glaucidae,Hermissenda,Hermissenda opalescens
1106,NA,NA,NA,NA,NA,NA,NA
1107,NA,NA,NA,NA,NA,NA,NA
1108,Eukaryota,Arthropoda,Copepoda,Calanoida,Calanidae,Calanus,Calanus pacificus
1109,NA,NA,NA,NA,NA,NA,NA
1110,Eukaryota,Arthropoda,Malacostraca,Euphausiacea,Euphausiidae,Hansarsia,NA
1111,NA,NA,NA,NA,NA,NA,NA
1112,Eukaryota,Arthropoda,Malacostraca,Decapoda,Hippolytidae,Lysmata,Lysmata californica
1113,Eukaryota,Arthropoda,Copepoda,Calanoida,Pontellidae,Labidocera,Labidocera trispinosa
1114,Eukaryota,Chordata,Actinopteri,Argentiniformes,Bathylagidae,Leuroglossus,Leuroglossus stilbius
1115,Eukaryota,Mollusca,Gastropoda,Nudibranchia,Glaucidae,Hermissenda,Hermissenda opalescens
1116,NA,NA,NA,NA,NA,NA,NA
1117,Eukaryota,Arthropoda,Copepoda,Calanoida,Pontellidae,Labidocera,Labidocera trispinosa
1118,Eukaryota,Arthropoda,Copepoda,Calanoida,Pontellidae,Labidocera,Labidocera trispinosa
1119,Eukaryota,Bryozoa,Gymnolaemata,Cheilostomatida,Membraniporidae,Membranipora,NA
1120,Eukaryota,Arthropoda,Malacostraca,Decapoda,Sergestidae,Eusergestes,Eusergestes similis
1121,Eukaryota,Arthropoda,Copepoda,Calanoida,Calanidae,Calanus,Calanus pacificus
1122,Eukaryota,Arthropoda,Branchiopoda,Diplostraca,Podonidae,Pseudevadne,Pseudevadne tergestina
1123,Eukaryota,Arthropoda,Copepoda,Calanoida,Pontellidae,Labidocera,Labidocera trispinosa
1124,Eukaryota,Mollusca,Gastropoda,Nudibranchia,Glaucidae,Hermissenda,NA
1125,Eukaryota,Annelida,Polychaeta,Eunicida,Onuphidae,Diopatra,Diopatra ornata
1126,Eukaryota,Chlorophyta,Chloropicophyceae,Chloropicales,Chloropicaceae,Chloropicon,Chloropicon sieburthii
1127,Eukaryota,Arthropoda,Copepoda,Calanoida,Calanidae,Calanus,Calanus pacificus
1128,Eukaryota,Chordata,Actinopteri,Argentiniformes,Bathylagidae,Leuroglossus,Leuroglossus stilbius
1129,Eukaryota,Chordata,Actinopteri,Argentiniformes,Bathylagidae,Leuroglossus,Leuroglossus stilbius
1130,Eukaryota,Arthropoda,Copepoda,Calanoida,Aetideidae,NA,NA
1131,Eukaryota,Arthropoda,Copepoda,Calanoida,Eucalanidae,Eucalanus,Eucalanus californicus
1132,Eukaryota,Arthropoda,Malacostraca,Decapoda,Hippolytidae,Lysmata,Lysmata californica
1133,Eukaryota,Arthropoda,Copepoda,Calanoida,Calanidae,Calanus,Calanus pacificus
1134,NA,NA,NA,NA,NA,NA,NA
1135,Eukaryota,Arthropoda,Malacostraca,Decapoda,Cancridae,Metacarcinus,Metacarcinus gracilis
1136,Eukaryota,Mollusca,Gastropoda,Nudibranchia,Glaucidae,Hermissenda,Hermissenda opalescens
1137,Eukaryota,Arthropoda,Copepoda,Calanoida,Calanidae,Calanus,Calanus pacificus
1138,NA,NA,NA,NA,NA,NA,NA
1139,Eukaryota,Arthropoda,Malacostraca,Euphausiacea,Euphausiidae,Hansarsia,Hansarsia difficilis
1140,Eukaryota,Arthropoda,Copepoda,Calanoida,Eucalanidae,Eucalanus,Eucalanus californicus
1141,Eukaryota,Arthropoda,Malacostraca,Euphausiacea,Euphausiidae,Euphausia,Euphausia pacifica
1142,NA,NA,NA,NA,NA,NA,NA
1143,Eukaryota,Arthropoda,Copepoda,Calanoida,Pontellidae,Labidocera,Labidocera trispinosa
1144,Eukaryota,Arthropoda,Copepoda,Calanoida,Pontellidae,Labidocera,Labidocera trispinosa
1145,Eukaryota,Arthropoda,Copepoda,Calanoida,Pontellidae,Labidocera,Labidocera trispinosa
1146,NA,NA,NA,NA,NA,NA,NA
1147,NA,NA,NA,NA,NA,NA,NA
1148,Eukaryota,Arthropoda,Copepoda,Calanoida,Pontellidae,Labidocera,Labidocera trispinosa
1149,Eukaryota,Arthropoda,Ostracoda,Halocyprida,Halocyprididae,Halocypris,Halocypris inflata
1150,Eukaryota,Arthropoda,Copepoda,Calanoida,Eucalanidae,Eucalanus,Eucalanus californicus
1151,Eukaryota,Arthropoda,Copepoda,Calanoida,Pontellidae,Labidocera,Labidocera trispinosa
1152,Eukaryota,Arthropoda,Copepoda,Calanoida,Calanidae,Calanus,Calanus pacificus
1153,NA,NA,NA,NA,NA,NA,NA
1154,NA,NA,NA,NA,NA,NA,NA
1155,Eukaryota,Mollusca,Gastropoda,Nudibranchia,Glaucidae,Hermissenda,Hermissenda opalescens
1156,Eukaryota,Bacillariophyta,Thalassiosirophyceae,Lithodesmiales,Lithodesmiaceae,NA,NA
1157,Eukaryota,Mollusca,Gastropoda,Cephalaspidea,Philinidae,Philine,NA
1158,Eukaryota,Bryozoa,Gymnolaemata,Cheilostomatida,Membraniporidae,Membranipora,Membranipora villosa
1159,Eukaryota,Arthropoda,Copepoda,Calanoida,Scolecitrichidae,Scolecithricella,Scolecithricella dentata
1160,NA,NA,NA,NA,NA,NA,NA
1161,Eukaryota,Arthropoda,Copepoda,Calanoida,Calanidae,Calanus,Calanus pacificus
1162,Eukaryota,Mollusca,Gastropoda,Nudibranchia,Glaucidae,Hermissenda,Hermissenda opalescens
1163,Eukaryota,Arthropoda,Copepoda,Calanoida,Calanidae,Calanus,Calanus pacificus
1164,Eukaryota,Echinodermata,Ophiuroidea,Amphilepidida,Ophionereidae,Ophionereis,NA
1165,Eukaryota,Arthropoda,Copepoda,Calanoida,Calanidae,NA,NA
1166,Eukaryota,Chordata,Actinopteri,Pleuronectiformes,Pleuronectidae,Lyopsetta,Lyopsetta exilis
1167,Eukaryota,Arthropoda,Copepoda,Calanoida,Eucalanidae,Eucalanus,Eucalanus californicus
1168,Eukaryota,Arthropoda,Copepoda,Calanoida,Pontellidae,Labidocera,Labidocera trispinosa
1169,NA,NA,NA,NA,NA,NA,NA
1170,Eukaryota,Arthropoda,Copepoda,Calanoida,Pontellidae,Labidocera,Labidocera trispinosa
1171,NA,NA,NA,NA,NA,NA,NA
1172,Eukaryota,Chordata,Actinopteri,Argentiniformes,Bathylagidae,Leuroglossus,Leuroglossus stilbius
1173,Eukaryota,Chordata,Actinopteri,Perciformes,Bathymasteridae,Rathbunella,Rathbunella hypoplecta
1174,NA,NA,NA,NA,NA,NA,NA
1175,Eukaryota,Arthropoda,Ostracoda,Halocyprida,Halocyprididae,Conchoecia,Conchoecia magna
1176,Eukaryota,Mollusca,Gastropoda,Nudibranchia,Glaucidae,Hermissenda,Hermissenda opalescens
1177,NA,NA,NA,NA,NA,NA,NA
1178,Eukaryota,Arthropoda,Ostracoda,Halocyprida,Halocyprididae,Halocypris,Halocypris inflata
1179,Eukaryota,Arthropoda,Copepoda,Calanoida,Paracalanidae,Paracalanus,Paracalanus tropicus
1180,NA,NA,NA,NA,NA,NA,NA
1181,Eukaryota,Arthropoda,Copepoda,Calanoida,Pontellidae,Labidocera,Labidocera trispinosa
1182,Eukaryota,Arthropoda,Copepoda,Calanoida,Pontellidae,Labidocera,Labidocera trispinosa
1183,NA,NA,NA,NA,NA,NA,NA
1184,NA,NA,NA,NA,NA,NA,NA
1185,Eukaryota,Arthropoda,Malacostraca,Euphausiacea,Euphausiidae,Hansarsia,Hansarsia difficilis
1186,Eukaryota,Arthropoda,Copepoda,Calanoida,Calanidae,Ctenocalanus,Ctenocalanus vanus
1187,Eukaryota,Echinodermata,Ophiuroidea,Amphilepidida,Ophiocomidae,Ophiopteris,Ophiopteris papillosa
1188,NA,NA,NA,NA,NA,NA,NA
1189,Eukaryota,Arthropoda,Copepoda,Calanoida,Pontellidae,Labidocera,Labidocera trispinosa
1190,Eukaryota,Arthropoda,Copepoda,Calanoida,Scolecitrichidae,Scolecithricella,Scolecithricella dentata
1191,NA,NA,NA,NA,NA,NA,NA
1192,Eukaryota,Arthropoda,Copepoda,Calanoida,Clausocalanidae,Clausocalanus,Clausocalanus parapergens
1193,NA,NA,NA,NA,NA,NA,NA
1194,Eukaryota,Arthropoda,Ostracoda,Halocyprida,Halocyprididae,Conchoecetta,Conchoecetta giesbrechti
1195,Eukaryota,Arthropoda,Copepoda,Poecilostomatoida,Oncaeidae,Oncaea,Oncaea sp.
1196,NA,NA,NA,NA,NA,NA,NA
1197,Eukaryota,Arthropoda,Copepoda,Calanoida,Clausocalanidae,Clausocalanus,Clausocalanus jobei
1198,Eukaryota,Chordata,Actinopteri,Argentiniformes,Bathylagidae,Leuroglossus,Leuroglossus stilbius
1199,Eukaryota,Arthropoda,Copepoda,Calanoida,Pontellidae,Labidocera,Labidocera trispinosa
1200,NA,NA,NA,NA,NA,NA,NA
1201,Eukaryota,Arthropoda,Copepoda,Calanoida,Eucalanidae,Eucalanus,Eucalanus californicus
1202,Eukaryota,Chordata,Actinopteri,Lutjaniformes,Haemulidae,Brachygenys,Brachygenys californiensis
1203,Eukaryota,Chordata,Actinopteri,Argentiniformes,Bathylagidae,Leuroglossus,Leuroglossus stilbius
1204,Eukaryota,Mollusca,Gastropoda,Neogastropoda,Olividae,Olivella,Olivella baetica
1205,Eukaryota,Arthropoda,Copepoda,Calanoida,Pontellidae,Labidocera,Labidocera trispinosa
1206,Eukaryota,Bryozoa,Gymnolaemata,Cheilostomatida,Membraniporidae,Membranipora,NA
1207,Eukaryota,Mollusca,Gastropoda,Nudibranchia,Glaucidae,Hermissenda,Hermissenda opalescens
1208,NA,NA,NA,NA,NA,NA,NA
1209,Eukaryota,Arthropoda,Copepoda,Calanoida,Calanidae,Calanus,Calanus pacificus
1210,Eukaryota,Arthropoda,Copepoda,Calanoida,Pontellidae,Labidocera,Labidocera trispinosa
1211,Eukaryota,Mollusca,Gastropoda,Nudibranchia,Glaucidae,Hermissenda,Hermissenda opalescens
1212,Eukaryota,Arthropoda,Thecostraca,Balanomorpha,Balanidae,Balanus,Balanus trigonus
1213,Eukaryota,Dinophyceae,Dinophyceae,Syndiniales,Syndiniaceae,Hematodinium,NA
1214,Eukaryota,Chordata,Actinopteri,Argentiniformes,Bathylagidae,Leuroglossus,Leuroglossus stilbius
1215,NA,NA,NA,NA,NA,NA,NA
1216,NA,NA,NA,NA,NA,NA,NA
1217,Eukaryota,Arthropoda,Copepoda,Poecilostomatoida,Oncaeidae,Oncaea,Oncaea mediterranea
1218,Eukaryota,Arthropoda,Copepoda,Calanoida,Calanidae,Calanus,Calanus pacificus
1219,Eukaryota,Arthropoda,Copepoda,Calanoida,Pontellidae,Labidocera,Labidocera trispinosa
1220,NA,NA,NA,NA,NA,NA,NA
1221,Eukaryota,Mollusca,Gastropoda,Nudibranchia,Glaucidae,Hermissenda,Hermissenda opalescens
1222,Eukaryota,Bryozoa,Gymnolaemata,Cheilostomatida,Membraniporidae,Membranipora,Membranipora villosa
1223,Eukaryota,Mollusca,Gastropoda,Nudibranchia,Glaucidae,Hermissenda,Hermissenda opalescens
1224,Eukaryota,Arthropoda,Malacostraca,Decapoda,Blepharipodidae,NA,NA
1225,Eukaryota,Mollusca,Gastropoda,Nudibranchia,Glaucidae,Hermissenda,Hermissenda opalescens
1226,NA,NA,NA,NA,NA,NA,NA
1227,Eukaryota,Arthropoda,Ostracoda,Halocyprida,Halocyprididae,Conchoecia,Conchoecia magna
1228,NA,NA,NA,NA,NA,NA,NA
1229,Eukaryota,Echinodermata,Echinoidea,Temnopleuroida,Toxopneustidae,Lytechinus,Lytechinus pictus
1230,NA,NA,NA,NA,NA,NA,NA
1231,Eukaryota,Arthropoda,Malacostraca,Decapoda,Crangonidae,NA,NA
1232,NA,NA,NA,NA,NA,NA,NA
1233,Eukaryota,Arthropoda,Copepoda,Calanoida,Eucalanidae,Eucalanus,Eucalanus californicus
1234,NA,NA,NA,NA,NA,NA,NA
1235,NA,NA,NA,NA,NA,NA,NA
1236,Eukaryota,Chordata,Actinopteri,Pomacentridae,Pomacentridae,Chromis,Chromis punctipinnis
1237,Eukaryota,Arthropoda,Copepoda,Calanoida,Calanidae,Calanus,Calanus pacificus
1238,Eukaryota,Arthropoda,Copepoda,Calanoida,Eucalanidae,Eucalanus,Eucalanus californicus
1239,Eukaryota,Arthropoda,Copepoda,Calanoida,Eucalanidae,Eucalanus,Eucalanus californicus
1240,NA,NA,NA,NA,NA,NA,NA
1241,NA,NA,NA,NA,NA,NA,NA
1242,Eukaryota,Mollusca,Gastropoda,Nudibranchia,Glaucidae,Hermissenda,Hermissenda opalescens
1243,Eukaryota,Arthropoda,Copepoda,Calanoida,Eucalanidae,Eucalanus,Eucalanus californicus
1244,Eukaryota,Arthropoda,Copepoda,Calanoida,Pontellidae,Labidocera,Labidocera trispinosa
1245,Eukaryota,Arthropoda,Copepoda,Calanoida,Pontellidae,Labidocera,Labidocera trispinosa
1246,Eukaryota,Arthropoda,Malacostraca,Amphipoda,Paraphronimidae,Paraphronima,Paraphronima sp. B VIS_2020
1247,Eukaryota,Arthropoda,Copepoda,Calanoida,Eucalanidae,Eucalanus,Eucalanus californicus
1248,Eukaryota,Chordata,Actinopteri,Argentiniformes,Bathylagidae,Leuroglossus,Leuroglossus stilbius
1249,Eukaryota,Arthropoda,Copepoda,Calanoida,Pontellidae,Labidocera,Labidocera trispinosa
1250,Eukaryota,Arthropoda,Copepoda,Calanoida,Calanidae,Calanus,Calanus pacificus
1251,Eukaryota,Arthropoda,Copepoda,Calanoida,Calanidae,Calanus,Calanus pacificus
1252,Eukaryota,Arthropoda,Copepoda,Calanoida,Pontellidae,Labidocera,NA
1253,Eukaryota,Arthropoda,Copepoda,Calanoida,Pontellidae,Labidocera,Labidocera trispinosa
1254,Eukaryota,Arthropoda,Copepoda,Calanoida,Calanidae,Calanus,Calanus pacificus
1255,NA,NA,NA,NA,NA,NA,NA
1256,Eukaryota,Arthropoda,Ostracoda,Halocyprida,Halocyprididae,Conchoecia,Conchoecia magna
1257,Eukaryota,Arthropoda,Copepoda,Calanoida,Pontellidae,Labidocera,Labidocera trispinosa
1258,Eukaryota,Arthropoda,Copepoda,Calanoida,Pontellidae,Labidocera,Labidocera trispinosa
1259,Eukaryota,Arthropoda,Copepoda,Calanoida,Temoridae,Temora,Temora discaudata
1260,NA,NA,NA,NA,NA,NA,NA
1261,NA,NA,NA,NA,NA,NA,NA
1262,Eukaryota,Arthropoda,Copepoda,Calanoida,Pontellidae,Labidocera,Labidocera trispinosa
1263,Eukaryota,Arthropoda,Copepoda,Calanoida,Calanidae,Calanus,Calanus pacificus
1264,Eukaryota,Arthropoda,Copepoda,Calanoida,Pontellidae,Labidocera,Labidocera trispinosa
1265,NA,NA,NA,NA,NA,NA,NA
1266,Eukaryota,Arthropoda,Copepoda,Calanoida,Candaciidae,Candacia,Candacia bipinnata
1267,NA,NA,NA,NA,NA,NA,NA
1268,Eukaryota,Arthropoda,Copepoda,Calanoida,Eucalanidae,Eucalanus,Eucalanus californicus
1269,Eukaryota,Arthropoda,Copepoda,Calanoida,Pontellidae,Labidocera,Labidocera trispinosa
1270,Eukaryota,Arthropoda,Copepoda,Calanoida,Calanidae,Calanus,Calanus pacificus
1271,NA,NA,NA,NA,NA,NA,NA
1272,Eukaryota,Mollusca,Gastropoda,Nudibranchia,Glaucidae,Hermissenda,NA
1273,NA,NA,NA,NA,NA,NA,NA
1274,Eukaryota,Arthropoda,Malacostraca,Decapoda,Panopeidae,Lophopanopeus,Lophopanopeus bellus
1275,NA,NA,NA,NA,NA,NA,NA
1276,Eukaryota,Arthropoda,Copepoda,Calanoida,Eucalanidae,Eucalanus,Eucalanus californicus
1277,Eukaryota,Arthropoda,Copepoda,Calanoida,Pontellidae,Labidocera,Labidocera trispinosa
1278,NA,NA,NA,NA,NA,NA,NA
1279,Eukaryota,Arthropoda,Malacostraca,Decapoda,Panopeidae,Lophopanopeus,Lophopanopeus bellus
1280,Eukaryota,Arthropoda,Copepoda,Calanoida,Pontellidae,Labidocera,Labidocera trispinosa
1281,Eukaryota,Mollusca,Gastropoda,Nudibranchia,Glaucidae,Hermissenda,Hermissenda opalescens
1282,NA,NA,NA,NA,NA,NA,NA
1283,Eukaryota,Cnidaria,Hydrozoa,Siphonophorae,Diphyidae,Lensia,Lensia campanella
1284,Eukaryota,Annelida,Polychaeta,Chaetopteridae,Chaetopteridae,Spiochaetopterus,Spiochaetopterus sp. 1 JM_2017
1285,Eukaryota,Bacillariophyta,Bacillariophyceae,Bacillariales,Bacillariaceae,Pseudo_nitzschia,NA
1286,Eukaryota,Mollusca,Gastropoda,Nudibranchia,Glaucidae,Hermissenda,Hermissenda opalescens
1287,Eukaryota,Mollusca,Gastropoda,Nudibranchia,Glaucidae,Hermissenda,Hermissenda opalescens
1288,Eukaryota,Arthropoda,Copepoda,Calanoida,Eucalanidae,Eucalanus,Eucalanus californicus
1289,Eukaryota,Arthropoda,Copepoda,Calanoida,Pontellidae,Labidocera,Labidocera trispinosa
1290,NA,NA,NA,NA,NA,NA,NA
1291,NA,NA,NA,NA,NA,NA,NA
1292,Eukaryota,Arthropoda,Malacostraca,Decapoda,Hippolytidae,Lysmata,Lysmata californica
1293,NA,NA,NA,NA,NA,NA,NA
1294,NA,NA,NA,NA,NA,NA,NA
1295,Eukaryota,Arthropoda,Ostracoda,Halocyprida,Halocyprididae,Halocypris,Halocypris inflata
1296,Eukaryota,Arthropoda,Copepoda,Calanoida,Eucalanidae,Eucalanus,Eucalanus californicus
1297,NA,NA,NA,NA,NA,NA,NA
1298,Eukaryota,Mollusca,Gastropoda,Nudibranchia,Glaucidae,Hermissenda,Hermissenda opalescens
1299,Eukaryota,Chordata,Actinopteri,Argentiniformes,Bathylagidae,Leuroglossus,Leuroglossus stilbius
1300,Eukaryota,Arthropoda,Copepoda,Calanoida,Pontellidae,Labidocera,Labidocera trispinosa
1301,Eukaryota,Bryozoa,Gymnolaemata,Cheilostomatida,Membraniporidae,Membranipora,Membranipora villosa
1302,Eukaryota,Arthropoda,Copepoda,Calanoida,Pontellidae,Labidocera,Labidocera trispinosa
1303,Eukaryota,Arthropoda,Copepoda,Calanoida,Pontellidae,Labidocera,Labidocera trispinosa
1304,NA,NA,NA,NA,NA,NA,NA
1305,Eukaryota,Arthropoda,Copepoda,Calanoida,Eucalanidae,Eucalanus,Eucalanus californicus
1306,Eukaryota,Arthropoda,Copepoda,Calanoida,Pontellidae,Labidocera,Labidocera trispinosa
1307,Eukaryota,Mollusca,Gastropoda,Pteropoda,Creseidae,Styliola,Styliola sp.
1308,NA,NA,NA,NA,NA,NA,NA
1309,NA,NA,NA,NA,NA,NA,NA
1310,NA,NA,NA,NA,NA,NA,NA
1311,Eukaryota,Gastrotricha,Macrodasyida,Macrodasyida,Macrodasyidae,NA,NA
1312,NA,NA,NA,NA,NA,NA,NA
1313,NA,NA,NA,NA,NA,NA,NA
1314,Eukaryota,Bryozoa,Gymnolaemata,Cheilostomatida,Membraniporidae,Membranipora,Membranipora villosa
1315,Eukaryota,Mollusca,Gastropoda,Nudibranchia,Glaucidae,Hermissenda,NA
1316,Eukaryota,Bryozoa,Gymnolaemata,Cheilostomatida,Membraniporidae,Membranipora,Membranipora villosa
1317,Eukaryota,Bryozoa,Gymnolaemata,Cheilostomatida,Membraniporidae,Membranipora,Membranipora villosa
1318,Eukaryota,Arthropoda,Copepoda,Calanoida,Metridinidae,Pleuromamma,Pleuromamma abdominalis
1319,Eukaryota,Mollusca,Gastropoda,Nudibranchia,Glaucidae,Hermissenda,Hermissenda opalescens
1320,Eukaryota,Arthropoda,Copepoda,Calanoida,Clausocalanidae,Clausocalanus,Clausocalanus parapergens
1321,Eukaryota,Arthropoda,Copepoda,Calanoida,Acartiidae,Acartia,Acartia tonsa
1322,Eukaryota,Arthropoda,Copepoda,Calanoida,Pontellidae,Labidocera,Labidocera trispinosa
1323,Eukaryota,Arthropoda,Copepoda,Calanoida,Pontellidae,Labidocera,Labidocera trispinosa
1324,Eukaryota,Arthropoda,Copepoda,Calanoida,Eucalanidae,Eucalanus,Eucalanus californicus
1325,Eukaryota,Echinodermata,Echinoidea,Temnopleuroida,Toxopneustidae,Lytechinus,Lytechinus pictus
1326,NA,NA,NA,NA,NA,NA,NA
1327,NA,NA,NA,NA,NA,NA,NA
1328,NA,NA,NA,NA,NA,NA,NA
1329,NA,NA,NA,NA,NA,NA,NA
1330,Eukaryota,Arthropoda,Malacostraca,Euphausiacea,Euphausiidae,Nyctiphanes,Nyctiphanes simplex
1331,Eukaryota,Mollusca,Gastropoda,Nudibranchia,Glaucidae,Hermissenda,Hermissenda opalescens
1332,Eukaryota,Arthropoda,Copepoda,Calanoida,Calanidae,Calanus,Calanus pacificus
1333,Eukaryota,Arthropoda,Copepoda,Calanoida,Eucalanidae,Eucalanus,Eucalanus californicus
1334,NA,NA,NA,NA,NA,NA,NA
1335,NA,NA,NA,NA,NA,NA,NA
1336,Eukaryota,Arthropoda,Copepoda,Calanoida,Eucalanidae,Eucalanus,Eucalanus californicus
1337,Eukaryota,Mollusca,Gastropoda,Nudibranchia,Glaucidae,Hermissenda,Hermissenda opalescens
1338,Eukaryota,Chordata,Actinopteri,Myctophiformes,Myctophidae,Stenobrachius,Stenobrachius leucopsarus
1339,Eukaryota,Arthropoda,Copepoda,Calanoida,Paracalanidae,NA,NA
1340,NA,NA,NA,NA,NA,NA,NA
1341,NA,NA,NA,NA,NA,NA,NA
1342,Eukaryota,Arthropoda,Copepoda,Calanoida,Pontellidae,Labidocera,Labidocera trispinosa
1343,NA,NA,NA,NA,NA,NA,NA
1344,NA,NA,NA,NA,NA,NA,NA
1345,NA,NA,NA,NA,NA,NA,NA
1346,Eukaryota,Arthropoda,Copepoda,Calanoida,Clausocalanidae,NA,NA
1347,Eukaryota,Arthropoda,Copepoda,Calanoida,Pontellidae,Labidocera,Labidocera trispinosa
1348,Eukaryota,Arthropoda,Copepoda,Calanoida,Calanidae,Calanus,Calanus pacificus
1349,Eukaryota,Chordata,Actinopteri,Argentiniformes,Bathylagidae,Leuroglossus,Leuroglossus stilbius
1350,NA,NA,NA,NA,NA,NA,NA
1351,Eukaryota,Arthropoda,Copepoda,Calanoida,Eucalanidae,Eucalanus,Eucalanus californicus
1352,NA,NA,NA,NA,NA,NA,NA
1353,Eukaryota,Mollusca,Gastropoda,Littorinimorpha,Atlantidae,Atlanta,Atlanta sp. USNM IZ 1230636
1354,Eukaryota,Arthropoda,Copepoda,Calanoida,Pontellidae,Labidocera,NA
1355,Eukaryota,Arthropoda,Copepoda,Calanoida,Calanidae,Calanus,Calanus pacificus
1356,NA,NA,NA,NA,NA,NA,NA
1357,Eukaryota,Arthropoda,Copepoda,Calanoida,Eucalanidae,Eucalanus,Eucalanus californicus
1358,Eukaryota,Arthropoda,Copepoda,Calanoida,Pontellidae,Labidocera,Labidocera trispinosa
1359,Eukaryota,Chordata,Actinopteri,Sciaenidae,Sciaenidae,Seriphus,Seriphus politus
1360,NA,NA,NA,NA,NA,NA,NA
1361,NA,NA,NA,NA,NA,NA,NA
1362,NA,NA,NA,NA,NA,NA,NA
1363,Eukaryota,Arthropoda,Malacostraca,Decapoda,Sergestidae,Eusergestes,Eusergestes similis
1364,Eukaryota,Arthropoda,Copepoda,Calanoida,Pontellidae,Labidocera,Labidocera trispinosa
1365,Eukaryota,Arthropoda,Copepoda,Calanoida,Calanidae,Calanus,Calanus pacificus
1366,Eukaryota,Arthropoda,Copepoda,Calanoida,Pontellidae,Labidocera,Labidocera trispinosa
1367,Eukaryota,Dinophyceae,Dinophyceae,Syndiniales,Syndiniaceae,Hematodinium,NA
1368,Eukaryota,Arthropoda,Copepoda,Calanoida,Eucalanidae,Eucalanus,Eucalanus californicus
1369,Eukaryota,Arthropoda,Copepoda,Calanoida,Pontellidae,Labidocera,Labidocera trispinosa
1370,Eukaryota,Arthropoda,Copepoda,Calanoida,Calanidae,Calanus,Calanus pacificus
1371,NA,NA,NA,NA,NA,NA,NA
1372,NA,NA,NA,NA,NA,NA,NA
1373,Eukaryota,Bacillariophyta,Bacillariophyceae,Bacillariales,Bacillariaceae,Pseudo_nitzschia,NA
1374,Eukaryota,Chordata,Actinopteri,Argentiniformes,Bathylagidae,Leuroglossus,Leuroglossus stilbius
1375,Eukaryota,Arthropoda,Malacostraca,Euphausiacea,Euphausiidae,Hansarsia,Hansarsia difficilis
1376,NA,NA,NA,NA,NA,NA,NA
1377,Eukaryota,Annelida,Polychaeta,Phyllodocida,Alciopedidae,Torrea,Torrea sp. JE_2010
1378,Eukaryota,Mollusca,Gastropoda,Nudibranchia,Glaucidae,Hermissenda,Hermissenda opalescens
1379,Eukaryota,Arthropoda,Copepoda,Calanoida,Calanidae,Calanus,Calanus pacificus
1380,NA,NA,NA,NA,NA,NA,NA
1381,Eukaryota,Arthropoda,Malacostraca,Euphausiacea,Euphausiidae,Stylocheiron,NA
1382,Eukaryota,Arthropoda,Copepoda,Calanoida,Pontellidae,Labidocera,Labidocera trispinosa
1383,Eukaryota,Arthropoda,Copepoda,Calanoida,Paracalanidae,Paracalanus,Paracalanus tropicus
1384,NA,NA,NA,NA,NA,NA,NA
1385,Eukaryota,Arthropoda,Copepoda,Calanoida,Metridinidae,Pleuromamma,Pleuromamma borealis
1386,Eukaryota,Arthropoda,Copepoda,Calanoida,Calanidae,Calanus,Calanus pacificus
1387,Eukaryota,Chordata,Actinopteri,Gobiiformes,Gobiidae,Typhlogobius,Typhlogobius californiensis
1388,NA,NA,NA,NA,NA,NA,NA
1389,Eukaryota,Arthropoda,Malacostraca,Decapoda,Hippidae,Emerita,Emerita analoga
1390,Eukaryota,Annelida,Polychaeta,Phyllodocida,Phyllodocidae,NA,NA
1391,NA,NA,NA,NA,NA,NA,NA
1392,Eukaryota,Arthropoda,Malacostraca,Decapoda,Diogenidae,NA,NA
1393,Eukaryota,Arthropoda,Copepoda,Calanoida,Calanidae,Calanus,Calanus pacificus
1394,Eukaryota,Arthropoda,Copepoda,Calanoida,Pontellidae,Labidocera,Labidocera trispinosa
1395,NA,NA,NA,NA,NA,NA,NA
1396,Eukaryota,Arthropoda,Copepoda,Calanoida,Eucalanidae,Eucalanus,Eucalanus californicus
1397,NA,NA,NA,NA,NA,NA,NA
1398,Eukaryota,Arthropoda,Copepoda,Calanoida,Calanidae,Calanus,Calanus pacificus
1399,NA,NA,NA,NA,NA,NA,NA
1400,Eukaryota,Arthropoda,Copepoda,Calanoida,Metridinidae,Pleuromamma,Pleuromamma borealis
1401,NA,NA,NA,NA,NA,NA,NA
1402,NA,NA,NA,NA,NA,NA,NA
1403,Eukaryota,Mollusca,Gastropoda,Nudibranchia,Glaucidae,Hermissenda,Hermissenda opalescens
1404,NA,NA,NA,NA,NA,NA,NA
1405,Eukaryota,Arthropoda,Copepoda,Calanoida,Pontellidae,Labidocera,Labidocera trispinosa
1406,Eukaryota,Arthropoda,Copepoda,Calanoida,Pontellidae,Labidocera,Labidocera trispinosa
1407,Eukaryota,Arthropoda,Copepoda,Calanoida,Pontellidae,Labidocera,Labidocera trispinosa
1408,Eukaryota,Mollusca,Gastropoda,Nudibranchia,Glaucidae,Hermissenda,Hermissenda opalescens
1409,Eukaryota,Mollusca,Gastropoda,Nudibranchia,Glaucidae,Hermissenda,Hermissenda opalescens
1410,Eukaryota,Arthropoda,Copepoda,Calanoida,Candaciidae,Candacia,Candacia curta
1411,Eukaryota,Arthropoda,Copepoda,Calanoida,Pontellidae,Labidocera,Labidocera trispinosa
1412,NA,NA,NA,NA,NA,NA,NA
1413,Eukaryota,Chordata,Actinopteri,Argentiniformes,Bathylagidae,Leuroglossus,Leuroglossus stilbius
1414,Eukaryota,Arthropoda,Copepoda,Calanoida,Pontellidae,Labidocera,Labidocera trispinosa
1415,Eukaryota,Arthropoda,Copepoda,Calanoida,Eucalanidae,Eucalanus,Eucalanus californicus
1416,Eukaryota,Mollusca,Gastropoda,Nudibranchia,Glaucidae,Hermissenda,Hermissenda opalescens
1417,NA,NA,NA,NA,NA,NA,NA
1418,NA,NA,NA,NA,NA,NA,NA
1419,Eukaryota,Arthropoda,Copepoda,Calanoida,Eucalanidae,Eucalanus,Eucalanus californicus
1420,Eukaryota,Mollusca,Gastropoda,Nudibranchia,Glaucidae,Hermissenda,Hermissenda opalescens
1421,Eukaryota,Arthropoda,Malacostraca,Euphausiacea,Euphausiidae,Euphausia,Euphausia pacifica
1422,Eukaryota,Bacillariophyta,Bacillariophyceae,Bacillariales,Bacillariaceae,Cylindrotheca,Cylindrotheca closterium
1423,Eukaryota,Arthropoda,Copepoda,Calanoida,Pontellidae,Labidocera,Labidocera trispinosa
1424,Eukaryota,Arthropoda,Copepoda,Calanoida,Calanidae,Calanus,Calanus pacificus
1425,Eukaryota,Arthropoda,Copepoda,Calanoida,Calanidae,Calanus,Calanus pacificus
1426,NA,NA,NA,NA,NA,NA,NA
1427,Eukaryota,Arthropoda,Copepoda,Calanoida,Calanidae,Calanus,Calanus pacificus
1428,NA,NA,NA,NA,NA,NA,NA
1429,Eukaryota,Chordata,Actinopteri,Argentiniformes,Bathylagidae,Leuroglossus,Leuroglossus stilbius
1430,Eukaryota,Arthropoda,Copepoda,Calanoida,Scolecitrichidae,Scolecithricella,Scolecithricella dentata
1431,Eukaryota,Arthropoda,Copepoda,Calanoida,Eucalanidae,Eucalanus,Eucalanus californicus
1432,Eukaryota,Arthropoda,Malacostraca,Decapoda,Hippolytidae,Spirontocaris,Spirontocaris holmesi
1433,Eukaryota,Arthropoda,Copepoda,Calanoida,Pontellidae,Labidocera,NA
1434,Eukaryota,Mollusca,Gastropoda,Nudibranchia,Glaucidae,Hermissenda,Hermissenda opalescens
1435,Eukaryota,Arthropoda,Copepoda,Calanoida,Pontellidae,Labidocera,Labidocera trispinosa
1436,NA,NA,NA,NA,NA,NA,NA
1437,NA,NA,NA,NA,NA,NA,NA
1438,Eukaryota,Arthropoda,Copepoda,Calanoida,Eucalanidae,Eucalanus,Eucalanus californicus
1439,Eukaryota,Chordata,Actinopteri,Argentiniformes,Bathylagidae,Leuroglossus,Leuroglossus stilbius
1440,Eukaryota,Arthropoda,Malacostraca,Euphausiacea,Euphausiidae,Nyctiphanes,Nyctiphanes simplex
1441,Eukaryota,Arthropoda,Copepoda,Calanoida,Pontellidae,Labidocera,Labidocera trispinosa
1442,NA,NA,NA,NA,NA,NA,NA
1443,Eukaryota,Mollusca,Gastropoda,Nudibranchia,Glaucidae,Hermissenda,Hermissenda opalescens
1444,Eukaryota,Arthropoda,Copepoda,Calanoida,Pontellidae,NA,NA
1445,Eukaryota,Arthropoda,Copepoda,Calanoida,Calanidae,Calanus,Calanus pacificus
1446,Eukaryota,Arthropoda,Copepoda,Calanoida,Mecynoceridae,Mecynocera,Mecynocera clausi
1447,NA,NA,NA,NA,NA,NA,NA
1448,Eukaryota,Arthropoda,Copepoda,Calanoida,Calanidae,Calanus,Calanus pacificus
1449,NA,NA,NA,NA,NA,NA,NA
1450,Eukaryota,Arthropoda,Copepoda,Calanoida,Eucalanidae,Eucalanus,Eucalanus californicus
1451,Eukaryota,Mollusca,Gastropoda,Nudibranchia,Glaucidae,Hermissenda,Hermissenda opalescens
1452,NA,NA,NA,NA,NA,NA,NA
1453,Eukaryota,Chordata,Actinopteri,Sphyraenidae,Sphyraenidae,Sphyraena,Sphyraena argentea
1454,NA,NA,NA,NA,NA,NA,NA
1455,Eukaryota,Echinodermata,Ophiuroidea,Amphilepidida,Amphiuridae,Amphiodia,NA
1456,Eukaryota,Arthropoda,Ostracoda,Halocyprida,Halocyprididae,Porroecia,NA
1457,Eukaryota,Mollusca,Gastropoda,Pteropoda,Creseidae,Styliola,Styliola sp.
1458,Eukaryota,Bacillariophyta,Thalassiosirophyceae,Hemiaulales,Hemiaulaceae,NA,NA
1459,Eukaryota,Arthropoda,Copepoda,Calanoida,Calanidae,Calanus,Calanus pacificus
1460,Eukaryota,Mollusca,Gastropoda,Pteropoda,Creseidae,Creseis,Creseis conica
1461,Eukaryota,Arthropoda,Ostracoda,Halocyprida,Halocyprididae,NA,NA
1462,Eukaryota,Chordata,Actinopteri,Argentiniformes,Bathylagidae,Leuroglossus,Leuroglossus stilbius
1463,NA,NA,NA,NA,NA,NA,NA
1464,Eukaryota,Annelida,Polychaeta,Phyllodocida,Phyllodocidae,NA,NA
1465,Eukaryota,Arthropoda,Copepoda,Poecilostomatoida,Oncaeidae,Oncaea,Oncaea sp.
1466,Eukaryota,Arthropoda,Copepoda,Calanoida,Calanidae,Calanus,Calanus pacificus
1467,Eukaryota,Chordata,Actinopteri,Argentiniformes,Bathylagidae,Leuroglossus,Leuroglossus stilbius
1468,Eukaryota,Mollusca,Gastropoda,Nudibranchia,Glaucidae,Hermissenda,Hermissenda opalescens
1469,Eukaryota,Arthropoda,Copepoda,Calanoida,Calanidae,Calanus,Calanus pacificus
1470,Eukaryota,Arthropoda,Malacostraca,Decapoda,Cancridae,NA,NA
1471,NA,NA,NA,NA,NA,NA,NA
1472,Eukaryota,Arthropoda,Copepoda,Calanoida,Calanidae,Calanus,Calanus pacificus
1473,Eukaryota,Mollusca,Gastropoda,Nudibranchia,Glaucidae,Hermissenda,NA
1474,Eukaryota,Arthropoda,Copepoda,Calanoida,Pontellidae,Labidocera,Labidocera trispinosa
1475,NA,NA,NA,NA,NA,NA,NA
1476,Eukaryota,Arthropoda,Copepoda,Calanoida,Eucalanidae,Eucalanus,Eucalanus californicus
1477,NA,NA,NA,NA,NA,NA,NA
1478,Eukaryota,Arthropoda,Copepoda,Calanoida,Clausocalanidae,Clausocalanus,Clausocalanus jobei
1479,Eukaryota,Echinodermata,Asteroidea,Paxillosida,Luidiidae,Luidia,Luidia foliolata
1480,Eukaryota,Arthropoda,Copepoda,Calanoida,Calanidae,Calanus,Calanus pacificus
1481,Eukaryota,Arthropoda,Copepoda,Calanoida,Calanidae,Calanus,Calanus pacificus
1482,Eukaryota,Chordata,Actinopteri,Argentiniformes,Bathylagidae,Leuroglossus,Leuroglossus stilbius
1483,Eukaryota,Arthropoda,Copepoda,Calanoida,Pontellidae,Labidocera,Labidocera trispinosa
1484,NA,NA,NA,NA,NA,NA,NA
1485,Eukaryota,Arthropoda,Copepoda,Calanoida,Eucalanidae,Eucalanus,Eucalanus californicus
1486,NA,NA,NA,NA,NA,NA,NA
1487,NA,NA,NA,NA,NA,NA,NA
1488,NA,NA,NA,NA,NA,NA,NA
1489,Eukaryota,Mollusca,Gastropoda,Cephalaspidea,Philinidae,Philine,NA
1490,NA,NA,NA,NA,NA,NA,NA
1491,NA,NA,NA,NA,NA,NA,NA
1492,Eukaryota,Bryozoa,Gymnolaemata,Cheilostomatida,Membraniporidae,Membranipora,Membranipora villosa
1493,Eukaryota,Chordata,Actinopteri,Sciaenidae,Sciaenidae,Seriphus,Seriphus politus
1494,Eukaryota,Bryozoa,Gymnolaemata,Cheilostomatida,Membraniporidae,NA,NA
1495,Eukaryota,Mollusca,Gastropoda,Nudibranchia,Glaucidae,Hermissenda,NA
1496,Eukaryota,Arthropoda,Copepoda,Calanoida,Calanidae,Calanus,Calanus pacificus
1497,Eukaryota,Arthropoda,Copepoda,Calanoida,Eucalanidae,Eucalanus,Eucalanus californicus
1498,Eukaryota,Arthropoda,Copepoda,Calanoida,Eucalanidae,Eucalanus,Eucalanus californicus
1499,Eukaryota,Arthropoda,Copepoda,Calanoida,Pontellidae,Labidocera,Labidocera trispinosa
1500,Eukaryota,Mollusca,Cephalopoda,Octopoda,Octopodidae,Octopus,NA
1501,NA,NA,NA,NA,NA,NA,NA
1502,NA,NA,NA,NA,NA,NA,NA
1503,Eukaryota,Arthropoda,Copepoda,Calanoida,Clausocalanidae,Clausocalanus,Clausocalanus parapergens
1504,NA,NA,NA,NA,NA,NA,NA
1505,Eukaryota,Mollusca,Gastropoda,Nudibranchia,Glaucidae,Hermissenda,Hermissenda opalescens
1506,Eukaryota,Echinodermata,Ophiuroidea,Amphilepidida,Amphiuridae,Amphiodia,NA
1507,NA,NA,NA,NA,NA,NA,NA
1508,NA,NA,NA,NA,NA,NA,NA
1509,NA,NA,NA,NA,NA,NA,NA
1510,Eukaryota,Echinodermata,Asteroidea,Valvatida,Asterinidae,Patiria,Patiria miniata
1511,NA,NA,NA,NA,NA,NA,NA
1512,Eukaryota,Cnidaria,Hydrozoa,Anthoathecata,Pandeidae,Leuckartiara,Leuckartiara longicalcar
1513,NA,NA,NA,NA,NA,NA,NA
1514,Eukaryota,Arthropoda,Copepoda,Calanoida,Eucalanidae,Eucalanus,Eucalanus californicus
1515,Eukaryota,Arthropoda,Copepoda,Calanoida,Eucalanidae,Eucalanus,Eucalanus californicus
1516,NA,NA,NA,NA,NA,NA,NA
1517,Eukaryota,Arthropoda,Copepoda,Calanoida,Eucalanidae,Eucalanus,Eucalanus californicus
1518,NA,NA,NA,NA,NA,NA,NA
1519,Eukaryota,Arthropoda,Copepoda,Calanoida,Eucalanidae,Eucalanus,Eucalanus californicus
1520,Eukaryota,Mollusca,Gastropoda,Nudibranchia,Glaucidae,Hermissenda,Hermissenda opalescens
1521,Eukaryota,Arthropoda,Malacostraca,Euphausiacea,Euphausiidae,Euphausia,Euphausia pacifica
1522,NA,NA,NA,NA,NA,NA,NA
1523,Eukaryota,Arthropoda,Copepoda,Calanoida,Pontellidae,Labidocera,NA
1524,Eukaryota,Arthropoda,Copepoda,Calanoida,Pontellidae,Labidocera,Labidocera trispinosa
1525,NA,NA,NA,NA,NA,NA,NA
1526,NA,NA,NA,NA,NA,NA,NA
1527,NA,NA,NA,NA,NA,NA,NA
1528,Eukaryota,Arthropoda,Copepoda,Calanoida,Calanidae,Calanus,Calanus pacificus
1529,NA,NA,NA,NA,NA,NA,NA
1530,Eukaryota,Arthropoda,Copepoda,Calanoida,Pontellidae,Labidocera,Labidocera trispinosa
1531,Eukaryota,Arthropoda,Copepoda,Poecilostomatoida,Oncaeidae,Oncaea,Oncaea sp.
1532,Eukaryota,Mollusca,Gastropoda,Pteropoda,Creseidae,Styliola,Styliola sp.
1533,Eukaryota,Arthropoda,Ostracoda,Halocyprida,Halocyprididae,Proceroecia,Proceroecia procera
1534,NA,NA,NA,NA,NA,NA,NA
1535,Eukaryota,Echinodermata,Echinoidea,Temnopleuroida,Toxopneustidae,Lytechinus,Lytechinus pictus
1536,Eukaryota,Arthropoda,Copepoda,Calanoida,Eucalanidae,Eucalanus,Eucalanus californicus
1537,Eukaryota,Mollusca,Gastropoda,Nudibranchia,Glaucidae,Hermissenda,Hermissenda opalescens
1538,Eukaryota,Arthropoda,Copepoda,Calanoida,Aetideidae,NA,NA
1539,Eukaryota,Arthropoda,Ostracoda,Halocyprida,Halocyprididae,Proceroecia,Proceroecia procera
1540,Eukaryota,Arthropoda,Copepoda,Calanoida,Scolecitrichidae,Scolecithricella,Scolecithricella dentata
1541,Eukaryota,Arthropoda,Copepoda,Calanoida,Clausocalanidae,Clausocalanus,Clausocalanus jobei
1542,Eukaryota,Echinodermata,Echinoidea,Temnopleuroida,Toxopneustidae,Lytechinus,Lytechinus pictus
1543,Eukaryota,Arthropoda,Copepoda,Calanoida,Eucalanidae,Eucalanus,Eucalanus californicus
1544,NA,NA,NA,NA,NA,NA,NA
1545,Eukaryota,Arthropoda,Copepoda,Calanoida,Pontellidae,Labidocera,Labidocera trispinosa
1546,NA,NA,NA,NA,NA,NA,NA
1547,NA,NA,NA,NA,NA,NA,NA
1548,NA,NA,NA,NA,NA,NA,NA
1549,Eukaryota,Arthropoda,Ostracoda,Halocyprida,Halocyprididae,Conchoecia,Conchoecia magna
1550,NA,NA,NA,NA,NA,NA,NA
1551,Eukaryota,Arthropoda,Copepoda,Poecilostomatoida,Oncaeidae,Oncaea,Oncaea sp.
1552,Eukaryota,Arthropoda,Copepoda,Calanoida,Eucalanidae,Eucalanus,Eucalanus californicus
1553,Eukaryota,Mollusca,Gastropoda,Nudibranchia,Glaucidae,Hermissenda,Hermissenda opalescens
1554,Eukaryota,Arthropoda,Malacostraca,Decapoda,Diogenidae,Isocheles,Isocheles pilosus
1555,NA,NA,NA,NA,NA,NA,NA
1556,NA,NA,NA,NA,NA,NA,NA
1557,Eukaryota,Haptophyta,Phaeocystales,Phaeocystales,Phaeocystaceae,Phaeocystis,NA
1558,NA,NA,NA,NA,NA,NA,NA
1559,Eukaryota,Mollusca,Gastropoda,Nudibranchia,Glaucidae,Hermissenda,Hermissenda opalescens
1560,NA,NA,NA,NA,NA,NA,NA
1561,Eukaryota,Arthropoda,Copepoda,Calanoida,Pontellidae,Labidocera,Labidocera trispinosa
1562,Eukaryota,Arthropoda,Copepoda,Calanoida,Pontellidae,Labidocera,Labidocera trispinosa
1563,NA,NA,NA,NA,NA,NA,NA
1564,NA,NA,NA,NA,NA,NA,NA
1565,Eukaryota,Mollusca,Gastropoda,Pteropoda,Cliidae,Clio,Clio pyramidata
1566,NA,NA,NA,NA,NA,NA,NA
1567,Eukaryota,Chordata,Actinopteri,Argentiniformes,Bathylagidae,Leuroglossus,Leuroglossus stilbius
1568,Eukaryota,Arthropoda,Copepoda,Calanoida,Pontellidae,Labidocera,Labidocera trispinosa
1569,Eukaryota,Arthropoda,Copepoda,Calanoida,Pontellidae,Labidocera,Labidocera trispinosa
1570,NA,NA,NA,NA,NA,NA,NA
1571,NA,NA,NA,NA,NA,NA,NA
1572,NA,NA,NA,NA,NA,NA,NA
1573,Eukaryota,Arthropoda,Copepoda,Calanoida,Scolecitrichidae,Scolecithricella,Scolecithricella dentata
1574,NA,NA,NA,NA,NA,NA,NA
1575,Eukaryota,Arthropoda,Copepoda,Calanoida,Scolecitrichidae,Scolecithricella,Scolecithricella dentata
1576,Eukaryota,Arthropoda,Copepoda,Calanoida,Calanidae,Calanus,Calanus pacificus
1577,NA,NA,NA,NA,NA,NA,NA
1578,NA,NA,NA,NA,NA,NA,NA
1579,Eukaryota,Arthropoda,Copepoda,Calanoida,Eucalanidae,Eucalanus,Eucalanus californicus
1580,Eukaryota,Arthropoda,Copepoda,Calanoida,Pontellidae,Labidocera,Labidocera trispinosa
1581,Eukaryota,Arthropoda,Copepoda,Calanoida,Calanidae,Calanus,Calanus pacificus
1582,Eukaryota,Arthropoda,Copepoda,Calanoida,Pontellidae,Labidocera,Labidocera trispinosa
1583,Eukaryota,Arthropoda,Copepoda,Calanoida,Pontellidae,Labidocera,Labidocera trispinosa
1584,NA,NA,NA,NA,NA,NA,NA
1585,Eukaryota,Arthropoda,Copepoda,Calanoida,Eucalanidae,Eucalanus,Eucalanus californicus
1586,NA,NA,NA,NA,NA,NA,NA
1587,NA,NA,NA,NA,NA,NA,NA
1588,Eukaryota,Arthropoda,Copepoda,Calanoida,Calanidae,Calanus,Calanus pacificus
1589,NA,NA,NA,NA,NA,NA,NA
1590,Eukaryota,Chordata,Actinopteri,Myctophiformes,Myctophidae,Triphoturus,Triphoturus mexicanus
1591,NA,NA,NA,NA,NA,NA,NA
1592,Eukaryota,Arthropoda,Copepoda,Calanoida,Euchaetidae,Euchaeta,Euchaeta marina
1593,Eukaryota,Arthropoda,Copepoda,Calanoida,Clausocalanidae,Clausocalanus,Clausocalanus parapergens
1594,Eukaryota,Arthropoda,Copepoda,Calanoida,Metridinidae,Pleuromamma,Pleuromamma xiphias
1595,NA,NA,NA,NA,NA,NA,NA
1596,NA,NA,NA,NA,NA,NA,NA
1597,Eukaryota,Arthropoda,Copepoda,Calanoida,Eucalanidae,Eucalanus,Eucalanus californicus
1598,NA,NA,NA,NA,NA,NA,NA
1599,NA,NA,NA,NA,NA,NA,NA
1600,NA,NA,NA,NA,NA,NA,NA
1601,Eukaryota,Annelida,Polychaeta,Phyllodocida,Phyllodocidae,NA,NA
1602,NA,NA,NA,NA,NA,NA,NA
1603,NA,NA,NA,NA,NA,NA,NA
1604,Eukaryota,Chordata,Actinopteri,Argentiniformes,Argentinidae,Argentina,Argentina sialis
1605,NA,NA,NA,NA,NA,NA,NA
1606,Eukaryota,Echinodermata,Echinoidea,Temnopleuroida,Toxopneustidae,Lytechinus,Lytechinus pictus
1607,Eukaryota,Arthropoda,Copepoda,Calanoida,Pontellidae,Labidocera,Labidocera trispinosa
1608,Eukaryota,Mollusca,Gastropoda,Nudibranchia,Glaucidae,Hermissenda,Hermissenda opalescens
1609,Eukaryota,Arthropoda,Copepoda,Calanoida,Calanidae,Calanus,Calanus pacificus
1610,NA,NA,NA,NA,NA,NA,NA
1611,Eukaryota,Arthropoda,Copepoda,Calanoida,Clausocalanidae,Clausocalanus,Clausocalanus furcatus
1612,Eukaryota,Arthropoda,Copepoda,Calanoida,Eucalanidae,Eucalanus,Eucalanus californicus
1613,Eukaryota,Arthropoda,Copepoda,Calanoida,Paracalanidae,Paracalanus,Paracalanus tropicus
1614,Eukaryota,Arthropoda,Ostracoda,Halocyprida,Halocyprididae,NA,NA
1615,Eukaryota,Dinophyceae,Dinophyceae,Syndiniales,Syndiniaceae,Hematodinium,NA
1616,NA,NA,NA,NA,NA,NA,NA
1617,Eukaryota,Chordata,Actinopteri,Argentiniformes,Bathylagidae,Leuroglossus,Leuroglossus stilbius
1618,Eukaryota,Arthropoda,Copepoda,Calanoida,Pontellidae,Labidocera,Labidocera trispinosa
1619,Eukaryota,Arthropoda,Copepoda,Calanoida,Pontellidae,Labidocera,Labidocera trispinosa
1620,Eukaryota,Arthropoda,Copepoda,Calanoida,Pontellidae,Labidocera,Labidocera trispinosa
1621,Eukaryota,Arthropoda,Copepoda,Calanoida,Eucalanidae,Eucalanus,Eucalanus californicus
1622,Eukaryota,Arthropoda,Copepoda,Calanoida,Pontellidae,Labidocera,Labidocera trispinosa
1623,Eukaryota,Mollusca,Gastropoda,Nudibranchia,Glaucidae,Hermissenda,Hermissenda opalescens
1624,Eukaryota,Arthropoda,Copepoda,Calanoida,Eucalanidae,Eucalanus,Eucalanus californicus
1625,Eukaryota,Arthropoda,Ostracoda,Halocyprida,Halocyprididae,Proceroecia,Proceroecia procera
1626,Eukaryota,Arthropoda,Copepoda,Calanoida,Eucalanidae,Eucalanus,NA
1627,Eukaryota,Cnidaria,Hydrozoa,Siphonophorae,Resomiidae,Resomia,Resomia ornicephala
1628,Eukaryota,Mollusca,Gastropoda,Nudibranchia,Glaucidae,Hermissenda,Hermissenda opalescens
1629,Eukaryota,Arthropoda,Copepoda,Calanoida,Pontellidae,Labidocera,Labidocera trispinosa
1630,NA,NA,NA,NA,NA,NA,NA
1631,NA,NA,NA,NA,NA,NA,NA
1632,NA,NA,NA,NA,NA,NA,NA
1633,Eukaryota,Arthropoda,Copepoda,Calanoida,Clausocalanidae,Clausocalanus,Clausocalanus jobei
1634,Eukaryota,Arthropoda,Malacostraca,Euphausiacea,Euphausiidae,Hansarsia,NA
1635,Eukaryota,Arthropoda,Ostracoda,Halocyprida,Halocyprididae,NA,NA
1636,Eukaryota,Mollusca,Gastropoda,Pteropoda,Creseidae,Creseis,Creseis conica
1637,Eukaryota,Arthropoda,Copepoda,Calanoida,Pontellidae,Labidocera,Labidocera trispinosa
1638,NA,NA,NA,NA,NA,NA,NA
1639,Eukaryota,Arthropoda,Copepoda,Calanoida,Paracalanidae,Paracalanus,Paracalanus tropicus
1640,Eukaryota,Arthropoda,Copepoda,Calanoida,Mecynoceridae,Mecynocera,Mecynocera clausi
1641,Eukaryota,Arthropoda,Copepoda,Calanoida,Calanidae,Calanus,Calanus pacificus
1642,NA,NA,NA,NA,NA,NA,NA
1643,NA,NA,NA,NA,NA,NA,NA
1644,NA,NA,NA,NA,NA,NA,NA
1645,Eukaryota,Mollusca,Gastropoda,Nudibranchia,Glaucidae,Hermissenda,Hermissenda opalescens
1646,Eukaryota,Mollusca,Gastropoda,Nudibranchia,Glaucidae,Hermissenda,Hermissenda opalescens
1647,Eukaryota,Arthropoda,Copepoda,Calanoida,Eucalanidae,Eucalanus,Eucalanus californicus
1648,Eukaryota,Echinodermata,Echinoidea,Camarodonta,Strongylocentrotidae,Strongylocentrotus,Strongylocentrotus purpuratus
1649,NA,NA,NA,NA,NA,NA,NA
1650,Eukaryota,Arthropoda,Malacostraca,Euphausiacea,Euphausiidae,Hansarsia,NA
1651,NA,NA,NA,NA,NA,NA,NA
1652,Eukaryota,Chlorophyta,Chloropicophyceae,Chloropicales,Chloropicaceae,Chloroparvula,NA
1653,NA,NA,NA,NA,NA,NA,NA
1654,Eukaryota,Mollusca,Gastropoda,Nudibranchia,Glaucidae,Hermissenda,Hermissenda opalescens
1655,NA,NA,NA,NA,NA,NA,NA
1656,Eukaryota,Echinodermata,Echinoidea,Temnopleuroida,Toxopneustidae,Lytechinus,Lytechinus pictus
1657,NA,NA,NA,NA,NA,NA,NA
1658,Eukaryota,Arthropoda,Ostracoda,Halocyprida,Halocyprididae,Discoconchoecia,Discoconchoecia sp. S8_D6
1659,NA,NA,NA,NA,NA,NA,NA
1660,Eukaryota,Arthropoda,Ostracoda,Halocyprida,Halocyprididae,Discoconchoecia,NA
1661,Eukaryota,Arthropoda,Copepoda,Calanoida,Scolecitrichidae,Scolecithricella,Scolecithricella dentata
1662,NA,NA,NA,NA,NA,NA,NA
1663,Eukaryota,Arthropoda,Copepoda,Calanoida,Calanidae,Calanus,Calanus pacificus
1664,Eukaryota,Arthropoda,Copepoda,Calanoida,Eucalanidae,Eucalanus,Eucalanus californicus
1665,Eukaryota,Arthropoda,Copepoda,Calanoida,Calanidae,Calanus,Calanus pacificus
1666,Eukaryota,Arthropoda,Copepoda,Poecilostomatoida,Oncaeidae,Oncaea,Oncaea sp.
1667,Eukaryota,Arthropoda,Ostracoda,Halocyprida,Halocyprididae,Conchoecetta,Conchoecetta giesbrechti
1668,Eukaryota,Arthropoda,Copepoda,Calanoida,Eucalanidae,Eucalanus,Eucalanus californicus
1669,NA,NA,NA,NA,NA,NA,NA
1670,Eukaryota,Arthropoda,Copepoda,Calanoida,Eucalanidae,Rhincalanus,Rhincalanus nasutus
1671,NA,NA,NA,NA,NA,NA,NA
1672,Eukaryota,Arthropoda,Copepoda,Poecilostomatoida,Corycaeidae,Farranula,NA
1673,NA,NA,NA,NA,NA,NA,NA
1674,NA,NA,NA,NA,NA,NA,NA
1675,Eukaryota,Chordata,Actinopteri,Gadiformes,Merlucciidae,Merluccius,Merluccius productus
1676,Eukaryota,Bryozoa,Gymnolaemata,Cheilostomatida,Membraniporidae,NA,NA
1677,NA,NA,NA,NA,NA,NA,NA
1678,Eukaryota,Arthropoda,Copepoda,Calanoida,Eucalanidae,Eucalanus,Eucalanus californicus
1679,Eukaryota,Arthropoda,Copepoda,Calanoida,Eucalanidae,Eucalanus,Eucalanus californicus
1680,Eukaryota,Arthropoda,Copepoda,Calanoida,Eucalanidae,Eucalanus,Eucalanus californicus
1681,Eukaryota,Arthropoda,Copepoda,Calanoida,Eucalanidae,Eucalanus,Eucalanus californicus
1682,Eukaryota,Echinodermata,Echinoidea,Camarodonta,Strongylocentrotidae,Mesocentrotus,Mesocentrotus franciscanus
1683,Eukaryota,Arthropoda,Copepoda,Calanoida,Scolecitrichidae,Scolecithricella,Scolecithricella dentata
1684,Eukaryota,Arthropoda,Ostracoda,Halocyprida,Halocyprididae,Discoconchoecia,NA
1685,Eukaryota,Chordata,Actinopteri,Argentiniformes,Bathylagidae,Leuroglossus,Leuroglossus stilbius
1686,Eukaryota,Arthropoda,Copepoda,Calanoida,Eucalanidae,Eucalanus,Eucalanus californicus
1687,NA,NA,NA,NA,NA,NA,NA
1688,Eukaryota,Arthropoda,Copepoda,Calanoida,Calanidae,Calanus,Calanus pacificus
1689,Eukaryota,Arthropoda,Copepoda,Calanoida,Pontellidae,Labidocera,Labidocera trispinosa
1690,NA,NA,NA,NA,NA,NA,NA
1691,Eukaryota,Mollusca,Gastropoda,Nudibranchia,Glaucidae,Hermissenda,NA
1692,Eukaryota,Arthropoda,Copepoda,Calanoida,Eucalanidae,Eucalanus,Eucalanus californicus
1693,Eukaryota,Echinodermata,Echinoidea,Camarodonta,Strongylocentrotidae,Strongylocentrotus,Strongylocentrotus sp. 17_FA_006
1694,NA,NA,NA,NA,NA,NA,NA
1695,NA,NA,NA,NA,NA,NA,NA
1696,Eukaryota,Arthropoda,Copepoda,Calanoida,Candaciidae,Candacia,Candacia bipinnata
1697,Eukaryota,Cnidaria,Hydrozoa,Siphonophorae,Diphyidae,Lensia,Lensia campanella
1698,NA,NA,NA,NA,NA,NA,NA
1699,Eukaryota,Arthropoda,Copepoda,Calanoida,Calanidae,Calanus,Calanus pacificus
1700,NA,NA,NA,NA,NA,NA,NA
1701,Eukaryota,Bryozoa,Gymnolaemata,Cheilostomatida,Membraniporidae,Membranipora,Membranipora villosa
1702,Eukaryota,Arthropoda,Copepoda,Calanoida,Eucalanidae,Eucalanus,Eucalanus californicus
1703,NA,NA,NA,NA,NA,NA,NA
1704,Eukaryota,Arthropoda,Copepoda,Calanoida,Pontellidae,Labidocera,Labidocera trispinosa
1705,Eukaryota,Arthropoda,Copepoda,Calanoida,Calanidae,Calanus,Calanus pacificus
1706,Eukaryota,Arthropoda,Ostracoda,Halocyprida,Halocyprididae,Halocypris,Halocypris inflata
1707,Eukaryota,Arthropoda,Malacostraca,Euphausiacea,Euphausiidae,Euphausia,Euphausia pacifica
1708,Eukaryota,Arthropoda,Copepoda,Calanoida,Eucalanidae,Eucalanus,Eucalanus californicus
1709,NA,NA,NA,NA,NA,NA,NA
1710,NA,NA,NA,NA,NA,NA,NA
1711,Eukaryota,Bryozoa,Gymnolaemata,Cheilostomatida,Membraniporidae,Membranipora,Membranipora villosa
1712,Eukaryota,Arthropoda,Copepoda,Calanoida,Euchaetidae,Euchaeta,Euchaeta marina
1713,Eukaryota,Mollusca,Gastropoda,Nudibranchia,Glaucidae,Hermissenda,NA
1714,Eukaryota,Raphidophyceae,Raphidophyceae,Chattonellales,Chattonellaceae,Fibrocapsa,Fibrocapsa japonica
1715,Eukaryota,Arthropoda,Copepoda,Calanoida,Calanidae,Calanus,Calanus pacificus
1716,NA,NA,NA,NA,NA,NA,NA
1717,NA,NA,NA,NA,NA,NA,NA
1718,Eukaryota,Arthropoda,Copepoda,Calanoida,Pontellidae,Labidocera,Labidocera trispinosa
1719,NA,NA,NA,NA,NA,NA,NA
1720,Eukaryota,Arthropoda,Copepoda,Calanoida,Pontellidae,Labidocera,Labidocera trispinosa
1721,Eukaryota,Bryozoa,Gymnolaemata,Cheilostomatida,Membraniporidae,Membranipora,Membranipora villosa
1722,Eukaryota,Mollusca,Gastropoda,Neogastropoda,Olividae,Callianax,Callianax biplicata
1723,Eukaryota,Arthropoda,Copepoda,Calanoida,Pontellidae,Labidocera,Labidocera trispinosa
1724,NA,NA,NA,NA,NA,NA,NA
1725,Eukaryota,Arthropoda,Copepoda,Calanoida,Pontellidae,Labidocera,Labidocera trispinosa
1726,NA,NA,NA,NA,NA,NA,NA
1727,NA,NA,NA,NA,NA,NA,NA
1728,NA,NA,NA,NA,NA,NA,NA
1729,Eukaryota,Arthropoda,Copepoda,Calanoida,Calanidae,Calanus,Calanus pacificus
1730,Eukaryota,Arthropoda,Copepoda,Calanoida,Pontellidae,Labidocera,Labidocera trispinosa
1731,Eukaryota,Arthropoda,Malacostraca,Decapoda,Cancridae,Romaleon,Romaleon antennarium
1732,NA,NA,NA,NA,NA,NA,NA
1733,NA,NA,NA,NA,NA,NA,NA
1734,Eukaryota,Chordata,Actinopteri,Perciformes,Serranidae,Paralabrax,Paralabrax nebulifer
1735,Eukaryota,Mollusca,Cephalopoda,Oegopsida,Enoploteuthidae,NA,NA
1736,Eukaryota,Arthropoda,Copepoda,Calanoida,Eucalanidae,Eucalanus,Eucalanus californicus
1737,Eukaryota,Arthropoda,Copepoda,Calanoida,Pontellidae,Labidocera,Labidocera trispinosa
1738,Eukaryota,Arthropoda,Copepoda,Calanoida,Pontellidae,Labidocera,Labidocera trispinosa
1739,NA,NA,NA,NA,NA,NA,NA
1740,Eukaryota,Arthropoda,Copepoda,Calanoida,Eucalanidae,Eucalanus,Eucalanus californicus
1741,Eukaryota,Arthropoda,Copepoda,Calanoida,Eucalanidae,Eucalanus,Eucalanus californicus
1742,NA,NA,NA,NA,NA,NA,NA
1743,Eukaryota,Cnidaria,Hydrozoa,Siphonophorae,Agalmatidae,Nanomia,NA
1744,Eukaryota,Haptophyta,Phaeocystales,Phaeocystales,Phaeocystaceae,Phaeocystis,Phaeocystis cordata
1745,Eukaryota,Arthropoda,Malacostraca,Decapoda,Hippolytidae,Lysmata,Lysmata californica
1746,NA,NA,NA,NA,NA,NA,NA
1747,Eukaryota,Arthropoda,Copepoda,Calanoida,Mecynoceridae,Mecynocera,Mecynocera clausi
1748,NA,NA,NA,NA,NA,NA,NA
1749,Eukaryota,Arthropoda,Ostracoda,Halocyprida,Halocyprididae,Proceroecia,Proceroecia procera
1750,Eukaryota,Arthropoda,Copepoda,Calanoida,Eucalanidae,Eucalanus,Eucalanus californicus
1751,NA,NA,NA,NA,NA,NA,NA
1752,Eukaryota,Arthropoda,Copepoda,Calanoida,Pontellidae,Labidocera,Labidocera trispinosa
1753,Eukaryota,Arthropoda,Copepoda,Calanoida,Pontellidae,Labidocera,Labidocera trispinosa
1754,Eukaryota,Arthropoda,Copepoda,Calanoida,Calanidae,Calanus,Calanus pacificus
1755,Eukaryota,Arthropoda,Copepoda,Calanoida,Calanidae,Calanus,Calanus pacificus
1756,Eukaryota,Arthropoda,Copepoda,Calanoida,Eucalanidae,Eucalanus,Eucalanus californicus
1757,NA,NA,NA,NA,NA,NA,NA
1758,Eukaryota,Echinodermata,Ophiuroidea,Amphilepidida,Amphiuridae,NA,NA
1759,Eukaryota,Arthropoda,Copepoda,Calanoida,Clausocalanidae,Clausocalanus,Clausocalanus arcuicornis
1760,Eukaryota,Arthropoda,Copepoda,Calanoida,Calanidae,Calanus,Calanus pacificus
1761,Eukaryota,Mollusca,Gastropoda,Nudibranchia,Glaucidae,Hermissenda,Hermissenda opalescens
1762,Eukaryota,Chordata,Actinopteri,Argentiniformes,Bathylagidae,Leuroglossus,Leuroglossus stilbius
1763,Eukaryota,Arthropoda,Copepoda,Calanoida,Pontellidae,Labidocera,Labidocera trispinosa
1764,Eukaryota,Arthropoda,Copepoda,Calanoida,Calanidae,Calanus,Calanus pacificus
1765,NA,NA,NA,NA,NA,NA,NA
1766,Eukaryota,Arthropoda,Copepoda,Calanoida,Eucalanidae,Eucalanus,Eucalanus californicus
1767,NA,NA,NA,NA,NA,NA,NA
1768,Eukaryota,Arthropoda,Copepoda,Calanoida,Calanidae,Calanus,Calanus pacificus
1769,Eukaryota,Mollusca,Gastropoda,Nudibranchia,Glaucidae,Hermissenda,Hermissenda opalescens
1770,NA,NA,NA,NA,NA,NA,NA
1771,Eukaryota,Arthropoda,Copepoda,Calanoida,Pontellidae,Labidocera,Labidocera trispinosa
1772,Eukaryota,Bryozoa,Gymnolaemata,Cheilostomatida,Membraniporidae,Membranipora,NA
1773,Eukaryota,Arthropoda,Copepoda,Calanoida,Eucalanidae,Eucalanus,Eucalanus californicus
1774,Eukaryota,Arthropoda,Copepoda,Calanoida,Eucalanidae,Eucalanus,Eucalanus californicus
1775,Eukaryota,Arthropoda,Copepoda,Calanoida,Eucalanidae,Eucalanus,Eucalanus californicus
1776,Eukaryota,Arthropoda,Ostracoda,Halocyprida,Halocyprididae,Discoconchoecia,NA
1777,Eukaryota,Arthropoda,Copepoda,Calanoida,Eucalanidae,Eucalanus,Eucalanus californicus
1778,Eukaryota,Chordata,Actinopteri,Myctophiformes,Myctophidae,Triphoturus,Triphoturus mexicanus
1779,Eukaryota,Bryozoa,Gymnolaemata,Cheilostomatida,Membraniporidae,Membranipora,NA
1780,Eukaryota,Mollusca,Gastropoda,Nudibranchia,Glaucidae,Hermissenda,Hermissenda opalescens
1781,Eukaryota,Bacillariophyta,Thalassiosirophyceae,Cymatosirales,Cymatosiraceae,NA,NA
1782,Eukaryota,Bryozoa,Gymnolaemata,Cheilostomatida,Membraniporidae,NA,NA
1783,Eukaryota,Arthropoda,Copepoda,Calanoida,Clausocalanidae,Clausocalanus,Clausocalanus arcuicornis
1784,NA,NA,NA,NA,NA,NA,NA
1785,Eukaryota,Chordata,Actinopteri,Argentiniformes,Bathylagidae,Leuroglossus,Leuroglossus stilbius
1786,Eukaryota,Mollusca,Gastropoda,Nudibranchia,Glaucidae,Hermissenda,Hermissenda opalescens
1787,Eukaryota,Arthropoda,Copepoda,Calanoida,Calanidae,Calanus,Calanus pacificus
1788,Eukaryota,Arthropoda,Copepoda,Calanoida,Pontellidae,Labidocera,Labidocera trispinosa
1789,NA,NA,NA,NA,NA,NA,NA
1790,Eukaryota,Arthropoda,Copepoda,Calanoida,Pontellidae,Labidocera,Labidocera trispinosa
1791,Eukaryota,Arthropoda,Ostracoda,Halocyprida,Halocyprididae,Halocypris,Halocypris inflata
1792,NA,NA,NA,NA,NA,NA,NA
1793,Eukaryota,Bryozoa,Gymnolaemata,Cheilostomatida,Membraniporidae,Membranipora,Membranipora villosa
1794,Eukaryota,Arthropoda,Copepoda,Calanoida,Eucalanidae,Eucalanus,Eucalanus californicus
1795,Eukaryota,Arthropoda,Copepoda,Calanoida,Eucalanidae,Eucalanus,Eucalanus californicus
1796,Eukaryota,Arthropoda,Copepoda,Calanoida,Eucalanidae,Eucalanus,Eucalanus californicus
1797,NA,NA,NA,NA,NA,NA,NA
1798,NA,NA,NA,NA,NA,NA,NA
1799,NA,NA,NA,NA,NA,NA,NA
1800,Eukaryota,Arthropoda,Ostracoda,Halocyprida,Halocyprididae,Mikroconchoecia,Mikroconchoecia sp. Os099_1_3
1801,NA,NA,NA,NA,NA,NA,NA
1802,Eukaryota,Arthropoda,Copepoda,Calanoida,Candaciidae,Candacia,Candacia bipinnata
1803,Eukaryota,Arthropoda,Copepoda,Calanoida,Clausocalanidae,Clausocalanus,Clausocalanus furcatus
1804,Eukaryota,Arthropoda,Copepoda,Calanoida,Calanidae,Calanus,Calanus pacificus
1805,Eukaryota,Arthropoda,Copepoda,Calanoida,Calanidae,Calanus,Calanus pacificus
1806,NA,NA,NA,NA,NA,NA,NA
1807,Eukaryota,Arthropoda,Copepoda,Calanoida,Calanidae,Calanus,Calanus pacificus
1808,Eukaryota,Arthropoda,Copepoda,Calanoida,Calanidae,Calanus,Calanus pacificus
1809,Eukaryota,Arthropoda,Copepoda,Calanoida,Eucalanidae,Eucalanus,Eucalanus californicus
1810,Eukaryota,Mollusca,Gastropoda,Nudibranchia,Glaucidae,Hermissenda,Hermissenda opalescens
1811,Eukaryota,Arthropoda,Copepoda,Calanoida,Pontellidae,Labidocera,Labidocera trispinosa
1812,NA,NA,NA,NA,NA,NA,NA
1813,Eukaryota,Mollusca,Gastropoda,Nudibranchia,Glaucidae,Hermissenda,Hermissenda opalescens
1814,Eukaryota,Arthropoda,Copepoda,Calanoida,Pontellidae,Labidocera,Labidocera trispinosa
1815,Eukaryota,Arthropoda,Copepoda,Calanoida,Mecynoceridae,Mecynocera,Mecynocera clausi
1816,Eukaryota,Arthropoda,Copepoda,Calanoida,Pontellidae,Labidocera,Labidocera trispinosa
1817,Eukaryota,Mollusca,Gastropoda,Pteropoda,Creseidae,Styliola,Styliola sp.
1818,Eukaryota,Arthropoda,Copepoda,Calanoida,Eucalanidae,Eucalanus,Eucalanus californicus
1819,Eukaryota,Chordata,Actinopteri,Argentiniformes,Bathylagidae,Leuroglossus,Leuroglossus stilbius
1820,Eukaryota,Arthropoda,Copepoda,Calanoida,Pontellidae,Labidocera,Labidocera trispinosa
1821,Eukaryota,Arthropoda,Copepoda,Calanoida,Eucalanidae,Eucalanus,Eucalanus californicus
1822,Eukaryota,Mollusca,Gastropoda,Nudibranchia,Glaucidae,Hermissenda,Hermissenda opalescens
1823,NA,NA,NA,NA,NA,NA,NA
1824,Eukaryota,Arthropoda,Thecostraca,Balanomorpha,Balanidae,Balanus,Balanus trigonus
1825,Eukaryota,Mollusca,Gastropoda,Nudibranchia,Glaucidae,Hermissenda,NA
1826,NA,NA,NA,NA,NA,NA,NA
1827,Eukaryota,Mollusca,Gastropoda,Nudibranchia,Glaucidae,Hermissenda,Hermissenda opalescens
1828,Eukaryota,Arthropoda,Copepoda,Calanoida,Euchaetidae,Euchaeta,NA
1829,Eukaryota,Arthropoda,Ostracoda,Halocyprida,Halocyprididae,Proceroecia,Proceroecia procera
1830,Eukaryota,Echinodermata,Echinoidea,Temnopleuroida,Toxopneustidae,Lytechinus,Lytechinus pictus
1831,NA,NA,NA,NA,NA,NA,NA
1832,NA,NA,NA,NA,NA,NA,NA
1833,Eukaryota,Arthropoda,Copepoda,Calanoida,Eucalanidae,Eucalanus,Eucalanus californicus
1834,Eukaryota,Arthropoda,Copepoda,Calanoida,Pontellidae,Labidocera,Labidocera trispinosa
1835,Eukaryota,Arthropoda,Copepoda,Calanoida,Pontellidae,Labidocera,Labidocera trispinosa
1836,NA,NA,NA,NA,NA,NA,NA
1837,Eukaryota,Bryozoa,Gymnolaemata,Cheilostomatida,Membraniporidae,Membranipora,Membranipora villosa
1838,Eukaryota,Mollusca,Gastropoda,Nudibranchia,Glaucidae,Hermissenda,Hermissenda opalescens
1839,NA,NA,NA,NA,NA,NA,NA
1840,Eukaryota,Arthropoda,Copepoda,Calanoida,Eucalanidae,Eucalanus,Eucalanus californicus
1841,NA,NA,NA,NA,NA,NA,NA
1842,Eukaryota,Arthropoda,Ostracoda,Halocyprida,Halocyprididae,Conchoecia,Conchoecia magna
1843,NA,NA,NA,NA,NA,NA,NA
1844,Eukaryota,Chordata,Actinopteri,Argentiniformes,Bathylagidae,Leuroglossus,Leuroglossus stilbius
1845,Eukaryota,Arthropoda,Copepoda,Calanoida,Pontellidae,Labidocera,Labidocera trispinosa
1846,NA,NA,NA,NA,NA,NA,NA
1847,NA,NA,NA,NA,NA,NA,NA
1848,Eukaryota,Arthropoda,Thecostraca,Balanomorpha,Balanidae,Balanus,Balanus trigonus
1849,NA,NA,NA,NA,NA,NA,NA
1850,Eukaryota,Arthropoda,Copepoda,Poecilostomatoida,Corycaeidae,Farranula,NA
1851,Eukaryota,Arthropoda,Copepoda,Calanoida,Calanidae,Neocalanus,Neocalanus gracilis
1852,NA,NA,NA,NA,NA,NA,NA
1853,Eukaryota,Mollusca,Gastropoda,Nudibranchia,Glaucidae,Hermissenda,NA
1854,NA,NA,NA,NA,NA,NA,NA
1855,Eukaryota,Arthropoda,Copepoda,Calanoida,Calanidae,Calanus,Calanus pacificus
1856,Eukaryota,Chordata,Actinopteri,Clupeiformes,Clupeidae,Sardinops,Sardinops sagax
1857,NA,NA,NA,NA,NA,NA,NA
1858,Eukaryota,Mollusca,Gastropoda,Pteropoda,Peraclidae,NA,NA
1859,Eukaryota,Arthropoda,Ostracoda,Halocyprida,Halocyprididae,Halocypris,Halocypris inflata
1860,Eukaryota,Annelida,Polychaeta,Phyllodocida,Phyllodocidae,NA,NA
1861,NA,NA,NA,NA,NA,NA,NA
1862,Eukaryota,Arthropoda,Copepoda,Calanoida,Scolecitrichidae,Scolecithricella,Scolecithricella dentata
1863,Eukaryota,Arthropoda,Copepoda,Calanoida,Calanidae,Calanus,Calanus pacificus
1864,NA,NA,NA,NA,NA,NA,NA
1865,NA,NA,NA,NA,NA,NA,NA
1866,NA,NA,NA,NA,NA,NA,NA
1867,NA,NA,NA,NA,NA,NA,NA
1868,NA,NA,NA,NA,NA,NA,NA
1869,Eukaryota,Arthropoda,Branchiopoda,Diplostraca,Podonidae,Pseudevadne,Pseudevadne tergestina
1870,Eukaryota,Annelida,Polychaeta,Spionida,Spionidae,NA,NA
1871,NA,NA,NA,NA,NA,NA,NA
1872,Eukaryota,Arthropoda,Copepoda,Calanoida,Mecynoceridae,Mecynocera,Mecynocera clausi
1873,Eukaryota,Arthropoda,Copepoda,Calanoida,Scolecitrichidae,Scolecithricella,Scolecithricella dentata
1874,NA,NA,NA,NA,NA,NA,NA
1875,Eukaryota,Arthropoda,Copepoda,Calanoida,Eucalanidae,Eucalanus,Eucalanus californicus
1876,NA,NA,NA,NA,NA,NA,NA
1877,NA,NA,NA,NA,NA,NA,NA
1878,Eukaryota,Arthropoda,Ostracoda,Halocyprida,Halocyprididae,Halocypris,Halocypris inflata
1879,Eukaryota,Arthropoda,Malacostraca,Euphausiacea,Euphausiidae,Nyctiphanes,Nyctiphanes simplex
1880,NA,NA,NA,NA,NA,NA,NA
1881,Eukaryota,Mollusca,Gastropoda,Nudibranchia,Glaucidae,Hermissenda,Hermissenda opalescens
1882,Eukaryota,Arthropoda,Copepoda,Calanoida,Pontellidae,Labidocera,Labidocera trispinosa
1883,NA,NA,NA,NA,NA,NA,NA
1884,NA,NA,NA,NA,NA,NA,NA
1885,Eukaryota,Arthropoda,Copepoda,Calanoida,Pontellidae,Labidocera,Labidocera trispinosa
1886,Eukaryota,Arthropoda,Malacostraca,Euphausiacea,Euphausiidae,Euphausia,Euphausia gibboides
1887,Eukaryota,Arthropoda,Copepoda,Calanoida,Aetideidae,NA,NA
1888,NA,NA,NA,NA,NA,NA,NA
1889,Eukaryota,Arthropoda,Copepoda,Calanoida,Scolecitrichidae,Scolecithrix,Scolecithrix bradyi
1890,NA,NA,NA,NA,NA,NA,NA
1891,Eukaryota,Arthropoda,Malacostraca,Decapoda,Callianassidae,NA,NA
1892,NA,NA,NA,NA,NA,NA,NA
1893,Eukaryota,Arthropoda,Copepoda,Calanoida,Calocalanidae,Calocalanus,Calocalanus tenuis
1894,Eukaryota,Arthropoda,Copepoda,Calanoida,Calanidae,Calanus,Calanus pacificus
1895,NA,NA,NA,NA,NA,NA,NA
1896,Eukaryota,Arthropoda,Ostracoda,Halocyprida,Halocyprididae,Archiconchoecia,Archiconchoecia striata
1897,Eukaryota,Arthropoda,Copepoda,Calanoida,Mecynoceridae,Mecynocera,Mecynocera clausi
1898,NA,NA,NA,NA,NA,NA,NA
1899,Eukaryota,Arthropoda,Ostracoda,Halocyprida,Halocyprididae,Proceroecia,Proceroecia procera
1900,Eukaryota,Arthropoda,Copepoda,Poecilostomatoida,Oncaeidae,Oncaea,Oncaea sp.
1901,Eukaryota,Arthropoda,Copepoda,Calanoida,Clausocalanidae,Clausocalanus,Clausocalanus parapergens
1902,Eukaryota,Arthropoda,Copepoda,Calanoida,Mecynoceridae,Mecynocera,Mecynocera clausi
1903,NA,NA,NA,NA,NA,NA,NA
1904,NA,NA,NA,NA,NA,NA,NA
1905,Eukaryota,Arthropoda,Copepoda,Calanoida,Eucalanidae,Eucalanus,Eucalanus californicus
1906,Eukaryota,Arthropoda,Copepoda,Calanoida,Pontellidae,Labidocera,NA
1907,Eukaryota,Mollusca,Gastropoda,Nudibranchia,Glaucidae,Hermissenda,NA
1908,Eukaryota,Mollusca,Gastropoda,Nudibranchia,Glaucidae,Hermissenda,Hermissenda opalescens
1909,Eukaryota,Mollusca,Gastropoda,Nudibranchia,Glaucidae,Hermissenda,Hermissenda opalescens
1910,Eukaryota,Arthropoda,Copepoda,Calanoida,Calanidae,Calanus,Calanus pacificus
1911,NA,NA,NA,NA,NA,NA,NA
1912,NA,NA,NA,NA,NA,NA,NA
1913,Eukaryota,Arthropoda,Malacostraca,Euphausiacea,Euphausiidae,Nyctiphanes,Nyctiphanes simplex
1914,Eukaryota,Arthropoda,Malacostraca,Euphausiacea,Euphausiidae,Nyctiphanes,Nyctiphanes simplex
1915,NA,NA,NA,NA,NA,NA,NA
1916,NA,NA,NA,NA,NA,NA,NA
1917,Eukaryota,Arthropoda,Copepoda,Calanoida,Calanidae,Calanus,Calanus pacificus
1918,Eukaryota,Arthropoda,Copepoda,Calanoida,Eucalanidae,Eucalanus,Eucalanus californicus
1919,Eukaryota,Mollusca,Gastropoda,Nudibranchia,Glaucidae,Hermissenda,Hermissenda opalescens
1920,Eukaryota,Arthropoda,Copepoda,Calanoida,Metridinidae,Pleuromamma,Pleuromamma abdominalis
1921,Eukaryota,Arthropoda,Copepoda,Calanoida,Pontellidae,Labidocera,Labidocera trispinosa
1922,NA,NA,NA,NA,NA,NA,NA
1923,Eukaryota,Bryozoa,Gymnolaemata,Cheilostomatida,Membraniporidae,Membranipora,Membranipora villosa
1924,NA,NA,NA,NA,NA,NA,NA
1925,Eukaryota,Arthropoda,Copepoda,Calanoida,Mecynoceridae,Mecynocera,Mecynocera clausi
1926,Eukaryota,Arthropoda,Copepoda,Calanoida,Eucalanidae,Eucalanus,Eucalanus californicus
1927,Eukaryota,Arthropoda,Copepoda,Calanoida,Eucalanidae,Eucalanus,Eucalanus californicus
1928,Eukaryota,Arthropoda,Copepoda,Calanoida,Pontellidae,Labidocera,Labidocera trispinosa
1929,Eukaryota,Mollusca,Gastropoda,Nudibranchia,Glaucidae,Hermissenda,Hermissenda opalescens
1930,NA,NA,NA,NA,NA,NA,NA
1931,NA,NA,NA,NA,NA,NA,NA
1932,Eukaryota,Arthropoda,Copepoda,Calanoida,Clausocalanidae,Clausocalanus,Clausocalanus furcatus
1933,Eukaryota,Chordata,Actinopteri,Myctophiformes,Myctophidae,Nannobrachium,Nannobrachium ritteri
1934,Eukaryota,Arthropoda,Ostracoda,Halocyprida,Halocyprididae,Proceroecia,Proceroecia procera
1935,NA,NA,NA,NA,NA,NA,NA
1936,NA,NA,NA,NA,NA,NA,NA
1937,Eukaryota,Arthropoda,Copepoda,Calanoida,Eucalanidae,Eucalanus,Eucalanus californicus
1938,Eukaryota,Arthropoda,Copepoda,Calanoida,Clausocalanidae,Clausocalanus,Clausocalanus jobei
1939,Eukaryota,Arthropoda,Copepoda,Calanoida,Eucalanidae,Eucalanus,Eucalanus californicus
1940,Eukaryota,Arthropoda,Copepoda,Calanoida,Eucalanidae,Eucalanus,Eucalanus californicus
1941,Eukaryota,Chordata,Actinopteri,Argentiniformes,Bathylagidae,Leuroglossus,Leuroglossus stilbius
1942,Eukaryota,Arthropoda,Copepoda,Calanoida,Calanidae,Calanus,Calanus pacificus
1943,Eukaryota,Arthropoda,Copepoda,Calanoida,Pontellidae,Labidocera,Labidocera trispinosa
1944,Eukaryota,Arthropoda,Copepoda,Calanoida,Calanidae,Calanus,Calanus pacificus
1945,Eukaryota,Mollusca,Gastropoda,Pteropoda,Creseidae,Creseis,Creseis conica
1946,NA,NA,NA,NA,NA,NA,NA
1947,Eukaryota,Arthropoda,Copepoda,Calanoida,Eucalanidae,Eucalanus,Eucalanus californicus
1948,Eukaryota,Arthropoda,Copepoda,Calanoida,Heterorhabdidae,NA,NA
1949,Eukaryota,Bryozoa,Gymnolaemata,Cheilostomatida,Membraniporidae,Membranipora,Membranipora villosa
1950,Eukaryota,Arthropoda,Malacostraca,Euphausiacea,Euphausiidae,Nyctiphanes,Nyctiphanes simplex
1951,NA,NA,NA,NA,NA,NA,NA
1952,Eukaryota,Arthropoda,Copepoda,Calanoida,Eucalanidae,Eucalanus,Eucalanus californicus
1953,Eukaryota,Mollusca,Gastropoda,Nudibranchia,Glaucidae,Hermissenda,Hermissenda opalescens
1954,Eukaryota,Arthropoda,Copepoda,Calanoida,Pontellidae,Labidocera,Labidocera trispinosa
1955,Eukaryota,Bryozoa,Gymnolaemata,Cheilostomatida,Membraniporidae,Membranipora,Membranipora villosa
1956,Eukaryota,Arthropoda,Copepoda,Calanoida,Calanidae,Calanus,Calanus pacificus
1957,NA,NA,NA,NA,NA,NA,NA
1958,Eukaryota,Arthropoda,Copepoda,Calanoida,Eucalanidae,Eucalanus,Eucalanus californicus
1959,Eukaryota,Arthropoda,Copepoda,Calanoida,Eucalanidae,Eucalanus,Eucalanus californicus
1960,Eukaryota,Mollusca,Gastropoda,Nudibranchia,Glaucidae,Hermissenda,Hermissenda opalescens
1961,NA,NA,NA,NA,NA,NA,NA
1962,Eukaryota,Mollusca,Gastropoda,Pteropoda,Creseidae,Styliola,Styliola sp.
1963,Eukaryota,Arthropoda,Copepoda,Calanoida,Eucalanidae,Eucalanus,Eucalanus californicus
1964,Eukaryota,Arthropoda,Copepoda,Calanoida,Pontellidae,Labidocera,Labidocera trispinosa
1965,NA,NA,NA,NA,NA,NA,NA
1966,Eukaryota,Arthropoda,Copepoda,Calanoida,Clausocalanidae,NA,NA
1967,NA,NA,NA,NA,NA,NA,NA
1968,Eukaryota,Arthropoda,Malacostraca,Decapoda,Panopeidae,Lophopanopeus,Lophopanopeus bellus
1969,Eukaryota,Arthropoda,Copepoda,Calanoida,Calanidae,Calanus,Calanus pacificus
1970,NA,NA,NA,NA,NA,NA,NA
1971,NA,NA,NA,NA,NA,NA,NA
1972,Eukaryota,Arthropoda,Copepoda,Poecilostomatoida,Oncaeidae,Oncaea,Oncaea sp.
1973,Eukaryota,Mollusca,Gastropoda,Nudibranchia,Glaucidae,Hermissenda,Hermissenda opalescens
1974,Eukaryota,Arthropoda,Copepoda,Calanoida,Candaciidae,Candacia,Candacia curta
1975,NA,NA,NA,NA,NA,NA,NA
1976,NA,NA,NA,NA,NA,NA,NA
1977,NA,NA,NA,NA,NA,NA,NA
1978,NA,NA,NA,NA,NA,NA,NA
1979,NA,NA,NA,NA,NA,NA,NA
1980,NA,NA,NA,NA,NA,NA,NA
1981,Eukaryota,Arthropoda,Malacostraca,Euphausiacea,Euphausiidae,Thysanoessa,Thysanoessa gregaria
1982,NA,NA,NA,NA,NA,NA,NA
1983,NA,NA,NA,NA,NA,NA,NA
1984,NA,NA,NA,NA,NA,NA,NA
1985,NA,NA,NA,NA,NA,NA,NA
1986,Eukaryota,Chordata,Actinopteri,Argentiniformes,Bathylagidae,Leuroglossus,Leuroglossus stilbius
1987,Eukaryota,Arthropoda,Copepoda,Calanoida,Eucalanidae,Eucalanus,Eucalanus californicus
1988,NA,NA,NA,NA,NA,NA,NA
1989,Eukaryota,Mollusca,Gastropoda,Nudibranchia,Glaucidae,Hermissenda,NA
1990,Eukaryota,Cnidaria,Hydrozoa,Siphonophorae,Diphyidae,Lensia,Lensia campanella
1991,Eukaryota,Arthropoda,Copepoda,Calanoida,Pontellidae,Labidocera,Labidocera trispinosa
1992,Eukaryota,Mollusca,Gastropoda,Nudibranchia,Glaucidae,Hermissenda,Hermissenda opalescens
1993,Eukaryota,Arthropoda,Copepoda,Calanoida,Eucalanidae,Eucalanus,Eucalanus californicus
1994,Eukaryota,Arthropoda,Copepoda,Calanoida,Pontellidae,Labidocera,Labidocera trispinosa
1995,Eukaryota,Arthropoda,Malacostraca,Euphausiacea,Euphausiidae,Euphausia,Euphausia pacifica
1996,Eukaryota,Arthropoda,Copepoda,Calanoida,Eucalanidae,Eucalanus,Eucalanus californicus
1997,Eukaryota,Chordata,Actinopteri,Myctophiformes,Myctophidae,Triphoturus,Triphoturus mexicanus
1998,Eukaryota,Arthropoda,Ostracoda,Halocyprida,Halocyprididae,Discoconchoecia,NA
1999,NA,NA,NA,NA,NA,NA,NA
2000,Eukaryota,Arthropoda,Copepoda,Calanoida,Scolecitrichidae,Scolecithricella,Scolecithricella dentata
2001,Eukaryota,Arthropoda,Copepoda,Calanoida,Calanidae,Calanus,Calanus pacificus
2002,NA,NA,NA,NA,NA,NA,NA
2003,NA,NA,NA,NA,NA,NA,NA
2004,Eukaryota,Arthropoda,Malacostraca,Euphausiacea,Euphausiidae,Hansarsia,Hansarsia difficilis
2005,Eukaryota,Arthropoda,Copepoda,Calanoida,Calanidae,Calanus,Calanus pacificus
2006,Eukaryota,Arthropoda,Copepoda,Calanoida,Pontellidae,Labidocera,Labidocera trispinosa
2007,Eukaryota,Arthropoda,Copepoda,Calanoida,Pontellidae,Labidocera,Labidocera trispinosa
2008,Eukaryota,Mollusca,Gastropoda,Nudibranchia,Glaucidae,Hermissenda,NA
2009,Eukaryota,Arthropoda,Copepoda,Calanoida,Eucalanidae,Eucalanus,Eucalanus californicus
2010,Eukaryota,Arthropoda,Copepoda,Calanoida,Pontellidae,Labidocera,Labidocera trispinosa
2011,Eukaryota,Arthropoda,Copepoda,Calanoida,Eucalanidae,Eucalanus,Eucalanus californicus
2012,Eukaryota,Arthropoda,Copepoda,Calanoida,Eucalanidae,Eucalanus,Eucalanus californicus
2013,Eukaryota,Arthropoda,Thecostraca,Balanomorpha,Balanidae,Balanus,Balanus trigonus
2014,Eukaryota,Arthropoda,Copepoda,Calanoida,Calocalanidae,Calocalanus,NA
2015,Eukaryota,Mollusca,Gastropoda,Nudibranchia,Glaucidae,Hermissenda,Hermissenda opalescens
2016,Eukaryota,Bacillariophyta,Thalassiosirophyceae,Cymatosirales,Cymatosiraceae,NA,NA
2017,NA,NA,NA,NA,NA,NA,NA
2018,NA,NA,NA,NA,NA,NA,NA
2019,NA,NA,NA,NA,NA,NA,NA
2020,NA,NA,NA,NA,NA,NA,NA
2021,Eukaryota,Arthropoda,Copepoda,Calanoida,Eucalanidae,Eucalanus,Eucalanus californicus
2022,Eukaryota,Arthropoda,Copepoda,Calanoida,Pontellidae,Labidocera,Labidocera trispinosa
2023,NA,NA,NA,NA,NA,NA,NA
2024,NA,NA,NA,NA,NA,NA,NA
2025,NA,NA,NA,NA,NA,NA,NA
2026,NA,NA,NA,NA,NA,NA,NA
2027,Eukaryota,Arthropoda,Copepoda,Poecilostomatoida,Oncaeidae,Oncaea,Oncaea sp.
2028,Eukaryota,Mollusca,Gastropoda,Nudibranchia,Glaucidae,Hermissenda,Hermissenda opalescens
2029,Eukaryota,Arthropoda,Copepoda,Calanoida,Pontellidae,Labidocera,Labidocera trispinosa
2030,NA,NA,NA,NA,NA,NA,NA
2031,NA,NA,NA,NA,NA,NA,NA
2032,NA,NA,NA,NA,NA,NA,NA
2033,NA,NA,NA,NA,NA,NA,NA
2034,Eukaryota,Haptophyta,Phaeocystales,Phaeocystales,Phaeocystaceae,Phaeocystis,Phaeocystis cordata
2035,Eukaryota,Arthropoda,Copepoda,Calanoida,Metridinidae,Pleuromamma,Pleuromamma borealis
2036,NA,NA,NA,NA,NA,NA,NA
2037,Eukaryota,Arthropoda,Copepoda,Poecilostomatoida,Oncaeidae,Oncaea,Oncaea sp.
2038,NA,NA,NA,NA,NA,NA,NA
2039,Eukaryota,Arthropoda,Copepoda,Calanoida,Clausocalanidae,Clausocalanus,Clausocalanus jobei
2040,Eukaryota,Mollusca,Gastropoda,Nudibranchia,Glaucidae,Hermissenda,Hermissenda opalescens
2041,Eukaryota,Arthropoda,Copepoda,Calanoida,Mecynoceridae,Mecynocera,Mecynocera clausi
2042,NA,NA,NA,NA,NA,NA,NA
2043,NA,NA,NA,NA,NA,NA,NA
2044,Eukaryota,Arthropoda,Malacostraca,Euphausiacea,Euphausiidae,Euphausia,Euphausia pacifica
2045,NA,NA,NA,NA,NA,NA,NA
2046,NA,NA,NA,NA,NA,NA,NA
2047,NA,NA,NA,NA,NA,NA,NA
2048,NA,NA,NA,NA,NA,NA,NA
2049,NA,NA,NA,NA,NA,NA,NA
2050,Eukaryota,Bryozoa,Gymnolaemata,Cheilostomatida,Membraniporidae,Membranipora,Membranipora villosa
2051,Eukaryota,Mollusca,Gastropoda,Nudibranchia,Glaucidae,Hermissenda,Hermissenda opalescens
2052,Eukaryota,Arthropoda,Copepoda,Calanoida,Eucalanidae,Eucalanus,Eucalanus californicus
2053,Eukaryota,Cnidaria,Hydrozoa,Siphonophorae,Diphyidae,Lensia,Lensia campanella
2054,NA,NA,NA,NA,NA,NA,NA
2055,Eukaryota,Arthropoda,Copepoda,Calanoida,Eucalanidae,Eucalanus,Eucalanus californicus
2056,Eukaryota,Arthropoda,Copepoda,Calanoida,Eucalanidae,Eucalanus,Eucalanus californicus
2057,Eukaryota,Arthropoda,Copepoda,Calanoida,Eucalanidae,Eucalanus,Eucalanus californicus
2058,Eukaryota,Arthropoda,Copepoda,Calanoida,Candaciidae,Candacia,Candacia curta
2059,Eukaryota,Bryozoa,Gymnolaemata,Cheilostomatida,Membraniporidae,Membranipora,Membranipora villosa
2060,NA,NA,NA,NA,NA,NA,NA
2061,NA,NA,NA,NA,NA,NA,NA
2062,NA,NA,NA,NA,NA,NA,NA
2063,Eukaryota,Arthropoda,Ostracoda,Halocyprida,Halocyprididae,Conchoecetta,Conchoecetta giesbrechti
2064,NA,NA,NA,NA,NA,NA,NA
2065,Eukaryota,Mollusca,Gastropoda,Pteropoda,Cliidae,Clio,Clio pyramidata
2066,NA,NA,NA,NA,NA,NA,NA
2067,Eukaryota,Arthropoda,Malacostraca,Euphausiacea,Euphausiidae,Hansarsia,NA
2068,NA,NA,NA,NA,NA,NA,NA
2069,Eukaryota,Arthropoda,Copepoda,Calanoida,Eucalanidae,Eucalanus,Eucalanus californicus
2070,Eukaryota,Arthropoda,Copepoda,Calanoida,Eucalanidae,Eucalanus,Eucalanus californicus
2071,NA,NA,NA,NA,NA,NA,NA
2072,NA,NA,NA,NA,NA,NA,NA
2073,Eukaryota,Arthropoda,Copepoda,Calanoida,Eucalanidae,Eucalanus,Eucalanus californicus
2074,Eukaryota,Arthropoda,Copepoda,Calanoida,Pontellidae,Labidocera,Labidocera trispinosa
2075,NA,NA,NA,NA,NA,NA,NA
2076,NA,NA,NA,NA,NA,NA,NA
2077,NA,NA,NA,NA,NA,NA,NA
2078,Eukaryota,Arthropoda,Copepoda,Poecilostomatoida,Oncaeidae,Oncaea,NA
2079,NA,NA,NA,NA,NA,NA,NA
2080,Eukaryota,Echinodermata,Asteroidea,Paxillosida,Luidiidae,Luidia,Luidia sp. NSMT E_14364
2081,Eukaryota,Arthropoda,Malacostraca,Decapoda,Hippolytidae,Lysmata,Lysmata californica
2082,NA,NA,NA,NA,NA,NA,NA
2083,Eukaryota,Arthropoda,Copepoda,Calanoida,Calanidae,Calanus,Calanus pacificus
2084,Eukaryota,Chordata,Actinopteri,Argentiniformes,Bathylagidae,Leuroglossus,Leuroglossus stilbius
2085,NA,NA,NA,NA,NA,NA,NA
2086,Eukaryota,Arthropoda,Copepoda,Calanoida,Eucalanidae,Eucalanus,Eucalanus californicus
2087,Eukaryota,Arthropoda,Copepoda,Calanoida,Pontellidae,Labidocera,Labidocera trispinosa
2088,Eukaryota,Arthropoda,Copepoda,Calanoida,Pontellidae,Labidocera,Labidocera trispinosa
2089,Eukaryota,Arthropoda,Copepoda,Calanoida,Pontellidae,Labidocera,Labidocera trispinosa
2090,NA,NA,NA,NA,NA,NA,NA
2091,Eukaryota,Arthropoda,Copepoda,Calanoida,Pontellidae,Labidocera,Labidocera trispinosa
2092,Eukaryota,Arthropoda,Copepoda,Calanoida,Calanidae,Calanus,Calanus pacificus
2093,Eukaryota,Arthropoda,Copepoda,Calanoida,Pontellidae,Labidocera,Labidocera trispinosa
2094,Eukaryota,Arthropoda,Copepoda,Calanoida,Pontellidae,Labidocera,Labidocera trispinosa
2095,NA,NA,NA,NA,NA,NA,NA
2096,NA,NA,NA,NA,NA,NA,NA
2097,NA,NA,NA,NA,NA,NA,NA
2098,Eukaryota,Arthropoda,Copepoda,Calanoida,Eucalanidae,Eucalanus,Eucalanus californicus
2099,NA,NA,NA,NA,NA,NA,NA
2100,NA,NA,NA,NA,NA,NA,NA
2101,Eukaryota,Arthropoda,Ostracoda,Halocyprida,Halocyprididae,Discoconchoecia,Discoconchoecia sp. S8_D6
2102,NA,NA,NA,NA,NA,NA,NA
2103,Eukaryota,Arthropoda,Copepoda,Calanoida,Eucalanidae,Eucalanus,Eucalanus californicus
2104,Eukaryota,Echinodermata,Ophiuroidea,Amphilepidida,Ophiactidae,Ophiopholis,NA
2105,Eukaryota,Arthropoda,Copepoda,Calanoida,Calanidae,Calanus,Calanus pacificus
2106,Eukaryota,Arthropoda,Copepoda,Calanoida,Pontellidae,Labidocera,Labidocera trispinosa
2107,NA,NA,NA,NA,NA,NA,NA
2108,Eukaryota,Arthropoda,Copepoda,Calanoida,Calanidae,Calanus,Calanus pacificus
2109,NA,NA,NA,NA,NA,NA,NA
2110,NA,NA,NA,NA,NA,NA,NA
2111,Eukaryota,Bryozoa,Gymnolaemata,Cheilostomatida,Membraniporidae,Membranipora,Membranipora villosa
2112,Eukaryota,Arthropoda,Copepoda,Calanoida,Eucalanidae,Eucalanus,Eucalanus californicus
2113,Eukaryota,Arthropoda,Copepoda,Calanoida,Pontellidae,Labidocera,Labidocera trispinosa
2114,NA,NA,NA,NA,NA,NA,NA
2115,Eukaryota,Bryozoa,Gymnolaemata,Cheilostomatida,Membraniporidae,Membranipora,Membranipora villosa
2116,Eukaryota,Arthropoda,Copepoda,Calanoida,Candaciidae,Candacia,Candacia curta
2117,Eukaryota,Arthropoda,Copepoda,Calanoida,Clausocalanidae,Clausocalanus,Clausocalanus jobei
2118,Eukaryota,Arthropoda,Copepoda,Calanoida,Pontellidae,Labidocera,Labidocera trispinosa
2119,Eukaryota,Arthropoda,Copepoda,Calanoida,Calanidae,Calanus,Calanus pacificus
2120,NA,NA,NA,NA,NA,NA,NA
2121,Eukaryota,Bryozoa,Gymnolaemata,Cheilostomatida,Membraniporidae,Membranipora,NA
2122,Eukaryota,Arthropoda,Copepoda,Calanoida,Eucalanidae,Eucalanus,Eucalanus californicus
2123,NA,NA,NA,NA,NA,NA,NA
2124,Eukaryota,Arthropoda,Copepoda,Calanoida,Scolecitrichidae,Scolecithricella,Scolecithricella dentata
2125,NA,NA,NA,NA,NA,NA,NA
2126,NA,NA,NA,NA,NA,NA,NA
2127,Eukaryota,Bacillariophyta,Thalassiosirophyceae,Thalassiosirales,Thalassiosiraceae,NA,NA
2128,Eukaryota,Arthropoda,Copepoda,Calanoida,Euchaetidae,Euchaeta,Euchaeta marina
2129,NA,NA,NA,NA,NA,NA,NA
2130,NA,NA,NA,NA,NA,NA,NA
2131,Eukaryota,Chordata,Actinopteri,Argentiniformes,Bathylagidae,Leuroglossus,Leuroglossus stilbius
2132,Eukaryota,Arthropoda,Copepoda,Calanoida,Eucalanidae,Eucalanus,Eucalanus californicus
2133,NA,NA,NA,NA,NA,NA,NA
2134,Eukaryota,Arthropoda,Copepoda,Calanoida,Eucalanidae,Eucalanus,Eucalanus californicus
2135,Eukaryota,Mollusca,Gastropoda,Nudibranchia,Glaucidae,Hermissenda,Hermissenda opalescens
2136,Eukaryota,Arthropoda,Copepoda,Calanoida,Pontellidae,Labidocera,Labidocera trispinosa
2137,Eukaryota,Arthropoda,Copepoda,Calanoida,Mecynoceridae,Mecynocera,Mecynocera clausi
2138,Eukaryota,Arthropoda,Ostracoda,Halocyprida,Halocyprididae,NA,NA
2139,NA,NA,NA,NA,NA,NA,NA
2140,Eukaryota,Arthropoda,Malacostraca,Euphausiacea,Euphausiidae,Euphausia,Euphausia pacifica
2141,NA,NA,NA,NA,NA,NA,NA
2142,NA,NA,NA,NA,NA,NA,NA
2143,Eukaryota,Arthropoda,Copepoda,Calanoida,Calanidae,Calanus,Calanus pacificus
2144,NA,NA,NA,NA,NA,NA,NA
2145,NA,NA,NA,NA,NA,NA,NA
2146,NA,NA,NA,NA,NA,NA,NA
2147,NA,NA,NA,NA,NA,NA,NA
2148,Eukaryota,Mollusca,Gastropoda,Nudibranchia,Glaucidae,Hermissenda,Hermissenda opalescens
2149,Eukaryota,Arthropoda,Copepoda,Calanoida,Calanidae,Calanus,Calanus pacificus
2150,Eukaryota,Arthropoda,Malacostraca,Euphausiacea,Euphausiidae,Hansarsia,Hansarsia difficilis
2151,Eukaryota,Arthropoda,Copepoda,Calanoida,Pontellidae,Labidocera,Labidocera trispinosa
2152,Eukaryota,Arthropoda,Copepoda,Calanoida,Calanidae,Calanus,Calanus pacificus
2153,Eukaryota,Arthropoda,Copepoda,Calanoida,Calanidae,Calanus,Calanus pacificus
2154,NA,NA,NA,NA,NA,NA,NA
2155,Eukaryota,Arthropoda,Copepoda,Calanoida,Eucalanidae,Eucalanus,Eucalanus californicus
2156,Eukaryota,Arthropoda,Copepoda,Calanoida,Eucalanidae,Eucalanus,Eucalanus californicus
2157,NA,NA,NA,NA,NA,NA,NA
2158,Eukaryota,Mollusca,Gastropoda,Nudibranchia,Paracoryphellidae,NA,NA
2159,NA,NA,NA,NA,NA,NA,NA
2160,Eukaryota,Echinodermata,Ophiuroidea,Amphilepidida,Amphiuridae,NA,NA
2161,NA,NA,NA,NA,NA,NA,NA
2162,NA,NA,NA,NA,NA,NA,NA
2163,NA,NA,NA,NA,NA,NA,NA
2164,NA,NA,NA,NA,NA,NA,NA
2165,Eukaryota,Arthropoda,Copepoda,Calanoida,Candaciidae,Candacia,Candacia bipinnata
2166,Eukaryota,Bryozoa,Gymnolaemata,Cheilostomatida,Membraniporidae,Membranipora,Membranipora villosa
2167,NA,NA,NA,NA,NA,NA,NA
2168,NA,NA,NA,NA,NA,NA,NA
2169,NA,NA,NA,NA,NA,NA,NA
2170,NA,NA,NA,NA,NA,NA,NA
2171,Eukaryota,Arthropoda,Copepoda,Calanoida,Eucalanidae,Eucalanus,Eucalanus californicus
2172,Eukaryota,Arthropoda,Ostracoda,Halocyprida,Halocyprididae,Discoconchoecia,NA
2173,Eukaryota,Mollusca,Gastropoda,Neogastropoda,Olividae,Olivella,Olivella baetica
2174,Eukaryota,Arthropoda,Copepoda,Calanoida,Eucalanidae,Eucalanus,Eucalanus californicus
2175,Eukaryota,Echinodermata,Asteroidea,Forcipulatida,Asteriidae,Pisaster,Pisaster giganteus
2176,Eukaryota,Arthropoda,Copepoda,Calanoida,Eucalanidae,Eucalanus,Eucalanus californicus
2177,Eukaryota,Annelida,Polychaeta,Chaetopteridae,Chaetopteridae,Phyllochaetopterus,Phyllochaetopterus sp. 5 JM_2017
2178,Eukaryota,Arthropoda,Copepoda,Calanoida,Pontellidae,Labidocera,Labidocera trispinosa
2179,Eukaryota,Chlorophyta,Chloropicophyceae,Chloropicales,Chloropicaceae,Chloropicon,Chloropicon sieburthii
2180,Eukaryota,Chordata,Actinopteri,Sciaenidae,Sciaenidae,Seriphus,Seriphus politus
2181,Eukaryota,Mollusca,Gastropoda,Littorinimorpha,Atlantidae,Atlanta,Atlanta sp. USNM IZ 1230636
2182,Eukaryota,Arthropoda,Copepoda,Calanoida,Eucalanidae,Eucalanus,Eucalanus californicus
2183,Eukaryota,Arthropoda,Copepoda,Calanoida,Eucalanidae,Eucalanus,Eucalanus californicus
2184,Eukaryota,Bryozoa,Gymnolaemata,Cheilostomatida,Membraniporidae,Membranipora,NA
2185,Eukaryota,Arthropoda,Copepoda,Poecilostomatoida,Oncaeidae,Oncaea,Oncaea sp.
2186,NA,NA,NA,NA,NA,NA,NA
2187,Eukaryota,Arthropoda,Copepoda,Calanoida,Eucalanidae,Eucalanus,Eucalanus californicus
2188,Eukaryota,Oomycota,Peronosporomycetes,Peronosporales,Peronosporaceae,NA,NA
2189,Eukaryota,Arthropoda,Copepoda,Calanoida,Metridinidae,Pleuromamma,Pleuromamma borealis
2190,NA,NA,NA,NA,NA,NA,NA
2191,NA,NA,NA,NA,NA,NA,NA
2192,NA,NA,NA,NA,NA,NA,NA
2193,Eukaryota,Arthropoda,Copepoda,Calanoida,Aetideidae,NA,NA
2194,Eukaryota,Arthropoda,Copepoda,Calanoida,Eucalanidae,Eucalanus,Eucalanus californicus
2195,Eukaryota,Chordata,Actinopteri,Argentiniformes,Bathylagidae,Leuroglossus,Leuroglossus stilbius
2196,Eukaryota,Arthropoda,Copepoda,Calanoida,Eucalanidae,Eucalanus,Eucalanus californicus
2197,NA,NA,NA,NA,NA,NA,NA
2198,Eukaryota,Arthropoda,Copepoda,Calanoida,Eucalanidae,Eucalanus,Eucalanus californicus
2199,Eukaryota,Arthropoda,Copepoda,Calanoida,Calanidae,Calanus,Calanus pacificus
2200,Eukaryota,Arthropoda,Copepoda,Calanoida,Pontellidae,Labidocera,Labidocera trispinosa
2201,Eukaryota,Arthropoda,Copepoda,Calanoida,Pontellidae,Labidocera,Labidocera trispinosa
2202,NA,NA,NA,NA,NA,NA,NA
2203,Eukaryota,Arthropoda,Copepoda,Calanoida,Eucalanidae,Eucalanus,Eucalanus californicus
2204,NA,NA,NA,NA,NA,NA,NA
2205,Eukaryota,Arthropoda,Malacostraca,Decapoda,Hippolytidae,Lysmata,Lysmata californica
2206,Eukaryota,Arthropoda,Copepoda,Calanoida,Eucalanidae,Eucalanus,Eucalanus californicus
2207,NA,NA,NA,NA,NA,NA,NA
2208,Eukaryota,Echinodermata,Echinoidea,Camarodonta,Strongylocentrotidae,Strongylocentrotus,Strongylocentrotus purpuratus
2209,Eukaryota,Mollusca,Gastropoda,Pteropoda,Limacinidae,NA,NA
2210,Eukaryota,Mollusca,Gastropoda,Littorinimorpha,Atlantidae,Atlanta,Atlanta sp. USNM IZ 1230636
2211,Eukaryota,Arthropoda,Copepoda,Calanoida,Calanidae,Mesocalanus,NA
2212,Eukaryota,Bryozoa,Gymnolaemata,Cheilostomatida,Membraniporidae,Membranipora,Membranipora villosa
2213,NA,NA,NA,NA,NA,NA,NA
2214,Eukaryota,Arthropoda,Ostracoda,Halocyprida,Halocyprididae,Discoconchoecia,Discoconchoecia sp. S15_D2
2215,Eukaryota,Bryozoa,Gymnolaemata,Cheilostomatida,Membraniporidae,Membranipora,Membranipora villosa
2216,NA,NA,NA,NA,NA,NA,NA
2217,Eukaryota,Arthropoda,Copepoda,Calanoida,Acartiidae,Acartia,Acartia tonsa
2218,Eukaryota,Arthropoda,Malacostraca,Euphausiacea,Euphausiidae,Thysanoessa,Thysanoessa gregaria
2219,Eukaryota,Arthropoda,Copepoda,Calanoida,Pontellidae,Labidocera,Labidocera trispinosa
2220,Eukaryota,Arthropoda,Copepoda,Calanoida,Pontellidae,Labidocera,Labidocera trispinosa
2221,Eukaryota,Mollusca,Gastropoda,Nudibranchia,Glaucidae,Hermissenda,Hermissenda opalescens
2222,Eukaryota,Arthropoda,Copepoda,Poecilostomatoida,Corycaeidae,Farranula,NA
2223,Eukaryota,Arthropoda,Malacostraca,Amphipoda,Paraphronimidae,Paraphronima,NA
2224,Eukaryota,Mollusca,Cephalopoda,Myopsida,Loliginidae,NA,NA
2225,NA,NA,NA,NA,NA,NA,NA
2226,NA,NA,NA,NA,NA,NA,NA
2227,NA,NA,NA,NA,NA,NA,NA
2228,NA,NA,NA,NA,NA,NA,NA
2229,Eukaryota,Arthropoda,Copepoda,Calanoida,Metridinidae,Pleuromamma,Pleuromamma abdominalis
2230,Eukaryota,Arthropoda,Ostracoda,Halocyprida,Halocyprididae,Conchoecetta,Conchoecetta giesbrechti
2231,Eukaryota,Arthropoda,Copepoda,Calanoida,Scolecitrichidae,Scolecithricella,Scolecithricella dentata
2232,NA,NA,NA,NA,NA,NA,NA
2233,NA,NA,NA,NA,NA,NA,NA
2234,NA,NA,NA,NA,NA,NA,NA
2235,NA,NA,NA,NA,NA,NA,NA
2236,NA,NA,NA,NA,NA,NA,NA
2237,Eukaryota,Chordata,Actinopteri,Argentiniformes,Bathylagidae,Leuroglossus,Leuroglossus stilbius
2238,Eukaryota,Arthropoda,Copepoda,Calanoida,Calanidae,Calanus,Calanus pacificus
2239,Eukaryota,Cnidaria,Hydrozoa,Leptothecata,Campanulariidae,NA,NA
2240,Eukaryota,Arthropoda,Copepoda,Calanoida,Pontellidae,Labidocera,Labidocera trispinosa
2241,Eukaryota,Arthropoda,Malacostraca,Amphipoda,Vibiliidae,Vibilia,Vibilia armata
2242,NA,NA,NA,NA,NA,NA,NA
2243,NA,NA,NA,NA,NA,NA,NA
2244,Eukaryota,Arthropoda,Malacostraca,Decapoda,Hippolytidae,Spirontocaris,Spirontocaris snyderi
2245,Eukaryota,Arthropoda,Copepoda,Calanoida,Eucalanidae,Eucalanus,Eucalanus californicus
2246,Eukaryota,Arthropoda,Copepoda,Calanoida,Eucalanidae,Eucalanus,Eucalanus californicus
2247,Eukaryota,Arthropoda,Copepoda,Calanoida,Scolecitrichidae,Scolecithricella,Scolecithricella dentata
2248,Eukaryota,Arthropoda,Copepoda,Calanoida,Euchaetidae,Euchaeta,Euchaeta marina
2249,Eukaryota,Arthropoda,Copepoda,Calanoida,Calanidae,Neocalanus,Neocalanus gracilis
2250,NA,NA,NA,NA,NA,NA,NA
2251,Eukaryota,Arthropoda,Copepoda,Calanoida,Mecynoceridae,Mecynocera,Mecynocera clausi
2252,NA,NA,NA,NA,NA,NA,NA
2253,Eukaryota,Arthropoda,Copepoda,Calanoida,Eucalanidae,Eucalanus,Eucalanus californicus
2254,NA,NA,NA,NA,NA,NA,NA
2255,Eukaryota,Arthropoda,Copepoda,Calanoida,Eucalanidae,Eucalanus,Eucalanus californicus
2256,NA,NA,NA,NA,NA,NA,NA
2257,NA,NA,NA,NA,NA,NA,NA
2258,Eukaryota,Arthropoda,Copepoda,Calanoida,Pontellidae,Labidocera,Labidocera trispinosa
2259,Eukaryota,Mollusca,Gastropoda,Nudibranchia,Glaucidae,Hermissenda,Hermissenda opalescens
2260,NA,NA,NA,NA,NA,NA,NA
2261,Eukaryota,Arthropoda,Ostracoda,Halocyprida,Halocyprididae,Conchoecetta,Conchoecetta giesbrechti
2262,Eukaryota,Bryozoa,Gymnolaemata,Cheilostomatida,Membraniporidae,Membranipora,Membranipora villosa
2263,Eukaryota,Mollusca,Gastropoda,Nudibranchia,Glaucidae,Hermissenda,NA
2264,Eukaryota,Chordata,Actinopteri,Blenniiformes,Labrisomidae,NA,NA
2265,NA,NA,NA,NA,NA,NA,NA
2266,Eukaryota,Echinodermata,Echinoidea,Spatangoida,Brissidae,Brissopsis,NA
2267,Eukaryota,Pelagophyceae,Pelagophyceae,Pelagomonadales,Pelagomonadaceae,Aureococcus,Aureococcus anophagefferens
2268,NA,NA,NA,NA,NA,NA,NA
2269,NA,NA,NA,NA,NA,NA,NA
2270,Eukaryota,Mollusca,Gastropoda,Nudibranchia,Glaucidae,Hermissenda,Hermissenda opalescens
2271,Eukaryota,Chlorophyta,Chloropicophyceae,Chloropicales,Chloropicaceae,Chloroparvula,Chloroparvula pacifica
2272,Eukaryota,Arthropoda,Copepoda,Calanoida,Mecynoceridae,Mecynocera,Mecynocera clausi
2273,Eukaryota,Arthropoda,Copepoda,Calanoida,Eucalanidae,Eucalanus,Eucalanus californicus
2274,Eukaryota,Arthropoda,Copepoda,Calanoida,Eucalanidae,Eucalanus,Eucalanus californicus
2275,Eukaryota,Arthropoda,Malacostraca,Decapoda,Cancridae,Romaleon,NA
2276,Eukaryota,Arthropoda,Malacostraca,Euphausiacea,Euphausiidae,Euphausia,Euphausia pacifica
2277,NA,NA,NA,NA,NA,NA,NA
2278,NA,NA,NA,NA,NA,NA,NA
2279,Eukaryota,Arthropoda,Copepoda,Calanoida,Pontellidae,Labidocera,Labidocera trispinosa
2280,Eukaryota,Arthropoda,Copepoda,Calanoida,Pontellidae,Labidocera,Labidocera trispinosa
2281,NA,NA,NA,NA,NA,NA,NA
2282,NA,NA,NA,NA,NA,NA,NA
2283,Eukaryota,Arthropoda,Malacostraca,Decapoda,Hippidae,Emerita,Emerita analoga
2284,Eukaryota,Echinodermata,Echinoidea,Temnopleuroida,Toxopneustidae,Lytechinus,Lytechinus pictus
2285,Eukaryota,Arthropoda,Copepoda,Calanoida,Clausocalanidae,Clausocalanus,Clausocalanus jobei
2286,NA,NA,NA,NA,NA,NA,NA
2287,NA,NA,NA,NA,NA,NA,NA
2288,Eukaryota,Chordata,Actinopteri,Pleuronectiformes,Pleuronectidae,Pleuronichthys,Pleuronichthys verticalis
2289,Eukaryota,Arthropoda,Copepoda,Calanoida,Eucalanidae,Eucalanus,Eucalanus californicus
2290,NA,NA,NA,NA,NA,NA,NA
2291,Eukaryota,Arthropoda,Copepoda,Calanoida,Pontellidae,Labidocera,Labidocera trispinosa
2292,NA,NA,NA,NA,NA,NA,NA
2293,Eukaryota,Arthropoda,Copepoda,Poecilostomatoida,Oncaeidae,Oncaea,Oncaea sp.
2294,Eukaryota,Arthropoda,Malacostraca,Euphausiacea,Euphausiidae,Nyctiphanes,Nyctiphanes simplex
2295,Eukaryota,Arthropoda,Copepoda,Calanoida,Eucalanidae,Eucalanus,Eucalanus californicus
2296,Eukaryota,Arthropoda,Copepoda,Calanoida,Calanidae,Calanus,Calanus pacificus
2297,Eukaryota,Bryozoa,Gymnolaemata,Cheilostomatida,Membraniporidae,Membranipora,Membranipora villosa
2298,NA,NA,NA,NA,NA,NA,NA
2299,Eukaryota,Arthropoda,Copepoda,Calanoida,Calanidae,Calanus,Calanus pacificus
2300,Eukaryota,Arthropoda,Copepoda,Calanoida,Eucalanidae,Eucalanus,Eucalanus californicus
2301,NA,NA,NA,NA,NA,NA,NA
2302,NA,NA,NA,NA,NA,NA,NA
2303,Eukaryota,Arthropoda,Copepoda,Calanoida,Eucalanidae,Eucalanus,Eucalanus californicus
2304,NA,NA,NA,NA,NA,NA,NA
2305,NA,NA,NA,NA,NA,NA,NA
2306,Eukaryota,Arthropoda,Copepoda,Calanoida,Calanidae,Calanus,Calanus pacificus
2307,Eukaryota,Mollusca,Gastropoda,Nudibranchia,Glaucidae,Hermissenda,Hermissenda opalescens
2308,Eukaryota,Arthropoda,Copepoda,Calanoida,Pontellidae,Labidocera,Labidocera trispinosa
2309,Eukaryota,Arthropoda,Copepoda,Calanoida,Lucicutiidae,Lucicutia,Lucicutia flavicornis
2310,NA,NA,NA,NA,NA,NA,NA
2311,Eukaryota,Arthropoda,Malacostraca,Decapoda,Blepharipodidae,NA,NA
2312,Eukaryota,Arthropoda,Copepoda,Calanoida,Eucalanidae,Eucalanus,Eucalanus californicus
2313,NA,NA,NA,NA,NA,NA,NA
2314,NA,NA,NA,NA,NA,NA,NA
2315,Eukaryota,Arthropoda,Copepoda,Calanoida,Calanidae,Calanus,Calanus pacificus
2316,Eukaryota,Arthropoda,Copepoda,Calanoida,Eucalanidae,Eucalanus,Eucalanus californicus
2317,Eukaryota,Arthropoda,Ostracoda,Halocyprida,Halocyprididae,Proceroecia,Proceroecia procera
2318,Eukaryota,Arthropoda,Copepoda,Calanoida,Calanidae,Calanus,Calanus pacificus
2319,Eukaryota,Chordata,Actinopteri,Pleuronectiformes,Paralichthyidae,Paralichthys,Paralichthys californicus
2320,Eukaryota,Arthropoda,Copepoda,Calanoida,Calanidae,Calanus,Calanus pacificus
2321,Eukaryota,Mollusca,Gastropoda,Pteropoda,Creseidae,Styliola,Styliola sp.
2322,NA,NA,NA,NA,NA,NA,NA
2323,Eukaryota,Mollusca,Gastropoda,Nudibranchia,Glaucidae,Hermissenda,NA
2324,Eukaryota,Arthropoda,Ostracoda,Halocyprida,Halocyprididae,Discoconchoecia,NA
2325,Eukaryota,Bryozoa,Gymnolaemata,Cheilostomatida,Membraniporidae,Membranipora,NA
2326,Eukaryota,Bryozoa,Gymnolaemata,Cheilostomatida,Membraniporidae,Membranipora,Membranipora villosa
2327,NA,NA,NA,NA,NA,NA,NA
2328,Eukaryota,Arthropoda,Malacostraca,Decapoda,Cancridae,Cancer,Cancer antennarius
2329,NA,NA,NA,NA,NA,NA,NA
2330,NA,NA,NA,NA,NA,NA,NA
2331,Eukaryota,Arthropoda,Malacostraca,Decapoda,Pinnotheridae,Pinnixa,Pinnixa franciscana
2332,Eukaryota,Arthropoda,Copepoda,Calanoida,Calanidae,Calanus,Calanus pacificus
2333,Eukaryota,Arthropoda,Copepoda,Calanoida,Pontellidae,Labidocera,Labidocera trispinosa
2334,Eukaryota,Cnidaria,Hydrozoa,Siphonophorae,Diphyidae,Lensia,Lensia conoidea
2335,Eukaryota,Arthropoda,Malacostraca,Euphausiacea,Euphausiidae,Nyctiphanes,Nyctiphanes simplex
2336,Eukaryota,Bryozoa,Gymnolaemata,Cheilostomatida,Membraniporidae,Membranipora,Membranipora villosa
2337,Eukaryota,Arthropoda,Malacostraca,Decapoda,Pinnotheridae,NA,NA
2338,Eukaryota,Bryozoa,Gymnolaemata,Cheilostomatida,Membraniporidae,Membranipora,Membranipora villosa
2339,NA,NA,NA,NA,NA,NA,NA
2340,Eukaryota,Cnidaria,Hydrozoa,Siphonophorae,Diphyidae,Diphyes,Diphyes sp. HAW01
2341,Eukaryota,Mollusca,Gastropoda,Nudibranchia,Glaucidae,Hermissenda,Hermissenda opalescens
2342,Eukaryota,Mollusca,Gastropoda,Nudibranchia,Glaucidae,Hermissenda,Hermissenda opalescens
2343,Eukaryota,Arthropoda,Copepoda,Poecilostomatoida,Oncaeidae,Oncaea,Oncaea sp.
2344,Eukaryota,Arthropoda,Malacostraca,Decapoda,Portunidae,NA,NA
2345,Eukaryota,Arthropoda,Copepoda,Calanoida,Eucalanidae,Eucalanus,Eucalanus californicus
2346,Eukaryota,Arthropoda,Copepoda,Calanoida,Eucalanidae,Eucalanus,Eucalanus californicus
2347,Eukaryota,Echinodermata,Echinoidea,Temnopleuroida,Toxopneustidae,Lytechinus,Lytechinus pictus
2348,Eukaryota,Mollusca,Gastropoda,Nudibranchia,Glaucidae,Hermissenda,Hermissenda opalescens
2349,NA,NA,NA,NA,NA,NA,NA
2350,NA,NA,NA,NA,NA,NA,NA
2351,Eukaryota,Arthropoda,Copepoda,Calanoida,Metridinidae,Pleuromamma,Pleuromamma borealis
2352,NA,NA,NA,NA,NA,NA,NA
2353,NA,NA,NA,NA,NA,NA,NA
2354,NA,NA,NA,NA,NA,NA,NA
2355,NA,NA,NA,NA,NA,NA,NA
2356,Eukaryota,Arthropoda,Copepoda,Calanoida,Clausocalanidae,Clausocalanus,Clausocalanus parapergens
2357,Eukaryota,Echinodermata,Ophiuroidea,Amphilepidida,Ophionereidae,Ophionereis,NA
2358,Eukaryota,Arthropoda,Copepoda,Calanoida,Eucalanidae,Eucalanus,Eucalanus californicus
2359,Eukaryota,Arthropoda,Copepoda,Calanoida,Calanidae,NA,NA
2360,Eukaryota,Arthropoda,Copepoda,Calanoida,Clausocalanidae,Clausocalanus,Clausocalanus jobei
2361,NA,NA,NA,NA,NA,NA,NA
2362,Eukaryota,Arthropoda,Copepoda,Calanoida,Pontellidae,Labidocera,Labidocera trispinosa
2363,Eukaryota,Arthropoda,Copepoda,Poecilostomatoida,Oncaeidae,Oncaea,Oncaea sp.
2364,Eukaryota,Arthropoda,Malacostraca,Euphausiacea,Euphausiidae,Nyctiphanes,Nyctiphanes simplex
2365,NA,NA,NA,NA,NA,NA,NA
2366,NA,NA,NA,NA,NA,NA,NA
2367,Eukaryota,Bryozoa,Gymnolaemata,Cheilostomatida,Membraniporidae,Membranipora,Membranipora villosa
2368,NA,NA,NA,NA,NA,NA,NA
2369,Eukaryota,Arthropoda,Copepoda,Calanoida,Pontellidae,Labidocera,Labidocera trispinosa
2370,Eukaryota,Arthropoda,Copepoda,Calanoida,Pontellidae,Labidocera,NA
2371,Eukaryota,Arthropoda,Malacostraca,Decapoda,Hippolytidae,Lysmata,Lysmata californica
2372,Eukaryota,Arthropoda,Copepoda,Calanoida,Mecynoceridae,Mecynocera,Mecynocera clausi
2373,NA,NA,NA,NA,NA,NA,NA
2374,Eukaryota,Arthropoda,Copepoda,Calanoida,Scolecitrichidae,Scolecithricella,Scolecithricella dentata
2375,Eukaryota,Mollusca,Gastropoda,Nudibranchia,Glaucidae,Hermissenda,Hermissenda opalescens
2376,Eukaryota,Arthropoda,Ostracoda,Halocyprida,Halocyprididae,Discoconchoecia,NA
2377,Eukaryota,Arthropoda,Copepoda,Calanoida,Calanidae,Calanus,Calanus pacificus
2378,NA,NA,NA,NA,NA,NA,NA
2379,NA,NA,NA,NA,NA,NA,NA
2380,Eukaryota,Echinodermata,Asteroidea,Forcipulatida,Asteriidae,Pisaster,Pisaster giganteus
2381,NA,NA,NA,NA,NA,NA,NA
2382,Eukaryota,Arthropoda,Copepoda,Calanoida,Eucalanidae,Eucalanus,Eucalanus californicus
2383,Eukaryota,Arthropoda,Copepoda,Calanoida,Eucalanidae,Eucalanus,Eucalanus californicus
2384,Eukaryota,Arthropoda,Copepoda,Calanoida,Pontellidae,Labidocera,Labidocera trispinosa
2385,NA,NA,NA,NA,NA,NA,NA
2386,Eukaryota,Arthropoda,Copepoda,Calanoida,Pontellidae,Labidocera,Labidocera trispinosa
2387,NA,NA,NA,NA,NA,NA,NA
2388,Eukaryota,Arthropoda,Copepoda,Calanoida,Pontellidae,Labidocera,Labidocera trispinosa
2389,Eukaryota,Arthropoda,Copepoda,Poecilostomatoida,Oncaeidae,Oncaea,Oncaea sp.
2390,NA,NA,NA,NA,NA,NA,NA
2391,Eukaryota,Arthropoda,Copepoda,Calanoida,Pontellidae,Labidocera,Labidocera trispinosa
2392,NA,NA,NA,NA,NA,NA,NA
2393,Eukaryota,Arthropoda,Copepoda,Calanoida,Eucalanidae,Eucalanus,Eucalanus californicus
2394,Eukaryota,Arthropoda,Copepoda,Calanoida,Eucalanidae,Eucalanus,Eucalanus californicus
2395,Eukaryota,Arthropoda,Copepoda,Calanoida,Eucalanidae,Eucalanus,Eucalanus californicus
2396,NA,NA,NA,NA,NA,NA,NA
2397,Eukaryota,Arthropoda,Copepoda,Calanoida,Eucalanidae,Eucalanus,Eucalanus californicus
2398,Eukaryota,Arthropoda,Copepoda,Calanoida,Eucalanidae,Eucalanus,Eucalanus californicus
2399,NA,NA,NA,NA,NA,NA,NA
2400,Eukaryota,Arthropoda,Copepoda,Calanoida,Eucalanidae,Eucalanus,Eucalanus californicus
2401,Eukaryota,Arthropoda,Copepoda,Calanoida,Eucalanidae,Eucalanus,Eucalanus californicus
2402,NA,NA,NA,NA,NA,NA,NA
2403,Eukaryota,Arthropoda,Ostracoda,Halocyprida,Halocyprididae,Proceroecia,Proceroecia procera
2404,Eukaryota,Arthropoda,Copepoda,Calanoida,Paracalanidae,Paracalanus,Paracalanus tropicus
2405,NA,NA,NA,NA,NA,NA,NA
2406,Eukaryota,Arthropoda,Copepoda,Calanoida,Clausocalanidae,Clausocalanus,NA
2407,Eukaryota,Arthropoda,Copepoda,Calanoida,Pontellidae,Labidocera,Labidocera trispinosa
2408,Eukaryota,Arthropoda,Copepoda,Calanoida,Eucalanidae,Eucalanus,Eucalanus californicus
2409,Eukaryota,Chordata,Actinopteri,Myctophiformes,Myctophidae,Stenobrachius,Stenobrachius leucopsarus
2410,Eukaryota,Arthropoda,Copepoda,Calanoida,Pontellidae,Labidocera,Labidocera trispinosa
2411,NA,NA,NA,NA,NA,NA,NA
2412,Eukaryota,Bryozoa,Gymnolaemata,Cheilostomatida,Membraniporidae,Membranipora,Membranipora villosa
2413,Eukaryota,Arthropoda,Malacostraca,Decapoda,Callianassidae,NA,NA
2414,Eukaryota,Arthropoda,Malacostraca,Euphausiacea,Euphausiidae,Nyctiphanes,Nyctiphanes simplex
2415,NA,NA,NA,NA,NA,NA,NA
2416,NA,NA,NA,NA,NA,NA,NA
2417,NA,NA,NA,NA,NA,NA,NA
2418,NA,NA,NA,NA,NA,NA,NA
2419,Eukaryota,Arthropoda,Copepoda,Calanoida,Temoridae,Temora,Temora discaudata
2420,NA,NA,NA,NA,NA,NA,NA
2421,Eukaryota,Arthropoda,Copepoda,Calanoida,Eucalanidae,Eucalanus,Eucalanus californicus
2422,Eukaryota,Arthropoda,Copepoda,Calanoida,Eucalanidae,Eucalanus,Eucalanus californicus
2423,NA,NA,NA,NA,NA,NA,NA
2424,NA,NA,NA,NA,NA,NA,NA
2425,Eukaryota,Echinodermata,Echinoidea,Temnopleuroida,Toxopneustidae,Lytechinus,Lytechinus pictus
2426,NA,NA,NA,NA,NA,NA,NA
2427,Eukaryota,Arthropoda,Copepoda,Calanoida,Pontellidae,Labidocera,Labidocera trispinosa
2428,Eukaryota,Arthropoda,Ostracoda,Halocyprida,Halocyprididae,Discoconchoecia,NA
2429,Eukaryota,Arthropoda,Copepoda,Calanoida,Clausocalanidae,Clausocalanus,Clausocalanus arcuicornis
2430,Eukaryota,Arthropoda,Ostracoda,Halocyprida,Halocyprididae,Porroecia,NA
2431,Eukaryota,Arthropoda,Copepoda,Calanoida,Eucalanidae,Eucalanus,Eucalanus californicus
2432,NA,NA,NA,NA,NA,NA,NA
2433,NA,NA,NA,NA,NA,NA,NA
2434,Eukaryota,Arthropoda,Copepoda,Calanoida,Calanidae,Calanus,Calanus pacificus
2435,NA,NA,NA,NA,NA,NA,NA
2436,NA,NA,NA,NA,NA,NA,NA
2437,NA,NA,NA,NA,NA,NA,NA
2438,Eukaryota,Arthropoda,Copepoda,Calanoida,Eucalanidae,Eucalanus,Eucalanus californicus
2439,Eukaryota,Arthropoda,Copepoda,Calanoida,Pontellidae,Labidocera,Labidocera trispinosa
2440,Eukaryota,Arthropoda,Copepoda,Calanoida,Candaciidae,Candacia,Candacia bipinnata
2441,Eukaryota,Arthropoda,Copepoda,Calanoida,Calanidae,Calanus,Calanus pacificus
2442,Eukaryota,Arthropoda,Copepoda,Calanoida,Heterorhabdidae,NA,NA
2443,Eukaryota,Echinodermata,Echinoidea,Camarodonta,Strongylocentrotidae,Allocentrotus,Allocentrotus fragilis
2444,Eukaryota,Arthropoda,Copepoda,Calanoida,Pontellidae,Labidocera,Labidocera trispinosa
2445,Eukaryota,Arthropoda,Copepoda,Calanoida,Eucalanidae,Eucalanus,Eucalanus californicus
2446,Eukaryota,Arthropoda,Malacostraca,Euphausiacea,Euphausiidae,Nyctiphanes,Nyctiphanes simplex
2447,Eukaryota,Arthropoda,Copepoda,Calanoida,Clausocalanidae,Clausocalanus,Clausocalanus jobei
2448,Eukaryota,Arthropoda,Copepoda,Poecilostomatoida,Oncaeidae,Oncaea,Oncaea sp.
2449,Eukaryota,Arthropoda,Copepoda,Calanoida,Eucalanidae,Eucalanus,Eucalanus californicus
2450,Eukaryota,Arthropoda,Copepoda,Calanoida,Calanidae,Calanus,Calanus pacificus
2451,Eukaryota,Arthropoda,Copepoda,Calanoida,Calanidae,Calanus,Calanus pacificus
2452,NA,NA,NA,NA,NA,NA,NA
2453,Eukaryota,Mollusca,Gastropoda,Pteropoda,Cliidae,Clio,Clio pyramidata
2454,Eukaryota,Mollusca,Gastropoda,Pteropoda,Creseidae,Styliola,Styliola sp.
2455,Eukaryota,Arthropoda,Copepoda,Calanoida,Eucalanidae,Eucalanus,Eucalanus californicus
2456,Eukaryota,Arthropoda,Copepoda,Calanoida,Eucalanidae,Eucalanus,Eucalanus californicus
2457,Eukaryota,Arthropoda,Copepoda,Calanoida,Eucalanidae,Eucalanus,Eucalanus californicus
2458,Eukaryota,Mollusca,Gastropoda,Littorinimorpha,Atlantidae,Atlanta,Atlanta sp. USNM IZ 1230636
2459,Eukaryota,Arthropoda,Copepoda,Calanoida,Eucalanidae,Eucalanus,Eucalanus californicus
2460,NA,NA,NA,NA,NA,NA,NA
2461,Eukaryota,Arthropoda,Malacostraca,Amphipoda,Paraphronimidae,Paraphronima,NA
2462,NA,NA,NA,NA,NA,NA,NA
2463,Eukaryota,Arthropoda,Ostracoda,Halocyprida,Halocyprididae,Paraconchoecia,Paraconchoecia oblonga
2464,Eukaryota,Arthropoda,Copepoda,Calanoida,Lucicutiidae,Lucicutia,Lucicutia flavicornis
2465,Eukaryota,Arthropoda,Copepoda,Calanoida,Pontellidae,Labidocera,Labidocera trispinosa
2466,Eukaryota,Chordata,Actinopteri,Myctophiformes,Myctophidae,Nannobrachium,Nannobrachium ritteri
2467,NA,NA,NA,NA,NA,NA,NA
2468,Eukaryota,Arthropoda,Copepoda,Calanoida,Eucalanidae,Eucalanus,Eucalanus californicus
2469,Eukaryota,Arthropoda,Copepoda,Calanoida,Eucalanidae,Eucalanus,Eucalanus californicus
2470,Eukaryota,Arthropoda,Copepoda,Calanoida,Eucalanidae,Eucalanus,Eucalanus californicus
2471,Eukaryota,Arthropoda,Copepoda,Calanoida,Eucalanidae,Eucalanus,Eucalanus californicus
2472,Eukaryota,Arthropoda,Copepoda,Calanoida,Eucalanidae,Eucalanus,Eucalanus californicus
2473,NA,NA,NA,NA,NA,NA,NA
2474,Eukaryota,Arthropoda,Copepoda,Calanoida,Pontellidae,NA,NA
2475,NA,NA,NA,NA,NA,NA,NA
2476,Eukaryota,Arthropoda,Copepoda,Calanoida,Pontellidae,Labidocera,Labidocera trispinosa
2477,Eukaryota,Arthropoda,Copepoda,Calanoida,Calanidae,Calanus,Calanus pacificus
2478,Eukaryota,Mollusca,Gastropoda,Nudibranchia,Glaucidae,Hermissenda,Hermissenda opalescens
2479,Eukaryota,Mollusca,Gastropoda,Nudibranchia,Glaucidae,Hermissenda,Hermissenda opalescens
2480,Eukaryota,Arthropoda,Copepoda,Calanoida,Calanidae,Calanus,Calanus pacificus
2481,Eukaryota,Cnidaria,Hydrozoa,Siphonophorae,Diphyidae,Chelophyes,Chelophyes appendiculata
2482,Eukaryota,Arthropoda,Copepoda,Calanoida,Mecynoceridae,Mecynocera,Mecynocera clausi
2483,Eukaryota,Arthropoda,Copepoda,Poecilostomatoida,Oncaeidae,Oncaea,Oncaea sp.
2484,NA,NA,NA,NA,NA,NA,NA
2485,NA,NA,NA,NA,NA,NA,NA
2486,Eukaryota,Arthropoda,Copepoda,Calanoida,Eucalanidae,Eucalanus,Eucalanus californicus
2487,NA,NA,NA,NA,NA,NA,NA
2488,Eukaryota,Echinodermata,Ophiuroidea,Amphilepidida,Amphiuridae,Amphipholis,Amphipholis pugetana
2489,Eukaryota,Arthropoda,Copepoda,Calanoida,Pontellidae,Labidocera,Labidocera trispinosa
2490,Eukaryota,Arthropoda,Copepoda,Calanoida,Pontellidae,Labidocera,Labidocera trispinosa
2491,Eukaryota,Arthropoda,Copepoda,Calanoida,Eucalanidae,Eucalanus,Eucalanus californicus
2492,NA,NA,NA,NA,NA,NA,NA
2493,Eukaryota,Mollusca,Gastropoda,Nudibranchia,Glaucidae,Hermissenda,Hermissenda opalescens
2494,Eukaryota,Bryozoa,Gymnolaemata,Cheilostomatida,Membraniporidae,Membranipora,NA
2495,NA,NA,NA,NA,NA,NA,NA
2496,NA,NA,NA,NA,NA,NA,NA
2497,Eukaryota,Chordata,Actinopteri,Myctophiformes,Myctophidae,Diogenichthys,Diogenichthys laternatus
2498,NA,NA,NA,NA,NA,NA,NA
2499,Eukaryota,Arthropoda,Copepoda,Poecilostomatoida,Oncaeidae,Oncaea,Oncaea sp.
2500,Eukaryota,Arthropoda,Copepoda,Poecilostomatoida,Oncaeidae,Oncaea,Oncaea sp.
2501,Eukaryota,Mollusca,Gastropoda,Nudibranchia,Glaucidae,Hermissenda,Hermissenda opalescens
2502,NA,NA,NA,NA,NA,NA,NA
2503,Eukaryota,Bacillariophyta,Thalassiosirophyceae,Thalassiosirales,Thalassiosiraceae,NA,NA
2504,Eukaryota,Arthropoda,Copepoda,Calanoida,Clausocalanidae,Clausocalanus,Clausocalanus jobei
2505,Eukaryota,Arthropoda,Malacostraca,Euphausiacea,Euphausiidae,Euphausia,Euphausia pacifica
2506,Eukaryota,Arthropoda,Copepoda,Calanoida,Mecynoceridae,Mecynocera,Mecynocera clausi
2507,Eukaryota,Arthropoda,Ostracoda,Halocyprida,Halocyprididae,Discoconchoecia,NA
2508,Eukaryota,Arthropoda,Malacostraca,Amphipoda,Scinidae,NA,NA
2509,Eukaryota,Arthropoda,Copepoda,Calanoida,Eucalanidae,Eucalanus,Eucalanus californicus
2510,NA,NA,NA,NA,NA,NA,NA
2511,Eukaryota,Arthropoda,Malacostraca,Euphausiacea,Euphausiidae,Nyctiphanes,Nyctiphanes simplex
2512,Eukaryota,Arthropoda,Copepoda,Calanoida,Eucalanidae,Eucalanus,Eucalanus californicus
2513,NA,NA,NA,NA,NA,NA,NA
2514,Eukaryota,Bryozoa,Gymnolaemata,Cheilostomatida,Membraniporidae,Membranipora,Membranipora villosa
2515,NA,NA,NA,NA,NA,NA,NA
2516,Eukaryota,Arthropoda,Copepoda,Calanoida,Scolecitrichidae,Scolecithricella,Scolecithricella dentata
2517,NA,NA,NA,NA,NA,NA,NA
2518,Eukaryota,Arthropoda,Copepoda,Calanoida,Calanidae,Calanus,Calanus pacificus
2519,Eukaryota,Arthropoda,Copepoda,Calanoida,Calanidae,Calanus,Calanus pacificus
2520,NA,NA,NA,NA,NA,NA,NA
2521,NA,NA,NA,NA,NA,NA,NA
2522,Eukaryota,Arthropoda,Ostracoda,Halocyprida,Halocyprididae,Paraconchoecia,Paraconchoecia allotherium
2523,Eukaryota,Mollusca,Gastropoda,Nudibranchia,Glaucidae,Hermissenda,Hermissenda opalescens
2524,NA,NA,NA,NA,NA,NA,NA
2525,Eukaryota,Arthropoda,Copepoda,Calanoida,Pontellidae,Labidocera,Labidocera trispinosa
2526,Eukaryota,Nemertea,Palaeonemertea,Tubulaniformes,Tubulanidae,NA,NA
2527,NA,NA,NA,NA,NA,NA,NA
2528,Eukaryota,Mollusca,Gastropoda,Pteropoda,Creseidae,Creseis,Creseis conica
2529,NA,NA,NA,NA,NA,NA,NA
2530,NA,NA,NA,NA,NA,NA,NA
2531,Eukaryota,Arthropoda,Copepoda,Calanoida,Clausocalanidae,Clausocalanus,Clausocalanus parapergens
2532,Eukaryota,Arthropoda,Copepoda,Calanoida,Aetideidae,NA,NA
2533,Eukaryota,Arthropoda,Copepoda,Calanoida,Eucalanidae,Eucalanus,Eucalanus californicus
2534,NA,NA,NA,NA,NA,NA,NA
2535,Eukaryota,Echinodermata,Echinoidea,Camarodonta,Strongylocentrotidae,Allocentrotus,Allocentrotus fragilis
2536,NA,NA,NA,NA,NA,NA,NA
2537,NA,NA,NA,NA,NA,NA,NA
2538,NA,NA,NA,NA,NA,NA,NA
2539,Eukaryota,Arthropoda,Copepoda,Calanoida,Eucalanidae,Eucalanus,Eucalanus californicus
2540,Eukaryota,Arthropoda,Copepoda,Calanoida,Eucalanidae,Eucalanus,Eucalanus californicus
2541,Eukaryota,Arthropoda,Malacostraca,Decapoda,Sergestidae,Eusergestes,Eusergestes similis
2542,Eukaryota,Arthropoda,Copepoda,Calanoida,Eucalanidae,Eucalanus,Eucalanus californicus
2543,Eukaryota,Echinodermata,Echinoidea,Temnopleuroida,Toxopneustidae,Lytechinus,Lytechinus pictus
2544,Eukaryota,Arthropoda,Copepoda,Calanoida,Pontellidae,Labidocera,Labidocera trispinosa
2545,Eukaryota,Arthropoda,Copepoda,Calanoida,Eucalanidae,Eucalanus,Eucalanus californicus
2546,Eukaryota,Arthropoda,Copepoda,Calanoida,Pontellidae,Labidocera,Labidocera trispinosa
2547,Eukaryota,Arthropoda,Copepoda,Calanoida,Eucalanidae,Eucalanus,Eucalanus californicus
2548,NA,NA,NA,NA,NA,NA,NA
2549,Eukaryota,Arthropoda,Copepoda,Calanoida,Eucalanidae,Eucalanus,Eucalanus californicus
2550,Eukaryota,Arthropoda,Ostracoda,Halocyprida,Halocyprididae,Discoconchoecia,NA
2551,Eukaryota,Arthropoda,Copepoda,Calanoida,Calanidae,Calanus,Calanus pacificus
2552,Eukaryota,Arthropoda,Copepoda,Calanoida,Candaciidae,Candacia,Candacia curta
2553,Eukaryota,Arthropoda,Copepoda,Calanoida,Clausocalanidae,NA,NA
2554,Eukaryota,Arthropoda,Copepoda,Calanoida,Paracalanidae,NA,NA
2555,Eukaryota,Arthropoda,Copepoda,Calanoida,Eucalanidae,Eucalanus,Eucalanus californicus
2556,Eukaryota,Arthropoda,Copepoda,Calanoida,Eucalanidae,Eucalanus,Eucalanus californicus
2557,Eukaryota,Arthropoda,Copepoda,Calanoida,Eucalanidae,Eucalanus,Eucalanus californicus
2558,Eukaryota,Arthropoda,Copepoda,Calanoida,Eucalanidae,Eucalanus,Eucalanus californicus
2559,Eukaryota,Arthropoda,Copepoda,Calanoida,Mecynoceridae,Mecynocera,Mecynocera clausi
2560,Eukaryota,Arthropoda,Copepoda,Calanoida,Eucalanidae,Eucalanus,Eucalanus californicus
2561,NA,NA,NA,NA,NA,NA,NA
2562,Eukaryota,Arthropoda,Malacostraca,Decapoda,Hippolytidae,Lysmata,NA
2563,NA,NA,NA,NA,NA,NA,NA
2564,Eukaryota,Arthropoda,Ostracoda,Halocyprida,Halocyprididae,Discoconchoecia,NA
2565,Eukaryota,Arthropoda,Copepoda,Calanoida,Pontellidae,Labidocera,Labidocera trispinosa
2566,NA,NA,NA,NA,NA,NA,NA
2567,NA,NA,NA,NA,NA,NA,NA
2568,NA,NA,NA,NA,NA,NA,NA
2569,Eukaryota,Arthropoda,Copepoda,Calanoida,Eucalanidae,Eucalanus,Eucalanus californicus
2570,Eukaryota,Arthropoda,Copepoda,Calanoida,Pontellidae,Labidocera,Labidocera trispinosa
2571,Eukaryota,Arthropoda,Copepoda,Calanoida,Pontellidae,Labidocera,Labidocera trispinosa
2572,NA,NA,NA,NA,NA,NA,NA
2573,NA,NA,NA,NA,NA,NA,NA
2574,Eukaryota,Arthropoda,Copepoda,Calanoida,Acartiidae,Acartia,Acartia californiensis
2575,NA,NA,NA,NA,NA,NA,NA
2576,NA,NA,NA,NA,NA,NA,NA
2577,Eukaryota,Arthropoda,Copepoda,Calanoida,Clausocalanidae,Clausocalanus,Clausocalanus jobei
2578,NA,NA,NA,NA,NA,NA,NA
2579,Eukaryota,Arthropoda,Copepoda,Calanoida,Eucalanidae,Eucalanus,Eucalanus californicus
2580,NA,NA,NA,NA,NA,NA,NA
2581,NA,NA,NA,NA,NA,NA,NA
2582,NA,NA,NA,NA,NA,NA,NA
2583,NA,NA,NA,NA,NA,NA,NA
2584,NA,NA,NA,NA,NA,NA,NA
2585,Eukaryota,Arthropoda,Copepoda,Calanoida,Paracalanidae,Paracalanus,Paracalanus tropicus
2586,NA,NA,NA,NA,NA,NA,NA
2587,NA,NA,NA,NA,NA,NA,NA
2588,Eukaryota,Arthropoda,Ostracoda,Halocyprida,Halocyprididae,Proceroecia,Proceroecia procera
2589,Eukaryota,Arthropoda,Copepoda,Calanoida,Calanidae,Calanus,Calanus pacificus
2590,NA,NA,NA,NA,NA,NA,NA
2591,NA,NA,NA,NA,NA,NA,NA
2592,Eukaryota,Arthropoda,Copepoda,Calanoida,Clausocalanidae,Clausocalanus,Clausocalanus jobei
2593,Eukaryota,Chordata,Actinopteri,Sciaenidae,Sciaenidae,Genyonemus,Genyonemus lineatus
2594,NA,NA,NA,NA,NA,NA,NA
2595,NA,NA,NA,NA,NA,NA,NA
2596,NA,NA,NA,NA,NA,NA,NA
2597,Eukaryota,Cnidaria,Hydrozoa,Siphonophorae,Apolemiidae,Apolemia,Apolemia sp.
2598,NA,NA,NA,NA,NA,NA,NA
2599,Eukaryota,Bryozoa,Gymnolaemata,Cheilostomatida,Membraniporidae,Membranipora,Membranipora villosa
2600,Eukaryota,Arthropoda,Malacostraca,Euphausiacea,Euphausiidae,Nyctiphanes,Nyctiphanes simplex
2601,Eukaryota,Arthropoda,Copepoda,Calanoida,Calanidae,Calanus,Calanus pacificus
2602,Eukaryota,Arthropoda,Copepoda,Calanoida,Pontellidae,Labidocera,Labidocera trispinosa
2603,Eukaryota,Arthropoda,Copepoda,Calanoida,Pontellidae,Labidocera,Labidocera trispinosa
2604,Eukaryota,Arthropoda,Copepoda,Calanoida,Clausocalanidae,Clausocalanus,Clausocalanus parapergens
2605,Eukaryota,Arthropoda,Copepoda,Calanoida,Clausocalanidae,Clausocalanus,Clausocalanus jobei
2606,NA,NA,NA,NA,NA,NA,NA
2607,Eukaryota,Arthropoda,Copepoda,Calanoida,Calanidae,Calanus,Calanus pacificus
2608,NA,NA,NA,NA,NA,NA,NA
2609,NA,NA,NA,NA,NA,NA,NA
2610,Eukaryota,Arthropoda,Malacostraca,Decapoda,Cancridae,Romaleon,Romaleon antennarium
2611,Eukaryota,Arthropoda,Copepoda,Poecilostomatoida,Oncaeidae,Oncaea,Oncaea sp.
2612,Eukaryota,Arthropoda,Copepoda,Poecilostomatoida,Corycaeidae,Farranula,NA
2613,NA,NA,NA,NA,NA,NA,NA
2614,Eukaryota,Mollusca,Gastropoda,Pteropoda,Creseidae,NA,NA
2615,Eukaryota,Arthropoda,Copepoda,Calanoida,Eucalanidae,Eucalanus,Eucalanus californicus
2616,Eukaryota,Arthropoda,Copepoda,Calanoida,Clausocalanidae,Clausocalanus,Clausocalanus arcuicornis
2617,NA,NA,NA,NA,NA,NA,NA
2618,Eukaryota,Arthropoda,Copepoda,Calanoida,Eucalanidae,Eucalanus,Eucalanus californicus
2619,Eukaryota,Chlorophyta,Chloropicophyceae,Chloropicales,Chloropicaceae,Chloropicon,Chloropicon sieburthii
2620,Eukaryota,Arthropoda,Thecostraca,Balanomorpha,Balanidae,Balanus,Balanus trigonus
2621,NA,NA,NA,NA,NA,NA,NA
2622,Eukaryota,Arthropoda,Copepoda,Calanoida,Eucalanidae,Eucalanus,Eucalanus californicus
2623,Eukaryota,Echinodermata,Ophiuroidea,Amphilepidida,Ophiotrichidae,Ophiothrix,Ophiothrix spiculata
2624,Eukaryota,Arthropoda,Copepoda,Calanoida,Eucalanidae,Eucalanus,Eucalanus californicus
2625,Eukaryota,Arthropoda,Copepoda,Calanoida,Eucalanidae,Eucalanus,Eucalanus californicus
2626,Eukaryota,Arthropoda,Copepoda,Calanoida,Lucicutiidae,Lucicutia,Lucicutia flavicornis
2627,NA,NA,NA,NA,NA,NA,NA
2628,NA,NA,NA,NA,NA,NA,NA
2629,Eukaryota,Arthropoda,Copepoda,Calanoida,Pontellidae,Labidocera,Labidocera trispinosa
2630,Eukaryota,Arthropoda,Copepoda,Poecilostomatoida,Oncaeidae,Oncaea,Oncaea sp.
2631,NA,NA,NA,NA,NA,NA,NA
2632,NA,NA,NA,NA,NA,NA,NA
2633,NA,NA,NA,NA,NA,NA,NA
2634,NA,NA,NA,NA,NA,NA,NA
2635,Eukaryota,Bryozoa,Gymnolaemata,Cheilostomatida,Membraniporidae,Membranipora,Membranipora villosa
2636,Eukaryota,Mollusca,Gastropoda,Nudibranchia,Glaucidae,Hermissenda,Hermissenda opalescens
2637,NA,NA,NA,NA,NA,NA,NA
2638,Eukaryota,Arthropoda,Malacostraca,Euphausiacea,Euphausiidae,Nyctiphanes,Nyctiphanes simplex
2639,NA,NA,NA,NA,NA,NA,NA
2640,Eukaryota,Arthropoda,Copepoda,Calanoida,Eucalanidae,Eucalanus,Eucalanus californicus
2641,NA,NA,NA,NA,NA,NA,NA
2642,Eukaryota,Annelida,Polychaeta,Chaetopteridae,Chaetopteridae,Phyllochaetopterus,Phyllochaetopterus sp. 5 JM_2017
2643,Eukaryota,Arthropoda,Copepoda,Calanoida,Eucalanidae,Eucalanus,Eucalanus californicus
2644,Eukaryota,Mollusca,Gastropoda,Nudibranchia,Glaucidae,Hermissenda,Hermissenda opalescens
2645,Eukaryota,Arthropoda,Copepoda,Calanoida,Acartiidae,Acartia,Acartia tonsa
2646,Eukaryota,Echinodermata,Ophiuroidea,Amphilepidida,Amphiuridae,NA,NA
2647,NA,NA,NA,NA,NA,NA,NA
2648,Eukaryota,Mollusca,Gastropoda,Nudibranchia,Triopha,Triopha,Triopha maculata
2649,NA,NA,NA,NA,NA,NA,NA
2650,NA,NA,NA,NA,NA,NA,NA
2651,NA,NA,NA,NA,NA,NA,NA
2652,NA,NA,NA,NA,NA,NA,NA
2653,Eukaryota,Arthropoda,Copepoda,Calanoida,Metridinidae,Pleuromamma,Pleuromamma abdominalis
2654,NA,NA,NA,NA,NA,NA,NA
2655,NA,NA,NA,NA,NA,NA,NA
2656,Eukaryota,Arthropoda,Copepoda,Calanoida,Pontellidae,Labidocera,Labidocera trispinosa
2657,NA,NA,NA,NA,NA,NA,NA
2658,Eukaryota,Arthropoda,Malacostraca,Euphausiacea,Euphausiidae,Hansarsia,Hansarsia difficilis
2659,Eukaryota,Arthropoda,Copepoda,Calanoida,Eucalanidae,Eucalanus,Eucalanus californicus
2660,NA,NA,NA,NA,NA,NA,NA
2661,Eukaryota,Arthropoda,Copepoda,Calanoida,Pontellidae,Labidocera,Labidocera trispinosa
2662,Eukaryota,Arthropoda,Copepoda,Calanoida,Eucalanidae,Eucalanus,Eucalanus californicus
2663,Eukaryota,Chordata,Actinopteri,Myctophiformes,Myctophidae,Triphoturus,Triphoturus mexicanus
2664,Eukaryota,Arthropoda,Copepoda,Calanoida,Calanidae,Calanus,Calanus pacificus
2665,Eukaryota,Arthropoda,Malacostraca,Euphausiacea,Euphausiidae,Euphausia,Euphausia pacifica
2666,Eukaryota,Bryozoa,Gymnolaemata,Cheilostomatida,Membraniporidae,Membranipora,Membranipora villosa
2667,NA,NA,NA,NA,NA,NA,NA
2668,Eukaryota,Bryozoa,Gymnolaemata,Cheilostomatida,Membraniporidae,Membranipora,Membranipora villosa
2669,Eukaryota,Echinodermata,Ophiuroidea,Amphilepidida,Ophiuridae,Ophiura,Ophiura luetkenii
2670,NA,NA,NA,NA,NA,NA,NA
2671,Eukaryota,Arthropoda,Copepoda,Calanoida,Clausocalanidae,NA,NA
2672,Eukaryota,Echinodermata,Ophiuroidea,Amphilepidida,Ophiocomidae,Ophiopteris,Ophiopteris papillosa
2673,NA,NA,NA,NA,NA,NA,NA
2674,Eukaryota,Bryozoa,Gymnolaemata,Cheilostomatida,Membraniporidae,Membranipora,Membranipora villosa
2675,Eukaryota,Arthropoda,Copepoda,Calanoida,Euchaetidae,Paraeuchaeta,Paraeuchaeta media
2676,NA,NA,NA,NA,NA,NA,NA
2677,NA,NA,NA,NA,NA,NA,NA
2678,Eukaryota,Arthropoda,Copepoda,Calanoida,Eucalanidae,Eucalanus,Eucalanus californicus
2679,Eukaryota,Arthropoda,Copepoda,Calanoida,Pontellidae,Labidocera,Labidocera trispinosa
2680,Eukaryota,Arthropoda,Copepoda,Calanoida,Eucalanidae,Eucalanus,Eucalanus californicus
2681,Eukaryota,Arthropoda,Copepoda,Calanoida,Calanidae,Calanus,Calanus pacificus
2682,NA,NA,NA,NA,NA,NA,NA
2683,Eukaryota,Arthropoda,Copepoda,Calanoida,Eucalanidae,Eucalanus,Eucalanus californicus
2684,Eukaryota,Arthropoda,Malacostraca,Euphausiacea,Euphausiidae,Stylocheiron,NA
2685,NA,NA,NA,NA,NA,NA,NA
2686,NA,NA,NA,NA,NA,NA,NA
2687,Eukaryota,Arthropoda,Malacostraca,Decapoda,Blepharipodidae,NA,NA
2688,Eukaryota,Arthropoda,Malacostraca,Decapoda,Grapsidae,Pachygrapsus,Pachygrapsus crassipes
2689,NA,NA,NA,NA,NA,NA,NA
2690,NA,NA,NA,NA,NA,NA,NA
2691,Eukaryota,Arthropoda,Copepoda,Calanoida,Pontellidae,Labidocera,Labidocera trispinosa
2692,Eukaryota,Arthropoda,Copepoda,Calanoida,Calanidae,Calanus,Calanus pacificus
2693,Eukaryota,Mollusca,Gastropoda,Nudibranchia,Glaucidae,Hermissenda,Hermissenda opalescens
2694,NA,NA,NA,NA,NA,NA,NA
2695,NA,NA,NA,NA,NA,NA,NA
2696,Eukaryota,Mollusca,Gastropoda,Nudibranchia,Glaucidae,Hermissenda,Hermissenda opalescens
2697,Eukaryota,Arthropoda,Copepoda,Calanoida,Calanidae,Calanus,Calanus pacificus
2698,Eukaryota,Arthropoda,Copepoda,Calanoida,Eucalanidae,Eucalanus,Eucalanus californicus
2699,Eukaryota,Arthropoda,Copepoda,Calanoida,Eucalanidae,Eucalanus,Eucalanus californicus
2700,Eukaryota,Arthropoda,Copepoda,Calanoida,Eucalanidae,Eucalanus,Eucalanus californicus
2701,NA,NA,NA,NA,NA,NA,NA
2702,NA,NA,NA,NA,NA,NA,NA
2703,NA,NA,NA,NA,NA,NA,NA
2704,Eukaryota,Bacillariophyta,Thalassiosirophyceae,Lithodesmiales,Lithodesmiaceae,NA,NA
2705,NA,NA,NA,NA,NA,NA,NA
2706,Eukaryota,Cnidaria,Hydrozoa,Siphonophorae,Diphyidae,Chelophyes,Chelophyes appendiculata
2707,Eukaryota,Arthropoda,Copepoda,Calanoida,Eucalanidae,Eucalanus,Eucalanus californicus
2708,NA,NA,NA,NA,NA,NA,NA
2709,Eukaryota,Arthropoda,Copepoda,Calanoida,Calanidae,NA,NA
2710,NA,NA,NA,NA,NA,NA,NA
2711,NA,NA,NA,NA,NA,NA,NA
2712,Eukaryota,Arthropoda,Copepoda,Calanoida,Eucalanidae,Eucalanus,Eucalanus californicus
2713,Eukaryota,Chordata,Actinopteri,Myctophiformes,Myctophidae,Stenobrachius,Stenobrachius leucopsarus
2714,Eukaryota,Arthropoda,Copepoda,Calanoida,Eucalanidae,Eucalanus,Eucalanus californicus
2715,Eukaryota,Arthropoda,Copepoda,Calanoida,Eucalanidae,Eucalanus,Eucalanus californicus
2716,Eukaryota,Chordata,Actinopteri,Argentiniformes,Bathylagidae,Leuroglossus,Leuroglossus stilbius
2717,NA,NA,NA,NA,NA,NA,NA
2718,NA,NA,NA,NA,NA,NA,NA
2719,Eukaryota,Arthropoda,Copepoda,Calanoida,Pontellidae,Labidocera,Labidocera trispinosa
2720,NA,NA,NA,NA,NA,NA,NA
2721,Eukaryota,Arthropoda,Copepoda,Calanoida,Calanidae,Calanus,Calanus pacificus
2722,Eukaryota,Chordata,Actinopteri,Pleuronectiformes,Paralichthyidae,Paralichthys,Paralichthys californicus
2723,Eukaryota,Arthropoda,Copepoda,Calanoida,Pontellidae,Labidocera,Labidocera trispinosa
2724,NA,NA,NA,NA,NA,NA,NA
2725,Eukaryota,Chordata,Actinopteri,Pleuronectiformes,Pleuronectidae,Pleuronichthys,Pleuronichthys verticalis
2726,Eukaryota,Arthropoda,Malacostraca,Euphausiacea,Euphausiidae,Euphausia,Euphausia eximia
2727,Eukaryota,Arthropoda,Copepoda,Poecilostomatoida,Oncaeidae,Oncaea,Oncaea sp.
2728,Eukaryota,Arthropoda,Ostracoda,Halocyprida,Halocyprididae,Conchoecia,Conchoecia magna
2729,NA,NA,NA,NA,NA,NA,NA
2730,NA,NA,NA,NA,NA,NA,NA
2731,NA,NA,NA,NA,NA,NA,NA
2732,NA,NA,NA,NA,NA,NA,NA
2733,Eukaryota,Arthropoda,Malacostraca,Decapoda,Xanthidae,NA,NA
2734,Eukaryota,Arthropoda,Copepoda,Calanoida,Eucalanidae,Eucalanus,Eucalanus californicus
2735,NA,NA,NA,NA,NA,NA,NA
2736,Eukaryota,Arthropoda,Copepoda,Calanoida,Calanidae,Calanus,Calanus pacificus
2737,Eukaryota,Echinodermata,Ophiuroidea,Amphilepidida,Amphiuridae,NA,NA
2738,NA,NA,NA,NA,NA,NA,NA
2739,NA,NA,NA,NA,NA,NA,NA
2740,NA,NA,NA,NA,NA,NA,NA
2741,Eukaryota,Arthropoda,Malacostraca,Decapoda,Inachoididae,NA,NA
2742,Eukaryota,Arthropoda,Copepoda,Poecilostomatoida,Oncaeidae,Oncaea,Oncaea sp.
2743,Eukaryota,Arthropoda,Malacostraca,Decapoda,Hippidae,Emerita,Emerita analoga
2744,NA,NA,NA,NA,NA,NA,NA
2745,NA,NA,NA,NA,NA,NA,NA
2746,Eukaryota,Arthropoda,Copepoda,Calanoida,Metridinidae,Pleuromamma,Pleuromamma borealis
2747,Eukaryota,Arthropoda,Malacostraca,Euphausiacea,Euphausiidae,Hansarsia,Hansarsia difficilis
2748,Eukaryota,Arthropoda,Copepoda,Calanoida,Eucalanidae,Eucalanus,Eucalanus californicus
2749,NA,NA,NA,NA,NA,NA,NA
2750,Eukaryota,Echinodermata,Asteroidea,Forcipulatida,Asteriidae,Pisaster,Pisaster giganteus
2751,Eukaryota,Arthropoda,Malacostraca,Euphausiacea,Euphausiidae,Euphausia,Euphausia pacifica
2752,Eukaryota,Arthropoda,Copepoda,Calanoida,Euchaetidae,NA,NA
2753,NA,NA,NA,NA,NA,NA,NA
2754,NA,NA,NA,NA,NA,NA,NA
2755,NA,NA,NA,NA,NA,NA,NA
2756,Eukaryota,Arthropoda,Copepoda,Calanoida,Calanidae,Calanus,Calanus pacificus
2757,NA,NA,NA,NA,NA,NA,NA
2758,Eukaryota,Arthropoda,Copepoda,Calanoida,Eucalanidae,Eucalanus,Eucalanus californicus
2759,Eukaryota,Arthropoda,Malacostraca,Euphausiacea,Euphausiidae,Nyctiphanes,Nyctiphanes simplex
2760,NA,NA,NA,NA,NA,NA,NA
2761,Eukaryota,Arthropoda,Copepoda,Calanoida,Calanidae,Calanus,Calanus pacificus
2762,Eukaryota,Arthropoda,Copepoda,Calanoida,Pontellidae,Labidocera,Labidocera trispinosa
2763,Eukaryota,Arthropoda,Ostracoda,Halocyprida,Halocyprididae,Proceroecia,Proceroecia procera
2764,Eukaryota,Arthropoda,Thecostraca,Balanomorpha,Balanidae,Balanus,Balanus trigonus
2765,Eukaryota,Arthropoda,Copepoda,Calanoida,Eucalanidae,Eucalanus,Eucalanus californicus
2766,Eukaryota,Arthropoda,Copepoda,Calanoida,Calanidae,Calanus,Calanus pacificus
2767,NA,NA,NA,NA,NA,NA,NA
2768,NA,NA,NA,NA,NA,NA,NA
2769,NA,NA,NA,NA,NA,NA,NA
2770,Eukaryota,Arthropoda,Copepoda,Calanoida,Pontellidae,Labidocera,Labidocera trispinosa
2771,Eukaryota,Arthropoda,Copepoda,Calanoida,Pontellidae,Labidocera,Labidocera trispinosa
2772,NA,NA,NA,NA,NA,NA,NA
2773,Eukaryota,Mollusca,Gastropoda,Nudibranchia,Glaucidae,Hermissenda,Hermissenda opalescens
2774,Eukaryota,Arthropoda,Copepoda,Calanoida,Pontellidae,Labidocera,Labidocera trispinosa
2775,Eukaryota,Bryozoa,Gymnolaemata,Cheilostomatida,Membraniporidae,Membranipora,NA
2776,NA,NA,NA,NA,NA,NA,NA
2777,NA,NA,NA,NA,NA,NA,NA
2778,Eukaryota,Arthropoda,Copepoda,Calanoida,Pontellidae,Labidocera,Labidocera trispinosa
2779,NA,NA,NA,NA,NA,NA,NA
2780,Eukaryota,Arthropoda,Copepoda,Calanoida,Eucalanidae,Eucalanus,Eucalanus californicus
2781,NA,NA,NA,NA,NA,NA,NA
2782,Eukaryota,Arthropoda,Copepoda,Calanoida,Calanidae,Calanus,Calanus pacificus
2783,Eukaryota,Arthropoda,Copepoda,Calanoida,Pontellidae,Labidocera,Labidocera trispinosa
2784,NA,NA,NA,NA,NA,NA,NA
2785,Eukaryota,Arthropoda,Copepoda,Calanoida,Metridinidae,Pleuromamma,Pleuromamma abdominalis
2786,NA,NA,NA,NA,NA,NA,NA
2787,Eukaryota,Arthropoda,Thecostraca,Balanomorpha,Balanidae,NA,NA
2788,Eukaryota,Annelida,Polychaeta,Phyllodocida,Phyllodocidae,NA,NA
2789,Eukaryota,Arthropoda,Malacostraca,Decapoda,Galatheidae,Janetogalathea,Janetogalathea californiensis
2790,NA,NA,NA,NA,NA,NA,NA
2791,Eukaryota,Arthropoda,Copepoda,Calanoida,Pontellidae,Labidocera,Labidocera trispinosa
2792,Eukaryota,Arthropoda,Malacostraca,Decapoda,Cancridae,Cancer,Cancer productus
2793,NA,NA,NA,NA,NA,NA,NA
2794,NA,NA,NA,NA,NA,NA,NA
2795,NA,NA,NA,NA,NA,NA,NA
2796,NA,NA,NA,NA,NA,NA,NA
2797,Eukaryota,Arthropoda,Copepoda,Calanoida,Eucalanidae,Eucalanus,Eucalanus californicus
2798,Eukaryota,Bryozoa,Gymnolaemata,Cheilostomatida,Membraniporidae,Membranipora,Membranipora villosa
2799,Eukaryota,Arthropoda,Malacostraca,Decapoda,Pisidae,Chorilia,Chorilia longipes
2800,Eukaryota,Arthropoda,Copepoda,Calanoida,Eucalanidae,Eucalanus,Eucalanus californicus
2801,NA,NA,NA,NA,NA,NA,NA
2802,NA,NA,NA,NA,NA,NA,NA
2803,Eukaryota,Arthropoda,Copepoda,Calanoida,Pontellidae,Labidocera,Labidocera trispinosa
2804,Eukaryota,Arthropoda,Copepoda,Calanoida,Pontellidae,Labidocera,Labidocera trispinosa
2805,NA,NA,NA,NA,NA,NA,NA
2806,Eukaryota,Arthropoda,Copepoda,Calanoida,Pontellidae,Labidocera,Labidocera trispinosa
2807,Eukaryota,Arthropoda,Copepoda,Calanoida,Eucalanidae,Eucalanus,Eucalanus californicus
2808,Eukaryota,Arthropoda,Copepoda,Poecilostomatoida,Oncaeidae,Oncaea,Oncaea sp.
2809,Eukaryota,Arthropoda,Copepoda,Calanoida,Calanidae,Calanus,Calanus pacificus
2810,Eukaryota,Bryozoa,Gymnolaemata,Cheilostomatida,Membraniporidae,Membranipora,Membranipora villosa
2811,Eukaryota,Arthropoda,Copepoda,Calanoida,Aetideidae,Undeuchaeta,NA
2812,NA,NA,NA,NA,NA,NA,NA
2813,Eukaryota,Mollusca,Gastropoda,Nudibranchia,Glaucidae,Hermissenda,Hermissenda opalescens
2814,Eukaryota,Arthropoda,Ostracoda,Halocyprida,Halocyprididae,Macrochoecilla,Macrochoecilla macrocheira
2815,Eukaryota,Echinodermata,Ophiuroidea,Amphilepidida,Amphiuridae,NA,NA
2816,Eukaryota,Arthropoda,Copepoda,Poecilostomatoida,Corycaeidae,Farranula,NA
2817,Eukaryota,Chordata,Actinopteri,Labriformes,Labridae,Halichoeres,Halichoeres semicinctus
2818,NA,NA,NA,NA,NA,NA,NA
2819,Eukaryota,Arthropoda,Malacostraca,Decapoda,Hippolytidae,Lysmata,Lysmata californica
2820,Eukaryota,Arthropoda,Copepoda,Calanoida,Eucalanidae,Eucalanus,Eucalanus californicus
2821,Eukaryota,Mollusca,Gastropoda,Pteropoda,Creseidae,Styliola,NA
2822,Eukaryota,Arthropoda,Copepoda,Calanoida,Eucalanidae,Eucalanus,Eucalanus californicus
2823,Eukaryota,Arthropoda,Copepoda,Calanoida,Eucalanidae,Eucalanus,Eucalanus californicus
2824,Eukaryota,Arthropoda,Copepoda,Calanoida,Eucalanidae,Eucalanus,Eucalanus californicus
2825,NA,NA,NA,NA,NA,NA,NA
2826,Eukaryota,Arthropoda,Copepoda,Calanoida,Mecynoceridae,Mecynocera,Mecynocera clausi
2827,NA,NA,NA,NA,NA,NA,NA
2828,NA,NA,NA,NA,NA,NA,NA
2829,Eukaryota,Arthropoda,Malacostraca,Decapoda,Hippolytidae,NA,NA
2830,NA,NA,NA,NA,NA,NA,NA
2831,Eukaryota,Mollusca,Gastropoda,Acteonidae,Acteonidae,Rictaxis,Rictaxis punctocaelatus
2832,Eukaryota,Arthropoda,Copepoda,Calanoida,Pontellidae,Labidocera,Labidocera trispinosa
2833,Eukaryota,Arthropoda,Malacostraca,Euphausiacea,Euphausiidae,Hansarsia,Hansarsia difficilis
2834,Eukaryota,Arthropoda,Copepoda,Calanoida,Eucalanidae,Eucalanus,Eucalanus californicus
2835,NA,NA,NA,NA,NA,NA,NA
2836,Eukaryota,Arthropoda,Copepoda,Calanoida,Calanidae,Calanus,Calanus pacificus
2837,Eukaryota,Arthropoda,Copepoda,Calanoida,Eucalanidae,Eucalanus,Eucalanus californicus
2838,Eukaryota,Mollusca,Gastropoda,Littorinimorpha,Calyptraeidae,Crepipatella,Crepipatella lingulata
2839,Eukaryota,Arthropoda,Copepoda,Calanoida,Calocalanidae,NA,NA
2840,Eukaryota,Arthropoda,Copepoda,Calanoida,Calanidae,Calanus,Calanus pacificus
2841,Eukaryota,Arthropoda,Copepoda,Calanoida,Eucalanidae,Eucalanus,Eucalanus californicus
2842,Eukaryota,Arthropoda,Copepoda,Calanoida,Eucalanidae,Rhincalanus,NA
2843,Eukaryota,Arthropoda,Copepoda,Calanoida,Clausocalanidae,Clausocalanus,Clausocalanus furcatus
2844,Eukaryota,Arthropoda,Copepoda,Calanoida,Scolecitrichidae,Scolecithricella,Scolecithricella dentata
2845,Eukaryota,Bryozoa,Gymnolaemata,Cheilostomatida,Membraniporidae,Membranipora,Membranipora villosa
2846,NA,NA,NA,NA,NA,NA,NA
2847,Eukaryota,Mollusca,Gastropoda,Pteropoda,Cymbuliidae,Corolla,Corolla spectabilis
2848,Eukaryota,Bryozoa,Gymnolaemata,Cheilostomatida,Membraniporidae,Membranipora,Membranipora villosa
2849,Eukaryota,Arthropoda,Copepoda,Calanoida,Eucalanidae,Eucalanus,Eucalanus californicus
2850,Eukaryota,Bryozoa,Gymnolaemata,Cheilostomatida,Membraniporidae,Membranipora,Membranipora villosa
2851,Eukaryota,Arthropoda,Copepoda,Calanoida,Calanidae,Calanus,Calanus pacificus
2852,Eukaryota,Arthropoda,Copepoda,Calanoida,Eucalanidae,Eucalanus,Eucalanus californicus
2853,Eukaryota,Arthropoda,Copepoda,Calanoida,Metridinidae,Pleuromamma,Pleuromamma borealis
2854,NA,NA,NA,NA,NA,NA,NA
2855,Eukaryota,Echinodermata,Ophiuroidea,Amphilepidida,Ophiocomidae,NA,NA
2856,NA,NA,NA,NA,NA,NA,NA
2857,Eukaryota,Arthropoda,Copepoda,Calanoida,Calanidae,Calanus,Calanus pacificus
2858,Eukaryota,Arthropoda,Copepoda,Calanoida,Eucalanidae,NA,NA
2859,Eukaryota,Bryozoa,Gymnolaemata,Cheilostomatida,Membraniporidae,Membranipora,Membranipora villosa
2860,Eukaryota,Arthropoda,Copepoda,Calanoida,Calocalanidae,Calocalanus,NA
2861,NA,NA,NA,NA,NA,NA,NA
2862,Eukaryota,Bacillariophyta,Bacillariophyceae,Bacillariales,Bacillariaceae,Pseudo_nitzschia,Pseudo_nitzschia delicatissima
2863,NA,NA,NA,NA,NA,NA,NA
2864,NA,NA,NA,NA,NA,NA,NA
2865,Eukaryota,Arthropoda,Copepoda,Calanoida,Eucalanidae,Eucalanus,Eucalanus californicus
2866,Eukaryota,Arthropoda,Copepoda,Calanoida,Eucalanidae,Eucalanus,Eucalanus californicus
2867,Eukaryota,Arthropoda,Copepoda,Calanoida,Eucalanidae,Eucalanus,NA
2868,NA,NA,NA,NA,NA,NA,NA
2869,Eukaryota,Arthropoda,Copepoda,Calanoida,Eucalanidae,Eucalanus,Eucalanus californicus
2870,Eukaryota,Arthropoda,Copepoda,Calanoida,Scolecitrichidae,Scolecithricella,Scolecithricella dentata
2871,Eukaryota,Arthropoda,Copepoda,Calanoida,Calanidae,Calanus,Calanus pacificus
2872,NA,NA,NA,NA,NA,NA,NA
2873,NA,NA,NA,NA,NA,NA,NA
2874,Eukaryota,Arthropoda,Copepoda,Calanoida,Eucalanidae,Eucalanus,Eucalanus californicus
2875,NA,NA,NA,NA,NA,NA,NA
2876,Eukaryota,Mollusca,Gastropoda,Nudibranchia,Glaucidae,Hermissenda,Hermissenda opalescens
2877,NA,NA,NA,NA,NA,NA,NA
2878,Eukaryota,Chordata,Actinopteri,Stomiiformes,Sternoptychidae,Danaphos,Danaphos oculatus
2879,NA,NA,NA,NA,NA,NA,NA
2880,Eukaryota,Arthropoda,Malacostraca,Euphausiacea,Euphausiidae,Stylocheiron,NA
2881,Eukaryota,Arthropoda,Copepoda,Poecilostomatoida,Corycaeidae,Farranula,NA
2882,NA,NA,NA,NA,NA,NA,NA
2883,NA,NA,NA,NA,NA,NA,NA
2884,Eukaryota,Arthropoda,Copepoda,Calanoida,Eucalanidae,Eucalanus,Eucalanus californicus
2885,Eukaryota,Arthropoda,Malacostraca,Decapoda,Hippolytidae,Lysmata,Lysmata californica
2886,Eukaryota,Arthropoda,Copepoda,Calanoida,Eucalanidae,Eucalanus,Eucalanus californicus
2887,Eukaryota,Mollusca,Gastropoda,Nudibranchia,Glaucidae,Hermissenda,Hermissenda opalescens
2888,Eukaryota,Arthropoda,Copepoda,Poecilostomatoida,Oncaeidae,Oncaea,Oncaea sp.
2889,NA,NA,NA,NA,NA,NA,NA
2890,Eukaryota,Arthropoda,Copepoda,Calanoida,Clausocalanidae,Clausocalanus,Clausocalanus furcatus
2891,NA,NA,NA,NA,NA,NA,NA
2892,Eukaryota,Arthropoda,Malacostraca,Euphausiacea,Euphausiidae,Hansarsia,Hansarsia difficilis
2893,Eukaryota,Bacillariophyta,Thalassiosirophyceae,Thalassiosirales,Thalassiosiraceae,NA,NA
2894,NA,NA,NA,NA,NA,NA,NA
2895,NA,NA,NA,NA,NA,NA,NA
2896,NA,NA,NA,NA,NA,NA,NA
2897,NA,NA,NA,NA,NA,NA,NA
2898,Eukaryota,Arthropoda,Copepoda,Calanoida,Eucalanidae,Eucalanus,Eucalanus californicus
2899,Eukaryota,Arthropoda,Copepoda,Calanoida,Calanidae,Calanus,Calanus pacificus
2900,Eukaryota,Echinodermata,Ophiuroidea,Amphilepidida,Amphiuridae,Amphiodia,NA
2901,NA,NA,NA,NA,NA,NA,NA
2902,NA,NA,NA,NA,NA,NA,NA
2903,Eukaryota,Mollusca,Gastropoda,Nudibranchia,Glaucidae,Hermissenda,NA
2904,NA,NA,NA,NA,NA,NA,NA
2905,Eukaryota,Bryozoa,Gymnolaemata,Cheilostomatida,Membraniporidae,Membranipora,Membranipora villosa
2906,Eukaryota,Arthropoda,Copepoda,Calanoida,Scolecitrichidae,Scolecithricella,Scolecithricella dentata
2907,Eukaryota,Arthropoda,Copepoda,Calanoida,Eucalanidae,Eucalanus,Eucalanus californicus
2908,Eukaryota,Mollusca,Gastropoda,Nudibranchia,Glaucidae,Hermissenda,Hermissenda opalescens
2909,Eukaryota,Arthropoda,Copepoda,Calanoida,Calanidae,Calanus,Calanus pacificus
2910,Eukaryota,Arthropoda,Copepoda,Calanoida,Pontellidae,Labidocera,NA
2911,Eukaryota,Arthropoda,Copepoda,Calanoida,Calanidae,Calanus,Calanus pacificus
2912,Eukaryota,Arthropoda,Malacostraca,Euphausiacea,Euphausiidae,Nyctiphanes,Nyctiphanes simplex
2913,NA,NA,NA,NA,NA,NA,NA
2914,Eukaryota,Arthropoda,Copepoda,Calanoida,Eucalanidae,Eucalanus,Eucalanus californicus
2915,NA,NA,NA,NA,NA,NA,NA
2916,Eukaryota,Arthropoda,Copepoda,Calanoida,Calanidae,Calanus,Calanus pacificus
2917,Eukaryota,Arthropoda,Copepoda,Calanoida,Pontellidae,NA,NA
2918,Eukaryota,Mollusca,Gastropoda,Nudibranchia,Glaucidae,Hermissenda,Hermissenda opalescens
2919,Eukaryota,Mollusca,Gastropoda,Nudibranchia,Glaucidae,Hermissenda,Hermissenda opalescens
2920,Eukaryota,Mollusca,Gastropoda,Nudibranchia,Glaucidae,Hermissenda,Hermissenda opalescens
2921,Eukaryota,Mollusca,Gastropoda,Littorinimorpha,Atlantidae,Atlanta,Atlanta sp. USNM IZ 1230636
2922,NA,NA,NA,NA,NA,NA,NA
2923,Eukaryota,Arthropoda,Copepoda,Calanoida,Calanidae,Calanus,Calanus pacificus
2924,NA,NA,NA,NA,NA,NA,NA
2925,Eukaryota,Arthropoda,Copepoda,Calanoida,Eucalanidae,Eucalanus,Eucalanus californicus
2926,Eukaryota,Arthropoda,Copepoda,Calanoida,Calanidae,Calanus,Calanus pacificus
2927,Eukaryota,Arthropoda,Copepoda,Calanoida,Eucalanidae,Eucalanus,Eucalanus californicus
2928,Eukaryota,Arthropoda,Copepoda,Calanoida,Eucalanidae,Eucalanus,Eucalanus californicus
2929,NA,NA,NA,NA,NA,NA,NA
2930,Eukaryota,Arthropoda,Copepoda,Calanoida,Clausocalanidae,Clausocalanus,Clausocalanus parapergens
2931,Eukaryota,Arthropoda,Copepoda,Calanoida,Mecynoceridae,Mecynocera,Mecynocera clausi
2932,NA,NA,NA,NA,NA,NA,NA
2933,NA,NA,NA,NA,NA,NA,NA
2934,NA,NA,NA,NA,NA,NA,NA
2935,Eukaryota,Mollusca,Gastropoda,Pteropoda,Creseidae,Styliola,Styliola sp.
2936,NA,NA,NA,NA,NA,NA,NA
2937,NA,NA,NA,NA,NA,NA,NA
2938,Eukaryota,Arthropoda,Thecostraca,Pollicipedomorpha,Pollicipedidae,Pollicipes,Pollicipes polymerus
2939,Eukaryota,Arthropoda,Copepoda,Calanoida,Calanidae,Calanus,Calanus pacificus
2940,NA,NA,NA,NA,NA,NA,NA
2941,Eukaryota,Arthropoda,Copepoda,Calanoida,Pontellidae,Labidocera,NA
2942,Eukaryota,Arthropoda,Copepoda,Calanoida,Eucalanidae,Eucalanus,Eucalanus californicus
2943,NA,NA,NA,NA,NA,NA,NA
2944,Eukaryota,Arthropoda,Copepoda,Calanoida,Eucalanidae,Eucalanus,Eucalanus californicus
2945,Eukaryota,Arthropoda,Copepoda,Calanoida,Eucalanidae,Eucalanus,Eucalanus californicus
2946,NA,NA,NA,NA,NA,NA,NA
2947,Eukaryota,Chordata,Actinopteri,Argentiniformes,Bathylagidae,Leuroglossus,Leuroglossus stilbius
2948,Eukaryota,Arthropoda,Copepoda,Calanoida,Eucalanidae,Eucalanus,Eucalanus californicus
2949,NA,NA,NA,NA,NA,NA,NA
2950,NA,NA,NA,NA,NA,NA,NA
2951,Eukaryota,Arthropoda,Ostracoda,Halocyprida,Halocyprididae,Discoconchoecia,NA
2952,Eukaryota,Arthropoda,Ostracoda,Halocyprida,Halocyprididae,Paraconchoecia,Paraconchoecia allotherium
2953,Eukaryota,Arthropoda,Ostracoda,Halocyprida,Halocyprididae,Proceroecia,Proceroecia procera
2954,Eukaryota,Arthropoda,Copepoda,Calanoida,Pontellidae,Labidocera,Labidocera trispinosa
2955,Eukaryota,Arthropoda,Ostracoda,Halocyprida,Halocyprididae,Halocypris,Halocypris inflata
2956,Eukaryota,Arthropoda,Copepoda,Calanoida,Calanidae,Calanus,Calanus pacificus
2957,NA,NA,NA,NA,NA,NA,NA
2958,Eukaryota,Arthropoda,Copepoda,Calanoida,Eucalanidae,Eucalanus,Eucalanus californicus
2959,Eukaryota,Arthropoda,Copepoda,Calanoida,Pontellidae,Labidocera,Labidocera trispinosa
2960,NA,NA,NA,NA,NA,NA,NA
2961,NA,NA,NA,NA,NA,NA,NA
2962,Eukaryota,Mollusca,Gastropoda,Nudibranchia,Glaucidae,Hermissenda,Hermissenda opalescens
2963,NA,NA,NA,NA,NA,NA,NA
2964,Eukaryota,Arthropoda,Copepoda,Poecilostomatoida,Oncaeidae,Oncaea,Oncaea sp.
2965,Eukaryota,Arthropoda,Copepoda,Calanoida,Paracalanidae,NA,NA
2966,Eukaryota,Arthropoda,Copepoda,Calanoida,Eucalanidae,Eucalanus,Eucalanus californicus
2967,NA,NA,NA,NA,NA,NA,NA
2968,NA,NA,NA,NA,NA,NA,NA
2969,Eukaryota,Arthropoda,Copepoda,Calanoida,Eucalanidae,Eucalanus,Eucalanus californicus
2970,Eukaryota,Mollusca,Gastropoda,Nudibranchia,Glaucidae,Hermissenda,Hermissenda opalescens
2971,Eukaryota,Mollusca,Gastropoda,Pteropoda,Creseidae,Styliola,Styliola sp.
2972,Eukaryota,Arthropoda,Copepoda,Calanoida,Mecynoceridae,Mecynocera,Mecynocera clausi
2973,Eukaryota,Arthropoda,Copepoda,Calanoida,Calanidae,Calanus,Calanus pacificus
2974,Eukaryota,Arthropoda,Copepoda,Poecilostomatoida,Oncaeidae,Oncaea,Oncaea sp.
2975,Eukaryota,Haptophyta,Phaeocystales,Phaeocystales,Phaeocystaceae,Phaeocystis,Phaeocystis cordata
2976,NA,NA,NA,NA,NA,NA,NA
2977,NA,NA,NA,NA,NA,NA,NA
2978,Eukaryota,Arthropoda,Copepoda,Poecilostomatoida,Oncaeidae,Oncaea,Oncaea sp.
2979,Eukaryota,Arthropoda,Copepoda,Poecilostomatoida,Oncaeidae,Oncaea,Oncaea sp.
2980,Eukaryota,Arthropoda,Copepoda,Calanoida,Calanidae,Calanus,Calanus pacificus
2981,Eukaryota,Arthropoda,Malacostraca,Euphausiacea,Euphausiidae,Nyctiphanes,Nyctiphanes simplex
2982,Eukaryota,Arthropoda,Copepoda,Calanoida,Metridinidae,Pleuromamma,Pleuromamma abdominalis
2983,NA,NA,NA,NA,NA,NA,NA
2984,NA,NA,NA,NA,NA,NA,NA
2985,NA,NA,NA,NA,NA,NA,NA
2986,NA,NA,NA,NA,NA,NA,NA
2987,Eukaryota,Arthropoda,Malacostraca,Euphausiacea,Euphausiidae,Nyctiphanes,Nyctiphanes simplex
2988,NA,NA,NA,NA,NA,NA,NA
2989,Eukaryota,Arthropoda,Copepoda,Calanoida,Calanidae,Calanus,Calanus pacificus
2990,Eukaryota,Bacillariophyta,Bacillariophyceae,Bacillariales,Bacillariaceae,NA,NA
2991,Eukaryota,Arthropoda,Copepoda,Calanoida,Pontellidae,Labidocera,NA
2992,NA,NA,NA,NA,NA,NA,NA
2993,NA,NA,NA,NA,NA,NA,NA
2994,NA,NA,NA,NA,NA,NA,NA
2995,Eukaryota,Mollusca,Gastropoda,Pteropoda,Cuvierinidae,Cuvierina,Cuvierina pacifica
2996,Eukaryota,Bryozoa,Gymnolaemata,Cheilostomatida,Membraniporidae,Membranipora,Membranipora villosa
2997,NA,NA,NA,NA,NA,NA,NA
2998,Eukaryota,Bryozoa,Gymnolaemata,Cheilostomatida,Membraniporidae,Membranipora,Membranipora villosa
2999,Eukaryota,Mollusca,Gastropoda,Littorinimorpha,Atlantidae,Atlanta,Atlanta sp. USNM IZ 1230636
3000,Eukaryota,Arthropoda,Copepoda,Calanoida,Eucalanidae,Eucalanus,Eucalanus californicus
3001,Eukaryota,Mollusca,Gastropoda,Nudibranchia,Glaucidae,Hermissenda,NA
3002,NA,NA,NA,NA,NA,NA,NA
3003,Eukaryota,Arthropoda,Copepoda,Calanoida,Eucalanidae,Eucalanus,Eucalanus californicus
3004,Eukaryota,Arthropoda,Copepoda,Calanoida,Eucalanidae,Eucalanus,Eucalanus californicus
3005,Eukaryota,Arthropoda,Copepoda,Calanoida,Pontellidae,Labidocera,Labidocera trispinosa
3006,NA,NA,NA,NA,NA,NA,NA
3007,Eukaryota,Arthropoda,Copepoda,Calanoida,Calanidae,Calanus,Calanus pacificus
3008,Eukaryota,Arthropoda,Copepoda,Poecilostomatoida,Oncaeidae,Oncaea,Oncaea scottodicarloi
3009,Eukaryota,Echinodermata,Echinoidea,Camarodonta,Strongylocentrotidae,Strongylocentrotus,Strongylocentrotus purpuratus
3010,NA,NA,NA,NA,NA,NA,NA
3011,Eukaryota,Arthropoda,Malacostraca,Euphausiacea,Euphausiidae,Thysanoessa,Thysanoessa gregaria
3012,Eukaryota,Haptophyta,Isochrysidales,Isochrysidales,Noelaerhabdaceae,NA,NA
3013,Eukaryota,Arthropoda,Copepoda,Calanoida,Pontellidae,Labidocera,Labidocera trispinosa
3014,NA,NA,NA,NA,NA,NA,NA
3015,NA,NA,NA,NA,NA,NA,NA
3016,Eukaryota,Arthropoda,Malacostraca,Decapoda,Munididae,Pleuroncodes,Pleuroncodes planipes
3017,Eukaryota,Arthropoda,Malacostraca,Euphausiacea,Euphausiidae,Nyctiphanes,Nyctiphanes simplex
3018,Eukaryota,Mollusca,Gastropoda,Nudibranchia,Discodorididae,Diaulula,Diaulula sandiegensis
3019,NA,NA,NA,NA,NA,NA,NA
3020,NA,NA,NA,NA,NA,NA,NA
3021,NA,NA,NA,NA,NA,NA,NA
3022,NA,NA,NA,NA,NA,NA,NA
3023,Eukaryota,Arthropoda,Thecostraca,Balanomorpha,Chthamalidae,Chthamalus,Chthamalus fissus
3024,Eukaryota,Arthropoda,Malacostraca,Euphausiacea,Euphausiidae,Nyctiphanes,Nyctiphanes simplex
3025,NA,NA,NA,NA,NA,NA,NA
3026,NA,NA,NA,NA,NA,NA,NA
3027,NA,NA,NA,NA,NA,NA,NA
3028,NA,NA,NA,NA,NA,NA,NA
3029,Eukaryota,Arthropoda,Copepoda,Calanoida,Eucalanidae,Eucalanus,Eucalanus californicus
3030,Eukaryota,Arthropoda,Copepoda,Calanoida,Eucalanidae,Eucalanus,Eucalanus californicus
3031,Eukaryota,Arthropoda,Ostracoda,Halocyprida,Halocyprididae,Proceroecia,Proceroecia procera
3032,NA,NA,NA,NA,NA,NA,NA
3033,NA,NA,NA,NA,NA,NA,NA
3034,NA,NA,NA,NA,NA,NA,NA
3035,Eukaryota,Mollusca,Gastropoda,Nudibranchia,Glaucidae,Hermissenda,Hermissenda opalescens
3036,Eukaryota,Chordata,Actinopteri,Argentiniformes,Bathylagidae,Bathylagus,Bathylagus pacificus
3037,Eukaryota,Chordata,Actinopteri,Perciformes,Bathymasteridae,Rathbunella,Rathbunella hypoplecta
3038,Eukaryota,Arthropoda,Malacostraca,Decapoda,Cancridae,Metacarcinus,Metacarcinus gracilis
3039,Eukaryota,Arthropoda,Malacostraca,Euphausiacea,Euphausiidae,Nyctiphanes,Nyctiphanes simplex
3040,Eukaryota,Echinodermata,Echinoidea,Clypeasteroida,Dendrasteridae,Dendraster,Dendraster excentricus
3041,Eukaryota,Arthropoda,Copepoda,Poecilostomatoida,Oncaeidae,Oncaea,Oncaea scottodicarloi
3042,NA,NA,NA,NA,NA,NA,NA
3043,Eukaryota,Arthropoda,Copepoda,Calanoida,Eucalanidae,Eucalanus,Eucalanus californicus
3044,Eukaryota,Arthropoda,Copepoda,Calanoida,Eucalanidae,Eucalanus,Eucalanus californicus
3045,NA,NA,NA,NA,NA,NA,NA
3046,NA,NA,NA,NA,NA,NA,NA
3047,Eukaryota,Arthropoda,Copepoda,Calanoida,Eucalanidae,Eucalanus,Eucalanus californicus
3048,NA,NA,NA,NA,NA,NA,NA
3049,NA,NA,NA,NA,NA,NA,NA
3050,Eukaryota,Mollusca,Gastropoda,Nudibranchia,Glaucidae,Hermissenda,Hermissenda opalescens
3051,NA,NA,NA,NA,NA,NA,NA
3052,NA,NA,NA,NA,NA,NA,NA
3053,NA,NA,NA,NA,NA,NA,NA
3054,NA,NA,NA,NA,NA,NA,NA
3055,Eukaryota,Mollusca,Gastropoda,Pteropoda,Creseidae,Styliola,Styliola sp.
3056,Eukaryota,Arthropoda,Copepoda,Calanoida,Eucalanidae,Eucalanus,Eucalanus californicus
3057,Eukaryota,Arthropoda,Copepoda,Calanoida,Eucalanidae,Eucalanus,Eucalanus californicus
3058,Eukaryota,Arthropoda,Copepoda,Calanoida,Eucalanidae,Eucalanus,Eucalanus californicus
3059,Eukaryota,Bryozoa,Gymnolaemata,Cheilostomatida,Membraniporidae,Membranipora,NA
3060,Eukaryota,Arthropoda,Copepoda,Calanoida,Eucalanidae,Eucalanus,Eucalanus californicus
3061,Eukaryota,Arthropoda,Copepoda,Calanoida,Eucalanidae,Eucalanus,Eucalanus californicus
3062,Eukaryota,Arthropoda,Copepoda,Calanoida,Eucalanidae,Eucalanus,Eucalanus californicus
3063,Eukaryota,Arthropoda,Copepoda,Calanoida,Clausocalanidae,Clausocalanus,Clausocalanus parapergens
3064,Eukaryota,Arthropoda,Copepoda,Calanoida,Mecynoceridae,Mecynocera,Mecynocera clausi
3065,NA,NA,NA,NA,NA,NA,NA
3066,Eukaryota,Arthropoda,Copepoda,Calanoida,Eucalanidae,Eucalanus,Eucalanus californicus
3067,NA,NA,NA,NA,NA,NA,NA
3068,NA,NA,NA,NA,NA,NA,NA
3069,Eukaryota,Arthropoda,Copepoda,Calanoida,Clausocalanidae,Clausocalanus,Clausocalanus pergens
3070,NA,NA,NA,NA,NA,NA,NA
3071,Eukaryota,Arthropoda,Ostracoda,Halocyprida,Halocyprididae,Paraconchoecia,Paraconchoecia oblonga
3072,Eukaryota,Arthropoda,Copepoda,Calanoida,Calanidae,Calanus,Calanus pacificus
3073,NA,NA,NA,NA,NA,NA,NA
3074,NA,NA,NA,NA,NA,NA,NA
3075,NA,NA,NA,NA,NA,NA,NA
3076,NA,NA,NA,NA,NA,NA,NA
3077,Eukaryota,Bryozoa,Gymnolaemata,Cheilostomatida,Membraniporidae,Membranipora,Membranipora villosa
3078,Eukaryota,Arthropoda,Copepoda,Calanoida,Eucalanidae,Eucalanus,Eucalanus californicus
3079,Eukaryota,Arthropoda,Copepoda,Calanoida,Eucalanidae,Eucalanus,Eucalanus californicus
3080,Eukaryota,Bacillariophyta,Thalassiosirophyceae,Thalassiosirales,Thalassiosiraceae,Skeletonema,Skeletonema japonicum
3081,Eukaryota,Arthropoda,Ostracoda,Halocyprida,Halocyprididae,Archiconchoecia,Archiconchoecia striata
3082,Eukaryota,Arthropoda,Thecostraca,Balanomorpha,Chthamalidae,Chthamalus,Chthamalus fissus
3083,Eukaryota,Arthropoda,Copepoda,Calanoida,Calanidae,Calanus,Calanus pacificus
3084,Eukaryota,Mollusca,Gastropoda,Nudibranchia,Glaucidae,Hermissenda,Hermissenda opalescens
3085,NA,NA,NA,NA,NA,NA,NA
3086,NA,NA,NA,NA,NA,NA,NA
3087,Eukaryota,Arthropoda,Copepoda,Calanoida,Eucalanidae,Eucalanus,Eucalanus californicus
3088,NA,NA,NA,NA,NA,NA,NA
3089,NA,NA,NA,NA,NA,NA,NA
3090,Eukaryota,Arthropoda,Copepoda,Calanoida,Pontellidae,Labidocera,NA
3091,NA,NA,NA,NA,NA,NA,NA
3092,NA,NA,NA,NA,NA,NA,NA
3093,Eukaryota,Bryozoa,Gymnolaemata,Cheilostomatida,Membraniporidae,Membranipora,Membranipora villosa
3094,Eukaryota,Arthropoda,Copepoda,Calanoida,Mecynoceridae,Mecynocera,Mecynocera clausi
3095,NA,NA,NA,NA,NA,NA,NA
3096,Eukaryota,Arthropoda,Copepoda,Calanoida,Eucalanidae,Eucalanus,Eucalanus californicus
3097,Eukaryota,Mollusca,Gastropoda,Nudibranchia,Glaucidae,Hermissenda,NA
3098,Eukaryota,Arthropoda,Copepoda,Calanoida,Eucalanidae,Eucalanus,Eucalanus californicus
3099,Eukaryota,Arthropoda,Copepoda,Calanoida,Eucalanidae,Eucalanus,Eucalanus californicus
3100,NA,NA,NA,NA,NA,NA,NA
3101,NA,NA,NA,NA,NA,NA,NA
3102,Eukaryota,Arthropoda,Copepoda,Poecilostomatoida,Oncaeidae,Oncaea,Oncaea sp.
3103,Eukaryota,Arthropoda,Copepoda,Calanoida,Calanidae,Calanus,Calanus pacificus
3104,Eukaryota,Arthropoda,Copepoda,Calanoida,Clausocalanidae,Clausocalanus,Clausocalanus parapergens
3105,Eukaryota,Arthropoda,Copepoda,Calanoida,Clausocalanidae,Clausocalanus,Clausocalanus parapergens
3106,NA,NA,NA,NA,NA,NA,NA
3107,NA,NA,NA,NA,NA,NA,NA
3108,Eukaryota,Arthropoda,Ostracoda,Halocyprida,Halocyprididae,NA,NA
3109,Eukaryota,Arthropoda,Copepoda,Calanoida,Eucalanidae,Eucalanus,Eucalanus californicus
3110,Eukaryota,Arthropoda,Copepoda,Calanoida,Metridinidae,Pleuromamma,Pleuromamma borealis
3111,Eukaryota,Mollusca,Gastropoda,Pteropoda,Creseidae,Styliola,Styliola sp.
3112,Eukaryota,Arthropoda,Copepoda,Calanoida,Metridinidae,Pleuromamma,Pleuromamma abdominalis
3113,Eukaryota,Haptophyta,Phaeocystales,Phaeocystales,Phaeocystaceae,Phaeocystis,Phaeocystis globosa
3114,Eukaryota,Arthropoda,Copepoda,Calanoida,Eucalanidae,Rhincalanus,NA
3115,Eukaryota,Bryozoa,Gymnolaemata,Cheilostomatida,Membraniporidae,Membranipora,Membranipora villosa
3116,NA,NA,NA,NA,NA,NA,NA
3117,NA,NA,NA,NA,NA,NA,NA
3118,NA,NA,NA,NA,NA,NA,NA
3119,NA,NA,NA,NA,NA,NA,NA
3120,Eukaryota,Annelida,Polychaeta,Phyllodocida,Polynoidae,NA,NA
3121,NA,NA,NA,NA,NA,NA,NA
3122,Eukaryota,Arthropoda,Copepoda,Calanoida,Metridinidae,Pleuromamma,Pleuromamma abdominalis
3123,Eukaryota,Phoronida,Phoronidae,Phoronidae,Phoronidae,Phoronopsis,NA
3124,Eukaryota,Arthropoda,Copepoda,Calanoida,Pontellidae,Labidocera,Labidocera trispinosa
3125,Eukaryota,Arthropoda,Copepoda,Calanoida,Eucalanidae,Eucalanus,Eucalanus californicus
3126,Eukaryota,Arthropoda,Copepoda,Calanoida,Eucalanidae,Eucalanus,Eucalanus californicus
3127,Eukaryota,Arthropoda,Copepoda,Calanoida,Eucalanidae,Eucalanus,Eucalanus californicus
3128,Eukaryota,Bacillariophyta,Thalassiosirophyceae,Chaetocerotales,Chaetocerotaceae,NA,NA
3129,NA,NA,NA,NA,NA,NA,NA
3130,NA,NA,NA,NA,NA,NA,NA
3131,Eukaryota,Echinodermata,Echinoidea,Clypeasteroida,Dendrasteridae,Dendraster,Dendraster excentricus
3132,Eukaryota,Arthropoda,Malacostraca,Decapoda,Hippolytidae,Eualus,Eualus subtilis
3133,Eukaryota,Arthropoda,Copepoda,Calanoida,Pontellidae,Labidocera,Labidocera trispinosa
3134,NA,NA,NA,NA,NA,NA,NA
3135,NA,NA,NA,NA,NA,NA,NA
3136,Eukaryota,Arthropoda,Copepoda,Calanoida,Pontellidae,Labidocera,Labidocera trispinosa
3137,Eukaryota,Arthropoda,Copepoda,Calanoida,Eucalanidae,Eucalanus,Eucalanus californicus
3138,Eukaryota,Arthropoda,Copepoda,Calanoida,Pontellidae,Labidocera,Labidocera trispinosa
3139,Eukaryota,Mollusca,Gastropoda,Nudibranchia,Glaucidae,Hermissenda,Hermissenda opalescens
3140,Eukaryota,Bryozoa,Gymnolaemata,Cheilostomatida,Membraniporidae,Membranipora,Membranipora villosa
3141,Eukaryota,Arthropoda,Malacostraca,Decapoda,Munididae,Antillimunida,Antillimunida bapensis
3142,NA,NA,NA,NA,NA,NA,NA
3143,Eukaryota,Arthropoda,Copepoda,Calanoida,Candaciidae,Candacia,Candacia curta
3144,Eukaryota,Mollusca,Gastropoda,Nudibranchia,Glaucidae,Hermissenda,Hermissenda opalescens
3145,Eukaryota,Mollusca,Gastropoda,Pteropoda,Cuvierinidae,Cuvierina,Cuvierina pacifica
3146,Eukaryota,Bryozoa,Gymnolaemata,Cheilostomatida,Membraniporidae,Membranipora,Membranipora villosa
3147,Eukaryota,Mollusca,Gastropoda,Nudibranchia,Glaucidae,Hermissenda,Hermissenda opalescens
3148,Eukaryota,Arthropoda,Copepoda,Poecilostomatoida,Oncaeidae,Oncaea,Oncaea sp.
3149,Eukaryota,Cnidaria,Hydrozoa,Anthoathecata,Pandeidae,NA,NA
3150,NA,NA,NA,NA,NA,NA,NA
3151,Eukaryota,Echinodermata,Ophiuroidea,Amphilepidida,Ophiotrichidae,Ophiothrix,NA
3152,NA,NA,NA,NA,NA,NA,NA
3153,Eukaryota,Arthropoda,Copepoda,Calanoida,Eucalanidae,Eucalanus,Eucalanus californicus
3154,Eukaryota,Mollusca,Gastropoda,Nudibranchia,Glaucidae,Hermissenda,Hermissenda opalescens
3155,NA,NA,NA,NA,NA,NA,NA
3156,Eukaryota,Arthropoda,Copepoda,Poecilostomatoida,Oncaeidae,Oncaea,Oncaea sp.
3157,Eukaryota,Arthropoda,Copepoda,Calanoida,Scolecitrichidae,Scolecithricella,Scolecithricella dentata
3158,NA,NA,NA,NA,NA,NA,NA
3159,Eukaryota,Arthropoda,Copepoda,Calanoida,Mecynoceridae,Mecynocera,Mecynocera clausi
3160,NA,NA,NA,NA,NA,NA,NA
3161,Eukaryota,Bryozoa,Gymnolaemata,Cheilostomatida,Membraniporidae,Membranipora,Membranipora villosa
3162,NA,NA,NA,NA,NA,NA,NA
3163,NA,NA,NA,NA,NA,NA,NA
3164,NA,NA,NA,NA,NA,NA,NA
3165,Eukaryota,Arthropoda,Copepoda,Calanoida,Clausocalanidae,Clausocalanus,Clausocalanus arcuicornis
3166,NA,NA,NA,NA,NA,NA,NA
3167,NA,NA,NA,NA,NA,NA,NA
3168,NA,NA,NA,NA,NA,NA,NA
3169,Eukaryota,Mollusca,Gastropoda,Pteropoda,Creseidae,Creseis,Creseis conica
3170,Eukaryota,Arthropoda,Copepoda,Poecilostomatoida,Oncaeidae,Oncaea,Oncaea sp.
3171,NA,NA,NA,NA,NA,NA,NA
3172,Eukaryota,Arthropoda,Copepoda,Calanoida,Eucalanidae,Eucalanus,Eucalanus californicus
3173,Eukaryota,Bryozoa,Gymnolaemata,Cheilostomatida,Membraniporidae,Membranipora,Membranipora villosa
3174,Eukaryota,Arthropoda,Copepoda,Poecilostomatoida,Oncaeidae,Oncaea,Oncaea sp.
3175,Eukaryota,Arthropoda,Malacostraca,Decapoda,Epialtidae,Pugettia,Pugettia producta
3176,Eukaryota,Arthropoda,Ostracoda,Halocyprida,Halocyprididae,Conchoecia,Conchoecia magna
3177,NA,NA,NA,NA,NA,NA,NA
3178,Eukaryota,Arthropoda,Copepoda,Calanoida,Eucalanidae,Eucalanus,Eucalanus californicus
3179,Eukaryota,Arthropoda,Copepoda,Calanoida,Eucalanidae,Eucalanus,Eucalanus californicus
3180,NA,NA,NA,NA,NA,NA,NA
3181,NA,NA,NA,NA,NA,NA,NA
3182,Eukaryota,Mollusca,Gastropoda,Nudibranchia,Glaucidae,Hermissenda,Hermissenda opalescens
3183,Eukaryota,Arthropoda,Copepoda,Calanoida,Eucalanidae,Eucalanus,Eucalanus californicus
3184,NA,NA,NA,NA,NA,NA,NA
3185,Eukaryota,Chordata,Actinopteri,Pleuronectiformes,Cynoglossidae,Symphurus,Symphurus atricaudus
3186,Eukaryota,Arthropoda,Copepoda,Calanoida,Eucalanidae,Eucalanus,Eucalanus californicus
3187,NA,NA,NA,NA,NA,NA,NA
3188,Eukaryota,Arthropoda,Copepoda,Calanoida,Pontellidae,Labidocera,Labidocera trispinosa
3189,NA,NA,NA,NA,NA,NA,NA
3190,NA,NA,NA,NA,NA,NA,NA
3191,NA,NA,NA,NA,NA,NA,NA
3192,Eukaryota,Arthropoda,Copepoda,Calanoida,Eucalanidae,Eucalanus,Eucalanus californicus
3193,NA,NA,NA,NA,NA,NA,NA
3194,Eukaryota,Arthropoda,Copepoda,Calanoida,Eucalanidae,Eucalanus,Eucalanus californicus
3195,Eukaryota,Arthropoda,Copepoda,Calanoida,Pontellidae,Labidocera,Labidocera trispinosa
3196,Eukaryota,Arthropoda,Malacostraca,Euphausiacea,Euphausiidae,Euphausia,Euphausia pacifica
3197,NA,NA,NA,NA,NA,NA,NA
3198,Eukaryota,Mollusca,Gastropoda,Nudibranchia,Glaucidae,Hermissenda,Hermissenda opalescens
3199,Eukaryota,Bryozoa,Gymnolaemata,Cheilostomatida,Membraniporidae,Membranipora,Membranipora villosa
3200,Eukaryota,Arthropoda,Copepoda,Poecilostomatoida,Oncaeidae,Oncaea,Oncaea sp.
3201,Eukaryota,Arthropoda,Ostracoda,Halocyprida,Halocyprididae,Proceroecia,Proceroecia procera
3202,Eukaryota,Arthropoda,Ostracoda,Halocyprida,Halocyprididae,Halocypris,Halocypris inflata
3203,Eukaryota,Arthropoda,Copepoda,Calanoida,Calanidae,Calanus,Calanus pacificus
3204,Eukaryota,Mollusca,Gastropoda,Nudibranchia,Glaucidae,Hermissenda,Hermissenda opalescens
3205,Eukaryota,Arthropoda,Copepoda,Calanoida,Eucalanidae,Eucalanus,Eucalanus californicus
3206,NA,NA,NA,NA,NA,NA,NA
3207,Eukaryota,Arthropoda,Copepoda,Calanoida,Scolecitrichidae,Scolecithricella,Scolecithricella dentata
3208,NA,NA,NA,NA,NA,NA,NA
3209,NA,NA,NA,NA,NA,NA,NA
3210,Eukaryota,Arthropoda,Ostracoda,Halocyprida,Halocyprididae,Conchoecia,Conchoecia magna
3211,Eukaryota,Arthropoda,Copepoda,Calanoida,Clausocalanidae,Clausocalanus,Clausocalanus paululus
3212,NA,NA,NA,NA,NA,NA,NA
3213,Eukaryota,Mollusca,Gastropoda,Nudibranchia,Glaucidae,Hermissenda,Hermissenda opalescens
3214,NA,NA,NA,NA,NA,NA,NA
3215,NA,NA,NA,NA,NA,NA,NA
3216,Eukaryota,Bryozoa,Gymnolaemata,Cheilostomatida,Membraniporidae,Membranipora,Membranipora villosa
3217,NA,NA,NA,NA,NA,NA,NA
3218,Eukaryota,Echinodermata,Asteroidea,Paxillosida,Luidiidae,Luidia,Luidia foliolata
3219,Eukaryota,Mollusca,Gastropoda,Littorinimorpha,Atlantidae,Atlanta,Atlanta sp. USNM IZ 1230636
3220,Eukaryota,Bacillariophyta,Coscinodiscophyceae,Rhizosoleniales,Rhizosoleniaceae,NA,NA
3221,Eukaryota,Echinodermata,Ophiuroidea,Amphilepidida,Ophionereidae,Ophionereis,NA
3222,Eukaryota,Arthropoda,Malacostraca,Euphausiacea,Euphausiidae,Hansarsia,NA
3223,Eukaryota,Arthropoda,Copepoda,Calanoida,Pontellidae,Labidocera,Labidocera trispinosa
3224,Eukaryota,Arthropoda,Copepoda,Calanoida,Eucalanidae,Eucalanus,Eucalanus californicus
3225,Eukaryota,Mollusca,Gastropoda,Pteropoda,Limacinidae,NA,NA
3226,NA,NA,NA,NA,NA,NA,NA
3227,Eukaryota,Arthropoda,Malacostraca,Euphausiacea,Euphausiidae,Euphausia,Euphausia pacifica
3228,Eukaryota,Arthropoda,Copepoda,Poecilostomatoida,Oncaeidae,Oncaea,Oncaea sp.
3229,Eukaryota,Arthropoda,Copepoda,Calanoida,Calanidae,Calanus,Calanus pacificus
3230,Eukaryota,Arthropoda,Copepoda,Calanoida,Eucalanidae,Eucalanus,Eucalanus californicus
3231,NA,NA,NA,NA,NA,NA,NA
3232,Eukaryota,Arthropoda,Copepoda,Calanoida,Eucalanidae,Eucalanus,Eucalanus californicus
3233,Eukaryota,Arthropoda,Copepoda,Calanoida,Eucalanidae,Eucalanus,Eucalanus californicus
3234,Eukaryota,Arthropoda,Copepoda,Calanoida,Eucalanidae,Eucalanus,Eucalanus californicus
3235,NA,NA,NA,NA,NA,NA,NA
3236,Eukaryota,Echinodermata,Ophiuroidea,Amphilepidida,Amphiuridae,Amphipholis,Amphipholis pugetana
3237,Eukaryota,Mollusca,Gastropoda,Neogastropoda,Nassariidae,NA,NA
3238,Eukaryota,Arthropoda,Copepoda,Calanoida,Calanidae,Calanus,Calanus pacificus
3239,NA,NA,NA,NA,NA,NA,NA
3240,Eukaryota,Arthropoda,Copepoda,Calanoida,Calanidae,Calanus,Calanus pacificus
3241,Eukaryota,Arthropoda,Copepoda,Calanoida,Eucalanidae,Eucalanus,Eucalanus californicus
3242,NA,NA,NA,NA,NA,NA,NA
3243,Eukaryota,Arthropoda,Copepoda,Calanoida,Pontellidae,Labidocera,Labidocera trispinosa
3244,NA,NA,NA,NA,NA,NA,NA
3245,Eukaryota,Bryozoa,Gymnolaemata,Cheilostomatida,Membraniporidae,Membranipora,NA
3246,Eukaryota,Arthropoda,Copepoda,Calanoida,Pontellidae,Labidocera,Labidocera trispinosa
3247,NA,NA,NA,NA,NA,NA,NA
3248,NA,NA,NA,NA,NA,NA,NA
3249,Eukaryota,Arthropoda,Thecostraca,Lepadidae,Lepadidae,NA,NA
3250,Eukaryota,Arthropoda,Copepoda,Calanoida,Eucalanidae,Eucalanus,Eucalanus californicus
3251,Eukaryota,Arthropoda,Copepoda,Calanoida,Candaciidae,Candacia,Candacia curta
3252,NA,NA,NA,NA,NA,NA,NA
3253,Eukaryota,Arthropoda,Branchiopoda,Diplostraca,Podonidae,Evadne,Evadne spinifera
3254,Eukaryota,Arthropoda,Copepoda,Poecilostomatoida,Oncaeidae,Oncaea,Oncaea sp.
3255,NA,NA,NA,NA,NA,NA,NA
3256,NA,NA,NA,NA,NA,NA,NA
3257,NA,NA,NA,NA,NA,NA,NA
3258,NA,NA,NA,NA,NA,NA,NA
3259,NA,NA,NA,NA,NA,NA,NA
3260,Eukaryota,Echinodermata,Ophiuroidea,Amphilepidida,Amphiuridae,Amphiodia,NA
3261,Eukaryota,Arthropoda,Copepoda,Calanoida,Pontellidae,Labidocera,Labidocera trispinosa
3262,NA,NA,NA,NA,NA,NA,NA
3263,NA,NA,NA,NA,NA,NA,NA
3264,Eukaryota,Arthropoda,Copepoda,Calanoida,Scolecitrichidae,Scolecithricella,Scolecithricella dentata
3265,NA,NA,NA,NA,NA,NA,NA
3266,Eukaryota,Arthropoda,Copepoda,Calanoida,Lucicutiidae,Lucicutia,Lucicutia flavicornis
3267,Eukaryota,Echinodermata,Ophiuroidea,Amphilepidida,Ophiocomidae,Ophiopteris,Ophiopteris papillosa
3268,Eukaryota,Arthropoda,Copepoda,Calanoida,Pontellidae,Labidocera,Labidocera trispinosa
3269,Eukaryota,Arthropoda,Copepoda,Calanoida,Acartiidae,Acartia,Acartia tonsa
3270,Eukaryota,Arthropoda,Copepoda,Poecilostomatoida,Oncaeidae,Oncaea,Oncaea sp.
3271,NA,NA,NA,NA,NA,NA,NA
3272,NA,NA,NA,NA,NA,NA,NA
3273,NA,NA,NA,NA,NA,NA,NA
3274,Eukaryota,Arthropoda,Malacostraca,Decapoda,Hippolytidae,Lysmata,Lysmata californica
3275,Eukaryota,Mollusca,Gastropoda,Pteropoda,Creseidae,Styliola,Styliola sp.
3276,Eukaryota,Arthropoda,Malacostraca,Amphipoda,Phrosinidae,Primno,Primno brevidens
3277,Eukaryota,Arthropoda,Copepoda,Calanoida,Eucalanidae,Eucalanus,Eucalanus californicus
3278,Eukaryota,Arthropoda,Copepoda,Calanoida,Eucalanidae,Eucalanus,Eucalanus californicus
3279,NA,NA,NA,NA,NA,NA,NA
3280,NA,NA,NA,NA,NA,NA,NA
3281,Eukaryota,Echinodermata,Ophiuroidea,Amphilepidida,Ophiactidae,Ophiopholis,Ophiopholis sp. EAC01
3282,Eukaryota,Mollusca,Gastropoda,Pteropoda,Limacinidae,NA,NA
3283,NA,NA,NA,NA,NA,NA,NA
3284,NA,NA,NA,NA,NA,NA,NA
3285,Eukaryota,Arthropoda,Copepoda,Calanoida,Eucalanidae,Eucalanus,Eucalanus californicus
3286,NA,NA,NA,NA,NA,NA,NA
3287,Eukaryota,Arthropoda,Copepoda,Calanoida,Pontellidae,Labidocera,Labidocera trispinosa
3288,NA,NA,NA,NA,NA,NA,NA
3289,Eukaryota,Arthropoda,Malacostraca,Euphausiacea,Euphausiidae,Nyctiphanes,Nyctiphanes simplex
3290,Eukaryota,Arthropoda,Copepoda,Calanoida,Eucalanidae,Eucalanus,Eucalanus californicus
3291,Eukaryota,Arthropoda,Copepoda,Calanoida,Eucalanidae,Eucalanus,Eucalanus californicus
3292,Eukaryota,Arthropoda,Ostracoda,Halocyprida,Halocyprididae,Proceroecia,Proceroecia procera
3293,Eukaryota,Arthropoda,Copepoda,Calanoida,Clausocalanidae,Clausocalanus,Clausocalanus furcatus
3294,Eukaryota,Arthropoda,Copepoda,Calanoida,Metridinidae,Pleuromamma,Pleuromamma abdominalis
3295,Eukaryota,Arthropoda,Copepoda,Calanoida,Pontellidae,Labidocera,Labidocera trispinosa
3296,NA,NA,NA,NA,NA,NA,NA
3297,Eukaryota,Chordata,Actinopteri,Aulopiformes,Synodontidae,Synodus,Synodus lucioceps
3298,NA,NA,NA,NA,NA,NA,NA
3299,Eukaryota,Echinodermata,Ophiuroidea,Amphilepidida,Amphiuridae,NA,NA
3300,Eukaryota,Arthropoda,Copepoda,Calanoida,Calocalanidae,NA,NA
3301,NA,NA,NA,NA,NA,NA,NA
3302,Eukaryota,Arthropoda,Copepoda,Calanoida,Clausocalanidae,Clausocalanus,NA
3303,NA,NA,NA,NA,NA,NA,NA
3304,NA,NA,NA,NA,NA,NA,NA
3305,Eukaryota,Arthropoda,Copepoda,Calanoida,Mecynoceridae,Mecynocera,Mecynocera clausi
3306,Eukaryota,Arthropoda,Copepoda,Calanoida,Candaciidae,Candacia,Candacia bipinnata
3307,NA,NA,NA,NA,NA,NA,NA
3308,Eukaryota,Arthropoda,Copepoda,Calanoida,Eucalanidae,Eucalanus,Eucalanus californicus
3309,Eukaryota,Arthropoda,Malacostraca,Decapoda,Callianassidae,NA,NA
3310,NA,NA,NA,NA,NA,NA,NA
3311,NA,NA,NA,NA,NA,NA,NA
3312,Eukaryota,Arthropoda,Copepoda,Calanoida,Pontellidae,Labidocera,Labidocera trispinosa
3313,Eukaryota,Arthropoda,Copepoda,Calanoida,Clausocalanidae,Clausocalanus,Clausocalanus jobei
3314,Eukaryota,Nemertea,Enopla,Monostilifera,Poseidonemertidae,Poseidonemertes,Poseidonemertes sp.
3315,NA,NA,NA,NA,NA,NA,NA
3316,NA,NA,NA,NA,NA,NA,NA
3317,NA,NA,NA,NA,NA,NA,NA
3318,Eukaryota,Mollusca,Bivalvia,Adapedonta,Hiatellidae,NA,NA
3319,NA,NA,NA,NA,NA,NA,NA
3320,NA,NA,NA,NA,NA,NA,NA
3321,Eukaryota,Arthropoda,Copepoda,Calanoida,Calanidae,Calanus,Calanus pacificus
3322,Eukaryota,Arthropoda,Copepoda,Calanoida,Clausocalanidae,Microcalanus,Microcalanus sp. D AC_2021
3323,Eukaryota,Arthropoda,Ostracoda,Halocyprida,Halocyprididae,Conchoecia,Conchoecia magna
3324,Eukaryota,Arthropoda,Malacostraca,Euphausiacea,Euphausiidae,Thysanoessa,Thysanoessa gregaria
3325,NA,NA,NA,NA,NA,NA,NA
3326,Eukaryota,Arthropoda,Thecostraca,Balanomorpha,Chthamalidae,Chthamalus,Chthamalus fissus
3327,NA,NA,NA,NA,NA,NA,NA
3328,NA,NA,NA,NA,NA,NA,NA
3329,Eukaryota,Arthropoda,Copepoda,Calanoida,Calanidae,Calanus,Calanus pacificus
3330,Eukaryota,Arthropoda,Copepoda,Calanoida,Eucalanidae,Eucalanus,Eucalanus californicus
3331,Eukaryota,Chordata,Actinopteri,Argentiniformes,Bathylagidae,Leuroglossus,Leuroglossus stilbius
3332,Eukaryota,Arthropoda,Copepoda,Calanoida,Calocalanidae,NA,NA
3333,NA,NA,NA,NA,NA,NA,NA
3334,NA,NA,NA,NA,NA,NA,NA
3335,NA,NA,NA,NA,NA,NA,NA
3336,Eukaryota,Bryozoa,Gymnolaemata,Cheilostomatida,Membraniporidae,Membranipora,Membranipora villosa
3337,Eukaryota,Mollusca,Gastropoda,Nudibranchia,Glaucidae,Hermissenda,Hermissenda opalescens
3338,Eukaryota,Bryozoa,Gymnolaemata,Cheilostomatida,Membraniporidae,Membranipora,Membranipora villosa
3339,NA,NA,NA,NA,NA,NA,NA
3340,Eukaryota,Arthropoda,Copepoda,Poecilostomatoida,Oncaeidae,Oncaea,Oncaea sp.
3341,NA,NA,NA,NA,NA,NA,NA
3342,Eukaryota,Arthropoda,Copepoda,Calanoida,Eucalanidae,Eucalanus,Eucalanus californicus
3343,NA,NA,NA,NA,NA,NA,NA
3344,Eukaryota,Arthropoda,Copepoda,Calanoida,Calanidae,Calanus,Calanus pacificus
3345,NA,NA,NA,NA,NA,NA,NA
3346,Eukaryota,Arthropoda,Copepoda,Calanoida,Eucalanidae,Eucalanus,Eucalanus californicus
3347,Eukaryota,Annelida,Polychaeta,Phyllodocida,Phyllodocidae,Phyllodoce,NA
3348,Eukaryota,Arthropoda,Copepoda,Calanoida,Eucalanidae,Eucalanus,NA
3349,Eukaryota,Arthropoda,Malacostraca,Euphausiacea,Euphausiidae,Hansarsia,NA
3350,Eukaryota,Arthropoda,Malacostraca,Decapoda,Cancridae,NA,NA
3351,Eukaryota,Mollusca,Gastropoda,Nudibranchia,Glaucidae,Hermissenda,Hermissenda opalescens
3352,NA,NA,NA,NA,NA,NA,NA
3353,NA,NA,NA,NA,NA,NA,NA
3354,Eukaryota,Arthropoda,Copepoda,Poecilostomatoida,Oncaeidae,Oncaea,Oncaea sp.
3355,Eukaryota,Mollusca,Gastropoda,Nudibranchia,Glaucidae,Hermissenda,Hermissenda opalescens
3356,NA,NA,NA,NA,NA,NA,NA
3357,Eukaryota,Arthropoda,Copepoda,Calanoida,Temoridae,Temora,Temora discaudata
3358,Eukaryota,Echinodermata,Echinoidea,Temnopleuroida,Toxopneustidae,Lytechinus,Lytechinus pictus
3359,Eukaryota,Arthropoda,Copepoda,Calanoida,Eucalanidae,Eucalanus,Eucalanus californicus
3360,Eukaryota,Bryozoa,Gymnolaemata,Cheilostomatida,Membraniporidae,Membranipora,Membranipora villosa
3361,Eukaryota,Arthropoda,Copepoda,Poecilostomatoida,Oncaeidae,Oncaea,Oncaea sp.
3362,Eukaryota,Mollusca,Gastropoda,Nudibranchia,Glaucidae,Hermissenda,Hermissenda opalescens
3363,Eukaryota,Arthropoda,Copepoda,Calanoida,Mecynoceridae,Mecynocera,Mecynocera clausi
3364,Eukaryota,Mollusca,Gastropoda,Nudibranchia,Glaucidae,Hermissenda,Hermissenda opalescens
3365,NA,NA,NA,NA,NA,NA,NA
3366,NA,NA,NA,NA,NA,NA,NA
3367,Eukaryota,Arthropoda,Copepoda,Calanoida,Calanidae,Calanus,Calanus pacificus
3368,Eukaryota,Arthropoda,Copepoda,Calanoida,Eucalanidae,Eucalanus,Eucalanus californicus
3369,Eukaryota,Arthropoda,Branchiopoda,Diplostraca,Podonidae,Pseudevadne,Pseudevadne tergestina
3370,Eukaryota,Bacillariophyta,Thalassiosirophyceae,Cymatosirales,Cymatosiraceae,NA,NA
3371,Eukaryota,Arthropoda,Ostracoda,Halocyprida,Halocyprididae,Discoconchoecia,NA
3372,NA,NA,NA,NA,NA,NA,NA
3373,NA,NA,NA,NA,NA,NA,NA
3374,Eukaryota,Echinodermata,Ophiuroidea,Amphilepidida,Ophiocomidae,Ophiopteris,Ophiopteris papillosa
3375,NA,NA,NA,NA,NA,NA,NA
3376,NA,NA,NA,NA,NA,NA,NA
3377,Eukaryota,Arthropoda,Copepoda,Poecilostomatoida,Oncaeidae,Oncaea,Oncaea sp.
3378,NA,NA,NA,NA,NA,NA,NA
3379,Eukaryota,Arthropoda,Copepoda,Poecilostomatoida,Oncaeidae,Oncaea,Oncaea sp.
3380,Eukaryota,Arthropoda,Copepoda,Calanoida,Calanidae,Calanus,Calanus pacificus
3381,Eukaryota,Arthropoda,Copepoda,Calanoida,Pontellidae,Labidocera,Labidocera trispinosa
3382,Eukaryota,Arthropoda,Copepoda,Calanoida,Eucalanidae,Eucalanus,Eucalanus californicus
3383,Eukaryota,Arthropoda,Copepoda,Calanoida,Eucalanidae,Eucalanus,Eucalanus californicus
3384,Eukaryota,Mollusca,Gastropoda,Pteropoda,Cliidae,Clio,Clio pyramidata
3385,Eukaryota,Arthropoda,Copepoda,Calanoida,Calanidae,Calanus,Calanus pacificus
3386,Eukaryota,Arthropoda,Copepoda,Calanoida,Eucalanidae,Eucalanus,Eucalanus californicus
3387,Eukaryota,Arthropoda,Copepoda,Calanoida,Eucalanidae,Eucalanus,Eucalanus californicus
3388,NA,NA,NA,NA,NA,NA,NA
3389,NA,NA,NA,NA,NA,NA,NA
3390,NA,NA,NA,NA,NA,NA,NA
3391,NA,NA,NA,NA,NA,NA,NA
3392,Eukaryota,Mollusca,Cephalopoda,Oegopsida,Gonatidae,Gonatus,Gonatus pyros
3393,Eukaryota,Arthropoda,Ostracoda,Halocyprida,Halocyprididae,Halocypris,Halocypris sp. USNM IZ 1448950
3394,NA,NA,NA,NA,NA,NA,NA
3395,Eukaryota,Arthropoda,Copepoda,Calanoida,Pontellidae,Labidocera,Labidocera trispinosa
3396,Eukaryota,Arthropoda,Copepoda,Calanoida,Eucalanidae,Eucalanus,Eucalanus californicus
3397,Eukaryota,Arthropoda,Copepoda,Calanoida,Eucalanidae,Eucalanus,Eucalanus californicus
3398,NA,NA,NA,NA,NA,NA,NA
3399,Eukaryota,Arthropoda,Copepoda,Calanoida,Pontellidae,Labidocera,Labidocera trispinosa
3400,Eukaryota,Arthropoda,Malacostraca,Isopoda,Munnopsidae,Acanthamunnopsis,Acanthamunnopsis milleri
3401,NA,NA,NA,NA,NA,NA,NA
3402,Eukaryota,Arthropoda,Copepoda,Calanoida,Eucalanidae,Eucalanus,Eucalanus californicus
3403,NA,NA,NA,NA,NA,NA,NA
3404,Eukaryota,Arthropoda,Copepoda,Calanoida,Eucalanidae,Eucalanus,Eucalanus californicus
3405,Eukaryota,Mollusca,Gastropoda,Littorinimorpha,Atlantidae,Atlanta,Atlanta sp. USNM IZ 1230636
3406,Eukaryota,Arthropoda,Copepoda,Calanoida,Pontellidae,Labidocera,NA
3407,Eukaryota,Arthropoda,Copepoda,Calanoida,Eucalanidae,Eucalanus,Eucalanus californicus
3408,Eukaryota,Arthropoda,Copepoda,Calanoida,Pontellidae,Labidocera,Labidocera trispinosa
3409,Eukaryota,Arthropoda,Malacostraca,Euphausiacea,Euphausiidae,Nyctiphanes,Nyctiphanes simplex
3410,NA,NA,NA,NA,NA,NA,NA
3411,Eukaryota,Mollusca,Gastropoda,Nudibranchia,Glaucidae,Hermissenda,Hermissenda opalescens
3412,Eukaryota,Mollusca,Gastropoda,Pteropoda,Creseidae,Styliola,Styliola sp.
3413,Eukaryota,Mollusca,Gastropoda,Nudibranchia,Glaucidae,Hermissenda,Hermissenda opalescens
3414,NA,NA,NA,NA,NA,NA,NA
3415,Eukaryota,Arthropoda,Copepoda,Calanoida,Eucalanidae,Eucalanus,Eucalanus californicus
3416,Eukaryota,Arthropoda,Copepoda,Calanoida,Eucalanidae,Eucalanus,Eucalanus californicus
3417,Eukaryota,Arthropoda,Ostracoda,Halocyprida,Halocyprididae,Halocypris,Halocypris inflata
3418,Eukaryota,Mollusca,Gastropoda,Pteropoda,Creseidae,NA,NA
3419,Eukaryota,Bryozoa,Gymnolaemata,Cheilostomatida,Membraniporidae,Membranipora,Membranipora villosa
3420,Eukaryota,Arthropoda,Copepoda,Calanoida,Eucalanidae,Eucalanus,Eucalanus californicus
3421,Eukaryota,Arthropoda,Malacostraca,Decapoda,Hippolytidae,Lysmata,Lysmata californica
3422,Eukaryota,Arthropoda,Copepoda,Calanoida,Eucalanidae,Eucalanus,Eucalanus californicus
3423,Eukaryota,Arthropoda,Copepoda,Calanoida,Eucalanidae,Eucalanus,Eucalanus californicus
3424,Eukaryota,Bryozoa,Gymnolaemata,Cheilostomatida,Membraniporidae,Membranipora,Membranipora villosa
3425,Eukaryota,Arthropoda,Copepoda,Poecilostomatoida,Oncaeidae,Oncaea,Oncaea sp.
3426,Eukaryota,Arthropoda,Copepoda,Calanoida,Calanidae,Calanus,Calanus pacificus
3427,Eukaryota,Arthropoda,Copepoda,Calanoida,Mecynoceridae,Mecynocera,Mecynocera clausi
3428,Eukaryota,Echinodermata,Echinoidea,Spatangoida,Brissidae,Brissopsis,NA
3429,Eukaryota,Cnidaria,Anthozoa,Scleralcyonacea,Virgulariidae,Stylatula,Stylatula elegans
3430,NA,NA,NA,NA,NA,NA,NA
3431,NA,NA,NA,NA,NA,NA,NA
3432,Eukaryota,Echinodermata,Ophiuroidea,Amphilepidida,Amphiuridae,NA,NA
3433,Eukaryota,Arthropoda,Copepoda,Calanoida,Euchaetidae,Euchaeta,Euchaeta marina
3434,NA,NA,NA,NA,NA,NA,NA
3435,NA,NA,NA,NA,NA,NA,NA
3436,NA,NA,NA,NA,NA,NA,NA
3437,Eukaryota,Arthropoda,Copepoda,Calanoida,Eucalanidae,Eucalanus,Eucalanus californicus
3438,Eukaryota,Arthropoda,Copepoda,Calanoida,Eucalanidae,Eucalanus,Eucalanus californicus
3439,Eukaryota,Chordata,Actinopteri,Argentiniformes,Bathylagidae,Leuroglossus,Leuroglossus stilbius
3440,Eukaryota,Arthropoda,Copepoda,Calanoida,Calocalanidae,Calocalanus,NA
3441,Eukaryota,Arthropoda,Ostracoda,Halocyprida,Halocyprididae,Conchoecia,Conchoecia magna
3442,Eukaryota,Arthropoda,Malacostraca,Decapoda,Cancridae,NA,NA
3443,Eukaryota,Echinodermata,Ophiuroidea,Amphilepidida,Ophiotrichidae,Ophiothrix,Ophiothrix spiculata
3444,Eukaryota,Arthropoda,Copepoda,Calanoida,Eucalanidae,Eucalanus,Eucalanus californicus
3445,Eukaryota,Arthropoda,Copepoda,Calanoida,Eucalanidae,Eucalanus,Eucalanus californicus
3446,Eukaryota,Arthropoda,Copepoda,Calanoida,Eucalanidae,Eucalanus,Eucalanus californicus
3447,Eukaryota,Arthropoda,Ostracoda,Halocyprida,Halocyprididae,Discoconchoecia,NA
3448,Eukaryota,Arthropoda,Copepoda,Calanoida,Eucalanidae,Eucalanus,Eucalanus californicus
3449,NA,NA,NA,NA,NA,NA,NA
3450,Eukaryota,Arthropoda,Copepoda,Calanoida,Lucicutiidae,Lucicutia,Lucicutia flavicornis
3451,Eukaryota,Arthropoda,Copepoda,Calanoida,Pontellidae,Labidocera,NA
3452,Eukaryota,Arthropoda,Copepoda,Calanoida,Calanidae,Calanus,Calanus pacificus
3453,Eukaryota,Arthropoda,Copepoda,Calanoida,Pontellidae,Labidocera,Labidocera trispinosa
3454,NA,NA,NA,NA,NA,NA,NA
3455,NA,NA,NA,NA,NA,NA,NA
3456,NA,NA,NA,NA,NA,NA,NA
3457,NA,NA,NA,NA,NA,NA,NA
3458,Eukaryota,Arthropoda,Copepoda,Calanoida,Pontellidae,Labidocera,Labidocera trispinosa
3459,Eukaryota,Arthropoda,Copepoda,Calanoida,Eucalanidae,Eucalanus,Eucalanus californicus
3460,Eukaryota,Arthropoda,Copepoda,Calanoida,Pontellidae,Labidocera,Labidocera trispinosa
3461,NA,NA,NA,NA,NA,NA,NA
3462,NA,NA,NA,NA,NA,NA,NA
3463,Eukaryota,Arthropoda,Copepoda,Calanoida,Eucalanidae,Eucalanus,Eucalanus californicus
3464,Eukaryota,Arthropoda,Ostracoda,Halocyprida,Halocyprididae,Conchoecia,Conchoecia magna
3465,Eukaryota,Arthropoda,Malacostraca,Euphausiacea,Euphausiidae,Hansarsia,NA
3466,NA,NA,NA,NA,NA,NA,NA
3467,Eukaryota,Arthropoda,Copepoda,Calanoida,Eucalanidae,Eucalanus,Eucalanus californicus
3468,Eukaryota,Arthropoda,Copepoda,Calanoida,Calanidae,Calanus,Calanus pacificus
3469,NA,NA,NA,NA,NA,NA,NA
3470,NA,NA,NA,NA,NA,NA,NA
3471,Eukaryota,Arthropoda,Copepoda,Calanoida,Euchaetidae,Euchaeta,Euchaeta marina
3472,Eukaryota,Arthropoda,Copepoda,Calanoida,Acartiidae,Acartia,Acartia tonsa
3473,Eukaryota,Bryozoa,Gymnolaemata,Cheilostomatida,Membraniporidae,Membranipora,NA
3474,Eukaryota,Arthropoda,Copepoda,Calanoida,Temoridae,Temora,Temora discaudata
3475,Eukaryota,Mollusca,Gastropoda,Pteropoda,Creseidae,Styliola,Styliola sp.
3476,Eukaryota,Arthropoda,Copepoda,Calanoida,Eucalanidae,Eucalanus,Eucalanus californicus
3477,Eukaryota,Arthropoda,Copepoda,Calanoida,Eucalanidae,Eucalanus,Eucalanus californicus
3478,Eukaryota,Arthropoda,Copepoda,Calanoida,Eucalanidae,Eucalanus,Eucalanus californicus
3479,NA,NA,NA,NA,NA,NA,NA
3480,Eukaryota,Arthropoda,Copepoda,Calanoida,Eucalanidae,Eucalanus,Eucalanus californicus
3481,NA,NA,NA,NA,NA,NA,NA
3482,Eukaryota,Arthropoda,Copepoda,Calanoida,Calocalanidae,Calocalanus,NA
3483,Eukaryota,Arthropoda,Insecta,Diptera,Agromyzidae,NA,NA
3484,NA,NA,NA,NA,NA,NA,NA
3485,NA,NA,NA,NA,NA,NA,NA
3486,Eukaryota,Arthropoda,Copepoda,Calanoida,Eucalanidae,Rhincalanus,Rhincalanus nasutus
3487,Eukaryota,Arthropoda,Malacostraca,Decapoda,Hippolytidae,Lysmata,NA
3488,NA,NA,NA,NA,NA,NA,NA
3489,NA,NA,NA,NA,NA,NA,NA
3490,Eukaryota,Mollusca,Gastropoda,Siphonariida,Siphonariidae,Williamia,Williamia peltoides
3491,Eukaryota,Arthropoda,Copepoda,Calanoida,Acartiidae,Acartia,Acartia tonsa
3492,NA,NA,NA,NA,NA,NA,NA
3493,Eukaryota,Mollusca,Gastropoda,Littorinimorpha,Carinariidae,NA,NA
3494,NA,NA,NA,NA,NA,NA,NA
3495,Eukaryota,Mollusca,Gastropoda,Littorinimorpha,Atlantidae,Atlanta,Atlanta sp. USNM IZ 1230636
3496,Eukaryota,Echinodermata,Holothuroidea,Dendrochirotida,Psolidae,Psolus,NA
3497,Eukaryota,Arthropoda,Copepoda,Cyclopoida,Oithonidae,Oithona,Oithona similis
3498,NA,NA,NA,NA,NA,NA,NA
3499,Eukaryota,Arthropoda,Malacostraca,Decapoda,Panopeidae,Lophopanopeus,Lophopanopeus bellus
3500,NA,NA,NA,NA,NA,NA,NA
3501,NA,NA,NA,NA,NA,NA,NA
3502,Eukaryota,Mollusca,Gastropoda,Nudibranchia,Glaucidae,Hermissenda,Hermissenda opalescens
3503,Eukaryota,Arthropoda,Copepoda,Calanoida,Pontellidae,Labidocera,Labidocera trispinosa
3504,NA,NA,NA,NA,NA,NA,NA
3505,NA,NA,NA,NA,NA,NA,NA
3506,NA,NA,NA,NA,NA,NA,NA
3507,Eukaryota,Arthropoda,Copepoda,Calanoida,Eucalanidae,Eucalanus,Eucalanus californicus
3508,Eukaryota,Arthropoda,Copepoda,Calanoida,Eucalanidae,Eucalanus,Eucalanus californicus
3509,Eukaryota,Arthropoda,Malacostraca,Euphausiacea,Euphausiidae,Thysanoessa,Thysanoessa gregaria
3510,Eukaryota,Arthropoda,Copepoda,Calanoida,Calanidae,Calanus,Calanus pacificus
3511,Eukaryota,Arthropoda,Copepoda,Calanoida,Eucalanidae,Eucalanus,Eucalanus californicus
3512,NA,NA,NA,NA,NA,NA,NA
3513,Eukaryota,Arthropoda,Malacostraca,Decapoda,Panopeidae,Lophopanopeus,Lophopanopeus bellus
3514,NA,NA,NA,NA,NA,NA,NA
3515,NA,NA,NA,NA,NA,NA,NA
3516,Eukaryota,Arthropoda,Copepoda,Calanoida,Calanidae,Calanus,Calanus pacificus
3517,Eukaryota,Arthropoda,Copepoda,Calanoida,Clausocalanidae,Clausocalanus,Clausocalanus parapergens
3518,Eukaryota,Arthropoda,Copepoda,Calanoida,Calanidae,NA,NA
3519,NA,NA,NA,NA,NA,NA,NA
3520,Eukaryota,Arthropoda,Copepoda,Calanoida,Eucalanidae,Eucalanus,Eucalanus californicus
3521,Eukaryota,Arthropoda,Copepoda,Calanoida,Pontellidae,Labidocera,Labidocera trispinosa
3522,Eukaryota,Arthropoda,Copepoda,Calanoida,Eucalanidae,Eucalanus,Eucalanus californicus
3523,NA,NA,NA,NA,NA,NA,NA
3524,Eukaryota,Arthropoda,Ostracoda,Halocyprida,Halocyprididae,Porroecia,Porroecia spinirostris
3525,Eukaryota,Arthropoda,Copepoda,Calanoida,Scolecitrichidae,Scolecithricella,Scolecithricella dentata
3526,Eukaryota,Bryozoa,Gymnolaemata,Cheilostomatida,Membraniporidae,Membranipora,NA
3527,Eukaryota,Arthropoda,Copepoda,Calanoida,Eucalanidae,Eucalanus,Eucalanus californicus
3528,NA,NA,NA,NA,NA,NA,NA
3529,NA,NA,NA,NA,NA,NA,NA
3530,NA,NA,NA,NA,NA,NA,NA
3531,Eukaryota,Annelida,Polychaeta,Spionida,Spionidae,Laonice,Laonice cirrata CMC01
3532,NA,NA,NA,NA,NA,NA,NA
3533,Eukaryota,Arthropoda,Malacostraca,Euphausiacea,Euphausiidae,Nyctiphanes,Nyctiphanes simplex
3534,NA,NA,NA,NA,NA,NA,NA
3535,Eukaryota,Arthropoda,Copepoda,Calanoida,Eucalanidae,Eucalanus,Eucalanus californicus
3536,NA,NA,NA,NA,NA,NA,NA
3537,NA,NA,NA,NA,NA,NA,NA
3538,NA,NA,NA,NA,NA,NA,NA
3539,NA,NA,NA,NA,NA,NA,NA
3540,Eukaryota,Chordata,Actinopteri,Gadiformes,Moridae,Physiculus,Physiculus rastrelliger
3541,NA,NA,NA,NA,NA,NA,NA
3542,NA,NA,NA,NA,NA,NA,NA
3543,NA,NA,NA,NA,NA,NA,NA
3544,Eukaryota,Arthropoda,Malacostraca,Euphausiacea,Euphausiidae,Euphausia,Euphausia pacifica
3545,NA,NA,NA,NA,NA,NA,NA
3546,NA,NA,NA,NA,NA,NA,NA
3547,NA,NA,NA,NA,NA,NA,NA
3548,Eukaryota,Mollusca,Gastropoda,Nudibranchia,Glaucidae,Hermissenda,Hermissenda opalescens
3549,Eukaryota,Arthropoda,Copepoda,Calanoida,Eucalanidae,Eucalanus,Eucalanus californicus
3550,Eukaryota,Bacillariophyta,Thalassiosirophyceae,Chaetocerotales,Chaetocerotaceae,NA,NA
3551,Eukaryota,Annelida,Polychaeta,Phyllodocida,Tomopteridae,Tomopteris,NA
3552,Eukaryota,Mollusca,Gastropoda,Nudibranchia,Glaucidae,Hermissenda,NA
3553,Eukaryota,Bryozoa,Gymnolaemata,Cheilostomatida,Membraniporidae,NA,NA
3554,Eukaryota,Arthropoda,Copepoda,Calanoida,Aetideidae,NA,NA
3555,Eukaryota,Arthropoda,Copepoda,Calanoida,Mecynoceridae,Mecynocera,Mecynocera clausi
3556,NA,NA,NA,NA,NA,NA,NA
3557,Eukaryota,Arthropoda,Copepoda,Calanoida,Calocalanidae,Calocalanus,NA
3558,NA,NA,NA,NA,NA,NA,NA
3559,Eukaryota,Echinodermata,Ophiuroidea,Amphilepidida,Amphiuridae,NA,NA
3560,Eukaryota,Arthropoda,Copepoda,Calanoida,Calocalanidae,Calocalanus,Calocalanus tenuis
3561,Eukaryota,Arthropoda,Malacostraca,Euphausiacea,Euphausiidae,Euphausia,Euphausia pacifica
3562,Eukaryota,Arthropoda,Ostracoda,Halocyprida,Halocyprididae,Conchoecetta,Conchoecetta giesbrechti
3563,NA,NA,NA,NA,NA,NA,NA
3564,NA,NA,NA,NA,NA,NA,NA
3565,Eukaryota,Arthropoda,Copepoda,Calanoida,Eucalanidae,Eucalanus,Eucalanus californicus
3566,Eukaryota,Arthropoda,Copepoda,Calanoida,Eucalanidae,Eucalanus,Eucalanus californicus
3567,Eukaryota,Arthropoda,Malacostraca,Decapoda,Hippolytidae,Spirontocaris,Spirontocaris sica
3568,Eukaryota,Arthropoda,Copepoda,Calanoida,Pontellidae,Labidocera,Labidocera trispinosa
3569,Eukaryota,Arthropoda,Copepoda,Calanoida,Pontellidae,Labidocera,Labidocera trispinosa
3570,Eukaryota,Arthropoda,Copepoda,Calanoida,Eucalanidae,Eucalanus,Eucalanus californicus
3571,Eukaryota,Arthropoda,Copepoda,Calanoida,Eucalanidae,Eucalanus,Eucalanus californicus
3572,NA,NA,NA,NA,NA,NA,NA
3573,Eukaryota,Arthropoda,Ostracoda,Halocyprida,Halocyprididae,Proceroecia,Proceroecia sp. 1 IK_2020
3574,Eukaryota,Chordata,Actinopteri,Pleuronectiformes,Cyclopsettidae,Citharichthys,Citharichthys stigmaeus
3575,Eukaryota,Arthropoda,Malacostraca,Decapoda,Galatheidae,Janetogalathea,Janetogalathea californiensis
3576,NA,NA,NA,NA,NA,NA,NA
3577,Eukaryota,Arthropoda,Copepoda,Calanoida,Calanidae,Calanus,Calanus pacificus
3578,Eukaryota,Chordata,Actinopteri,Argentiniformes,Bathylagidae,Leuroglossus,Leuroglossus stilbius
3579,Eukaryota,Arthropoda,Copepoda,Calanoida,Eucalanidae,Eucalanus,Eucalanus californicus
3580,Eukaryota,Arthropoda,Copepoda,Calanoida,Calanidae,Calanus,Calanus pacificus
3581,Eukaryota,Arthropoda,Malacostraca,Euphausiacea,Euphausiidae,Nyctiphanes,Nyctiphanes simplex
3582,Eukaryota,Arthropoda,Copepoda,Calanoida,Scolecitrichidae,Scolecithricella,Scolecithricella dentata
3583,NA,NA,NA,NA,NA,NA,NA
3584,NA,NA,NA,NA,NA,NA,NA
3585,Eukaryota,Arthropoda,Ostracoda,Halocyprida,Halocyprididae,Conchoecetta,NA
3586,NA,NA,NA,NA,NA,NA,NA
3587,Eukaryota,Echinodermata,Echinoidea,Temnopleuroida,Toxopneustidae,Lytechinus,Lytechinus pictus
3588,Eukaryota,Arthropoda,Copepoda,Calanoida,Pontellidae,Labidocera,NA
3589,Eukaryota,Annelida,Polychaeta,Chaetopteridae,Chaetopteridae,Chaetopterus,Chaetopterus dewysee
3590,Eukaryota,Arthropoda,Thecostraca,Balanomorpha,Balanidae,Balanus,Balanus trigonus
3591,Eukaryota,Arthropoda,Copepoda,Calanoida,Eucalanidae,Eucalanus,Eucalanus californicus
3592,Eukaryota,Arthropoda,Copepoda,Calanoida,Calanidae,Calanus,Calanus pacificus
3593,Eukaryota,Arthropoda,Copepoda,Calanoida,Eucalanidae,Eucalanus,Eucalanus californicus
3594,Eukaryota,Mollusca,Cephalopoda,Octopoda,Octopodidae,Octopus,NA
3595,NA,NA,NA,NA,NA,NA,NA
3596,Eukaryota,Arthropoda,Copepoda,Calanoida,Eucalanidae,Eucalanus,Eucalanus californicus
3597,NA,NA,NA,NA,NA,NA,NA
3598,Eukaryota,Arthropoda,Copepoda,Calanoida,Eucalanidae,Eucalanus,Eucalanus californicus
3599,Eukaryota,Bryozoa,Gymnolaemata,Cheilostomatida,Membraniporidae,Membranipora,Membranipora villosa
3600,NA,NA,NA,NA,NA,NA,NA
3601,Eukaryota,Arthropoda,Copepoda,Calanoida,Eucalanidae,Eucalanus,Eucalanus californicus
3602,Eukaryota,Arthropoda,Copepoda,Calanoida,Eucalanidae,Eucalanus,Eucalanus californicus
3603,NA,NA,NA,NA,NA,NA,NA
3604,NA,NA,NA,NA,NA,NA,NA
3605,NA,NA,NA,NA,NA,NA,NA
3606,NA,NA,NA,NA,NA,NA,NA
3607,Eukaryota,Arthropoda,Malacostraca,Euphausiacea,Euphausiidae,Hansarsia,Hansarsia difficilis
3608,Eukaryota,Arthropoda,Copepoda,Poecilostomatoida,Corycaeidae,Farranula,NA
3609,Eukaryota,Bryozoa,Gymnolaemata,Cheilostomatida,Membraniporidae,Membranipora,Membranipora villosa
3610,Eukaryota,Arthropoda,Copepoda,Calanoida,Eucalanidae,Eucalanus,Eucalanus californicus
3611,Eukaryota,Arthropoda,Copepoda,Calanoida,Eucalanidae,Eucalanus,Eucalanus californicus
3612,Eukaryota,Arthropoda,Copepoda,Calanoida,Eucalanidae,Eucalanus,Eucalanus californicus
3613,NA,NA,NA,NA,NA,NA,NA
3614,Eukaryota,Chordata,Actinopteri,Scombriformes,Stromateidae,Peprilus,Peprilus simillimus
3615,Eukaryota,Arthropoda,Copepoda,Calanoida,Eucalanidae,Eucalanus,Eucalanus californicus
3616,Eukaryota,Arthropoda,Copepoda,Calanoida,Eucalanidae,Rhincalanus,Rhincalanus nasutus
3617,Eukaryota,Arthropoda,Copepoda,Calanoida,Clausocalanidae,NA,NA
3618,Eukaryota,Arthropoda,Copepoda,Poecilostomatoida,Oncaeidae,Oncaea,Oncaea sp.
3619,NA,NA,NA,NA,NA,NA,NA
3620,NA,NA,NA,NA,NA,NA,NA
3621,NA,NA,NA,NA,NA,NA,NA
3622,Eukaryota,Arthropoda,Copepoda,Calanoida,Calanidae,Calanus,Calanus pacificus
3623,NA,NA,NA,NA,NA,NA,NA
3624,Eukaryota,Echinodermata,Echinoidea,Temnopleuroida,Toxopneustidae,Lytechinus,Lytechinus pictus
3625,Eukaryota,Arthropoda,Copepoda,Calanoida,Aetideidae,NA,NA
3626,Eukaryota,Arthropoda,Copepoda,Calanoida,Eucalanidae,Eucalanus,Eucalanus californicus
3627,Eukaryota,Mollusca,Gastropoda,Pteropoda,Creseidae,Styliola,Styliola sp.
3628,NA,NA,NA,NA,NA,NA,NA
3629,Eukaryota,Arthropoda,Malacostraca,Euphausiacea,Euphausiidae,Nyctiphanes,Nyctiphanes simplex
3630,Eukaryota,Arthropoda,Malacostraca,Decapoda,Cancridae,Romaleon,Romaleon antennarium
3631,NA,NA,NA,NA,NA,NA,NA
3632,Eukaryota,Arthropoda,Copepoda,Calanoida,Eucalanidae,Eucalanus,Eucalanus californicus
3633,Eukaryota,Mollusca,Gastropoda,Pteropoda,Creseidae,Styliola,Styliola sp.
3634,Eukaryota,Arthropoda,Copepoda,Calanoida,Eucalanidae,Eucalanus,Eucalanus californicus
3635,Eukaryota,Bryozoa,Gymnolaemata,Cheilostomatida,Membraniporidae,Membranipora,Membranipora villosa
3636,Eukaryota,Arthropoda,Malacostraca,Euphausiacea,Euphausiidae,Euphausia,Euphausia pacifica
3637,Eukaryota,Arthropoda,Copepoda,Calanoida,Eucalanidae,Eucalanus,Eucalanus californicus
3638,NA,NA,NA,NA,NA,NA,NA
3639,Eukaryota,Arthropoda,Copepoda,Calanoida,Eucalanidae,Eucalanus,Eucalanus californicus
3640,Eukaryota,Arthropoda,Copepoda,Calanoida,Calanidae,Calanus,Calanus pacificus
3641,NA,NA,NA,NA,NA,NA,NA
3642,Eukaryota,Bryozoa,Gymnolaemata,Cheilostomatida,Membraniporidae,Membranipora,Membranipora villosa
3643,Eukaryota,Arthropoda,Copepoda,Calanoida,Eucalanidae,Eucalanus,Eucalanus californicus
3644,Eukaryota,Cnidaria,Hydrozoa,Siphonophorae,Agalmatidae,Agalma,Agalma elegans
3645,Eukaryota,Arthropoda,Copepoda,Calanoida,Eucalanidae,Eucalanus,Eucalanus californicus
3646,Eukaryota,Arthropoda,Malacostraca,Euphausiacea,Euphausiidae,Hansarsia,Hansarsia difficilis
3647,Eukaryota,Chordata,Actinopteri,Clupeiformes,Clupeidae,Sardinops,Sardinops sagax
3648,NA,NA,NA,NA,NA,NA,NA
3649,Eukaryota,Arthropoda,Malacostraca,Decapoda,Epialtidae,Pugettia,Pugettia dalli
3650,Eukaryota,Bryozoa,Gymnolaemata,Cheilostomatida,Membraniporidae,Membranipora,Membranipora villosa
3651,Eukaryota,Mollusca,Gastropoda,Littorinimorpha,Pterotracheidae,Pterotrachea,Pterotrachea sp.
3652,NA,NA,NA,NA,NA,NA,NA
3653,Eukaryota,Arthropoda,Copepoda,Calanoida,Eucalanidae,Eucalanus,Eucalanus californicus
3654,Eukaryota,Arthropoda,Copepoda,Calanoida,Pontellidae,Labidocera,Labidocera trispinosa
3655,NA,NA,NA,NA,NA,NA,NA
3656,Eukaryota,Arthropoda,Copepoda,Calanoida,Pontellidae,NA,NA
3657,NA,NA,NA,NA,NA,NA,NA
3658,Eukaryota,Arthropoda,Malacostraca,Euphausiacea,Euphausiidae,NA,NA
3659,NA,NA,NA,NA,NA,NA,NA
3660,Eukaryota,Arthropoda,Ostracoda,Halocyprida,Halocyprididae,Halocypris,Halocypris inflata
3661,NA,NA,NA,NA,NA,NA,NA
3662,Eukaryota,Mollusca,Gastropoda,Pteropoda,Creseidae,Styliola,Styliola sp.
3663,NA,NA,NA,NA,NA,NA,NA
3664,NA,NA,NA,NA,NA,NA,NA
3665,Eukaryota,Arthropoda,Copepoda,Calanoida,Clausocalanidae,NA,NA
3666,NA,NA,NA,NA,NA,NA,NA
3667,Eukaryota,Mollusca,Gastropoda,Littorinimorpha,Atlantidae,Atlanta,Atlanta sp. USNM IZ 1230636
3668,Eukaryota,Arthropoda,Copepoda,Calanoida,Eucalanidae,Eucalanus,Eucalanus californicus
3669,NA,NA,NA,NA,NA,NA,NA
3670,NA,NA,NA,NA,NA,NA,NA
3671,Eukaryota,Mollusca,Gastropoda,Pteropoda,Creseidae,Styliola,Styliola sp.
3672,NA,NA,NA,NA,NA,NA,NA
3673,Eukaryota,Arthropoda,Copepoda,Calanoida,Lucicutiidae,Lucicutia,Lucicutia flavicornis
3674,Eukaryota,Arthropoda,Copepoda,Calanoida,Metridinidae,Pleuromamma,Pleuromamma gracilis
3675,Eukaryota,Arthropoda,Copepoda,Poecilostomatoida,Oncaeidae,Oncaea,Oncaea sp.
3676,NA,NA,NA,NA,NA,NA,NA
3677,Eukaryota,Echinodermata,Asteroidea,Forcipulatida,Labidiasteridae,Rathbunaster,Rathbunaster californicus
3678,Eukaryota,Arthropoda,Copepoda,Calanoida,Paracalanidae,Paracalanus,Paracalanus tropicus
3679,Eukaryota,Arthropoda,Copepoda,Calanoida,Mecynoceridae,Mecynocera,Mecynocera clausi
3680,NA,NA,NA,NA,NA,NA,NA
3681,NA,NA,NA,NA,NA,NA,NA
3682,Eukaryota,Mollusca,Gastropoda,Nudibranchia,Glaucidae,Hermissenda,Hermissenda opalescens
3683,NA,NA,NA,NA,NA,NA,NA
3684,NA,NA,NA,NA,NA,NA,NA
3685,NA,NA,NA,NA,NA,NA,NA
3686,Eukaryota,Arthropoda,Copepoda,Calanoida,Eucalanidae,Eucalanus,Eucalanus californicus
3687,Eukaryota,Arthropoda,Copepoda,Calanoida,Pontellidae,Labidocera,Labidocera trispinosa
3688,Eukaryota,Arthropoda,Copepoda,Calanoida,Eucalanidae,Eucalanus,Eucalanus californicus
3689,NA,NA,NA,NA,NA,NA,NA
3690,Eukaryota,Mollusca,Gastropoda,Pteropoda,Creseidae,Styliola,Styliola sp.
3691,Eukaryota,Mollusca,Gastropoda,Nudibranchia,Glaucidae,Hermissenda,Hermissenda opalescens
3692,NA,NA,NA,NA,NA,NA,NA
3693,Eukaryota,Arthropoda,Thecostraca,Balanomorpha,Tetraclitidae,Tetraclita,Tetraclita rubescens
3694,Eukaryota,Arthropoda,Copepoda,Calanoida,Eucalanidae,Eucalanus,Eucalanus californicus
3695,Eukaryota,Echinodermata,Ophiuroidea,Amphilepidida,Ophiactidae,Ophiopholis,Ophiopholis sp. EAC01
3696,Eukaryota,Arthropoda,Copepoda,Calanoida,Eucalanidae,Eucalanus,Eucalanus californicus
3697,NA,NA,NA,NA,NA,NA,NA
3698,NA,NA,NA,NA,NA,NA,NA
3699,Eukaryota,Arthropoda,Copepoda,Calanoida,Pontellidae,Labidocera,Labidocera trispinosa
3700,Eukaryota,Arthropoda,Copepoda,Calanoida,Eucalanidae,Eucalanus,Eucalanus californicus
3701,NA,NA,NA,NA,NA,NA,NA
3702,Eukaryota,Annelida,Polychaeta,Phyllodocida,Pholoidae,Pholoides,Pholoides asperus
3703,Eukaryota,Mollusca,Gastropoda,Nudibranchia,Glaucidae,Hermissenda,Hermissenda opalescens
3704,Eukaryota,Mollusca,Gastropoda,Neogastropoda,Nassariidae,Nassarius,Nassarius mendicus
3705,Eukaryota,Cnidaria,Hydrozoa,Anthoathecata,Pandeidae,Halitholus,Halitholus sp. PS_2018
3706,Eukaryota,Arthropoda,Copepoda,Calanoida,Pontellidae,Labidocera,Labidocera trispinosa
3707,Eukaryota,Arthropoda,Copepoda,Calanoida,Eucalanidae,Eucalanus,Eucalanus californicus
3708,Eukaryota,Bryozoa,Gymnolaemata,Cheilostomatida,Membraniporidae,Membranipora,Membranipora villosa
3709,Eukaryota,Arthropoda,Malacostraca,Euphausiacea,Euphausiidae,Hansarsia,Hansarsia difficilis
3710,Eukaryota,Arthropoda,Malacostraca,Euphausiacea,Euphausiidae,Hansarsia,NA
3711,Eukaryota,Arthropoda,Copepoda,Calanoida,Calanidae,Calanus,Calanus pacificus
3712,Eukaryota,Arthropoda,Copepoda,Calanoida,Eucalanidae,Eucalanus,Eucalanus californicus
3713,NA,NA,NA,NA,NA,NA,NA
3714,Eukaryota,Arthropoda,Copepoda,Calanoida,Eucalanidae,Eucalanus,Eucalanus californicus
3715,NA,NA,NA,NA,NA,NA,NA
3716,Eukaryota,Arthropoda,Copepoda,Calanoida,Eucalanidae,Eucalanus,Eucalanus californicus
3717,Eukaryota,Arthropoda,Ostracoda,Halocyprida,Halocyprididae,Conchoecetta,Conchoecetta giesbrechti
3718,Eukaryota,Arthropoda,Copepoda,Calanoida,Eucalanidae,Eucalanus,Eucalanus californicus
3719,Eukaryota,Arthropoda,Malacostraca,Decapoda,Hippidae,Emerita,Emerita analoga
3720,Eukaryota,Arthropoda,Ostracoda,Halocyprida,Halocyprididae,Paraconchoecia,Paraconchoecia allotherium
3721,Eukaryota,Arthropoda,Malacostraca,Euphausiacea,Euphausiidae,Nyctiphanes,Nyctiphanes simplex
3722,Eukaryota,Arthropoda,Ostracoda,Halocyprida,Halocyprididae,Conchoecia,Conchoecia hyalophyllum
3723,NA,NA,NA,NA,NA,NA,NA
3724,NA,NA,NA,NA,NA,NA,NA
3725,NA,NA,NA,NA,NA,NA,NA
3726,NA,NA,NA,NA,NA,NA,NA
3727,Eukaryota,Arthropoda,Copepoda,Poecilostomatoida,Oncaeidae,Oncaea,Oncaea sp.
3728,Eukaryota,Arthropoda,Ostracoda,Halocyprida,Halocyprididae,Discoconchoecia,NA
3729,Eukaryota,Chordata,Actinopteri,Scombriformes,Tetragonuridae,Tetragonurus,Tetragonurus cuvieri
3730,NA,NA,NA,NA,NA,NA,NA
3731,Eukaryota,Arthropoda,Copepoda,Poecilostomatoida,Corycaeidae,Farranula,NA
3732,Eukaryota,Arthropoda,Ostracoda,Halocyprida,Halocyprididae,Conchoecia,NA
3733,Eukaryota,Arthropoda,Malacostraca,Decapoda,Hippolytidae,Spirontocaris,NA
3734,NA,NA,NA,NA,NA,NA,NA
3735,Eukaryota,Chordata,Actinopteri,Myctophiformes,Myctophidae,Triphoturus,Triphoturus mexicanus
3736,NA,NA,NA,NA,NA,NA,NA
3737,Eukaryota,Arthropoda,Copepoda,Calanoida,Eucalanidae,Eucalanus,Eucalanus californicus
3738,Eukaryota,Arthropoda,Thecostraca,Lepadidae,Lepadidae,NA,NA
3739,Eukaryota,Arthropoda,Copepoda,Calanoida,Eucalanidae,Eucalanus,Eucalanus californicus
3740,NA,NA,NA,NA,NA,NA,NA
3741,Eukaryota,Arthropoda,Copepoda,Calanoida,Eucalanidae,Eucalanus,Eucalanus californicus
3742,Eukaryota,Arthropoda,Ostracoda,Halocyprida,Halocyprididae,Conchoecia,Conchoecia magna
3743,Eukaryota,Arthropoda,Malacostraca,Euphausiacea,Euphausiidae,Thysanoessa,Thysanoessa gregaria
3744,Eukaryota,Arthropoda,Copepoda,Calanoida,Calanidae,Neocalanus,NA
3745,Eukaryota,Arthropoda,Malacostraca,Decapoda,Blepharipodidae,NA,NA
3746,NA,NA,NA,NA,NA,NA,NA
3747,NA,NA,NA,NA,NA,NA,NA
3748,Eukaryota,Mollusca,Gastropoda,Nudibranchia,Glaucidae,Hermissenda,NA
3749,Eukaryota,Arthropoda,Copepoda,Poecilostomatoida,Corycaeidae,Farranula,NA
3750,Eukaryota,Arthropoda,Copepoda,Calanoida,Lucicutiidae,Lucicutia,Lucicutia flavicornis
3751,Eukaryota,Echinodermata,Ophiuroidea,Amphilepidida,Ophiocomidae,Ophiopteris,Ophiopteris papillosa
3752,NA,NA,NA,NA,NA,NA,NA
3753,NA,NA,NA,NA,NA,NA,NA
3754,Eukaryota,Annelida,Polychaeta,Chaetopteridae,Chaetopteridae,Phyllochaetopterus,Phyllochaetopterus sp. 5 JM_2017
3755,NA,NA,NA,NA,NA,NA,NA
3756,Eukaryota,Arthropoda,Ostracoda,Halocyprida,Halocyprididae,Proceroecia,Proceroecia procera
3757,Eukaryota,Arthropoda,Copepoda,Calanoida,Eucalanidae,Eucalanus,Eucalanus californicus
3758,Eukaryota,Arthropoda,Copepoda,Calanoida,Pontellidae,Labidocera,Labidocera trispinosa
3759,Eukaryota,Bacillariophyta,Thalassiosirophyceae,Eucampiales,Eucampiaceae,NA,NA
3760,NA,NA,NA,NA,NA,NA,NA
3761,Eukaryota,Arthropoda,Copepoda,Poecilostomatoida,Oncaeidae,Oncaea,Oncaea sp.
3762,Eukaryota,Arthropoda,Copepoda,Poecilostomatoida,Oncaeidae,Oncaea,Oncaea sp.
3763,Eukaryota,Arthropoda,Copepoda,Calanoida,Candaciidae,Candacia,Candacia curta
3764,Eukaryota,Bryozoa,Gymnolaemata,Cheilostomatida,Membraniporidae,Membranipora,Membranipora villosa
3765,NA,NA,NA,NA,NA,NA,NA
3766,Eukaryota,Bryozoa,Gymnolaemata,Cheilostomatida,Membraniporidae,Membranipora,Membranipora villosa
3767,Eukaryota,Bryozoa,Gymnolaemata,Cheilostomatida,Membraniporidae,Membranipora,NA
3768,NA,NA,NA,NA,NA,NA,NA
3769,NA,NA,NA,NA,NA,NA,NA
3770,Eukaryota,Arthropoda,Copepoda,Calanoida,Heterorhabdidae,Heterorhabdus,Heterorhabdus papilliger
3771,NA,NA,NA,NA,NA,NA,NA
3772,Eukaryota,Arthropoda,Ostracoda,Halocyprida,Halocyprididae,Discoconchoecia,NA
3773,Eukaryota,Mollusca,Gastropoda,Pteropoda,Creseidae,Styliola,Styliola sp.
3774,NA,NA,NA,NA,NA,NA,NA
3775,Eukaryota,Chordata,Actinopteri,Clupeiformes,Engraulidae,Engraulis,Engraulis mordax
3776,Eukaryota,Arthropoda,Copepoda,Calanoida,Lucicutiidae,Lucicutia,Lucicutia flavicornis
3777,Eukaryota,Arthropoda,Copepoda,Calanoida,Eucalanidae,Eucalanus,Eucalanus californicus
3778,NA,NA,NA,NA,NA,NA,NA
3779,Eukaryota,Arthropoda,Copepoda,Calanoida,Calanidae,Calanus,Calanus pacificus
3780,NA,NA,NA,NA,NA,NA,NA
3781,NA,NA,NA,NA,NA,NA,NA
3782,Eukaryota,Echinodermata,Ophiuroidea,Amphilepidida,Ophiocomidae,Ophiopteris,Ophiopteris papillosa
3783,Eukaryota,Arthropoda,Copepoda,Calanoida,Eucalanidae,Eucalanus,Eucalanus californicus
3784,NA,NA,NA,NA,NA,NA,NA
3785,Eukaryota,Arthropoda,Copepoda,Calanoida,Eucalanidae,Eucalanus,Eucalanus californicus
3786,Eukaryota,Arthropoda,Copepoda,Poecilostomatoida,Oncaeidae,Oncaea,Oncaea sp.
3787,Eukaryota,Arthropoda,Copepoda,Calanoida,Eucalanidae,Eucalanus,Eucalanus californicus
3788,Eukaryota,Arthropoda,Copepoda,Calanoida,Eucalanidae,Eucalanus,Eucalanus californicus
3789,Eukaryota,Arthropoda,Copepoda,Calanoida,Eucalanidae,Eucalanus,Eucalanus californicus
3790,NA,NA,NA,NA,NA,NA,NA
3791,Eukaryota,Arthropoda,Copepoda,Calanoida,Eucalanidae,Eucalanus,Eucalanus californicus
3792,NA,NA,NA,NA,NA,NA,NA
3793,NA,NA,NA,NA,NA,NA,NA
3794,Eukaryota,Echinodermata,Asteroidea,Paxillosida,Luidiidae,Luidia,Luidia foliolata
3795,Eukaryota,Arthropoda,Copepoda,Calanoida,Eucalanidae,Eucalanus,Eucalanus californicus
3796,Eukaryota,Arthropoda,Copepoda,Calanoida,Eucalanidae,Eucalanus,Eucalanus californicus
3797,Eukaryota,Arthropoda,Malacostraca,Decapoda,Panopeidae,Lophopanopeus,Lophopanopeus bellus
3798,NA,NA,NA,NA,NA,NA,NA
3799,NA,NA,NA,NA,NA,NA,NA
3800,Eukaryota,Arthropoda,Malacostraca,Euphausiacea,Euphausiidae,Euphausia,Euphausia pacifica
3801,Eukaryota,Arthropoda,Copepoda,Calanoida,Calanidae,Calanus,Calanus pacificus
3802,NA,NA,NA,NA,NA,NA,NA
3803,Eukaryota,Arthropoda,Copepoda,Calanoida,Eucalanidae,Eucalanus,Eucalanus californicus
3804,Eukaryota,Echinodermata,Echinoidea,Temnopleuroida,Toxopneustidae,Lytechinus,Lytechinus pictus
3805,Eukaryota,Arthropoda,Malacostraca,Euphausiacea,Euphausiidae,Hansarsia,NA
3806,Eukaryota,Arthropoda,Copepoda,Calanoida,Eucalanidae,Eucalanus,Eucalanus californicus
3807,Eukaryota,Arthropoda,Copepoda,Calanoida,Calocalanidae,NA,NA
3808,Eukaryota,Arthropoda,Copepoda,Calanoida,Pontellidae,Labidocera,Labidocera trispinosa
3809,Eukaryota,Arthropoda,Copepoda,Calanoida,Pontellidae,Labidocera,Labidocera trispinosa
3810,Eukaryota,Bryozoa,Gymnolaemata,Cheilostomatida,Membraniporidae,Membranipora,Membranipora villosa
3811,Eukaryota,Arthropoda,Malacostraca,Decapoda,Penaeidae,Penaeus,Penaeus californiensis
3812,Eukaryota,Arthropoda,Copepoda,Calanoida,Pontellidae,Labidocera,Labidocera trispinosa
3813,NA,NA,NA,NA,NA,NA,NA
3814,NA,NA,NA,NA,NA,NA,NA
3815,Eukaryota,Arthropoda,Copepoda,Calanoida,Calanidae,Calanus,Calanus pacificus
3816,NA,NA,NA,NA,NA,NA,NA
3817,NA,NA,NA,NA,NA,NA,NA
3818,NA,NA,NA,NA,NA,NA,NA
3819,Eukaryota,Arthropoda,Ostracoda,Halocyprida,Halocyprididae,Conchoecetta,Conchoecetta giesbrechti
3820,Eukaryota,Echinodermata,Echinoidea,Temnopleuroida,Toxopneustidae,Lytechinus,Lytechinus pictus
3821,Eukaryota,Arthropoda,Copepoda,Calanoida,Eucalanidae,Eucalanus,Eucalanus californicus
3822,NA,NA,NA,NA,NA,NA,NA
3823,NA,NA,NA,NA,NA,NA,NA
3824,Eukaryota,Arthropoda,Copepoda,Poecilostomatoida,Oncaeidae,Oncaea,Oncaea sp.
3825,NA,NA,NA,NA,NA,NA,NA
3826,Eukaryota,Mollusca,Gastropoda,Littorinimorpha,Atlantidae,Atlanta,Atlanta sp. USNM IZ 1230636
3827,NA,NA,NA,NA,NA,NA,NA
3828,Eukaryota,Echinodermata,Ophiuroidea,Amphilepidida,Ophionereidae,NA,NA
3829,Eukaryota,Arthropoda,Copepoda,Poecilostomatoida,Oncaeidae,Oncaea,Oncaea sp.
3830,Eukaryota,Echinodermata,Ophiuroidea,Amphilepidida,Ophionereidae,NA,NA
3831,Eukaryota,Arthropoda,Copepoda,Poecilostomatoida,Oncaeidae,Oncaea,Oncaea sp.
3832,NA,NA,NA,NA,NA,NA,NA
3833,NA,NA,NA,NA,NA,NA,NA
3834,NA,NA,NA,NA,NA,NA,NA
3835,Eukaryota,Mollusca,Cephalopoda,Oegopsida,Enoploteuthidae,NA,NA
3836,NA,NA,NA,NA,NA,NA,NA
3837,Eukaryota,Arthropoda,Malacostraca,Euphausiacea,Euphausiidae,Euphausia,Euphausia pacifica
3838,Eukaryota,Arthropoda,Copepoda,Calanoida,Eucalanidae,Eucalanus,Eucalanus californicus
3839,Eukaryota,Mollusca,Gastropoda,Pteropoda,Cliidae,Clio,Clio pyramidata
3840,Eukaryota,Arthropoda,Copepoda,Calanoida,Eucalanidae,Eucalanus,Eucalanus californicus
3841,Eukaryota,Arthropoda,Copepoda,Calanoida,Eucalanidae,Eucalanus,Eucalanus californicus
3842,Eukaryota,Bryozoa,Gymnolaemata,Cheilostomatida,Membraniporidae,Membranipora,Membranipora villosa
3843,NA,NA,NA,NA,NA,NA,NA
3844,Eukaryota,Bryozoa,Gymnolaemata,Cheilostomatida,Membraniporidae,Membranipora,Membranipora villosa
3845,Eukaryota,Arthropoda,Copepoda,Calanoida,Mecynoceridae,Mecynocera,Mecynocera clausi
3846,NA,NA,NA,NA,NA,NA,NA
3847,Eukaryota,Arthropoda,Malacostraca,Euphausiacea,Euphausiidae,Nyctiphanes,Nyctiphanes simplex
3848,Eukaryota,Mollusca,Gastropoda,Nudibranchia,Glaucidae,Hermissenda,Hermissenda opalescens
3849,NA,NA,NA,NA,NA,NA,NA
3850,NA,NA,NA,NA,NA,NA,NA
3851,Eukaryota,Echinodermata,Asteroidea,Forcipulatida,Asteriidae,Sclerasterias,NA
3852,Eukaryota,Mollusca,Gastropoda,Pteropoda,Limacinidae,NA,NA
3853,Eukaryota,Arthropoda,Copepoda,Calanoida,Metridinidae,Pleuromamma,Pleuromamma abdominalis
3854,Eukaryota,Mollusca,Bivalvia,Cardiida,Tellinidae,NA,NA
3855,Eukaryota,Mollusca,Gastropoda,Nudibranchia,Glaucidae,Hermissenda,Hermissenda opalescens
3856,Eukaryota,Arthropoda,Copepoda,Calanoida,Calanidae,Calanus,Calanus pacificus
3857,Eukaryota,Arthropoda,Copepoda,Calanoida,Calocalanidae,Calocalanus,Calocalanus tenuis
3858,NA,NA,NA,NA,NA,NA,NA
3859,Eukaryota,Bryozoa,Gymnolaemata,Cheilostomatida,Membraniporidae,Membranipora,Membranipora villosa
3860,NA,NA,NA,NA,NA,NA,NA
3861,Eukaryota,Arthropoda,Malacostraca,Amphipoda,Scinidae,NA,NA
3862,Eukaryota,Arthropoda,Copepoda,Calanoida,Eucalanidae,Eucalanus,Eucalanus californicus
3863,Eukaryota,Mollusca,Gastropoda,Nudibranchia,Glaucidae,Hermissenda,Hermissenda opalescens
3864,Eukaryota,Arthropoda,Copepoda,Calanoida,Calanidae,Calanus,Calanus pacificus
3865,NA,NA,NA,NA,NA,NA,NA
3866,Eukaryota,Arthropoda,Copepoda,Calanoida,Eucalanidae,Eucalanus,Eucalanus californicus
3867,Eukaryota,Echinodermata,Ophiuroidea,Amphilepidida,Ophiactidae,Ophiopholis,Ophiopholis sp. EAC01
3868,Eukaryota,Arthropoda,Copepoda,Calanoida,Eucalanidae,Eucalanus,Eucalanus californicus
3869,Eukaryota,Arthropoda,Copepoda,Calanoida,Eucalanidae,Eucalanus,Eucalanus californicus
3870,NA,NA,NA,NA,NA,NA,NA
3871,Eukaryota,Arthropoda,Malacostraca,Decapoda,Cancridae,NA,NA
3872,Eukaryota,Arthropoda,Copepoda,Calanoida,Calanidae,Calanus,Calanus pacificus
3873,NA,NA,NA,NA,NA,NA,NA
3874,Eukaryota,Arthropoda,Copepoda,Calanoida,Eucalanidae,Eucalanus,Eucalanus californicus
3875,Eukaryota,Haptophyta,Phaeocystales,Phaeocystales,Phaeocystaceae,Phaeocystis,Phaeocystis cordata
3876,NA,NA,NA,NA,NA,NA,NA
3877,Eukaryota,Arthropoda,Copepoda,Calanoida,Eucalanidae,Eucalanus,Eucalanus californicus
3878,Eukaryota,Arthropoda,Copepoda,Calanoida,Pontellidae,Labidocera,Labidocera trispinosa
3879,NA,NA,NA,NA,NA,NA,NA
3880,NA,NA,NA,NA,NA,NA,NA
3881,Eukaryota,Arthropoda,Copepoda,Calanoida,Calanidae,Ctenocalanus,Ctenocalanus vanus
3882,Eukaryota,Discosea,Flabellinia,Dactylopodida,Paramoebidae,NA,NA
3883,Eukaryota,Arthropoda,Copepoda,Calanoida,Metridinidae,Pleuromamma,Pleuromamma borealis
3884,Eukaryota,Arthropoda,Copepoda,Calanoida,Eucalanidae,Eucalanus,Eucalanus californicus
3885,NA,NA,NA,NA,NA,NA,NA
3886,Eukaryota,Arthropoda,Ostracoda,Halocyprida,Halocyprididae,Proceroecia,Proceroecia procera
3887,Eukaryota,Arthropoda,Copepoda,Calanoida,Eucalanidae,Eucalanus,Eucalanus californicus
3888,NA,NA,NA,NA,NA,NA,NA
3889,Eukaryota,Arthropoda,Ostracoda,Halocyprida,Halocyprididae,NA,NA
3890,NA,NA,NA,NA,NA,NA,NA
3891,Eukaryota,Arthropoda,Copepoda,Calanoida,Eucalanidae,Eucalanus,Eucalanus californicus
3892,Eukaryota,Arthropoda,Copepoda,Calanoida,Calanidae,Calanus,Calanus pacificus
3893,Eukaryota,Arthropoda,Copepoda,Calanoida,Eucalanidae,Eucalanus,Eucalanus californicus
3894,NA,NA,NA,NA,NA,NA,NA
3895,NA,NA,NA,NA,NA,NA,NA
3896,Eukaryota,Arthropoda,Copepoda,Poecilostomatoida,Oncaeidae,Oncaea,Oncaea sp.
3897,Eukaryota,Arthropoda,Malacostraca,Decapoda,Pinnotheridae,Pinnixa,Pinnixa franciscana
3898,Eukaryota,Arthropoda,Copepoda,Calanoida,Calocalanidae,Calocalanus,Calocalanus sp. 1 AC_2013
3899,Eukaryota,Arthropoda,Copepoda,Poecilostomatoida,Oncaeidae,Oncaea,Oncaea sp.
3900,NA,NA,NA,NA,NA,NA,NA
3901,Eukaryota,Arthropoda,Copepoda,Calanoida,Lucicutiidae,Lucicutia,Lucicutia flavicornis
3902,NA,NA,NA,NA,NA,NA,NA
3903,NA,NA,NA,NA,NA,NA,NA
3904,NA,NA,NA,NA,NA,NA,NA
3905,Eukaryota,Arthropoda,Copepoda,Calanoida,Calocalanidae,Calocalanus,NA
3906,NA,NA,NA,NA,NA,NA,NA
3907,Eukaryota,Echinodermata,Echinoidea,Clypeasteroida,Dendrasteridae,Dendraster,Dendraster excentricus
3908,Eukaryota,Arthropoda,Malacostraca,Decapoda,Munididae,Antillimunida,Antillimunida bapensis
3909,Eukaryota,Arthropoda,Copepoda,Calanoida,Eucalanidae,Eucalanus,Eucalanus californicus
3910,NA,NA,NA,NA,NA,NA,NA
3911,Eukaryota,Arthropoda,Copepoda,Calanoida,Pontellidae,Labidocera,Labidocera trispinosa
3912,NA,NA,NA,NA,NA,NA,NA
3913,Eukaryota,Arthropoda,Copepoda,Cyclopoida,Oithonidae,Oithona,Oithona similis
3914,NA,NA,NA,NA,NA,NA,NA
3915,Eukaryota,Arthropoda,Malacostraca,Euphausiacea,Euphausiidae,Nyctiphanes,Nyctiphanes simplex
3916,NA,NA,NA,NA,NA,NA,NA
3917,NA,NA,NA,NA,NA,NA,NA
3918,Eukaryota,Haptophyta,Isochrysidales,Isochrysidales,Noelaerhabdaceae,Emiliania,Emiliania huxleyi
3919,NA,NA,NA,NA,NA,NA,NA
3920,NA,NA,NA,NA,NA,NA,NA
3921,Eukaryota,Arthropoda,Copepoda,Calanoida,Calanidae,Calanus,Calanus pacificus
3922,NA,NA,NA,NA,NA,NA,NA
3923,Eukaryota,Arthropoda,Copepoda,Calanoida,Metridinidae,Pleuromamma,Pleuromamma piseki
3924,Eukaryota,Arthropoda,Copepoda,Calanoida,Pontellidae,Labidocera,Labidocera trispinosa
3925,NA,NA,NA,NA,NA,NA,NA
3926,Eukaryota,Dinophyceae,Dinophyceae,Syndiniales,Syndiniaceae,Hematodinium,Hematodinium sp.
3927,Eukaryota,Arthropoda,Copepoda,Calanoida,Eucalanidae,Eucalanus,Eucalanus californicus
3928,NA,NA,NA,NA,NA,NA,NA
3929,NA,NA,NA,NA,NA,NA,NA
3930,Eukaryota,Arthropoda,Copepoda,Calanoida,Eucalanidae,Eucalanus,Eucalanus californicus
3931,Eukaryota,Arthropoda,Copepoda,Calanoida,Eucalanidae,Eucalanus,Eucalanus californicus
3932,NA,NA,NA,NA,NA,NA,NA
3933,NA,NA,NA,NA,NA,NA,NA
3934,Eukaryota,Arthropoda,Copepoda,Poecilostomatoida,Oncaeidae,Oncaea,Oncaea sp.
3935,Eukaryota,Arthropoda,Copepoda,Calanoida,Eucalanidae,Eucalanus,Eucalanus californicus
3936,NA,NA,NA,NA,NA,NA,NA
3937,Eukaryota,Mollusca,Gastropoda,Nudibranchia,Glaucidae,Hermissenda,NA
3938,NA,NA,NA,NA,NA,NA,NA
3939,Eukaryota,Arthropoda,Copepoda,Calanoida,Eucalanidae,Eucalanus,Eucalanus californicus
3940,Eukaryota,Arthropoda,Copepoda,Calanoida,Eucalanidae,Eucalanus,Eucalanus californicus
3941,Eukaryota,Arthropoda,Malacostraca,Euphausiacea,Euphausiidae,Nyctiphanes,Nyctiphanes simplex
3942,Eukaryota,Arthropoda,Copepoda,Calanoida,Eucalanidae,Rhincalanus,Rhincalanus nasutus
3943,Eukaryota,Arthropoda,Copepoda,Calanoida,Eucalanidae,Eucalanus,Eucalanus californicus
3944,Eukaryota,Arthropoda,Copepoda,Calanoida,Eucalanidae,Eucalanus,Eucalanus californicus
3945,NA,NA,NA,NA,NA,NA,NA
3946,Eukaryota,Cnidaria,Hydrozoa,Siphonophorae,Sphaeronectidae,NA,NA
3947,NA,NA,NA,NA,NA,NA,NA
3948,Eukaryota,Mollusca,Gastropoda,Nudibranchia,Tritoniidae,Tritonia,Tritonia exsulans
3949,Eukaryota,Arthropoda,Copepoda,Calanoida,Eucalanidae,Eucalanus,Eucalanus californicus
3950,Eukaryota,Arthropoda,Copepoda,Calanoida,Eucalanidae,Eucalanus,Eucalanus californicus
3951,NA,NA,NA,NA,NA,NA,NA
3952,NA,NA,NA,NA,NA,NA,NA
3953,NA,NA,NA,NA,NA,NA,NA
3954,NA,NA,NA,NA,NA,NA,NA
3955,NA,NA,NA,NA,NA,NA,NA
3956,Eukaryota,Arthropoda,Thecostraca,Balanomorpha,Balanidae,Balanus,Balanus trigonus
3957,Eukaryota,Arthropoda,Copepoda,Calanoida,Pontellidae,Labidocera,Labidocera trispinosa
3958,NA,NA,NA,NA,NA,NA,NA
3959,NA,NA,NA,NA,NA,NA,NA
3960,Eukaryota,Arthropoda,Copepoda,Poecilostomatoida,Oncaeidae,Oncaea,Oncaea sp.
3961,Eukaryota,Arthropoda,Thecostraca,Balanomorpha,Balanidae,Balanus,Balanus trigonus
3962,Eukaryota,Arthropoda,Copepoda,Calanoida,Eucalanidae,Eucalanus,Eucalanus californicus
3963,Eukaryota,Arthropoda,Copepoda,Calanoida,Eucalanidae,Eucalanus,Eucalanus californicus
3964,NA,NA,NA,NA,NA,NA,NA
3965,Eukaryota,Mollusca,Gastropoda,Pteropoda,Creseidae,Styliola,Styliola sp.
3966,NA,NA,NA,NA,NA,NA,NA
3967,NA,NA,NA,NA,NA,NA,NA
3968,Eukaryota,Arthropoda,Copepoda,Calanoida,Eucalanidae,Eucalanus,Eucalanus californicus
3969,Eukaryota,Arthropoda,Copepoda,Calanoida,Acartiidae,Acartia,Acartia tonsa
3970,Eukaryota,Arthropoda,Copepoda,Calanoida,Eucalanidae,Eucalanus,Eucalanus californicus
3971,Eukaryota,Arthropoda,Copepoda,Calanoida,Eucalanidae,Eucalanus,Eucalanus californicus
3972,Eukaryota,Bryozoa,Gymnolaemata,Cheilostomatida,Membraniporidae,Membranipora,Membranipora villosa
3973,NA,NA,NA,NA,NA,NA,NA
3974,Eukaryota,Mollusca,Gastropoda,Nudibranchia,Glaucidae,Hermissenda,Hermissenda opalescens
3975,Eukaryota,Arthropoda,Copepoda,Calanoida,Eucalanidae,Eucalanus,Eucalanus californicus
3976,Eukaryota,Bryozoa,Gymnolaemata,Cheilostomatida,Membraniporidae,Membranipora,Membranipora villosa
3977,NA,NA,NA,NA,NA,NA,NA
3978,NA,NA,NA,NA,NA,NA,NA
3979,Eukaryota,Arthropoda,Copepoda,Calanoida,Lucicutiidae,Lucicutia,Lucicutia flavicornis
3980,NA,NA,NA,NA,NA,NA,NA
3981,NA,NA,NA,NA,NA,NA,NA
3982,Eukaryota,Mollusca,Gastropoda,Pteropoda,Cliidae,Clio,Clio pyramidata
3983,Eukaryota,Echinodermata,Ophiuroidea,Amphilepidida,Ophionereidae,NA,NA
3984,NA,NA,NA,NA,NA,NA,NA
3985,Eukaryota,Arthropoda,Malacostraca,Euphausiacea,Euphausiidae,Hansarsia,Hansarsia difficilis
3986,Eukaryota,Arthropoda,Copepoda,Poecilostomatoida,Oncaeidae,Oncaea,Oncaea sp.
3987,NA,NA,NA,NA,NA,NA,NA
3988,Eukaryota,Mollusca,Gastropoda,Pteropoda,Limacinidae,NA,NA
3989,Eukaryota,Arthropoda,Copepoda,Calanoida,Mecynoceridae,Mecynocera,Mecynocera clausi
3990,Eukaryota,Arthropoda,Copepoda,Calanoida,Clausocalanidae,NA,NA
3991,Eukaryota,Mollusca,Gastropoda,Nudibranchia,Glaucidae,Hermissenda,Hermissenda opalescens
3992,NA,NA,NA,NA,NA,NA,NA
3993,Eukaryota,Arthropoda,Copepoda,Calanoida,Clausocalanidae,Clausocalanus,Clausocalanus jobei
3994,Eukaryota,Arthropoda,Copepoda,Calanoida,Eucalanidae,Eucalanus,Eucalanus californicus
3995,Eukaryota,Arthropoda,Copepoda,Calanoida,Eucalanidae,Eucalanus,Eucalanus californicus
3996,NA,NA,NA,NA,NA,NA,NA
3997,Eukaryota,Bryozoa,Gymnolaemata,Cheilostomatida,Membraniporidae,Membranipora,Membranipora villosa
3998,NA,NA,NA,NA,NA,NA,NA
3999,Eukaryota,Arthropoda,Copepoda,Calanoida,Calanidae,Calanus,Calanus pacificus
4000,Eukaryota,Arthropoda,Copepoda,Calanoida,Calanidae,Calanus,Calanus pacificus
4001,NA,NA,NA,NA,NA,NA,NA
4002,NA,NA,NA,NA,NA,NA,NA
4003,NA,NA,NA,NA,NA,NA,NA
4004,Eukaryota,Echinodermata,Echinoidea,Camarodonta,Strongylocentrotidae,Strongylocentrotus,Strongylocentrotus purpuratus
4005,Eukaryota,Arthropoda,Copepoda,Poecilostomatoida,Oncaeidae,Oncaea,Oncaea sp.
4006,Eukaryota,Arthropoda,Copepoda,Calanoida,Clausocalanidae,Clausocalanus,Clausocalanus parapergens
4007,NA,NA,NA,NA,NA,NA,NA
4008,NA,NA,NA,NA,NA,NA,NA
4009,NA,NA,NA,NA,NA,NA,NA
4010,NA,NA,NA,NA,NA,NA,NA
4011,Eukaryota,Arthropoda,Copepoda,Calanoida,Eucalanidae,Eucalanus,Eucalanus californicus
4012,Eukaryota,Chlorophyta,Chloropicophyceae,Chloropicales,Chloropicaceae,Chloropicon,Chloropicon laureae
4013,Eukaryota,Mollusca,Gastropoda,Neogastropoda,Columbellidae,Alia,Alia carinata
4014,NA,NA,NA,NA,NA,NA,NA
4015,Eukaryota,Arthropoda,Ostracoda,Halocyprida,Halocyprididae,Proceroecia,Proceroecia procera
4016,NA,NA,NA,NA,NA,NA,NA
4017,NA,NA,NA,NA,NA,NA,NA
4018,NA,NA,NA,NA,NA,NA,NA
4019,NA,NA,NA,NA,NA,NA,NA
4020,NA,NA,NA,NA,NA,NA,NA
4021,Eukaryota,Arthropoda,Copepoda,Calanoida,Calocalanidae,Calocalanus,NA
4022,NA,NA,NA,NA,NA,NA,NA
4023,NA,NA,NA,NA,NA,NA,NA
4024,NA,NA,NA,NA,NA,NA,NA
4025,Eukaryota,Arthropoda,Copepoda,Calanoida,Pontellidae,Labidocera,Labidocera trispinosa
4026,Eukaryota,Arthropoda,Malacostraca,Euphausiacea,Euphausiidae,Nyctiphanes,Nyctiphanes simplex
4027,Eukaryota,Arthropoda,Copepoda,Calanoida,Eucalanidae,Eucalanus,Eucalanus californicus
4028,NA,NA,NA,NA,NA,NA,NA
4029,Eukaryota,Arthropoda,Copepoda,Calanoida,Eucalanidae,Eucalanus,Eucalanus californicus
4030,Eukaryota,Mollusca,Gastropoda,Nudibranchia,Glaucidae,Hermissenda,Hermissenda opalescens
4031,Eukaryota,Mollusca,Gastropoda,Nudibranchia,Glaucidae,Hermissenda,Hermissenda opalescens
4032,Eukaryota,Arthropoda,Copepoda,Calanoida,Pontellidae,Labidocera,Labidocera trispinosa
4033,Eukaryota,Arthropoda,Copepoda,Calanoida,Eucalanidae,Eucalanus,Eucalanus californicus
4034,Eukaryota,Arthropoda,Copepoda,Calanoida,Pontellidae,Labidocera,Labidocera trispinosa
4035,NA,NA,NA,NA,NA,NA,NA
4036,Eukaryota,Arthropoda,Ostracoda,Halocyprida,Halocyprididae,Mikroconchoecia,Mikroconchoecia sp. USNM IZ 1448470
4037,NA,NA,NA,NA,NA,NA,NA
4038,Eukaryota,Mollusca,Bivalvia,Mytilida,Modiolidae,NA,NA
4039,Eukaryota,Arthropoda,Copepoda,Calanoida,Eucalanidae,Eucalanus,Eucalanus californicus
4040,Eukaryota,Arthropoda,Copepoda,Calanoida,Eucalanidae,Eucalanus,Eucalanus californicus
4041,Eukaryota,Arthropoda,Malacostraca,Euphausiacea,Euphausiidae,Nyctiphanes,Nyctiphanes simplex
4042,Eukaryota,Bryozoa,Gymnolaemata,Cheilostomatida,Membraniporidae,Membranipora,NA
4043,Eukaryota,Arthropoda,Copepoda,Calanoida,Pontellidae,Labidocera,NA
4044,Eukaryota,Mollusca,Gastropoda,Nudibranchia,Glaucidae,Hermissenda,Hermissenda opalescens
4045,Eukaryota,Bryozoa,Gymnolaemata,Cheilostomatida,Membraniporidae,Membranipora,Membranipora villosa
4046,Eukaryota,Arthropoda,Copepoda,Calanoida,Pontellidae,Labidocera,Labidocera trispinosa
4047,Eukaryota,Arthropoda,Copepoda,Calanoida,Eucalanidae,Eucalanus,Eucalanus californicus
4048,NA,NA,NA,NA,NA,NA,NA
4049,NA,NA,NA,NA,NA,NA,NA
4050,Eukaryota,Arthropoda,Malacostraca,Decapoda,Palinuridae,Panulirus,Panulirus interruptus
4051,NA,NA,NA,NA,NA,NA,NA
4052,NA,NA,NA,NA,NA,NA,NA
4053,Eukaryota,Arthropoda,Copepoda,Poecilostomatoida,Oncaeidae,Oncaea,Oncaea sp.
4054,NA,NA,NA,NA,NA,NA,NA
4055,Eukaryota,Arthropoda,Copepoda,Calanoida,Eucalanidae,Rhincalanus,NA
4056,Eukaryota,Arthropoda,Copepoda,Calanoida,Calanidae,Calanus,Calanus pacificus
4057,Eukaryota,Arthropoda,Copepoda,Calanoida,Eucalanidae,Eucalanus,Eucalanus californicus
4058,NA,NA,NA,NA,NA,NA,NA
4059,Eukaryota,Mollusca,Gastropoda,Littorinimorpha,Atlantidae,NA,NA
4060,NA,NA,NA,NA,NA,NA,NA
4061,Eukaryota,Arthropoda,Copepoda,Calanoida,Metridinidae,Pleuromamma,Pleuromamma abdominalis
4062,NA,NA,NA,NA,NA,NA,NA
4063,NA,NA,NA,NA,NA,NA,NA
4064,NA,NA,NA,NA,NA,NA,NA
4065,NA,NA,NA,NA,NA,NA,NA
4066,Eukaryota,Arthropoda,Copepoda,Calanoida,Calocalanidae,Calocalanus,Calocalanus sp. 1 AC_2013
4067,Eukaryota,Arthropoda,Copepoda,Calanoida,Eucalanidae,Eucalanus,Eucalanus californicus
4068,Eukaryota,Arthropoda,Ostracoda,Halocyprida,Halocyprididae,Discoconchoecia,NA
4069,Eukaryota,Cnidaria,Hydrozoa,Siphonophorae,Diphyidae,Lensia,Lensia campanella
4070,Eukaryota,Mollusca,Gastropoda,Neogastropoda,Conidae,Californiconus,Californiconus californicus
4071,NA,NA,NA,NA,NA,NA,NA
4072,Eukaryota,Arthropoda,Copepoda,Calanoida,Eucalanidae,Eucalanus,Eucalanus californicus
4073,NA,NA,NA,NA,NA,NA,NA
4074,Eukaryota,Mollusca,Gastropoda,Littorinimorpha,Atlantidae,Atlanta,Atlanta sp. USNM IZ 1230636
4075,Eukaryota,Bryozoa,Gymnolaemata,Cheilostomatida,Membraniporidae,Membranipora,Membranipora villosa
4076,Eukaryota,Arthropoda,Copepoda,Calanoida,Eucalanidae,Eucalanus,Eucalanus californicus
4077,NA,NA,NA,NA,NA,NA,NA
4078,Eukaryota,Arthropoda,Copepoda,Calanoida,Eucalanidae,Eucalanus,Eucalanus californicus
4079,Eukaryota,Arthropoda,Malacostraca,Euphausiacea,Euphausiidae,Hansarsia,Hansarsia difficilis
4080,NA,NA,NA,NA,NA,NA,NA
4081,Eukaryota,Arthropoda,Copepoda,Calanoida,Clausocalanidae,NA,NA
4082,Eukaryota,Arthropoda,Copepoda,Calanoida,Eucalanidae,Eucalanus,Eucalanus californicus
4083,NA,NA,NA,NA,NA,NA,NA
4084,Eukaryota,Arthropoda,Ostracoda,Halocyprida,Halocyprididae,Proceroecia,Proceroecia procera
4085,Eukaryota,Mollusca,Cephalopoda,Myopsida,Loliginidae,Doryteuthis,Doryteuthis opalescens
4086,NA,NA,NA,NA,NA,NA,NA
4087,Eukaryota,Arthropoda,Copepoda,Calanoida,Paracalanidae,Paracalanus,Paracalanus tropicus
4088,Eukaryota,Arthropoda,Malacostraca,Euphausiacea,Euphausiidae,NA,NA
4089,NA,NA,NA,NA,NA,NA,NA
4090,Eukaryota,Mollusca,Gastropoda,Pteropoda,Creseidae,Styliola,Styliola sp.
4091,NA,NA,NA,NA,NA,NA,NA
4092,NA,NA,NA,NA,NA,NA,NA
4093,Eukaryota,Arthropoda,Copepoda,Calanoida,Pontellidae,Labidocera,Labidocera trispinosa
4094,NA,NA,NA,NA,NA,NA,NA
4095,Eukaryota,Arthropoda,Copepoda,Calanoida,Paracalanidae,Paracalanus,Paracalanus tropicus
4096,NA,NA,NA,NA,NA,NA,NA
4097,NA,NA,NA,NA,NA,NA,NA
4098,Eukaryota,Chlorophyta,Mamiellophyceae,Mamiellales,Bathycoccaceae,Bathycoccus,Bathycoccus prasinos
4099,NA,NA,NA,NA,NA,NA,NA
4100,Eukaryota,Arthropoda,Copepoda,Calanoida,Calanidae,NA,NA
4101,Eukaryota,Bacillariophyta,Bacillariophyceae,Bacillariales,Bacillariaceae,Pseudo_nitzschia,Pseudo_nitzschia sabit
4102,Eukaryota,Arthropoda,Malacostraca,Euphausiacea,Euphausiidae,NA,NA
4103,Eukaryota,Bryozoa,Gymnolaemata,Cheilostomatida,Membraniporidae,Membranipora,Membranipora villosa
4104,Eukaryota,Echinodermata,Ophiuroidea,Amphilepidida,Amphiuridae,Amphiodia,Amphiodia cf_ urtica EAC_2010
4105,Eukaryota,Chlorophyta,Mamiellophyceae,Mamiellales,Bathycoccaceae,Bathycoccus,Bathycoccus prasinos
4106,Eukaryota,Echinodermata,Ophiuroidea,Amphilepidida,Amphiuridae,Amphiodia,NA
4107,Eukaryota,Arthropoda,Ostracoda,Halocyprida,Halocyprididae,Discoconchoecia,Discoconchoecia sp. S15_D2
4108,NA,NA,NA,NA,NA,NA,NA
4109,NA,NA,NA,NA,NA,NA,NA
4110,Eukaryota,Arthropoda,Ostracoda,Halocyprida,Halocyprididae,Discoconchoecia,NA
4111,Eukaryota,Mollusca,Gastropoda,Limapontiidae,Limapontiidae,NA,NA
4112,Eukaryota,Echinodermata,Echinoidea,Camarodonta,Strongylocentrotidae,Mesocentrotus,NA
4113,NA,NA,NA,NA,NA,NA,NA
4114,Eukaryota,Arthropoda,Copepoda,Calanoida,Eucalanidae,Eucalanus,Eucalanus californicus
4115,Eukaryota,Arthropoda,Malacostraca,Euphausiacea,Euphausiidae,Hansarsia,Hansarsia difficilis
4116,NA,NA,NA,NA,NA,NA,NA
4117,NA,NA,NA,NA,NA,NA,NA
4118,NA,NA,NA,NA,NA,NA,NA
4119,NA,NA,NA,NA,NA,NA,NA
4120,Eukaryota,Arthropoda,Copepoda,Calanoida,Eucalanidae,Eucalanus,Eucalanus californicus
4121,Eukaryota,Echinodermata,Ophiuroidea,Amphilepidida,Ophiocomidae,Ophiopteris,Ophiopteris papillosa
4122,Eukaryota,Arthropoda,Copepoda,Calanoida,Eucalanidae,Eucalanus,Eucalanus californicus
4123,Eukaryota,Arthropoda,Copepoda,Calanoida,Eucalanidae,Eucalanus,Eucalanus californicus
4124,Eukaryota,Arthropoda,Copepoda,Calanoida,Eucalanidae,Eucalanus,Eucalanus californicus
4125,Eukaryota,Arthropoda,Malacostraca,Decapoda,Portunidae,NA,NA
4126,NA,NA,NA,NA,NA,NA,NA
4127,Eukaryota,Arthropoda,Copepoda,Calanoida,Pontellidae,Labidocera,Labidocera trispinosa
4128,NA,NA,NA,NA,NA,NA,NA
4129,NA,NA,NA,NA,NA,NA,NA
4130,Eukaryota,Arthropoda,Copepoda,Calanoida,Eucalanidae,Eucalanus,Eucalanus californicus
4131,NA,NA,NA,NA,NA,NA,NA
4132,Eukaryota,Arthropoda,Malacostraca,Euphausiacea,Euphausiidae,Nyctiphanes,Nyctiphanes simplex
4133,Eukaryota,Arthropoda,Copepoda,Calanoida,Eucalanidae,Eucalanus,Eucalanus californicus
4134,NA,NA,NA,NA,NA,NA,NA
4135,Eukaryota,Arthropoda,Copepoda,Calanoida,Calanidae,Calanus,Calanus pacificus
4136,Eukaryota,Arthropoda,Malacostraca,Decapoda,Cancridae,NA,NA
4137,NA,NA,NA,NA,NA,NA,NA
4138,Eukaryota,Echinodermata,Asteroidea,Valvatida,Poraniidae,NA,NA
4139,Eukaryota,Arthropoda,Thecostraca,Balanomorpha,Chthamalidae,Chthamalus,Chthamalus fissus
4140,Eukaryota,Arthropoda,Thecostraca,Balanomorpha,Chthamalidae,Chthamalus,Chthamalus fissus
4141,Eukaryota,Arthropoda,Copepoda,Calanoida,Eucalanidae,Eucalanus,Eucalanus californicus
4142,NA,NA,NA,NA,NA,NA,NA
4143,Eukaryota,Arthropoda,Copepoda,Calanoida,Eucalanidae,Eucalanus,Eucalanus californicus
4144,Eukaryota,Bacillariophyta,Thalassiosirophyceae,Chaetocerotales,Chaetocerotaceae,NA,NA
4145,NA,NA,NA,NA,NA,NA,NA
4146,Eukaryota,Arthropoda,Copepoda,Calanoida,Eucalanidae,Eucalanus,Eucalanus californicus
4147,Eukaryota,Arthropoda,Copepoda,Calanoida,Eucalanidae,Eucalanus,Eucalanus californicus
4148,NA,NA,NA,NA,NA,NA,NA
4149,NA,NA,NA,NA,NA,NA,NA
4150,Eukaryota,Arthropoda,Ostracoda,Halocyprida,Halocyprididae,Discoconchoecia,NA
4151,NA,NA,NA,NA,NA,NA,NA
4152,Eukaryota,Bryozoa,Gymnolaemata,Cheilostomatida,Membraniporidae,Membranipora,Membranipora villosa
4153,NA,NA,NA,NA,NA,NA,NA
4154,Eukaryota,Bryozoa,Gymnolaemata,Cheilostomatida,Membraniporidae,Membranipora,Membranipora villosa
4155,Eukaryota,Bryozoa,Gymnolaemata,Cheilostomatida,Membraniporidae,Membranipora,NA
4156,Eukaryota,Arthropoda,Copepoda,Calanoida,Eucalanidae,Eucalanus,Eucalanus californicus
4157,Eukaryota,Arthropoda,Copepoda,Calanoida,Eucalanidae,Eucalanus,Eucalanus californicus
4158,NA,NA,NA,NA,NA,NA,NA
4159,Eukaryota,Arthropoda,Copepoda,Calanoida,Eucalanidae,Eucalanus,Eucalanus californicus
4160,Eukaryota,Arthropoda,Copepoda,Calanoida,Pontellidae,Labidocera,Labidocera trispinosa
4161,Eukaryota,Arthropoda,Malacostraca,Decapoda,Cancridae,Romaleon,NA
4162,NA,NA,NA,NA,NA,NA,NA
4163,NA,NA,NA,NA,NA,NA,NA
4164,Eukaryota,Chaetognatha,Sagittoidea,Aphragmophora,Sagittidae,Flaccisagitta,NA
4165,Eukaryota,Bryozoa,Gymnolaemata,Cheilostomatida,Membraniporidae,Membranipora,Membranipora villosa
4166,NA,NA,NA,NA,NA,NA,NA
4167,NA,NA,NA,NA,NA,NA,NA
4168,NA,NA,NA,NA,NA,NA,NA
4169,NA,NA,NA,NA,NA,NA,NA
4170,NA,NA,NA,NA,NA,NA,NA
4171,NA,NA,NA,NA,NA,NA,NA
4172,Eukaryota,Arthropoda,Copepoda,Poecilostomatoida,Oncaeidae,Oncaea,Oncaea sp.
4173,NA,NA,NA,NA,NA,NA,NA
4174,Eukaryota,Mollusca,Gastropoda,Pteropoda,Limacinidae,NA,NA
4175,NA,NA,NA,NA,NA,NA,NA
4176,Eukaryota,Arthropoda,Malacostraca,Decapoda,Diogenidae,NA,NA
4177,Eukaryota,Echinodermata,Ophiuroidea,Amphilepidida,Ophiotrichidae,Ophiothrix,Ophiothrix spiculata
4178,NA,NA,NA,NA,NA,NA,NA
4179,Eukaryota,Arthropoda,Malacostraca,Decapoda,Grapsidae,Pachygrapsus,Pachygrapsus crassipes
4180,Eukaryota,Arthropoda,Copepoda,Calanoida,Eucalanidae,Eucalanus,Eucalanus californicus
4181,Eukaryota,Arthropoda,Copepoda,Calanoida,Eucalanidae,Eucalanus,Eucalanus californicus
4182,Eukaryota,Arthropoda,Copepoda,Calanoida,Eucalanidae,Eucalanus,Eucalanus californicus
4183,NA,NA,NA,NA,NA,NA,NA
4184,NA,NA,NA,NA,NA,NA,NA
4185,Eukaryota,Echinodermata,Asteroidea,Paxillosida,Luidiidae,Luidia,Luidia foliolata
4186,NA,NA,NA,NA,NA,NA,NA
4187,NA,NA,NA,NA,NA,NA,NA
4188,NA,NA,NA,NA,NA,NA,NA
4189,Eukaryota,Mollusca,Gastropoda,Pteropoda,Cliidae,Clio,Clio pyramidata
4190,Eukaryota,Arthropoda,Copepoda,Calanoida,Euchaetidae,Euchaeta,Euchaeta acuta
4191,NA,NA,NA,NA,NA,NA,NA
4192,NA,NA,NA,NA,NA,NA,NA
4193,NA,NA,NA,NA,NA,NA,NA
4194,Eukaryota,Bacillariophyta,Thalassiosirophyceae,Thalassiosirales,Thalassiosiraceae,NA,NA
4195,Eukaryota,Arthropoda,Copepoda,Calanoida,Calocalanidae,Calocalanus,NA
4196,NA,NA,NA,NA,NA,NA,NA
4197,Eukaryota,Bacillariophyta,Bacillariophyceae,Bacillariales,Bacillariaceae,Pseudo_nitzschia,Pseudo_nitzschia cuspidata
4198,Eukaryota,Arthropoda,Ostracoda,Halocyprida,Halocyprididae,Conchoecia,Conchoecia magna
4199,Eukaryota,Arthropoda,Copepoda,Calanoida,Clausocalanidae,Clausocalanus,NA
4200,NA,NA,NA,NA,NA,NA,NA
4201,NA,NA,NA,NA,NA,NA,NA
4202,NA,NA,NA,NA,NA,NA,NA
4203,NA,NA,NA,NA,NA,NA,NA
4204,Eukaryota,Arthropoda,Malacostraca,Euphausiacea,Euphausiidae,Nyctiphanes,Nyctiphanes simplex
4205,Eukaryota,Bryozoa,Gymnolaemata,Cheilostomatida,Membraniporidae,Membranipora,Membranipora villosa
4206,Eukaryota,Arthropoda,Malacostraca,Euphausiacea,Euphausiidae,NA,NA
4207,Eukaryota,Bryozoa,Gymnolaemata,Cheilostomatida,Membraniporidae,NA,NA
4208,NA,NA,NA,NA,NA,NA,NA
4209,Eukaryota,Arthropoda,Copepoda,Calanoida,Eucalanidae,Eucalanus,Eucalanus californicus
4210,NA,NA,NA,NA,NA,NA,NA
4211,Eukaryota,Arthropoda,Copepoda,Poecilostomatoida,Oncaeidae,Oncaea,Oncaea sp.
4212,Eukaryota,Arthropoda,Ostracoda,Halocyprida,Halocyprididae,Mikroconchoecia,Mikroconchoecia sp. USNM IZ 1448470
4213,Eukaryota,Arthropoda,Copepoda,Poecilostomatoida,Oncaeidae,Oncaea,Oncaea sp.
4214,Eukaryota,Arthropoda,Copepoda,Calanoida,Calanidae,Calanus,Calanus pacificus
4215,Eukaryota,Dinophyceae,Dinophyceae,Syndiniales,Syndiniaceae,Hematodinium,NA
4216,Eukaryota,Echinodermata,Ophiuroidea,Amphilepidida,Ophiotrichidae,Ophiothrix,Ophiothrix spiculata
4217,Eukaryota,Arthropoda,Copepoda,Calanoida,Eucalanidae,Eucalanus,Eucalanus californicus
4218,Eukaryota,Chordata,Actinopteri,Pleuronectiformes,Cyclopsettidae,Citharichthys,NA
4219,Eukaryota,Arthropoda,Ostracoda,Halocyprida,Halocyprididae,Conchoecia,Conchoecia magna
4220,Eukaryota,Arthropoda,Copepoda,Calanoida,Eucalanidae,Eucalanus,Eucalanus californicus
4221,NA,NA,NA,NA,NA,NA,NA
4222,NA,NA,NA,NA,NA,NA,NA
4223,NA,NA,NA,NA,NA,NA,NA
4224,NA,NA,NA,NA,NA,NA,NA
4225,NA,NA,NA,NA,NA,NA,NA
4226,NA,NA,NA,NA,NA,NA,NA
4227,Eukaryota,Arthropoda,Malacostraca,Euphausiacea,Euphausiidae,Hansarsia,Hansarsia difficilis
4228,Eukaryota,Arthropoda,Copepoda,Calanoida,Eucalanidae,Eucalanus,Eucalanus californicus
4229,NA,NA,NA,NA,NA,NA,NA
4230,Eukaryota,Arthropoda,Copepoda,Calanoida,Eucalanidae,Eucalanus,Eucalanus californicus
4231,Eukaryota,Bryozoa,Gymnolaemata,Cheilostomatida,Membraniporidae,Membranipora,Membranipora villosa
4232,NA,NA,NA,NA,NA,NA,NA
4233,Eukaryota,Arthropoda,Copepoda,Calanoida,Calanidae,Calanus,Calanus pacificus
4234,Eukaryota,Arthropoda,Copepoda,Poecilostomatoida,Oncaeidae,Oncaea,Oncaea sp.
4235,NA,NA,NA,NA,NA,NA,NA
4236,Eukaryota,Arthropoda,Copepoda,Calanoida,Eucalanidae,Eucalanus,Eucalanus californicus
4237,Eukaryota,Arthropoda,Copepoda,Calanoida,Pontellidae,Labidocera,Labidocera trispinosa
4238,Eukaryota,Arthropoda,Copepoda,Calanoida,Clausocalanidae,NA,NA
4239,Eukaryota,Arthropoda,Copepoda,Calanoida,Eucalanidae,Eucalanus,Eucalanus californicus
4240,Eukaryota,Arthropoda,Copepoda,Calanoida,Eucalanidae,Eucalanus,Eucalanus californicus
4241,NA,NA,NA,NA,NA,NA,NA
4242,Eukaryota,Arthropoda,Malacostraca,Euphausiacea,Euphausiidae,Nyctiphanes,Nyctiphanes simplex
4243,NA,NA,NA,NA,NA,NA,NA
4244,Eukaryota,Arthropoda,Copepoda,Calanoida,Eucalanidae,Eucalanus,Eucalanus californicus
4245,NA,NA,NA,NA,NA,NA,NA
4246,Eukaryota,Arthropoda,Ostracoda,Halocyprida,Halocyprididae,Discoconchoecia,NA
4247,Eukaryota,Arthropoda,Copepoda,Calanoida,Eucalanidae,Eucalanus,Eucalanus californicus
4248,NA,NA,NA,NA,NA,NA,NA
4249,Eukaryota,Arthropoda,Copepoda,Calanoida,Lucicutiidae,Lucicutia,Lucicutia flavicornis
4250,NA,NA,NA,NA,NA,NA,NA
4251,Eukaryota,Arthropoda,Copepoda,Poecilostomatoida,Oncaeidae,Oncaea,Oncaea sp.
4252,Eukaryota,Arthropoda,Malacostraca,Decapoda,Cancridae,Metacarcinus,Metacarcinus gracilis
4253,NA,NA,NA,NA,NA,NA,NA
4254,Eukaryota,Bryozoa,Gymnolaemata,Cheilostomatida,Membraniporidae,Membranipora,NA
4255,NA,NA,NA,NA,NA,NA,NA
4256,Eukaryota,Bryozoa,Gymnolaemata,Cheilostomatida,Membraniporidae,Membranipora,Membranipora villosa
4257,Eukaryota,Arthropoda,Copepoda,Poecilostomatoida,Oncaeidae,Oncaea,Oncaea sp.
4258,NA,NA,NA,NA,NA,NA,NA
4259,NA,NA,NA,NA,NA,NA,NA
4260,NA,NA,NA,NA,NA,NA,NA
4261,NA,NA,NA,NA,NA,NA,NA
4262,Eukaryota,Arthropoda,Copepoda,Calanoida,Eucalanidae,Eucalanus,Eucalanus californicus
4263,NA,NA,NA,NA,NA,NA,NA
4264,Eukaryota,Arthropoda,Malacostraca,Decapoda,Hippolytidae,Lysmata,Lysmata californica
4265,Eukaryota,Bryozoa,Gymnolaemata,Cheilostomatida,Membraniporidae,Membranipora,Membranipora villosa
4266,Eukaryota,Arthropoda,Copepoda,Calanoida,Eucalanidae,Eucalanus,Eucalanus californicus
4267,Eukaryota,Chordata,Actinopteri,Sciaenidae,Sciaenidae,Seriphus,Seriphus politus
4268,NA,NA,NA,NA,NA,NA,NA
4269,Eukaryota,Arthropoda,Copepoda,Calanoida,Eucalanidae,Eucalanus,Eucalanus californicus
4270,Eukaryota,Arthropoda,Malacostraca,Decapoda,Panopeidae,Lophopanopeus,Lophopanopeus bellus
4271,Eukaryota,Arthropoda,Copepoda,Calanoida,Calanidae,Calanus,Calanus pacificus
4272,Eukaryota,Arthropoda,Malacostraca,Decapoda,Portunidae,NA,NA
4273,Eukaryota,Arthropoda,Malacostraca,Decapoda,Munididae,Pleuroncodes,Pleuroncodes planipes
4274,Eukaryota,Arthropoda,Copepoda,Calanoida,Eucalanidae,Eucalanus,Eucalanus californicus
4275,NA,NA,NA,NA,NA,NA,NA
4276,NA,NA,NA,NA,NA,NA,NA
4277,NA,NA,NA,NA,NA,NA,NA
4278,NA,NA,NA,NA,NA,NA,NA
4279,NA,NA,NA,NA,NA,NA,NA
4280,NA,NA,NA,NA,NA,NA,NA
4281,NA,NA,NA,NA,NA,NA,NA
4282,NA,NA,NA,NA,NA,NA,NA
4283,Eukaryota,Cnidaria,Hydrozoa,Anthoathecata,Corymorphidae,Euphysa,NA
4284,NA,NA,NA,NA,NA,NA,NA
4285,NA,NA,NA,NA,NA,NA,NA
4286,Eukaryota,Arthropoda,Ostracoda,Halocyprida,Halocyprididae,Discoconchoecia,NA
4287,Eukaryota,Arthropoda,Copepoda,Calanoida,Euchaetidae,Paraeuchaeta,Paraeuchaeta media
4288,Eukaryota,Arthropoda,Ostracoda,Halocyprida,Halocyprididae,Discoconchoecia,NA
4289,Eukaryota,Mollusca,Gastropoda,Pteropoda,Limacinidae,NA,NA
4290,NA,NA,NA,NA,NA,NA,NA
4291,Eukaryota,Arthropoda,Copepoda,Calanoida,Metridinidae,NA,NA
4292,Eukaryota,Bryozoa,Gymnolaemata,Cheilostomatida,Membraniporidae,NA,NA
4293,Eukaryota,Arthropoda,Copepoda,Calanoida,Eucalanidae,Eucalanus,Eucalanus californicus
4294,NA,NA,NA,NA,NA,NA,NA
4295,Eukaryota,Arthropoda,Malacostraca,Isopoda,Hemioniscidae,Hemioniscus,Hemioniscus balani
4296,Eukaryota,Annelida,Polychaeta,Chaetopteridae,Chaetopteridae,Phyllochaetopterus,Phyllochaetopterus sp. 5 JM_2017
4297,Eukaryota,Arthropoda,Copepoda,Calanoida,Clausocalanidae,Clausocalanus,Clausocalanus jobei
4298,Eukaryota,Chordata,Actinopteri,Sciaenidae,Sciaenidae,Genyonemus,Genyonemus lineatus
4299,Eukaryota,Echinodermata,Ophiuroidea,Amphilepidida,Amphiuridae,Amphiodia,NA
4300,NA,NA,NA,NA,NA,NA,NA
4301,Eukaryota,Arthropoda,Copepoda,Calanoida,Eucalanidae,Eucalanus,Eucalanus californicus
4302,NA,NA,NA,NA,NA,NA,NA
4303,NA,NA,NA,NA,NA,NA,NA
4304,Eukaryota,Arthropoda,Copepoda,Calanoida,Eucalanidae,Eucalanus,Eucalanus californicus
4305,NA,NA,NA,NA,NA,NA,NA
4306,Eukaryota,Arthropoda,Malacostraca,Euphausiacea,Euphausiidae,Nyctiphanes,Nyctiphanes simplex
4307,Eukaryota,Bacillariophyta,Thalassiosirophyceae,Thalassiosirales,Thalassiosiraceae,NA,NA
4308,NA,NA,NA,NA,NA,NA,NA
4309,Eukaryota,Arthropoda,Ostracoda,Halocyprida,Halocyprididae,Proceroecia,Proceroecia procera
4310,Eukaryota,Arthropoda,Copepoda,Calanoida,Eucalanidae,Eucalanus,Eucalanus californicus
4311,Eukaryota,Arthropoda,Malacostraca,Decapoda,Hippolytidae,Lysmata,Lysmata californica
4312,NA,NA,NA,NA,NA,NA,NA
4313,NA,NA,NA,NA,NA,NA,NA
4314,NA,NA,NA,NA,NA,NA,NA
4315,Eukaryota,Arthropoda,Ostracoda,Halocyprida,Halocyprididae,Discoconchoecia,NA
4316,NA,NA,NA,NA,NA,NA,NA
4317,Eukaryota,Echinodermata,Echinoidea,Camarodonta,Strongylocentrotidae,Allocentrotus,Allocentrotus fragilis
4318,NA,NA,NA,NA,NA,NA,NA
4319,NA,NA,NA,NA,NA,NA,NA
4320,NA,NA,NA,NA,NA,NA,NA
4321,Eukaryota,Arthropoda,Copepoda,Calanoida,Calocalanidae,NA,NA
4322,Eukaryota,Arthropoda,Copepoda,Poecilostomatoida,Oncaeidae,Oncaea,Oncaea sp.
4323,NA,NA,NA,NA,NA,NA,NA
4324,Eukaryota,Arthropoda,Malacostraca,Decapoda,Callianassidae,NA,NA
4325,Eukaryota,Arthropoda,Ostracoda,Halocyprida,Halocyprididae,Mikroconchoecia,Mikroconchoecia sp. USNM IZ 1448470
4326,NA,NA,NA,NA,NA,NA,NA
4327,NA,NA,NA,NA,NA,NA,NA
4328,Eukaryota,Arthropoda,Copepoda,Calanoida,Eucalanidae,Eucalanus,Eucalanus californicus
4329,Eukaryota,Arthropoda,Copepoda,Calanoida,Eucalanidae,Eucalanus,Eucalanus californicus
4330,Eukaryota,Arthropoda,Copepoda,Calanoida,Eucalanidae,Eucalanus,Eucalanus californicus
4331,Eukaryota,Arthropoda,Copepoda,Calanoida,Eucalanidae,Eucalanus,Eucalanus californicus
4332,Eukaryota,Arthropoda,Copepoda,Poecilostomatoida,Oncaeidae,Oncaea,Oncaea sp.
4333,NA,NA,NA,NA,NA,NA,NA
4334,Eukaryota,Arthropoda,Copepoda,Poecilostomatoida,Oncaeidae,Oncaea,Oncaea sp.
4335,Eukaryota,Arthropoda,Copepoda,Poecilostomatoida,Oncaeidae,Oncaea,Oncaea sp.
4336,NA,NA,NA,NA,NA,NA,NA
4337,Eukaryota,Echinodermata,Ophiuroidea,Amphilepidida,Amphiuridae,Amphiodia,NA
4338,Eukaryota,Arthropoda,Malacostraca,Euphausiacea,Euphausiidae,Nyctiphanes,Nyctiphanes simplex
4339,Eukaryota,Bryozoa,Gymnolaemata,Cheilostomatida,Membraniporidae,Membranipora,Membranipora villosa
4340,Eukaryota,Arthropoda,Ostracoda,Halocyprida,Halocyprididae,Discoconchoecia,NA
4341,NA,NA,NA,NA,NA,NA,NA
4342,Eukaryota,Arthropoda,Malacostraca,Euphausiacea,Euphausiidae,Hansarsia,Hansarsia difficilis
4343,NA,NA,NA,NA,NA,NA,NA
4344,Eukaryota,Cnidaria,Hydrozoa,Siphonophorae,Physophoridae,Physophora,Physophora hydrostatica
4345,NA,NA,NA,NA,NA,NA,NA
4346,NA,NA,NA,NA,NA,NA,NA
4347,Eukaryota,Arthropoda,Copepoda,Calanoida,Eucalanidae,Eucalanus,Eucalanus californicus
4348,Eukaryota,Chordata,Actinopteri,Myctophiformes,Myctophidae,Nannobrachium,Nannobrachium ritteri
4349,NA,NA,NA,NA,NA,NA,NA
4350,Eukaryota,Arthropoda,Copepoda,Calanoida,Calanidae,Calanus,Calanus pacificus
4351,Eukaryota,Arthropoda,Copepoda,Calanoida,Scolecitrichidae,Scolecithrix,Scolecithrix danae
4352,Eukaryota,Bryozoa,Gymnolaemata,Cheilostomatida,Membraniporidae,NA,NA
4353,NA,NA,NA,NA,NA,NA,NA
4354,Eukaryota,Arthropoda,Copepoda,Calanoida,Eucalanidae,Eucalanus,Eucalanus californicus
4355,Eukaryota,Bryozoa,Gymnolaemata,Cheilostomatida,Membraniporidae,Membranipora,Membranipora villosa
4356,Eukaryota,Arthropoda,Copepoda,Calanoida,Acartiidae,Acartia,Acartia californiensis
4357,Eukaryota,Arthropoda,Ostracoda,Halocyprida,Halocyprididae,Proceroecia,Proceroecia procera
4358,Eukaryota,Arthropoda,Copepoda,Calanoida,Mecynoceridae,Mecynocera,Mecynocera clausi
4359,Eukaryota,Arthropoda,Copepoda,Calanoida,Eucalanidae,Eucalanus,Eucalanus californicus
4360,Eukaryota,Bacillariophyta,Thalassiosirophyceae,Cymatosirales,Cymatosiraceae,NA,NA
4361,NA,NA,NA,NA,NA,NA,NA
4362,NA,NA,NA,NA,NA,NA,NA
4363,Eukaryota,Bryozoa,Gymnolaemata,Cheilostomatida,Membraniporidae,Membranipora,Membranipora villosa
4364,NA,NA,NA,NA,NA,NA,NA
4365,Eukaryota,Cnidaria,Hydrozoa,Siphonophorae,Diphyidae,Chelophyes,Chelophyes appendiculata
4366,NA,NA,NA,NA,NA,NA,NA
4367,Eukaryota,Bacillariophyta,Thalassiosirophyceae,Cymatosirales,Cymatosiraceae,NA,NA
4368,NA,NA,NA,NA,NA,NA,NA
4369,Eukaryota,Arthropoda,Ostracoda,Halocyprida,Halocyprididae,Metaconchoecia,NA
4370,NA,NA,NA,NA,NA,NA,NA
4371,NA,NA,NA,NA,NA,NA,NA
4372,NA,NA,NA,NA,NA,NA,NA
4373,NA,NA,NA,NA,NA,NA,NA
4374,Eukaryota,Echinodermata,Ophiuroidea,Amphilepidida,Amphiuridae,Amphiodia,NA
4375,Eukaryota,Arthropoda,Ostracoda,Halocyprida,Halocyprididae,Porroecia,Porroecia spinirostris
4376,Eukaryota,Arthropoda,Thecostraca,Lepadidae,Lepadidae,Dosima,Dosima fascicularis
4377,Eukaryota,Echinodermata,Ophiuroidea,Amphilepidida,Amphiuridae,Amphiodia,Amphiodia cf_ urtica EAC_2010
4378,NA,NA,NA,NA,NA,NA,NA
4379,NA,NA,NA,NA,NA,NA,NA
4380,Eukaryota,Arthropoda,Copepoda,Poecilostomatoida,Oncaeidae,Oncaea,Oncaea sp.
4381,NA,NA,NA,NA,NA,NA,NA
4382,Eukaryota,Bryozoa,Gymnolaemata,Cheilostomatida,Membraniporidae,Membranipora,NA
4383,NA,NA,NA,NA,NA,NA,NA
4384,Eukaryota,Bryozoa,Gymnolaemata,Cheilostomatida,Membraniporidae,Membranipora,Membranipora villosa
4385,NA,NA,NA,NA,NA,NA,NA
4386,NA,NA,NA,NA,NA,NA,NA
4387,NA,NA,NA,NA,NA,NA,NA
4388,NA,NA,NA,NA,NA,NA,NA
4389,NA,NA,NA,NA,NA,NA,NA
4390,NA,NA,NA,NA,NA,NA,NA
4391,NA,NA,NA,NA,NA,NA,NA
4392,Eukaryota,Arthropoda,Copepoda,Calanoida,Pontellidae,Labidocera,Labidocera trispinosa
4393,Eukaryota,Mollusca,Gastropoda,Pteropoda,Cliidae,Clio,Clio pyramidata
4394,NA,NA,NA,NA,NA,NA,NA
4395,NA,NA,NA,NA,NA,NA,NA
4396,Eukaryota,Arthropoda,Copepoda,Calanoida,Eucalanidae,Eucalanus,Eucalanus californicus
4397,Eukaryota,Arthropoda,Malacostraca,Decapoda,Hippolytidae,Eualus,Eualus subtilis
4398,Eukaryota,Arthropoda,Copepoda,Calanoida,Eucalanidae,Eucalanus,NA
4399,NA,NA,NA,NA,NA,NA,NA
4400,NA,NA,NA,NA,NA,NA,NA
4401,Eukaryota,Arthropoda,Malacostraca,Euphausiacea,Euphausiidae,Stylocheiron,NA
4402,NA,NA,NA,NA,NA,NA,NA
4403,Eukaryota,Arthropoda,Copepoda,Calanoida,Eucalanidae,Eucalanus,Eucalanus californicus
4404,Eukaryota,Arthropoda,Malacostraca,Decapoda,Hippolytidae,Lysmata,Lysmata californica
4405,NA,NA,NA,NA,NA,NA,NA
4406,Eukaryota,Arthropoda,Copepoda,Calanoida,Eucalanidae,Rhincalanus,Rhincalanus nasutus
4407,Eukaryota,Arthropoda,Copepoda,Calanoida,Scolecitrichidae,Scolecithricella,Scolecithricella dentata
4408,Eukaryota,Chordata,Actinopteri,Aulopiformes,Scopelarchidae,Benthalbella,Benthalbella dentata
4409,Eukaryota,Arthropoda,Malacostraca,Decapoda,Cancridae,NA,NA
4410,NA,NA,NA,NA,NA,NA,NA
4411,Eukaryota,Arthropoda,Malacostraca,Euphausiacea,Euphausiidae,Euphausia,Euphausia pacifica
4412,Eukaryota,Arthropoda,Copepoda,Calanoida,Calanidae,Calanus,Calanus pacificus
4413,Eukaryota,Arthropoda,Copepoda,Calanoida,Eucalanidae,Eucalanus,Eucalanus californicus
4414,NA,NA,NA,NA,NA,NA,NA
4415,NA,NA,NA,NA,NA,NA,NA
4416,Eukaryota,Arthropoda,Copepoda,Calanoida,Eucalanidae,Eucalanus,Eucalanus californicus
4417,NA,NA,NA,NA,NA,NA,NA
4418,Eukaryota,Bacillariophyta,Bacillariophyceae,Bacillariales,Bacillariaceae,NA,NA
4419,NA,NA,NA,NA,NA,NA,NA
4420,NA,NA,NA,NA,NA,NA,NA
4421,Eukaryota,Arthropoda,Copepoda,Calanoida,Eucalanidae,Eucalanus,Eucalanus californicus
4422,Eukaryota,Arthropoda,Copepoda,Calanoida,Eucalanidae,Eucalanus,Eucalanus californicus
4423,NA,NA,NA,NA,NA,NA,NA
4424,Eukaryota,Arthropoda,Copepoda,Calanoida,Calanidae,Calanus,Calanus pacificus
4425,NA,NA,NA,NA,NA,NA,NA
4426,NA,NA,NA,NA,NA,NA,NA
4427,Eukaryota,Basidiomycota,Agaricostilbomycetes,Agaricostilbales,Agaricostilbaceae,Sterigmatomyces,Sterigmatomyces sp.
4428,NA,NA,NA,NA,NA,NA,NA
4429,Eukaryota,Arthropoda,Copepoda,Calanoida,Euchaetidae,Euchaeta,Euchaeta marina
4430,Eukaryota,Arthropoda,Copepoda,Calanoida,Pontellidae,Labidocera,Labidocera trispinosa
4431,Eukaryota,Arthropoda,Copepoda,Calanoida,Pontellidae,Labidocera,Labidocera trispinosa
4432,Eukaryota,Arthropoda,Copepoda,Poecilostomatoida,Oncaeidae,Oncaea,Oncaea sp.
4433,Eukaryota,Arthropoda,Copepoda,Calanoida,Pontellidae,Labidocera,Labidocera trispinosa
4434,Eukaryota,Arthropoda,Copepoda,Calanoida,Eucalanidae,Eucalanus,Eucalanus californicus
4435,Eukaryota,Arthropoda,Copepoda,Calanoida,Lucicutiidae,Lucicutia,Lucicutia flavicornis
4436,Eukaryota,Chordata,Actinopteri,Pomacentridae,Pomacentridae,Hypsypops,Hypsypops rubicundus
4437,Eukaryota,Arthropoda,Copepoda,Calanoida,Eucalanidae,Eucalanus,Eucalanus californicus
4438,Eukaryota,Arthropoda,Copepoda,Calanoida,Eucalanidae,Eucalanus,Eucalanus californicus
4439,NA,NA,NA,NA,NA,NA,NA
4440,NA,NA,NA,NA,NA,NA,NA
4441,Eukaryota,Echinodermata,Ophiuroidea,Amphilepidida,Ophiotrichidae,Ophiothrix,Ophiothrix spiculata
4442,Eukaryota,Cnidaria,Hydrozoa,Siphonophorae,Diphyidae,Lensia,Lensia campanella
4443,NA,NA,NA,NA,NA,NA,NA
4444,NA,NA,NA,NA,NA,NA,NA
4445,NA,NA,NA,NA,NA,NA,NA
4446,Eukaryota,Arthropoda,Copepoda,Calanoida,Pontellidae,Labidocera,Labidocera trispinosa
4447,Eukaryota,Annelida,Polychaeta,Phyllodocida,Phyllodocidae,Phyllodoce,Phyllodoce medipapillata
4448,Eukaryota,Bryozoa,Gymnolaemata,Cheilostomatida,Membraniporidae,NA,NA
4449,Eukaryota,Arthropoda,Copepoda,Poecilostomatoida,Oncaeidae,Oncaea,Oncaea sp.
4450,Eukaryota,Arthropoda,Copepoda,Calanoida,Eucalanidae,Eucalanus,Eucalanus californicus
4451,Eukaryota,Echinodermata,Echinoidea,Temnopleuroida,Toxopneustidae,Lytechinus,Lytechinus pictus
4452,NA,NA,NA,NA,NA,NA,NA
4453,Eukaryota,Arthropoda,Copepoda,Calanoida,Eucalanidae,Eucalanus,Eucalanus californicus
4454,NA,NA,NA,NA,NA,NA,NA
4455,Eukaryota,Arthropoda,Copepoda,Calanoida,Eucalanidae,Eucalanus,Eucalanus californicus
4456,NA,NA,NA,NA,NA,NA,NA
4457,NA,NA,NA,NA,NA,NA,NA
4458,NA,NA,NA,NA,NA,NA,NA
4459,Eukaryota,Arthropoda,Malacostraca,Euphausiacea,Euphausiidae,Hansarsia,Hansarsia difficilis
4460,NA,NA,NA,NA,NA,NA,NA
4461,NA,NA,NA,NA,NA,NA,NA
4462,Eukaryota,Arthropoda,Copepoda,Calanoida,Candaciidae,Candacia,Candacia curta
4463,Eukaryota,Arthropoda,Malacostraca,Decapoda,Hippolytidae,Lysmata,Lysmata californica
4464,NA,NA,NA,NA,NA,NA,NA
4465,NA,NA,NA,NA,NA,NA,NA
4466,Eukaryota,Arthropoda,Copepoda,Calanoida,Calanidae,Calanus,Calanus pacificus
4467,Eukaryota,Echinodermata,Ophiuroidea,Amphilepidida,Ophiocomidae,Ophiopteris,Ophiopteris papillosa
4468,Eukaryota,Bacillariophyta,Thalassiosirophyceae,Thalassiosirales,Thalassiosiraceae,Thalassiosira,NA
4469,NA,NA,NA,NA,NA,NA,NA
4470,NA,NA,NA,NA,NA,NA,NA
4471,Eukaryota,Bacillariophyta,Coscinodiscophyceae,Coscinodiscales,Coscinodiscaceae,Coscinodiscus,Coscinodiscus granii
4472,Eukaryota,Arthropoda,Copepoda,Calanoida,Eucalanidae,Eucalanus,Eucalanus californicus
4473,Eukaryota,Arthropoda,Copepoda,Calanoida,Clausocalanidae,Clausocalanus,Clausocalanus parapergens
4474,Eukaryota,Chaetognatha,Sagittoidea,Aphragmophora,Sagittidae,Flaccisagitta,NA
4475,Eukaryota,Arthropoda,Copepoda,Calanoida,Eucalanidae,Eucalanus,Eucalanus californicus
4476,NA,NA,NA,NA,NA,NA,NA
4477,NA,NA,NA,NA,NA,NA,NA
4478,NA,NA,NA,NA,NA,NA,NA
4479,NA,NA,NA,NA,NA,NA,NA
4480,NA,NA,NA,NA,NA,NA,NA
4481,Eukaryota,Arthropoda,Copepoda,Calanoida,Eucalanidae,Eucalanus,Eucalanus californicus
4482,NA,NA,NA,NA,NA,NA,NA
4483,NA,NA,NA,NA,NA,NA,NA
4484,Eukaryota,Arthropoda,Copepoda,Calanoida,Calanidae,Calanus,Calanus pacificus
4485,Eukaryota,Annelida,Polychaeta,Phyllodocida,Alciopidae,NA,NA
4486,Eukaryota,Arthropoda,Copepoda,Poecilostomatoida,Oncaeidae,Oncaea,Oncaea sp.
4487,Eukaryota,Arthropoda,Ostracoda,Halocyprida,Halocyprididae,Paraconchoecia,Paraconchoecia oblonga
4488,Eukaryota,Arthropoda,Copepoda,Calanoida,Eucalanidae,Eucalanus,Eucalanus californicus
4489,Eukaryota,Echinodermata,Echinoidea,Temnopleuroida,Toxopneustidae,Lytechinus,Lytechinus pictus
4490,NA,NA,NA,NA,NA,NA,NA
4491,NA,NA,NA,NA,NA,NA,NA
4492,Eukaryota,Arthropoda,Copepoda,Calanoida,Eucalanidae,Eucalanus,Eucalanus californicus
4493,Eukaryota,Annelida,Polychaeta,Eunicida,Amphinomidae,NA,NA
4494,Eukaryota,Arthropoda,Malacostraca,Decapoda,Cancridae,Romaleon,NA
4495,Eukaryota,Bryozoa,Gymnolaemata,Cheilostomatida,Membraniporidae,NA,NA
4496,NA,NA,NA,NA,NA,NA,NA
4497,NA,NA,NA,NA,NA,NA,NA
4498,NA,NA,NA,NA,NA,NA,NA
4499,NA,NA,NA,NA,NA,NA,NA
4500,Eukaryota,Arthropoda,Copepoda,Calanoida,Eucalanidae,Eucalanus,Eucalanus californicus
4501,Eukaryota,Arthropoda,Copepoda,Calanoida,Eucalanidae,Eucalanus,Eucalanus californicus
4502,Eukaryota,Chlorophyta,Chloropicophyceae,Chloropicales,Chloropicaceae,Chloropicon,Chloropicon sieburthii
4503,Eukaryota,Arthropoda,Copepoda,Calanoida,Eucalanidae,Eucalanus,Eucalanus californicus
4504,Eukaryota,Arthropoda,Copepoda,Calanoida,Aetideidae,NA,NA
4505,Eukaryota,Dictyochophyceae,Dictyochophyceae,Dictyochales,Dictyochaceae,Octactis,Octactis speculum
4506,Eukaryota,Mollusca,Gastropoda,Littorinimorpha,Vermetidae,Thylacodes,Thylacodes squamigerus
4507,Eukaryota,Arthropoda,Malacostraca,Decapoda,Paguridae,Pagurus,Pagurus redondoensis
4508,Eukaryota,Arthropoda,Malacostraca,Euphausiacea,Euphausiidae,NA,NA
4509,Eukaryota,Arthropoda,Copepoda,Calanoida,Eucalanidae,Eucalanus,Eucalanus californicus
4510,Eukaryota,Arthropoda,Malacostraca,Euphausiacea,Euphausiidae,Hansarsia,Hansarsia difficilis
4511,NA,NA,NA,NA,NA,NA,NA
4512,NA,NA,NA,NA,NA,NA,NA
4513,Eukaryota,Arthropoda,Malacostraca,Euphausiacea,Euphausiidae,Hansarsia,NA
4514,Eukaryota,Arthropoda,Copepoda,Calanoida,Eucalanidae,Eucalanus,Eucalanus californicus
4515,NA,NA,NA,NA,NA,NA,NA
4516,NA,NA,NA,NA,NA,NA,NA
4517,Eukaryota,Arthropoda,Copepoda,Calanoida,Eucalanidae,Eucalanus,Eucalanus californicus
4518,Eukaryota,Arthropoda,Copepoda,Calanoida,Eucalanidae,Eucalanus,Eucalanus californicus
4519,Eukaryota,Mollusca,Gastropoda,Nudibranchia,Glaucidae,Hermissenda,Hermissenda opalescens
4520,Eukaryota,Arthropoda,Copepoda,Calanoida,Eucalanidae,Eucalanus,Eucalanus californicus
4521,Eukaryota,Arthropoda,Ostracoda,Halocyprida,Halocyprididae,Halocypris,Halocypris inflata
4522,NA,NA,NA,NA,NA,NA,NA
4523,NA,NA,NA,NA,NA,NA,NA
4524,Eukaryota,Mollusca,Gastropoda,Cephalaspidea,Philinidae,Philine,NA
4525,Eukaryota,Arthropoda,Copepoda,Calanoida,Eucalanidae,Eucalanus,Eucalanus californicus
4526,Eukaryota,Arthropoda,Ostracoda,Halocyprida,Halocyprididae,NA,NA
4527,Eukaryota,Arthropoda,Copepoda,Calanoida,Pontellidae,Labidocera,Labidocera trispinosa
4528,NA,NA,NA,NA,NA,NA,NA
4529,Eukaryota,Arthropoda,Copepoda,Poecilostomatoida,Oncaeidae,Oncaea,Oncaea sp.
4530,NA,NA,NA,NA,NA,NA,NA
4531,Eukaryota,Arthropoda,Copepoda,Poecilostomatoida,Oncaeidae,Oncaea,Oncaea sp.
4532,Eukaryota,Mollusca,Gastropoda,Pteropoda,Cuvierinidae,Cuvierina,Cuvierina pacifica
4533,NA,NA,NA,NA,NA,NA,NA
4534,NA,NA,NA,NA,NA,NA,NA
4535,NA,NA,NA,NA,NA,NA,NA
4536,Eukaryota,Arthropoda,Copepoda,Calanoida,Heterorhabdidae,NA,NA
4537,Eukaryota,Arthropoda,Copepoda,Poecilostomatoida,Corycaeidae,Farranula,NA
4538,NA,NA,NA,NA,NA,NA,NA
4539,NA,NA,NA,NA,NA,NA,NA
4540,Eukaryota,Arthropoda,Copepoda,Calanoida,Candaciidae,Candacia,Candacia bipinnata
4541,Eukaryota,Arthropoda,Malacostraca,Euphausiacea,Euphausiidae,Euphausia,Euphausia pacifica
4542,Eukaryota,Arthropoda,Thecostraca,Balanomorpha,Balanidae,Balanus,Balanus trigonus
4543,Eukaryota,Arthropoda,Copepoda,Calanoida,Eucalanidae,Eucalanus,Eucalanus californicus
4544,Eukaryota,Mollusca,Gastropoda,Littorinimorpha,Atlantidae,Atlanta,Atlanta sp. USNM IZ 1230636
4545,Eukaryota,Arthropoda,Copepoda,Calanoida,Eucalanidae,Eucalanus,Eucalanus californicus
4546,NA,NA,NA,NA,NA,NA,NA
4547,Eukaryota,Arthropoda,Copepoda,Calanoida,Eucalanidae,Eucalanus,Eucalanus californicus
4548,Eukaryota,Arthropoda,Copepoda,Poecilostomatoida,Oncaeidae,Oncaea,Oncaea sp.
4549,Eukaryota,Mollusca,Gastropoda,Nudibranchia,Glaucidae,Hermissenda,NA
4550,Eukaryota,Arthropoda,Malacostraca,Amphipoda,Paraphronimidae,Paraphronima,Paraphronima robisoni
4551,Eukaryota,Mollusca,Gastropoda,Nudibranchia,Dironidae,Dirona,Dirona picta
4552,Eukaryota,Arthropoda,Malacostraca,Euphausiacea,Euphausiidae,Thysanoessa,Thysanoessa gregaria
4553,Eukaryota,Arthropoda,Copepoda,Calanoida,Calanidae,Neocalanus,NA
4554,Eukaryota,Arthropoda,Copepoda,Poecilostomatoida,Oncaeidae,Oncaea,Oncaea sp.
4555,NA,NA,NA,NA,NA,NA,NA
4556,Eukaryota,Bryozoa,Gymnolaemata,Cheilostomatida,Membraniporidae,Membranipora,NA
4557,Eukaryota,Arthropoda,Copepoda,Calanoida,Eucalanidae,Eucalanus,Eucalanus californicus
4558,NA,NA,NA,NA,NA,NA,NA
4559,NA,NA,NA,NA,NA,NA,NA
4560,NA,NA,NA,NA,NA,NA,NA
4561,NA,NA,NA,NA,NA,NA,NA
4562,NA,NA,NA,NA,NA,NA,NA
4563,Eukaryota,Haptophyta,Phaeocystales,Phaeocystales,Phaeocystaceae,Phaeocystis,Phaeocystis globosa
4564,NA,NA,NA,NA,NA,NA,NA
4565,NA,NA,NA,NA,NA,NA,NA
4566,Eukaryota,Arthropoda,Copepoda,Calanoida,Pontellidae,Labidocera,Labidocera trispinosa
4567,NA,NA,NA,NA,NA,NA,NA
4568,Eukaryota,Haptophyta,Phaeocystales,Phaeocystales,Phaeocystaceae,Phaeocystis,Phaeocystis globosa
4569,NA,NA,NA,NA,NA,NA,NA
4570,Eukaryota,Annelida,Polychaeta,Chaetopteridae,Chaetopteridae,Phyllochaetopterus,Phyllochaetopterus sp. 5 JM_2017
4571,Eukaryota,Arthropoda,Copepoda,Calanoida,Eucalanidae,Eucalanus,Eucalanus californicus
4572,NA,NA,NA,NA,NA,NA,NA
4573,Eukaryota,Chordata,Actinopteri,Gadiformes,Merlucciidae,Merluccius,Merluccius productus
4574,NA,NA,NA,NA,NA,NA,NA
4575,NA,NA,NA,NA,NA,NA,NA
4576,NA,NA,NA,NA,NA,NA,NA
4577,NA,NA,NA,NA,NA,NA,NA
4578,NA,NA,NA,NA,NA,NA,NA
4579,NA,NA,NA,NA,NA,NA,NA
4580,Eukaryota,Arthropoda,Copepoda,Calanoida,Eucalanidae,Rhincalanus,NA
4581,NA,NA,NA,NA,NA,NA,NA
4582,NA,NA,NA,NA,NA,NA,NA
4583,Eukaryota,Annelida,Polychaeta,Sabellida,Sabellariidae,NA,NA
4584,Eukaryota,Mollusca,Bivalvia,Mytilida,Modiolidae,NA,NA
4585,Eukaryota,Arthropoda,Copepoda,Calanoida,Calanidae,NA,NA
4586,Eukaryota,Arthropoda,Copepoda,Calanoida,Scolecitrichidae,Scolecithricella,Scolecithricella dentata
4587,NA,NA,NA,NA,NA,NA,NA
4588,NA,NA,NA,NA,NA,NA,NA
4589,NA,NA,NA,NA,NA,NA,NA
4590,Eukaryota,Arthropoda,Malacostraca,Euphausiacea,Euphausiidae,Nyctiphanes,Nyctiphanes simplex
4591,Eukaryota,Arthropoda,Copepoda,Calanoida,Eucalanidae,Eucalanus,Eucalanus californicus
4592,Eukaryota,Chordata,Actinopteri,Stomiiformes,Sternoptychidae,Sternoptyx,NA
4593,Eukaryota,Nemertea,Palaeonemertea,Archinemertea,Cephalotrichidae,NA,NA
4594,Eukaryota,Arthropoda,Copepoda,Calanoida,Eucalanidae,Eucalanus,Eucalanus californicus
4595,Eukaryota,Arthropoda,Malacostraca,Decapoda,Hippolytidae,Lysmata,Lysmata californica
4596,Eukaryota,Arthropoda,Copepoda,Calanoida,Eucalanidae,Eucalanus,Eucalanus californicus
4597,Eukaryota,Bryozoa,Gymnolaemata,Cheilostomatida,Membraniporidae,Membranipora,NA
4598,NA,NA,NA,NA,NA,NA,NA
4599,Eukaryota,Arthropoda,Ostracoda,Halocyprida,Halocyprididae,Proceroecia,Proceroecia procera
4600,Eukaryota,Mollusca,Gastropoda,Nudibranchia,Glaucidae,Hermissenda,Hermissenda opalescens
4601,Eukaryota,Arthropoda,Malacostraca,Decapoda,Cancridae,Metacarcinus,Metacarcinus gracilis
4602,NA,NA,NA,NA,NA,NA,NA
4603,NA,NA,NA,NA,NA,NA,NA
4604,Eukaryota,Arthropoda,Copepoda,Poecilostomatoida,Oncaeidae,Oncaea,Oncaea sp.
4605,Eukaryota,Arthropoda,Malacostraca,Decapoda,Grapsidae,Pachygrapsus,Pachygrapsus crassipes
4606,NA,NA,NA,NA,NA,NA,NA
4607,NA,NA,NA,NA,NA,NA,NA
4608,Eukaryota,Arthropoda,Copepoda,Calanoida,Eucalanidae,Eucalanus,Eucalanus californicus
4609,Eukaryota,Arthropoda,Copepoda,Calanoida,Pontellidae,Labidocera,NA
4610,NA,NA,NA,NA,NA,NA,NA
4611,Eukaryota,Arthropoda,Copepoda,Calanoida,Eucalanidae,Eucalanus,Eucalanus californicus
4612,NA,NA,NA,NA,NA,NA,NA
4613,NA,NA,NA,NA,NA,NA,NA
4614,NA,NA,NA,NA,NA,NA,NA
4615,Eukaryota,Arthropoda,Copepoda,Calanoida,Eucalanidae,Eucalanus,Eucalanus californicus
4616,Eukaryota,Arthropoda,Copepoda,Calanoida,Eucalanidae,Eucalanus,Eucalanus californicus
4617,NA,NA,NA,NA,NA,NA,NA
4618,Eukaryota,Arthropoda,Copepoda,Calanoida,Eucalanidae,Eucalanus,Eucalanus californicus
4619,Eukaryota,Bryozoa,Gymnolaemata,Cheilostomatida,Membraniporidae,Membranipora,NA
4620,Eukaryota,Arthropoda,Malacostraca,Euphausiacea,Euphausiidae,Nyctiphanes,Nyctiphanes simplex
4621,Eukaryota,Arthropoda,Copepoda,Calanoida,Calanidae,Calanus,Calanus pacificus
4622,NA,NA,NA,NA,NA,NA,NA
4623,NA,NA,NA,NA,NA,NA,NA
4624,NA,NA,NA,NA,NA,NA,NA
4625,Eukaryota,Arthropoda,Copepoda,Calanoida,Eucalanidae,Eucalanus,Eucalanus californicus
4626,Eukaryota,Arthropoda,Copepoda,Calanoida,Eucalanidae,Eucalanus,Eucalanus californicus
4627,Eukaryota,Bryozoa,Gymnolaemata,Cheilostomatida,Membraniporidae,Membranipora,Membranipora villosa
4628,NA,NA,NA,NA,NA,NA,NA
4629,Eukaryota,Arthropoda,Thecostraca,Balanomorpha,Chthamalidae,Chthamalus,Chthamalus fissus
4630,Eukaryota,Arthropoda,Copepoda,Calanoida,Pontellidae,Labidocera,Labidocera trispinosa
4631,Eukaryota,Arthropoda,Malacostraca,Euphausiacea,Euphausiidae,Nyctiphanes,Nyctiphanes simplex
4632,NA,NA,NA,NA,NA,NA,NA
4633,Eukaryota,Arthropoda,Copepoda,Calanoida,Lucicutiidae,Lucicutia,Lucicutia flavicornis
4634,NA,NA,NA,NA,NA,NA,NA
4635,NA,NA,NA,NA,NA,NA,NA
4636,Eukaryota,Cnidaria,Hydrozoa,Siphonophorae,Athorybiidae,NA,NA
4637,Eukaryota,Arthropoda,Copepoda,Poecilostomatoida,Oncaeidae,Oncaea,Oncaea sp.
4638,NA,NA,NA,NA,NA,NA,NA
4639,Eukaryota,Arthropoda,Copepoda,Poecilostomatoida,Oncaeidae,Oncaea,Oncaea sp.
4640,NA,NA,NA,NA,NA,NA,NA
4641,Eukaryota,Arthropoda,Ostracoda,Halocyprida,Halocyprididae,NA,NA
4642,Eukaryota,Chordata,Actinopteri,Blenniiformes,Labrisomidae,Alloclinus,Alloclinus holderi
4643,Eukaryota,Arthropoda,Copepoda,Calanoida,Eucalanidae,Eucalanus,Eucalanus californicus
4644,Eukaryota,Arthropoda,Copepoda,Calanoida,Eucalanidae,Eucalanus,NA
4645,NA,NA,NA,NA,NA,NA,NA
4646,NA,NA,NA,NA,NA,NA,NA
4647,Eukaryota,Arthropoda,Copepoda,Calanoida,Scolecitrichidae,Scolecithricella,Scolecithricella dentata
4648,Eukaryota,Arthropoda,Copepoda,Calanoida,Eucalanidae,Eucalanus,Eucalanus californicus
4649,NA,NA,NA,NA,NA,NA,NA
4650,Eukaryota,Arthropoda,Malacostraca,Euphausiacea,Euphausiidae,Nyctiphanes,Nyctiphanes simplex
4651,NA,NA,NA,NA,NA,NA,NA
4652,NA,NA,NA,NA,NA,NA,NA
4653,Eukaryota,Bryozoa,Gymnolaemata,Cheilostomatida,Membraniporidae,Membranipora,Membranipora villosa
4654,Eukaryota,Arthropoda,Copepoda,Calanoida,Eucalanidae,Eucalanus,Eucalanus californicus
4655,Eukaryota,Arthropoda,Copepoda,Calanoida,Eucalanidae,Eucalanus,Eucalanus californicus
4656,Eukaryota,Arthropoda,Copepoda,Calanoida,Eucalanidae,Eucalanus,Eucalanus californicus
4657,Eukaryota,Arthropoda,Copepoda,Calanoida,Eucalanidae,Eucalanus,Eucalanus californicus
4658,Eukaryota,Echinodermata,Echinoidea,Clypeasteroida,Dendrasteridae,Dendraster,Dendraster excentricus
4659,Eukaryota,Arthropoda,Copepoda,Calanoida,Eucalanidae,Eucalanus,Eucalanus californicus
4660,Eukaryota,Arthropoda,Copepoda,Calanoida,Eucalanidae,Eucalanus,Eucalanus californicus
4661,Eukaryota,Echinodermata,Ophiuroidea,Amphilepidida,Ophiocomidae,NA,NA
4662,NA,NA,NA,NA,NA,NA,NA
4663,NA,NA,NA,NA,NA,NA,NA
4664,Eukaryota,Arthropoda,Copepoda,Calanoida,Clausocalanidae,Clausocalanus,Clausocalanus parapergens
4665,NA,NA,NA,NA,NA,NA,NA
4666,Eukaryota,Arthropoda,Malacostraca,Decapoda,Hippolytidae,NA,NA
4667,NA,NA,NA,NA,NA,NA,NA
4668,Eukaryota,Cnidaria,Hydrozoa,Siphonophorae,Diphyidae,Diphyes,Diphyes sp. HAW01
4669,Eukaryota,Echinodermata,Asteroidea,Paxillosida,Luidiidae,Luidia,Luidia foliolata
4670,Eukaryota,Mollusca,Gastropoda,Pteropoda,Creseidae,Styliola,Styliola sp.
4671,Eukaryota,Annelida,Polychaeta,Terebellida,Flabelligeridae,Poeobius,Poeobius meseres
4672,Eukaryota,Ctenophora,Tentaculata,Cydippida,Pleurobrachiidae,Pleurobrachia,Pleurobrachia bachei
4673,NA,NA,NA,NA,NA,NA,NA
4674,NA,NA,NA,NA,NA,NA,NA
4675,Eukaryota,Arthropoda,Malacostraca,Euphausiacea,Euphausiidae,Hansarsia,Hansarsia difficilis
4676,Eukaryota,Echinodermata,Ophiuroidea,Amphilepidida,Amphiuridae,Amphiodia,NA
4677,Eukaryota,Bacillariophyta,Coscinodiscophyceae,Rhizosoleniales,Rhizosoleniaceae,NA,NA
4678,NA,NA,NA,NA,NA,NA,NA
4679,NA,NA,NA,NA,NA,NA,NA
4680,Eukaryota,Echinodermata,Ophiuroidea,Amphilepidida,Amphiuridae,Amphiodia,Amphiodia cf_ urtica KSL_2016
4681,NA,NA,NA,NA,NA,NA,NA
4682,Eukaryota,Echinodermata,Asteroidea,Forcipulatida,Asteriidae,NA,NA
4683,Eukaryota,Mollusca,Gastropoda,Pteropoda,Creseidae,Styliola,Styliola sp.
4684,NA,NA,NA,NA,NA,NA,NA
4685,Eukaryota,Chlorophyta,Chloropicophyceae,Chloropicales,Chloropicaceae,Chloropicon,Chloropicon sieburthii
4686,Eukaryota,Arthropoda,Copepoda,Poecilostomatoida,Oncaeidae,Oncaea,Oncaea sp.
4687,Eukaryota,Arthropoda,Copepoda,Calanoida,Eucalanidae,Eucalanus,Eucalanus californicus
4688,NA,NA,NA,NA,NA,NA,NA
4689,NA,NA,NA,NA,NA,NA,NA
4690,NA,NA,NA,NA,NA,NA,NA
4691,Eukaryota,Mollusca,Bivalvia,Mytilida,Modiolidae,NA,NA
4692,Eukaryota,Arthropoda,Malacostraca,Euphausiacea,Euphausiidae,Euphausia,NA
4693,NA,NA,NA,NA,NA,NA,NA
4694,Eukaryota,Arthropoda,Ostracoda,Halocyprida,Halocyprididae,Porroecia,Porroecia spinirostris
4695,Eukaryota,Arthropoda,Copepoda,Calanoida,Calanidae,Calanus,Calanus pacificus
4696,NA,NA,NA,NA,NA,NA,NA
4697,NA,NA,NA,NA,NA,NA,NA
4698,Eukaryota,Mollusca,Gastropoda,Pteropoda,Cliidae,Clio,Clio pyramidata
4699,Eukaryota,Arthropoda,Malacostraca,Euphausiacea,Euphausiidae,Nyctiphanes,Nyctiphanes simplex
4700,Eukaryota,Arthropoda,Copepoda,Calanoida,Metridinidae,Pleuromamma,Pleuromamma borealis
4701,Eukaryota,Arthropoda,Copepoda,Calanoida,Clausocalanidae,Clausocalanus,Clausocalanus arcuicornis
4702,NA,NA,NA,NA,NA,NA,NA
4703,Eukaryota,Mollusca,Gastropoda,Pteropoda,Creseidae,Styliola,Styliola sp.
4704,NA,NA,NA,NA,NA,NA,NA
4705,Eukaryota,Mollusca,Gastropoda,Pteropoda,Creseidae,NA,NA
4706,NA,NA,NA,NA,NA,NA,NA
4707,NA,NA,NA,NA,NA,NA,NA
4708,Eukaryota,Arthropoda,Copepoda,Calanoida,Eucalanidae,Eucalanus,Eucalanus californicus
4709,Eukaryota,Arthropoda,Copepoda,Calanoida,Eucalanidae,Eucalanus,Eucalanus californicus
4710,NA,NA,NA,NA,NA,NA,NA
4711,Eukaryota,Arthropoda,Copepoda,Calanoida,Eucalanidae,Eucalanus,Eucalanus californicus
4712,NA,NA,NA,NA,NA,NA,NA
4713,Eukaryota,Chaetognatha,Sagittoidea,Aphragmophora,Sagittidae,Pseudosagitta,Pseudosagitta maxima
4714,Eukaryota,Bacillariophyta,Bacillariophyceae,Bacillariales,Bacillariaceae,Pseudo_nitzschia,NA
4715,Eukaryota,Arthropoda,Malacostraca,Amphipoda,Phrosinidae,Primno,Primno brevidens
4716,NA,NA,NA,NA,NA,NA,NA
4717,NA,NA,NA,NA,NA,NA,NA
4718,Eukaryota,Arthropoda,Copepoda,Calanoida,Eucalanidae,Eucalanus,Eucalanus californicus
4719,Eukaryota,Arthropoda,Copepoda,Calanoida,Eucalanidae,Eucalanus,Eucalanus californicus
4720,NA,NA,NA,NA,NA,NA,NA
4721,Eukaryota,Echinodermata,Ophiuroidea,Amphilepidida,Ophiactidae,Ophiopholis,Ophiopholis sp. EAC01
4722,NA,NA,NA,NA,NA,NA,NA
4723,Eukaryota,Bryozoa,Gymnolaemata,Cheilostomatida,Membraniporidae,Membranipora,Membranipora villosa
4724,NA,NA,NA,NA,NA,NA,NA
4725,Eukaryota,Arthropoda,Copepoda,Calanoida,Eucalanidae,Eucalanus,Eucalanus californicus
4726,Eukaryota,Arthropoda,Copepoda,Calanoida,Eucalanidae,Rhincalanus,Rhincalanus nasutus
4727,NA,NA,NA,NA,NA,NA,NA
4728,Eukaryota,Arthropoda,Malacostraca,Euphausiacea,Euphausiidae,Hansarsia,Hansarsia difficilis
4729,Eukaryota,Arthropoda,Copepoda,Calanoida,Eucalanidae,Eucalanus,Eucalanus californicus
4730,Eukaryota,Arthropoda,Malacostraca,Decapoda,Grapsidae,Pachygrapsus,Pachygrapsus crassipes
4731,Eukaryota,Arthropoda,Copepoda,Calanoida,Eucalanidae,Eucalanus,Eucalanus californicus
4732,NA,NA,NA,NA,NA,NA,NA
4733,Eukaryota,Arthropoda,Copepoda,Calanoida,Pontellidae,Labidocera,Labidocera trispinosa
4734,NA,NA,NA,NA,NA,NA,NA
4735,Eukaryota,Arthropoda,Copepoda,Calanoida,Eucalanidae,Eucalanus,Eucalanus californicus
4736,Eukaryota,Arthropoda,Copepoda,Calanoida,Calanidae,Calanus,Calanus pacificus
4737,Eukaryota,Arthropoda,Copepoda,Calanoida,Eucalanidae,Eucalanus,Eucalanus californicus
4738,Eukaryota,Arthropoda,Copepoda,Calanoida,Eucalanidae,Eucalanus,Eucalanus californicus
4739,NA,NA,NA,NA,NA,NA,NA
4740,NA,NA,NA,NA,NA,NA,NA
4741,Eukaryota,Arthropoda,Copepoda,Calanoida,Eucalanidae,Eucalanus,Eucalanus californicus
4742,Eukaryota,Arthropoda,Ostracoda,Halocyprida,Halocyprididae,Conchoecetta,Conchoecetta giesbrechti
4743,Eukaryota,Arthropoda,Copepoda,Calanoida,Eucalanidae,Eucalanus,Eucalanus californicus
4744,NA,NA,NA,NA,NA,NA,NA
4745,NA,NA,NA,NA,NA,NA,NA
4746,NA,NA,NA,NA,NA,NA,NA
4747,NA,NA,NA,NA,NA,NA,NA
4748,Eukaryota,Mollusca,Gastropoda,Nudibranchia,Glaucidae,Hermissenda,Hermissenda opalescens
4749,NA,NA,NA,NA,NA,NA,NA
4750,NA,NA,NA,NA,NA,NA,NA
4751,Eukaryota,Mollusca,Gastropoda,Pteropoda,Cuvierinidae,Cuvierina,Cuvierina pacifica
4752,NA,NA,NA,NA,NA,NA,NA
4753,Eukaryota,Arthropoda,Copepoda,Poecilostomatoida,Oncaeidae,Oncaea,Oncaea sp.
4754,NA,NA,NA,NA,NA,NA,NA
4755,Eukaryota,Chaetognatha,Sagittoidea,Aphragmophora,Sagittidae,Flaccisagitta,NA
4756,Eukaryota,Mollusca,Gastropoda,Nudibranchia,Glaucidae,Hermissenda,Hermissenda opalescens
4757,Eukaryota,Bryozoa,Gymnolaemata,Cheilostomatida,Membraniporidae,Membranipora,Membranipora villosa
4758,NA,NA,NA,NA,NA,NA,NA
4759,Eukaryota,Arthropoda,Copepoda,Poecilostomatoida,Oncaeidae,Oncaea,Oncaea sp.
4760,NA,NA,NA,NA,NA,NA,NA
4761,NA,NA,NA,NA,NA,NA,NA
4762,NA,NA,NA,NA,NA,NA,NA
4763,NA,NA,NA,NA,NA,NA,NA
4764,Eukaryota,Arthropoda,Ostracoda,Halocyprida,Halocyprididae,Paraconchoecia,Paraconchoecia allotherium
4765,NA,NA,NA,NA,NA,NA,NA
4766,NA,NA,NA,NA,NA,NA,NA
4767,NA,NA,NA,NA,NA,NA,NA
4768,Eukaryota,Arthropoda,Copepoda,Calanoida,Eucalanidae,Eucalanus,Eucalanus californicus
4769,Eukaryota,Arthropoda,Malacostraca,Decapoda,Hippolytidae,NA,NA
4770,NA,NA,NA,NA,NA,NA,NA
4771,NA,NA,NA,NA,NA,NA,NA
4772,NA,NA,NA,NA,NA,NA,NA
4773,Eukaryota,Arthropoda,Copepoda,Calanoida,Eucalanidae,Eucalanus,Eucalanus californicus
4774,Eukaryota,Arthropoda,Copepoda,Calanoida,Scolecitrichidae,Scolecithricella,Scolecithricella dentata
4775,Eukaryota,Arthropoda,Copepoda,Calanoida,Eucalanidae,Eucalanus,Eucalanus californicus
4776,Eukaryota,Arthropoda,Copepoda,Calanoida,Clausocalanidae,NA,NA
4777,NA,NA,NA,NA,NA,NA,NA
4778,Eukaryota,Arthropoda,Ostracoda,Halocyprida,Halocyprididae,Discoconchoecia,NA
4779,Eukaryota,Chordata,Actinopteri,Myctophiformes,Myctophidae,Triphoturus,Triphoturus mexicanus
4780,NA,NA,NA,NA,NA,NA,NA
4781,Eukaryota,Ascomycota,Eurotiomycetes,Chaetothyriales,Trichomeriaceae,NA,NA
4782,Eukaryota,Arthropoda,Copepoda,Calanoida,Eucalanidae,Eucalanus,Eucalanus californicus
4783,NA,NA,NA,NA,NA,NA,NA
4784,NA,NA,NA,NA,NA,NA,NA
4785,Eukaryota,Bryozoa,Gymnolaemata,Cheilostomatida,Membraniporidae,Membranipora,Membranipora villosa
4786,Eukaryota,Arthropoda,Copepoda,Calanoida,Eucalanidae,Eucalanus,Eucalanus californicus
4787,Eukaryota,Arthropoda,Copepoda,Poecilostomatoida,Oncaeidae,Oncaea,Oncaea sp.
4788,Eukaryota,Dictyochophyceae,Dictyochophyceae,Dictyochales,Dictyochaceae,Octactis,Octactis speculum
4789,Eukaryota,Haptophyta,Isochrysidales,Isochrysidales,Noelaerhabdaceae,NA,NA
4790,Eukaryota,Arthropoda,Copepoda,Calanoida,Mecynoceridae,Mecynocera,Mecynocera clausi
4791,Eukaryota,Annelida,Polychaeta,Spionida,Spionidae,NA,NA
4792,Eukaryota,Arthropoda,Copepoda,Calanoida,Mecynoceridae,Mecynocera,Mecynocera clausi
4793,Eukaryota,Arthropoda,Malacostraca,Decapoda,Pinnotheridae,Pinnixa,Pinnixa occidentalis
4794,NA,NA,NA,NA,NA,NA,NA
4795,Eukaryota,Arthropoda,Copepoda,Poecilostomatoida,Oncaeidae,Oncaea,Oncaea sp.
4796,Eukaryota,Arthropoda,Copepoda,Calanoida,Calanidae,NA,NA
4797,NA,NA,NA,NA,NA,NA,NA
4798,Eukaryota,Bacillariophyta,Thalassiosirophyceae,Lithodesmiales,Lithodesmiaceae,NA,NA
4799,NA,NA,NA,NA,NA,NA,NA
4800,Eukaryota,Arthropoda,Copepoda,Calanoida,Euchaetidae,Euchaeta,Euchaeta marina
4801,Eukaryota,Arthropoda,Copepoda,Calanoida,Metridinidae,Pleuromamma,Pleuromamma abdominalis
4802,NA,NA,NA,NA,NA,NA,NA
4803,Eukaryota,Arthropoda,Copepoda,Calanoida,Candaciidae,Candacia,Candacia curta
4804,NA,NA,NA,NA,NA,NA,NA
4805,NA,NA,NA,NA,NA,NA,NA
4806,NA,NA,NA,NA,NA,NA,NA
4807,NA,NA,NA,NA,NA,NA,NA
4808,NA,NA,NA,NA,NA,NA,NA
4809,Eukaryota,Ascomycota,Lecanoromycetes,Lecideales,Lecideaceae,NA,NA
4810,Eukaryota,Arthropoda,Malacostraca,Euphausiacea,Euphausiidae,Nyctiphanes,Nyctiphanes simplex
4811,Eukaryota,Arthropoda,Copepoda,Calanoida,Eucalanidae,Eucalanus,Eucalanus californicus
4812,NA,NA,NA,NA,NA,NA,NA
4813,NA,NA,NA,NA,NA,NA,NA
4814,Eukaryota,Arthropoda,Copepoda,Calanoida,Eucalanidae,Eucalanus,Eucalanus californicus
4815,Eukaryota,Echinodermata,Ophiuroidea,Amphilepidida,Amphiuridae,NA,NA
4816,Eukaryota,Arthropoda,Copepoda,Calanoida,Eucalanidae,Eucalanus,Eucalanus californicus
4817,Eukaryota,Arthropoda,Copepoda,Calanoida,Aetideidae,NA,NA
4818,NA,NA,NA,NA,NA,NA,NA
4819,Eukaryota,Bryozoa,Gymnolaemata,Cheilostomatida,Membraniporidae,Membranipora,Membranipora villosa
4820,Eukaryota,Arthropoda,Copepoda,Calanoida,Eucalanidae,Eucalanus,Eucalanus californicus
4821,Eukaryota,Arthropoda,Copepoda,Calanoida,Eucalanidae,Eucalanus,Eucalanus californicus
4822,NA,NA,NA,NA,NA,NA,NA
4823,NA,NA,NA,NA,NA,NA,NA
4824,NA,NA,NA,NA,NA,NA,NA
4825,Eukaryota,Arthropoda,Malacostraca,Decapoda,Blepharipodidae,NA,NA
4826,NA,NA,NA,NA,NA,NA,NA
4827,Eukaryota,Arthropoda,Copepoda,Calanoida,Calanidae,Calanus,Calanus pacificus
4828,NA,NA,NA,NA,NA,NA,NA
4829,Eukaryota,Arthropoda,Copepoda,Calanoida,Eucalanidae,Eucalanus,Eucalanus californicus
4830,Eukaryota,Arthropoda,Copepoda,Calanoida,Calanidae,Calanus,Calanus pacificus
4831,NA,NA,NA,NA,NA,NA,NA
4832,NA,NA,NA,NA,NA,NA,NA
4833,Eukaryota,Arthropoda,Copepoda,Calanoida,Calocalanidae,Calocalanus,NA
4834,Eukaryota,Arthropoda,Copepoda,Calanoida,Eucalanidae,Eucalanus,Eucalanus californicus
4835,Eukaryota,Arthropoda,Copepoda,Calanoida,Eucalanidae,Rhincalanus,Rhincalanus nasutus
4836,Eukaryota,Arthropoda,Copepoda,Calanoida,Aetideidae,NA,NA
4837,Eukaryota,Chordata,Actinopteri,Perciformes,Serranidae,Paralabrax,Paralabrax nebulifer
4838,NA,NA,NA,NA,NA,NA,NA
4839,NA,NA,NA,NA,NA,NA,NA
4840,NA,NA,NA,NA,NA,NA,NA
4841,NA,NA,NA,NA,NA,NA,NA
4842,NA,NA,NA,NA,NA,NA,NA
4843,Eukaryota,Arthropoda,Copepoda,Calanoida,Eucalanidae,Rhincalanus,NA
4844,NA,NA,NA,NA,NA,NA,NA
4845,NA,NA,NA,NA,NA,NA,NA
4846,NA,NA,NA,NA,NA,NA,NA
4847,Eukaryota,Haptophyta,Phaeocystales,Phaeocystales,Phaeocystaceae,Phaeocystis,Phaeocystis cordata
4848,Eukaryota,Arthropoda,Copepoda,Calanoida,Eucalanidae,Rhincalanus,Rhincalanus nasutus
4849,Eukaryota,Arthropoda,Ostracoda,Halocyprida,Halocyprididae,Proceroecia,Proceroecia sp. 1 IK_2020
4850,Eukaryota,Arthropoda,Copepoda,Calanoida,Pontellidae,Labidocera,Labidocera trispinosa
4851,NA,NA,NA,NA,NA,NA,NA
4852,NA,NA,NA,NA,NA,NA,NA
4853,NA,NA,NA,NA,NA,NA,NA
4854,NA,NA,NA,NA,NA,NA,NA
4855,NA,NA,NA,NA,NA,NA,NA
4856,NA,NA,NA,NA,NA,NA,NA
4857,Eukaryota,Echinodermata,Ophiuroidea,Amphilepidida,Ophiotrichidae,Ophiothrix,Ophiothrix spiculata
4858,NA,NA,NA,NA,NA,NA,NA
4859,Eukaryota,Arthropoda,Copepoda,Calanoida,Scolecitrichidae,Scolecithricella,Scolecithricella dentata
4860,Eukaryota,Mollusca,Gastropoda,Pteropoda,Limacinidae,NA,NA
4861,Eukaryota,Echinodermata,Echinoidea,Clypeasteroida,Dendrasteridae,Dendraster,Dendraster excentricus
4862,Eukaryota,Arthropoda,Copepoda,Calanoida,Eucalanidae,Eucalanus,Eucalanus californicus
4863,NA,NA,NA,NA,NA,NA,NA
4864,Eukaryota,Mollusca,Gastropoda,Nudibranchia,Glaucidae,Hermissenda,Hermissenda opalescens
4865,NA,NA,NA,NA,NA,NA,NA
4866,Eukaryota,Echinodermata,Ophiuroidea,Amphilepidida,Ophiotrichidae,Ophiothrix,Ophiothrix spiculata
4867,NA,NA,NA,NA,NA,NA,NA
4868,Eukaryota,Arthropoda,Malacostraca,Decapoda,Hippolytidae,Lysmata,Lysmata californica
4869,NA,NA,NA,NA,NA,NA,NA
4870,Eukaryota,Chaetognatha,Sagittoidea,Aphragmophora,Sagittidae,Flaccisagitta,NA
4871,NA,NA,NA,NA,NA,NA,NA
4872,Eukaryota,Arthropoda,Copepoda,Calanoida,Clausocalanidae,NA,NA
4873,NA,NA,NA,NA,NA,NA,NA
4874,Eukaryota,Arthropoda,Copepoda,Calanoida,Eucalanidae,Eucalanus,Eucalanus californicus
4875,Eukaryota,Arthropoda,Copepoda,Calanoida,Paracalanidae,Paracalanus,Paracalanus tropicus
4876,NA,NA,NA,NA,NA,NA,NA
4877,Eukaryota,Arthropoda,Copepoda,Calanoida,Eucalanidae,Eucalanus,Eucalanus californicus
4878,NA,NA,NA,NA,NA,NA,NA
4879,NA,NA,NA,NA,NA,NA,NA
4880,Eukaryota,Arthropoda,Malacostraca,Euphausiacea,Euphausiidae,Hansarsia,NA
4881,Eukaryota,Echinodermata,Ophiuroidea,Amphilepidida,Amphiuridae,NA,NA
4882,Eukaryota,Arthropoda,Copepoda,Calanoida,Eucalanidae,Eucalanus,Eucalanus californicus
4883,Eukaryota,Arthropoda,Copepoda,Calanoida,Clausocalanidae,Clausocalanus,Clausocalanus jobei
4884,NA,NA,NA,NA,NA,NA,NA
4885,Eukaryota,Arthropoda,Malacostraca,Euphausiacea,Euphausiidae,Euphausia,Euphausia pacifica
4886,Eukaryota,Bryozoa,Gymnolaemata,Cheilostomatida,Membraniporidae,Membranipora,Membranipora villosa
4887,NA,NA,NA,NA,NA,NA,NA
4888,NA,NA,NA,NA,NA,NA,NA
4889,Eukaryota,Arthropoda,Copepoda,Poecilostomatoida,Oncaeidae,Oncaea,Oncaea sp.
4890,Eukaryota,Arthropoda,Ostracoda,Halocyprida,Halocyprididae,Conchoecia,Conchoecia magna
4891,NA,NA,NA,NA,NA,NA,NA
4892,Eukaryota,Cnidaria,Hydrozoa,Siphonophorae,Athorybiidae,NA,NA
4893,Eukaryota,Arthropoda,Ostracoda,Halocyprida,Halocyprididae,Porroecia,Porroecia spinirostris
4894,NA,NA,NA,NA,NA,NA,NA
4895,Eukaryota,Chlorophyta,Mamiellophyceae,Mamiellales,Mamiellaceae,Micromonas,NA
4896,NA,NA,NA,NA,NA,NA,NA
4897,NA,NA,NA,NA,NA,NA,NA
4898,Eukaryota,Mollusca,Gastropoda,Littorinimorpha,Calyptraeidae,Crepidula,Crepidula onyx
4899,Eukaryota,Mollusca,Gastropoda,Pteropoda,Cliidae,Clio,Clio pyramidata
4900,NA,NA,NA,NA,NA,NA,NA
4901,NA,NA,NA,NA,NA,NA,NA
4902,NA,NA,NA,NA,NA,NA,NA
4903,NA,NA,NA,NA,NA,NA,NA
4904,Eukaryota,Arthropoda,Malacostraca,Euphausiacea,Euphausiidae,Hansarsia,NA
4905,NA,NA,NA,NA,NA,NA,NA
4906,Eukaryota,Arthropoda,Copepoda,Calanoida,Heterorhabdidae,NA,NA
4907,Eukaryota,Mollusca,Gastropoda,Nudibranchia,Glaucidae,Hermissenda,Hermissenda opalescens
4908,Eukaryota,Bryozoa,Gymnolaemata,Cheilostomatida,Membraniporidae,Membranipora,Membranipora villosa
4909,Eukaryota,Arthropoda,Malacostraca,Decapoda,Cancridae,Metacarcinus,Metacarcinus gracilis
4910,NA,NA,NA,NA,NA,NA,NA
4911,Eukaryota,Mollusca,Gastropoda,Nudibranchia,Glaucidae,Hermissenda,Hermissenda opalescens
4912,Eukaryota,Arthropoda,Copepoda,Calanoida,Eucalanidae,Eucalanus,Eucalanus californicus
4913,NA,NA,NA,NA,NA,NA,NA
4914,Eukaryota,Arthropoda,Copepoda,Poecilostomatoida,Oncaeidae,Oncaea,Oncaea sp.
4915,Eukaryota,Arthropoda,Malacostraca,Decapoda,Panopeidae,Lophopanopeus,Lophopanopeus bellus
4916,Eukaryota,Arthropoda,Copepoda,Calanoida,Eucalanidae,Eucalanus,Eucalanus californicus
4917,Eukaryota,Arthropoda,Malacostraca,Decapoda,Pisidae,Chorilia,Chorilia longipes
4918,NA,NA,NA,NA,NA,NA,NA
4919,NA,NA,NA,NA,NA,NA,NA
4920,Eukaryota,Arthropoda,Copepoda,Calanoida,Eucalanidae,Eucalanus,Eucalanus californicus
4921,NA,NA,NA,NA,NA,NA,NA
4922,NA,NA,NA,NA,NA,NA,NA
4923,Eukaryota,Arthropoda,Malacostraca,Euphausiacea,Euphausiidae,Nyctiphanes,Nyctiphanes simplex
4924,Eukaryota,Arthropoda,Copepoda,Calanoida,Metridinidae,Pleuromamma,Pleuromamma borealis
4925,NA,NA,NA,NA,NA,NA,NA
4926,Eukaryota,Arthropoda,Malacostraca,Euphausiacea,Euphausiidae,Nyctiphanes,Nyctiphanes simplex
4927,NA,NA,NA,NA,NA,NA,NA
4928,NA,NA,NA,NA,NA,NA,NA
4929,Eukaryota,Bryozoa,Gymnolaemata,Cheilostomatida,Membraniporidae,Membranipora,Membranipora villosa
4930,Eukaryota,Arthropoda,Copepoda,Calanoida,Eucalanidae,Eucalanus,Eucalanus californicus
4931,Eukaryota,Arthropoda,Malacostraca,Euphausiacea,Euphausiidae,Hansarsia,Hansarsia difficilis
4932,NA,NA,NA,NA,NA,NA,NA
4933,NA,NA,NA,NA,NA,NA,NA
4934,NA,NA,NA,NA,NA,NA,NA
4935,NA,NA,NA,NA,NA,NA,NA
4936,Eukaryota,Arthropoda,Malacostraca,Decapoda,Sicyoniidae,NA,NA
4937,Eukaryota,Arthropoda,Copepoda,Calanoida,Eucalanidae,Eucalanus,Eucalanus californicus
4938,Eukaryota,Arthropoda,Copepoda,Calanoida,Eucalanidae,Eucalanus,Eucalanus californicus
4939,Eukaryota,Arthropoda,Copepoda,Calanoida,Eucalanidae,Eucalanus,Eucalanus californicus
4940,NA,NA,NA,NA,NA,NA,NA
4941,Eukaryota,Arthropoda,Copepoda,Calanoida,Eucalanidae,Eucalanus,Eucalanus californicus
4942,NA,NA,NA,NA,NA,NA,NA
4943,Eukaryota,Arthropoda,Copepoda,Calanoida,Eucalanidae,Eucalanus,Eucalanus californicus
4944,NA,NA,NA,NA,NA,NA,NA
4945,Eukaryota,Arthropoda,Copepoda,Calanoida,Clausocalanidae,Clausocalanus,NA
4946,Eukaryota,Arthropoda,Copepoda,Calanoida,Eucalanidae,Rhincalanus,NA
4947,Eukaryota,Arthropoda,Copepoda,Calanoida,Eucalanidae,Eucalanus,Eucalanus californicus
4948,NA,NA,NA,NA,NA,NA,NA
4949,Eukaryota,Arthropoda,Copepoda,Calanoida,Heterorhabdidae,Heterorhabdus,NA
4950,NA,NA,NA,NA,NA,NA,NA
4951,Eukaryota,Arthropoda,Ostracoda,Halocyprida,Halocyprididae,Halocypris,Halocypris inflata
4952,Eukaryota,Arthropoda,Malacostraca,Decapoda,Sergestidae,Allosergestes,Allosergestes sargassi
4953,Eukaryota,Arthropoda,Ostracoda,Halocyprida,Halocyprididae,Proceroecia,Proceroecia procera
4954,Eukaryota,Arthropoda,Copepoda,Calanoida,Acartiidae,Acartia,Acartia tonsa
4955,NA,NA,NA,NA,NA,NA,NA
4956,NA,NA,NA,NA,NA,NA,NA
4957,Eukaryota,Arthropoda,Thecostraca,Balanomorpha,Chthamalidae,Chthamalus,Chthamalus fissus
4958,Eukaryota,Arthropoda,Copepoda,Calanoida,Clausocalanidae,Clausocalanus,Clausocalanus mastigophorus
4959,Eukaryota,Bryozoa,Gymnolaemata,Cheilostomatida,Membraniporidae,Membranipora,Membranipora villosa
4960,Eukaryota,Arthropoda,Copepoda,Calanoida,Scolecitrichidae,Scolecithricella,Scolecithricella dentata
4961,Eukaryota,Arthropoda,Copepoda,Calanoida,Candaciidae,Candacia,Candacia curta
4962,Eukaryota,Cnidaria,Hydrozoa,Siphonophorae,Diphyidae,Diphyes,Diphyes sp. HAW01
4963,Eukaryota,Arthropoda,Copepoda,Poecilostomatoida,Corycaeidae,Farranula,NA
4964,NA,NA,NA,NA,NA,NA,NA
4965,NA,NA,NA,NA,NA,NA,NA
4966,Eukaryota,Arthropoda,Copepoda,Calanoida,Clausocalanidae,NA,NA
4967,Eukaryota,Arthropoda,Malacostraca,Euphausiacea,Euphausiidae,Stylocheiron,NA
4968,NA,NA,NA,NA,NA,NA,NA
4969,Eukaryota,Mollusca,Gastropoda,Trochida,Tegulidae,Tegula,Tegula regina
4970,Eukaryota,Arthropoda,Malacostraca,Decapoda,Hippolytidae,Spirontocaris,Spirontocaris sp. DQCS097_08
4971,Eukaryota,Arthropoda,Copepoda,Calanoida,Clausocalanidae,Clausocalanus,Clausocalanus pergens
4972,NA,NA,NA,NA,NA,NA,NA
4973,NA,NA,NA,NA,NA,NA,NA
4974,Eukaryota,Haptophyta,Isochrysidales,Isochrysidales,Noelaerhabdaceae,NA,NA
4975,Eukaryota,Arthropoda,Copepoda,Calanoida,Eucalanidae,Eucalanus,Eucalanus californicus
4976,Eukaryota,Arthropoda,Copepoda,Calanoida,Eucalanidae,Eucalanus,Eucalanus californicus
4977,Eukaryota,Bryozoa,Gymnolaemata,Cheilostomatida,Membraniporidae,NA,NA
4978,Eukaryota,Arthropoda,Copepoda,Calanoida,Scolecitrichidae,Scolecithricella,Scolecithricella dentata
4979,NA,NA,NA,NA,NA,NA,NA
4980,Eukaryota,Arthropoda,Copepoda,Calanoida,Eucalanidae,Eucalanus,Eucalanus californicus
4981,NA,NA,NA,NA,NA,NA,NA
4982,NA,NA,NA,NA,NA,NA,NA
4983,Eukaryota,Arthropoda,Ostracoda,Halocyprida,Halocyprididae,Discoconchoecia,Discoconchoecia sp. S8_D6
4984,NA,NA,NA,NA,NA,NA,NA
4985,NA,NA,NA,NA,NA,NA,NA
4986,NA,NA,NA,NA,NA,NA,NA
4987,Eukaryota,Arthropoda,Malacostraca,Decapoda,Hippolytidae,Lysmata,Lysmata californica
4988,NA,NA,NA,NA,NA,NA,NA
4989,Eukaryota,Arthropoda,Copepoda,Calanoida,Scolecitrichidae,Scolecithricella,Scolecithricella dentata
4990,NA,NA,NA,NA,NA,NA,NA
4991,Eukaryota,Arthropoda,Copepoda,Calanoida,Eucalanidae,Eucalanus,Eucalanus californicus
4992,NA,NA,NA,NA,NA,NA,NA
4993,Eukaryota,Echinodermata,Ophiuroidea,Amphilepidida,Ophiotrichidae,Ophiothrix,Ophiothrix spiculata
4994,NA,NA,NA,NA,NA,NA,NA
4995,NA,NA,NA,NA,NA,NA,NA
4996,NA,NA,NA,NA,NA,NA,NA
4997,NA,NA,NA,NA,NA,NA,NA
4998,NA,NA,NA,NA,NA,NA,NA
4999,NA,NA,NA,NA,NA,NA,NA
5000,NA,NA,NA,NA,NA,NA,NA
5001,Eukaryota,Annelida,Polychaeta,Phyllodocida,Sigalionidae,Sigalion,Sigalion spinosus
5002,Eukaryota,Nemertea,Palaeonemertea,Tubulaniformes,Tubulanidae,Carinina,Carinina chocolata
5003,NA,NA,NA,NA,NA,NA,NA
5004,NA,NA,NA,NA,NA,NA,NA
5005,NA,NA,NA,NA,NA,NA,NA
5006,Eukaryota,Arthropoda,Copepoda,Calanoida,Metridinidae,Pleuromamma,Pleuromamma borealis
5007,Eukaryota,Nemertea,Pilidiophora,Hubrechtidae,Hubrechtidae,Hubrechtella,Hubrechtella juliae
5008,NA,NA,NA,NA,NA,NA,NA
5009,Eukaryota,Mollusca,Gastropoda,Acteonidae,Acteonidae,Rictaxis,Rictaxis punctocaelatus
5010,Eukaryota,Chordata,Actinopteri,Myctophiformes,Myctophidae,Stenobrachius,Stenobrachius leucopsarus
5011,Eukaryota,Cnidaria,Hydrozoa,Narcomedusae,Solmarisidae,Pegantha,Pegantha cf_ martagon
5012,Eukaryota,Arthropoda,Malacostraca,Decapoda,Hippolytidae,NA,NA
5013,NA,NA,NA,NA,NA,NA,NA
5014,Eukaryota,Annelida,Polychaeta,Sabellida,Sabellariidae,Phragmatopoma,Phragmatopoma californica
5015,NA,NA,NA,NA,NA,NA,NA
5016,Eukaryota,Arthropoda,Ostracoda,Halocyprida,Halocyprididae,Halocypris,Halocypris inflata
5017,NA,NA,NA,NA,NA,NA,NA
5018,Eukaryota,Arthropoda,Malacostraca,Decapoda,Munididae,Pleuroncodes,Pleuroncodes planipes
5019,Eukaryota,Arthropoda,Copepoda,Calanoida,Clausocalanidae,Clausocalanus,NA
5020,Eukaryota,Arthropoda,Copepoda,Calanoida,Eucalanidae,Eucalanus,Eucalanus californicus
5021,Eukaryota,Mollusca,Gastropoda,Pteropoda,Limacinidae,NA,NA
5022,Eukaryota,Bacillariophyta,Bacillariophyceae,Bacillariales,Bacillariaceae,Pseudo_nitzschia,Pseudo_nitzschia hasleana
5023,Eukaryota,Arthropoda,Malacostraca,Euphausiacea,Euphausiidae,Hansarsia,Hansarsia difficilis
5024,Eukaryota,Arthropoda,Copepoda,Calanoida,Pontellidae,Labidocera,Labidocera trispinosa
5025,NA,NA,NA,NA,NA,NA,NA
5026,NA,NA,NA,NA,NA,NA,NA
5027,NA,NA,NA,NA,NA,NA,NA
5028,Eukaryota,Arthropoda,Copepoda,Calanoida,Eucalanidae,Eucalanus,Eucalanus californicus
5029,Eukaryota,Bryozoa,Gymnolaemata,Cheilostomatida,Membraniporidae,Membranipora,Membranipora villosa
5030,Eukaryota,Arthropoda,Malacostraca,Decapoda,Hippolytidae,Spirontocaris,Spirontocaris holmesi
5031,NA,NA,NA,NA,NA,NA,NA
5032,Eukaryota,Arthropoda,Copepoda,Calanoida,Eucalanidae,Eucalanus,Eucalanus californicus
5033,Eukaryota,Arthropoda,Copepoda,Poecilostomatoida,Oncaeidae,Oncaea,Oncaea sp.
5034,Eukaryota,Arthropoda,Copepoda,Calanoida,Eucalanidae,Eucalanus,Eucalanus californicus
5035,Eukaryota,Arthropoda,Malacostraca,Euphausiacea,Euphausiidae,Hansarsia,Hansarsia difficilis
5036,Eukaryota,Arthropoda,Ostracoda,Halocyprida,Halocyprididae,Conchoecia,NA
5037,NA,NA,NA,NA,NA,NA,NA
5038,Eukaryota,Arthropoda,Copepoda,Calanoida,Eucalanidae,Eucalanus,Eucalanus californicus
5039,Eukaryota,Cnidaria,Hydrozoa,Siphonophorae,Diphyidae,Chelophyes,Chelophyes appendiculata
5040,Eukaryota,Arthropoda,Copepoda,Calanoida,Eucalanidae,Eucalanus,Eucalanus californicus
5041,NA,NA,NA,NA,NA,NA,NA
5042,Eukaryota,Arthropoda,Ostracoda,Halocyprida,Halocyprididae,Mikroconchoecia,Mikroconchoecia sp. USNM IZ 1448470
5043,Eukaryota,Arthropoda,Copepoda,Calanoida,Eucalanidae,Eucalanus,Eucalanus californicus
5044,Eukaryota,Arthropoda,Malacostraca,Euphausiacea,Euphausiidae,Nyctiphanes,Nyctiphanes simplex
5045,Eukaryota,Arthropoda,Malacostraca,Decapoda,Panopeidae,NA,NA
5046,Eukaryota,Arthropoda,Thecostraca,Balanomorpha,Chthamalidae,Chthamalus,Chthamalus fissus
5047,NA,NA,NA,NA,NA,NA,NA
5048,Eukaryota,Arthropoda,Thecostraca,Balanomorpha,Chthamalidae,Chthamalus,Chthamalus fissus
5049,Eukaryota,Arthropoda,Copepoda,Poecilostomatoida,Oncaeidae,Oncaea,NA
5050,Eukaryota,Arthropoda,Copepoda,Calanoida,Paracalanidae,Paracalanus,Paracalanus tropicus
5051,NA,NA,NA,NA,NA,NA,NA
5052,Eukaryota,Arthropoda,Copepoda,Calanoida,Aetideidae,NA,NA
5053,Eukaryota,Echinodermata,Ophiuroidea,Amphilepidida,Amphiuridae,NA,NA
5054,Eukaryota,Arthropoda,Copepoda,Calanoida,Aetideidae,NA,NA
5055,Eukaryota,Arthropoda,Copepoda,Calanoida,Metridinidae,Pleuromamma,Pleuromamma borealis
5056,Eukaryota,Arthropoda,Malacostraca,Euphausiacea,Euphausiidae,NA,NA
5057,NA,NA,NA,NA,NA,NA,NA
5058,NA,NA,NA,NA,NA,NA,NA
5059,Eukaryota,Arthropoda,Copepoda,Calanoida,Eucalanidae,Eucalanus,Eucalanus californicus
5060,Eukaryota,Arthropoda,Copepoda,Calanoida,Eucalanidae,Eucalanus,Eucalanus californicus
5061,NA,NA,NA,NA,NA,NA,NA
5062,Eukaryota,Arthropoda,Copepoda,Calanoida,Eucalanidae,Eucalanus,Eucalanus californicus
5063,Eukaryota,Arthropoda,Copepoda,Poecilostomatoida,Oncaeidae,Oncaea,Oncaea sp.
5064,Eukaryota,Bacillariophyta,Bacillariophyceae,Bacillariales,Bacillariaceae,NA,NA
5065,Eukaryota,Arthropoda,Copepoda,Calanoida,Eucalanidae,Eucalanus,Eucalanus californicus
5066,NA,NA,NA,NA,NA,NA,NA
5067,Eukaryota,Arthropoda,Copepoda,Calanoida,Eucalanidae,Eucalanus,Eucalanus californicus
5068,Eukaryota,Arthropoda,Copepoda,Calanoida,Eucalanidae,Eucalanus,Eucalanus californicus
5069,Eukaryota,Arthropoda,Copepoda,Calanoida,Eucalanidae,Eucalanus,Eucalanus californicus
5070,NA,NA,NA,NA,NA,NA,NA
5071,Eukaryota,Arthropoda,Copepoda,Poecilostomatoida,Oncaeidae,Oncaea,Oncaea sp.
5072,Eukaryota,Arthropoda,Malacostraca,Euphausiacea,Euphausiidae,Hansarsia,Hansarsia difficilis
5073,NA,NA,NA,NA,NA,NA,NA
5074,NA,NA,NA,NA,NA,NA,NA
5075,Eukaryota,Arthropoda,Copepoda,Poecilostomatoida,Oncaeidae,Oncaea,Oncaea sp.
5076,Eukaryota,Mollusca,Gastropoda,Nudibranchia,Glaucidae,Hermissenda,Hermissenda opalescens
5077,Eukaryota,Arthropoda,Ostracoda,Halocyprida,Halocyprididae,Paraconchoecia,Paraconchoecia allotherium
5078,NA,NA,NA,NA,NA,NA,NA
5079,NA,NA,NA,NA,NA,NA,NA
5080,Eukaryota,Arthropoda,Malacostraca,Euphausiacea,Euphausiidae,Nyctiphanes,Nyctiphanes simplex
5081,Eukaryota,Arthropoda,Copepoda,Poecilostomatoida,Oncaeidae,Oncaea,Oncaea sp.
5082,NA,NA,NA,NA,NA,NA,NA
5083,NA,NA,NA,NA,NA,NA,NA
5084,Eukaryota,Arthropoda,Copepoda,Poecilostomatoida,Oncaeidae,Oncaea,NA
5085,Eukaryota,Chaetognatha,Sagittoidea,Aphragmophora,Sagittidae,Flaccisagitta,NA
5086,Eukaryota,Echinodermata,Ophiuroidea,Amphilepidida,Amphiuridae,Amphiodia,NA
5087,Eukaryota,Chaetognatha,Sagittoidea,Aphragmophora,Sagittidae,Flaccisagitta,NA
5088,Eukaryota,Bryozoa,Gymnolaemata,Cheilostomatida,Membraniporidae,Membranipora,Membranipora villosa
5089,Eukaryota,Arthropoda,Copepoda,Poecilostomatoida,Oncaeidae,Oncaea,Oncaea sp.
5090,NA,NA,NA,NA,NA,NA,NA
5091,NA,NA,NA,NA,NA,NA,NA
5092,Eukaryota,Mollusca,Gastropoda,Pteropoda,Cliidae,Clio,Clio pyramidata
5093,Eukaryota,Arthropoda,Copepoda,Calanoida,Eucalanidae,Eucalanus,Eucalanus californicus
5094,Eukaryota,Arthropoda,Copepoda,Calanoida,Eucalanidae,Eucalanus,Eucalanus californicus
5095,Eukaryota,Arthropoda,Copepoda,Calanoida,Eucalanidae,Eucalanus,Eucalanus californicus
5096,Eukaryota,Mollusca,Gastropoda,Pteropoda,Limacinidae,NA,NA
5097,Eukaryota,Arthropoda,Copepoda,Poecilostomatoida,Oncaeidae,Oncaea,Oncaea sp.
5098,Eukaryota,Arthropoda,Malacostraca,Euphausiacea,Euphausiidae,Stylocheiron,NA
5099,Eukaryota,Arthropoda,Ostracoda,Halocyprida,Halocyprididae,Mikroconchoecia,Mikroconchoecia sp. Os099_1_3
5100,Eukaryota,Mollusca,Gastropoda,Pteropoda,Limacinidae,NA,NA
5101,NA,NA,NA,NA,NA,NA,NA
5102,NA,NA,NA,NA,NA,NA,NA
5103,Eukaryota,Arthropoda,Malacostraca,Euphausiacea,Euphausiidae,Nyctiphanes,Nyctiphanes simplex
5104,Eukaryota,Arthropoda,Malacostraca,Euphausiacea,Euphausiidae,Euphausia,Euphausia recurva
5105,Eukaryota,Echinodermata,Echinoidea,Temnopleuroida,Toxopneustidae,Lytechinus,Lytechinus pictus
5106,Eukaryota,Annelida,Polychaeta,Spionida,Spionidae,NA,NA
5107,NA,NA,NA,NA,NA,NA,NA
5108,NA,NA,NA,NA,NA,NA,NA
5109,NA,NA,NA,NA,NA,NA,NA
5110,Eukaryota,Arthropoda,Copepoda,Calanoida,Eucalanidae,Eucalanus,Eucalanus californicus
5111,NA,NA,NA,NA,NA,NA,NA
5112,NA,NA,NA,NA,NA,NA,NA
5113,Eukaryota,Arthropoda,Copepoda,Poecilostomatoida,Oncaeidae,Oncaea,Oncaea sp.
5114,NA,NA,NA,NA,NA,NA,NA
5115,NA,NA,NA,NA,NA,NA,NA
5116,NA,NA,NA,NA,NA,NA,NA
5117,NA,NA,NA,NA,NA,NA,NA
5118,NA,NA,NA,NA,NA,NA,NA
5119,NA,NA,NA,NA,NA,NA,NA
5120,Eukaryota,Mollusca,Gastropoda,Limapontiidae,Limapontiidae,NA,NA
5121,NA,NA,NA,NA,NA,NA,NA
5122,Eukaryota,Mollusca,Gastropoda,Pteropoda,Limacinidae,NA,NA
5123,Eukaryota,Arthropoda,Copepoda,Calanoida,Acartiidae,Acartia,Acartia tonsa
5124,Eukaryota,Arthropoda,Malacostraca,Decapoda,Hippolytidae,Lysmata,NA
5125,Eukaryota,Annelida,Polychaeta,Spionida,Spionidae,NA,NA
5126,Eukaryota,Arthropoda,Copepoda,Calanoida,Lucicutiidae,Lucicutia,Lucicutia flavicornis
5127,NA,NA,NA,NA,NA,NA,NA
5128,NA,NA,NA,NA,NA,NA,NA
5129,Eukaryota,Bacillariophyta,Thalassiosirophyceae,Lithodesmiales,Lithodesmiaceae,NA,NA
5130,Eukaryota,Arthropoda,Copepoda,Calanoida,Acartiidae,Acartia,Acartia tonsa
5131,Eukaryota,Bacillariophyta,Thalassiosirophyceae,Hemiaulales,Hemiaulaceae,NA,NA
5132,Eukaryota,Arthropoda,Ostracoda,Halocyprida,Halocyprididae,Mikroconchoecia,Mikroconchoecia sp. USNM IZ 1448470
5133,Eukaryota,Arthropoda,Copepoda,Poecilostomatoida,Corycaeidae,Farranula,NA
5134,Eukaryota,Ascomycota,Lecanoromycetes,Lecanorales,Ramalinaceae,Ramalina,Ramalina petrina
5135,NA,NA,NA,NA,NA,NA,NA
5136,NA,NA,NA,NA,NA,NA,NA
5137,NA,NA,NA,NA,NA,NA,NA
5138,Eukaryota,Annelida,Polychaeta,Phyllodocida,Polynoidae,NA,NA
5139,Eukaryota,Mollusca,Gastropoda,Pteropoda,Limacinidae,NA,NA
5140,Eukaryota,Bacillariophyta,Plagiogrammaphyceae,Plagiogrammales,Plagiogrammaceae,NA,NA
5141,Eukaryota,Arthropoda,Malacostraca,Euphausiacea,Euphausiidae,NA,NA
5142,NA,NA,NA,NA,NA,NA,NA
5143,Eukaryota,Mollusca,Gastropoda,Littorinimorpha,Atlantidae,Atlanta,Atlanta sp. USNM IZ 1230636
5144,Eukaryota,Bryozoa,Gymnolaemata,Cheilostomatida,Membraniporidae,Membranipora,Membranipora villosa
5145,Eukaryota,Arthropoda,Copepoda,Calanoida,Calanidae,Calanus,Calanus pacificus
5146,NA,NA,NA,NA,NA,NA,NA
5147,NA,NA,NA,NA,NA,NA,NA
5148,Eukaryota,Arthropoda,Copepoda,Calanoida,Candaciidae,Candacia,Candacia curta
5149,NA,NA,NA,NA,NA,NA,NA
5150,NA,NA,NA,NA,NA,NA,NA
5151,Eukaryota,Arthropoda,Copepoda,Calanoida,Metridinidae,Metridia,Metridia pacifica
5152,Eukaryota,Arthropoda,Copepoda,Calanoida,Eucalanidae,Eucalanus,Eucalanus californicus
5153,NA,NA,NA,NA,NA,NA,NA
5154,NA,NA,NA,NA,NA,NA,NA
5155,Eukaryota,Mollusca,Gastropoda,Littorinimorpha,Vermetidae,Thylacodes,Thylacodes squamigerus
5156,NA,NA,NA,NA,NA,NA,NA
5157,NA,NA,NA,NA,NA,NA,NA
5158,Eukaryota,Arthropoda,Copepoda,Calanoida,Pontellidae,Labidocera,Labidocera trispinosa
5159,Eukaryota,Arthropoda,Copepoda,Calanoida,Eucalanidae,Eucalanus,Eucalanus californicus
5160,NA,NA,NA,NA,NA,NA,NA
5161,NA,NA,NA,NA,NA,NA,NA
5162,NA,NA,NA,NA,NA,NA,NA
5163,NA,NA,NA,NA,NA,NA,NA
5164,Eukaryota,Pelagophyceae,Pelagophyceae,Pelagomonadales,Pelagomonadaceae,Aureococcus,Aureococcus anophagefferens
5165,Eukaryota,Bryozoa,Gymnolaemata,Cheilostomatida,Membraniporidae,Membranipora,Membranipora villosa
5166,Eukaryota,Arthropoda,Copepoda,Calanoida,Eucalanidae,Eucalanus,Eucalanus californicus
5167,Eukaryota,Bryozoa,Gymnolaemata,Cheilostomatida,Bugulidae,Bugula,Bugula neritina
5168,Eukaryota,Arthropoda,Copepoda,Calanoida,Eucalanidae,Eucalanus,Eucalanus californicus
5169,Eukaryota,Arthropoda,Copepoda,Calanoida,Eucalanidae,Eucalanus,Eucalanus californicus
5170,Eukaryota,Arthropoda,Copepoda,Calanoida,Eucalanidae,Eucalanus,Eucalanus californicus
5171,Eukaryota,Arthropoda,Copepoda,Poecilostomatoida,Oncaeidae,Oncaea,Oncaea sp.
5172,Eukaryota,Arthropoda,Copepoda,Calanoida,Eucalanidae,Eucalanus,Eucalanus californicus
5173,Eukaryota,Arthropoda,Malacostraca,Decapoda,Parthenopidae,Heterocrypta,Heterocrypta occidentalis
5174,NA,NA,NA,NA,NA,NA,NA
5175,Eukaryota,Echinodermata,Asteroidea,Valvatida,Poraniidae,NA,NA
5176,Eukaryota,Arthropoda,Copepoda,Calanoida,Eucalanidae,Eucalanus,Eucalanus californicus
5177,NA,NA,NA,NA,NA,NA,NA
5178,Eukaryota,Arthropoda,Thecostraca,Balanomorpha,Chthamalidae,Chthamalus,Chthamalus fissus
5179,Eukaryota,Arthropoda,Malacostraca,Decapoda,Panopeidae,Lophopanopeus,Lophopanopeus bellus
5180,NA,NA,NA,NA,NA,NA,NA
5181,NA,NA,NA,NA,NA,NA,NA
5182,Eukaryota,Arthropoda,Malacostraca,Decapoda,Hippolytidae,Spirontocaris,Spirontocaris sica
5183,NA,NA,NA,NA,NA,NA,NA
5184,Eukaryota,Arthropoda,Malacostraca,Euphausiacea,Euphausiidae,Euphausia,Euphausia pacifica
5185,Eukaryota,Arthropoda,Copepoda,Calanoida,Calanidae,Calanus,Calanus pacificus
5186,NA,NA,NA,NA,NA,NA,NA
5187,NA,NA,NA,NA,NA,NA,NA
5188,Eukaryota,Chordata,Actinopteri,Myctophiformes,Myctophidae,Triphoturus,Triphoturus mexicanus
5189,NA,NA,NA,NA,NA,NA,NA
5190,Eukaryota,Arthropoda,Copepoda,Calanoida,Eucalanidae,Eucalanus,Eucalanus californicus
5191,Eukaryota,Arthropoda,Malacostraca,Amphipoda,Phrosinidae,Primno,Primno brevidens
5192,Eukaryota,Arthropoda,Malacostraca,Decapoda,Callianassidae,NA,NA
5193,NA,NA,NA,NA,NA,NA,NA
5194,Eukaryota,Arthropoda,Copepoda,Calanoida,Eucalanidae,Eucalanus,Eucalanus californicus
5195,Eukaryota,Arthropoda,Malacostraca,Decapoda,Panopeidae,Lophopanopeus,Lophopanopeus bellus
5196,NA,NA,NA,NA,NA,NA,NA
5197,Eukaryota,Arthropoda,Copepoda,Calanoida,Eucalanidae,Rhincalanus,NA
5198,Eukaryota,Bryozoa,Gymnolaemata,Cheilostomatida,Membraniporidae,Membranipora,Membranipora villosa
5199,Eukaryota,Arthropoda,Malacostraca,Euphausiacea,Euphausiidae,Euphausia,Euphausia pacifica
5200,Eukaryota,Arthropoda,Malacostraca,Euphausiacea,Euphausiidae,Hansarsia,NA
5201,Eukaryota,Arthropoda,Malacostraca,Euphausiacea,Euphausiidae,Nyctiphanes,Nyctiphanes simplex
5202,Eukaryota,Arthropoda,Copepoda,Calanoida,Eucalanidae,Eucalanus,Eucalanus californicus
5203,Eukaryota,Arthropoda,Copepoda,Calanoida,Eucalanidae,Eucalanus,Eucalanus californicus
5204,Eukaryota,Arthropoda,Copepoda,Poecilostomatoida,Oncaeidae,Oncaea,Oncaea sp.
5205,Eukaryota,Arthropoda,Copepoda,Calanoida,Eucalanidae,Eucalanus,Eucalanus californicus
5206,NA,NA,NA,NA,NA,NA,NA
5207,Eukaryota,Arthropoda,Copepoda,Calanoida,Euchaetidae,Euchaeta,Euchaeta marina
5208,Eukaryota,Arthropoda,Copepoda,Calanoida,Eucalanidae,Rhincalanus,Rhincalanus nasutus
5209,Eukaryota,Arthropoda,Copepoda,Calanoida,Eucalanidae,Eucalanus,Eucalanus californicus
5210,NA,NA,NA,NA,NA,NA,NA
5211,Eukaryota,Arthropoda,Copepoda,Calanoida,Eucalanidae,Rhincalanus,NA
5212,Eukaryota,Arthropoda,Copepoda,Calanoida,Eucalanidae,Eucalanus,Eucalanus californicus
5213,Eukaryota,Arthropoda,Copepoda,Calanoida,Eucalanidae,Eucalanus,Eucalanus californicus
5214,Eukaryota,Arthropoda,Malacostraca,Decapoda,Grapsidae,Pachygrapsus,Pachygrapsus crassipes
5215,NA,NA,NA,NA,NA,NA,NA
5216,NA,NA,NA,NA,NA,NA,NA
5217,Eukaryota,Arthropoda,Copepoda,Calanoida,Clausocalanidae,Clausocalanus,NA
5218,Eukaryota,Echinodermata,Echinoidea,Temnopleuroida,Toxopneustidae,Lytechinus,Lytechinus pictus
5219,Eukaryota,Arthropoda,Malacostraca,Euphausiacea,Euphausiidae,Euphausia,Euphausia pacifica
5220,NA,NA,NA,NA,NA,NA,NA
5221,Eukaryota,Arthropoda,Copepoda,Calanoida,Eucalanidae,Eucalanus,Eucalanus californicus
5222,Eukaryota,Arthropoda,Copepoda,Poecilostomatoida,Oncaeidae,Oncaea,Oncaea sp.
5223,Eukaryota,Arthropoda,Copepoda,Calanoida,Calanidae,NA,NA
5224,Eukaryota,Arthropoda,Copepoda,Poecilostomatoida,Oncaeidae,Oncaea,Oncaea scottodicarloi
5225,Eukaryota,Arthropoda,Copepoda,Calanoida,Calocalanidae,NA,NA
5226,NA,NA,NA,NA,NA,NA,NA
5227,NA,NA,NA,NA,NA,NA,NA
5228,Eukaryota,Mollusca,Gastropoda,Nudibranchia,Glaucidae,Hermissenda,Hermissenda opalescens
5229,NA,NA,NA,NA,NA,NA,NA
5230,NA,NA,NA,NA,NA,NA,NA
5231,Eukaryota,Arthropoda,Ostracoda,Halocyprida,Halocyprididae,Archiconchoecia,Archiconchoecia striata
5232,NA,NA,NA,NA,NA,NA,NA
5233,Eukaryota,Mollusca,Gastropoda,Pteropoda,Cliidae,Clio,Clio pyramidata
5234,NA,NA,NA,NA,NA,NA,NA
5235,Eukaryota,Arthropoda,Ostracoda,Halocyprida,Halocyprididae,Paraconchoecia,Paraconchoecia oblonga
5236,NA,NA,NA,NA,NA,NA,NA
5237,Eukaryota,Arthropoda,Ostracoda,Halocyprida,Halocyprididae,NA,NA
5238,NA,NA,NA,NA,NA,NA,NA
5239,NA,NA,NA,NA,NA,NA,NA
5240,Eukaryota,Mollusca,Gastropoda,Pteropoda,Cliidae,Clio,Clio pyramidata
5241,NA,NA,NA,NA,NA,NA,NA
5242,Eukaryota,Arthropoda,Ostracoda,Halocyprida,Halocyprididae,Conchoecetta,Conchoecetta giesbrechti
5243,Eukaryota,Arthropoda,Malacostraca,Euphausiacea,Euphausiidae,Thysanoessa,Thysanoessa gregaria
5244,Eukaryota,Arthropoda,Copepoda,Poecilostomatoida,Oncaeidae,Oncaea,Oncaea sp.
5245,Eukaryota,Bryozoa,Gymnolaemata,Cheilostomatida,Membraniporidae,Membranipora,Membranipora villosa
5246,Eukaryota,Arthropoda,Malacostraca,Euphausiacea,Euphausiidae,Hansarsia,NA
5247,Eukaryota,Arthropoda,Copepoda,Calanoida,Eucalanidae,Eucalanus,Eucalanus californicus
5248,Eukaryota,Bryozoa,Gymnolaemata,Cheilostomatida,Membraniporidae,Membranipora,NA
5249,NA,NA,NA,NA,NA,NA,NA
5250,Eukaryota,Arthropoda,Malacostraca,Decapoda,Axiidae,Calocarides,Calocarides spinulicauda
5251,NA,NA,NA,NA,NA,NA,NA
5252,Eukaryota,Arthropoda,Malacostraca,Euphausiacea,Euphausiidae,Euphausia,NA
5253,NA,NA,NA,NA,NA,NA,NA
5254,NA,NA,NA,NA,NA,NA,NA
5255,NA,NA,NA,NA,NA,NA,NA
5256,Eukaryota,Arthropoda,Malacostraca,Decapoda,Epialtidae,Pugettia,Pugettia producta
5257,Eukaryota,Arthropoda,Copepoda,Calanoida,Eucalanidae,Eucalanus,Eucalanus californicus
5258,Eukaryota,Arthropoda,Copepoda,Calanoida,Eucalanidae,Eucalanus,Eucalanus californicus
5259,Eukaryota,Arthropoda,Copepoda,Calanoida,Eucalanidae,Eucalanus,Eucalanus californicus
5260,Eukaryota,Arthropoda,Copepoda,Calanoida,Eucalanidae,Eucalanus,Eucalanus californicus
5261,Eukaryota,Arthropoda,Copepoda,Calanoida,Eucalanidae,Eucalanus,Eucalanus californicus
5262,Eukaryota,Arthropoda,Copepoda,Calanoida,Paracalanidae,Paracalanus,NA
5263,Eukaryota,Arthropoda,Malacostraca,Euphausiacea,Euphausiidae,Nyctiphanes,Nyctiphanes simplex
5264,NA,NA,NA,NA,NA,NA,NA
5265,Eukaryota,Cnidaria,Hydrozoa,Trachymedusae,Rhopalonematidae,Rhopalonema,Rhopalonema velatum
5266,Eukaryota,Mollusca,Gastropoda,Nudibranchia,Goniodorididae,NA,NA
5267,Eukaryota,Arthropoda,Malacostraca,Euphausiacea,Euphausiidae,Hansarsia,NA
5268,Eukaryota,Arthropoda,Copepoda,Calanoida,Eucalanidae,Eucalanus,Eucalanus californicus
5269,Eukaryota,Echinodermata,Echinoidea,Clypeasteroida,Dendrasteridae,Dendraster,Dendraster excentricus
5270,Eukaryota,Arthropoda,Thecostraca,Balanomorpha,Chthamalidae,Chthamalus,Chthamalus fissus
5271,Eukaryota,Arthropoda,Copepoda,Calanoida,Eucalanidae,Eucalanus,Eucalanus californicus
5272,NA,NA,NA,NA,NA,NA,NA
5273,Eukaryota,Arthropoda,Copepoda,Calanoida,Eucalanidae,Eucalanus,Eucalanus californicus
5274,Eukaryota,Annelida,Polychaeta,Phyllodocida,Sigalionidae,Sthenelanella,Sthenelanella uniformis
5275,NA,NA,NA,NA,NA,NA,NA
5276,Eukaryota,Arthropoda,Malacostraca,Euphausiacea,Euphausiidae,Thysanoessa,Thysanoessa gregaria
5277,Eukaryota,Arthropoda,Malacostraca,Euphausiacea,Euphausiidae,Nyctiphanes,Nyctiphanes simplex
5278,NA,NA,NA,NA,NA,NA,NA
5279,NA,NA,NA,NA,NA,NA,NA
5280,Eukaryota,Arthropoda,Copepoda,Poecilostomatoida,Oncaeidae,Oncaea,Oncaea sp.
5281,Eukaryota,Bryozoa,Gymnolaemata,Cheilostomatida,Membraniporidae,Membranipora,NA
5282,Eukaryota,Arthropoda,Copepoda,Calanoida,Eucalanidae,Eucalanus,Eucalanus californicus
5283,NA,NA,NA,NA,NA,NA,NA
5284,Eukaryota,Arthropoda,Copepoda,Poecilostomatoida,Oncaeidae,Oncaea,Oncaea sp.
5285,Eukaryota,Arthropoda,Copepoda,Calanoida,Lucicutiidae,Lucicutia,Lucicutia flavicornis
5286,Eukaryota,Arthropoda,Copepoda,Poecilostomatoida,Oncaeidae,Oncaea,Oncaea sp.
5287,NA,NA,NA,NA,NA,NA,NA
5288,Eukaryota,Bacillariophyta,Thalassiosirophyceae,Chaetocerotales,Chaetocerotaceae,NA,NA
5289,Eukaryota,Arthropoda,Copepoda,Calanoida,Eucalanidae,Eucalanus,Eucalanus californicus
5290,NA,NA,NA,NA,NA,NA,NA
5291,NA,NA,NA,NA,NA,NA,NA
5292,Eukaryota,Cnidaria,Hydrozoa,Siphonophorae,Agalmatidae,Nanomia,Nanomia septata
5293,Eukaryota,Arthropoda,Copepoda,Calanoida,Lucicutiidae,Lucicutia,Lucicutia flavicornis
5294,NA,NA,NA,NA,NA,NA,NA
5295,NA,NA,NA,NA,NA,NA,NA
5296,NA,NA,NA,NA,NA,NA,NA
5297,Eukaryota,Annelida,Polychaeta,Phyllodocida,Alciopedidae,Torrea,Torrea sp. JE_2010
5298,NA,NA,NA,NA,NA,NA,NA
5299,Eukaryota,Arthropoda,Copepoda,Calanoida,Metridinidae,Pleuromamma,Pleuromamma gracilis
5300,Eukaryota,Arthropoda,Insecta,Diptera,Hippoboscidae,NA,NA
5301,Eukaryota,Echinodermata,Ophiuroidea,Amphilepidida,Ophiuridae,NA,NA
5302,Eukaryota,Arthropoda,Ostracoda,Halocyprida,Halocyprididae,Conchoecia,Conchoecia magna
5303,NA,NA,NA,NA,NA,NA,NA
5304,Eukaryota,Arthropoda,Copepoda,Calanoida,Candaciidae,Candacia,Candacia bipinnata
5305,Eukaryota,Echinodermata,Ophiuroidea,Amphilepidida,Amphiuridae,NA,NA
5306,Eukaryota,Annelida,Polychaeta,Phyllodocida,Polynoidae,NA,NA
5307,NA,NA,NA,NA,NA,NA,NA
5308,NA,NA,NA,NA,NA,NA,NA
5309,Eukaryota,Arthropoda,Copepoda,Calanoida,Eucalanidae,Eucalanus,Eucalanus californicus
5310,Eukaryota,Arthropoda,Copepoda,Calanoida,Eucalanidae,Eucalanus,Eucalanus californicus
5311,Eukaryota,Arthropoda,Malacostraca,Decapoda,Munididae,Antillimunida,Antillimunida bapensis
5312,Eukaryota,Echinodermata,Ophiuroidea,Amphilepidida,Ophionereidae,Ophionereis,NA
5313,Eukaryota,Echinodermata,Ophiuroidea,Amphilepidida,Amphiuridae,NA,NA
5314,Eukaryota,Chaetognatha,Sagittoidea,Aphragmophora,Sagittidae,Flaccisagitta,NA
5315,NA,NA,NA,NA,NA,NA,NA
5316,NA,NA,NA,NA,NA,NA,NA
5317,Eukaryota,Arthropoda,Copepoda,Calanoida,Clausocalanidae,Clausocalanus,Clausocalanus parapergens
5318,Eukaryota,Arthropoda,Malacostraca,Decapoda,Hippolytidae,Eualus,Eualus subtilis
5319,NA,NA,NA,NA,NA,NA,NA
5320,NA,NA,NA,NA,NA,NA,NA
5321,Eukaryota,Arthropoda,Copepoda,Calanoida,Euchaetidae,Paraeuchaeta,Paraeuchaeta media
5322,Eukaryota,Nemertea,Palaeonemertea,Carinomiformes,Carinomidae,NA,NA
5323,Eukaryota,Arthropoda,Copepoda,Calanoida,Eucalanidae,Eucalanus,Eucalanus californicus
5324,Eukaryota,Echinodermata,Ophiuroidea,Amphilepidida,Ophiactidae,Ophiopholis,Ophiopholis sp. EAC01
5325,NA,NA,NA,NA,NA,NA,NA
5326,Eukaryota,Arthropoda,Copepoda,Calanoida,Eucalanidae,Eucalanus,Eucalanus californicus
5327,Eukaryota,Arthropoda,Copepoda,Calanoida,Eucalanidae,Eucalanus,Eucalanus californicus
5328,Eukaryota,Arthropoda,Copepoda,Calanoida,Pontellidae,Labidocera,Labidocera trispinosa
5329,NA,NA,NA,NA,NA,NA,NA
5330,Eukaryota,Arthropoda,Malacostraca,Euphausiacea,Euphausiidae,Euphausia,Euphausia pacifica
5331,Eukaryota,Arthropoda,Ostracoda,Halocyprida,Halocyprididae,Discoconchoecia,NA
5332,NA,NA,NA,NA,NA,NA,NA
5333,Eukaryota,Arthropoda,Malacostraca,Euphausiacea,Euphausiidae,Nyctiphanes,Nyctiphanes simplex
5334,Eukaryota,Arthropoda,Malacostraca,Decapoda,Blepharipodidae,NA,NA
5335,NA,NA,NA,NA,NA,NA,NA
5336,Eukaryota,Arthropoda,Thecostraca,Balanomorpha,Balanidae,Solidobalanus,Solidobalanus engbergi
5337,NA,NA,NA,NA,NA,NA,NA
5338,Eukaryota,Arthropoda,Copepoda,Calanoida,Calanidae,Calanus,Calanus pacificus
5339,Eukaryota,Arthropoda,Thecostraca,Lepadidae,Lepadidae,NA,NA
5340,Eukaryota,Mollusca,Gastropoda,Pteropoda,Creseidae,Styliola,Styliola sp.
5341,Eukaryota,Arthropoda,Copepoda,Calanoida,Eucalanidae,Eucalanus,Eucalanus californicus
5342,Eukaryota,Arthropoda,Copepoda,Calanoida,Calanidae,NA,NA
5343,NA,NA,NA,NA,NA,NA,NA
5344,Eukaryota,Bryozoa,Gymnolaemata,Cheilostomatida,Membraniporidae,Membranipora,NA
5345,Eukaryota,Arthropoda,Copepoda,Calanoida,Pontellidae,Labidocera,Labidocera trispinosa
5346,Eukaryota,Arthropoda,Copepoda,Calanoida,Eucalanidae,Eucalanus,Eucalanus californicus
5347,NA,NA,NA,NA,NA,NA,NA
5348,Eukaryota,Arthropoda,Copepoda,Poecilostomatoida,Oncaeidae,Oncaea,Oncaea sp.
5349,Eukaryota,Arthropoda,Malacostraca,Euphausiacea,Euphausiidae,Thysanoessa,Thysanoessa gregaria
5350,NA,NA,NA,NA,NA,NA,NA
5351,NA,NA,NA,NA,NA,NA,NA
5352,NA,NA,NA,NA,NA,NA,NA
5353,NA,NA,NA,NA,NA,NA,NA
5354,NA,NA,NA,NA,NA,NA,NA
5355,Eukaryota,Arthropoda,Copepoda,Calanoida,Eucalanidae,Rhincalanus,NA
5356,Eukaryota,Arthropoda,Copepoda,Calanoida,Eucalanidae,Eucalanus,Eucalanus californicus
5357,Eukaryota,Chordata,Actinopteri,Myctophiformes,Myctophidae,Triphoturus,Triphoturus mexicanus
5358,NA,NA,NA,NA,NA,NA,NA
5359,NA,NA,NA,NA,NA,NA,NA
5360,Eukaryota,Arthropoda,Malacostraca,Euphausiacea,Euphausiidae,Nyctiphanes,Nyctiphanes simplex
5361,Eukaryota,Arthropoda,Malacostraca,Euphausiacea,Euphausiidae,Thysanoessa,Thysanoessa gregaria
5362,Eukaryota,Chaetognatha,Sagittoidea,Aphragmophora,Sagittidae,Flaccisagitta,NA
5363,Eukaryota,Arthropoda,Copepoda,Poecilostomatoida,Oncaeidae,Oncaea,Oncaea sp.
5364,NA,NA,NA,NA,NA,NA,NA
5365,NA,NA,NA,NA,NA,NA,NA
5366,Eukaryota,Arthropoda,Copepoda,Poecilostomatoida,Corycaeidae,NA,NA
5367,Eukaryota,Arthropoda,Malacostraca,Decapoda,Hippidae,Emerita,Emerita analoga
5368,Eukaryota,Echinodermata,Ophiuroidea,Amphilepidida,Amphiuridae,NA,NA
5369,NA,NA,NA,NA,NA,NA,NA
5370,NA,NA,NA,NA,NA,NA,NA
5371,Eukaryota,Arthropoda,Malacostraca,Euphausiacea,Euphausiidae,Hansarsia,Hansarsia difficilis
5372,Eukaryota,Arthropoda,Copepoda,Calanoida,Metridinidae,Pleuromamma,Pleuromamma gracilis
5373,Eukaryota,Arthropoda,Malacostraca,Euphausiacea,Euphausiidae,Thysanoessa,Thysanoessa gregaria
5374,NA,NA,NA,NA,NA,NA,NA
5375,Eukaryota,Arthropoda,Copepoda,Calanoida,Paracalanidae,Paracalanus,Paracalanus sp. C AC_2013
5376,Eukaryota,Bryozoa,Gymnolaemata,Cheilostomatida,Membraniporidae,Membranipora,Membranipora villosa
5377,Eukaryota,Mollusca,Gastropoda,Pteropoda,Creseidae,Styliola,Styliola sp.
5378,Eukaryota,Arthropoda,Copepoda,Poecilostomatoida,Oncaeidae,Oncaea,Oncaea sp.
5379,NA,NA,NA,NA,NA,NA,NA
5380,Eukaryota,Arthropoda,Thecostraca,Balanomorpha,Balanidae,Balanus,Balanus trigonus
5381,Eukaryota,Arthropoda,Malacostraca,Decapoda,Panopeidae,NA,NA
5382,NA,NA,NA,NA,NA,NA,NA
5383,Eukaryota,Arthropoda,Copepoda,Calanoida,Eucalanidae,Eucalanus,NA
5384,NA,NA,NA,NA,NA,NA,NA
5385,Eukaryota,Echinodermata,Echinoidea,Clypeasteroida,Dendrasteridae,Dendraster,Dendraster excentricus
5386,NA,NA,NA,NA,NA,NA,NA
5387,NA,NA,NA,NA,NA,NA,NA
5388,Eukaryota,Mollusca,Bivalvia,Mytilida,Modiolidae,Modiolus,NA
5389,Eukaryota,Chordata,Actinopteri,Myctophiformes,Myctophidae,Triphoturus,Triphoturus mexicanus
5390,NA,NA,NA,NA,NA,NA,NA
5391,Eukaryota,Chlorophyta,Chloropicophyceae,Chloropicales,Chloropicaceae,Chloroparvula,Chloroparvula pacifica
5392,NA,NA,NA,NA,NA,NA,NA
5393,Eukaryota,Arthropoda,Malacostraca,Decapoda,Munididae,Antillimunida,Antillimunida bapensis
5394,Eukaryota,Arthropoda,Copepoda,Calanoida,Euchaetidae,Euchaeta,Euchaeta marina
5395,Eukaryota,Arthropoda,Copepoda,Calanoida,Metridinidae,Pleuromamma,Pleuromamma borealis
5396,NA,NA,NA,NA,NA,NA,NA
5397,Eukaryota,Mollusca,Gastropoda,Pteropoda,Cliidae,Clio,Clio pyramidata
5398,Eukaryota,Arthropoda,Copepoda,Calanoida,Eucalanidae,Eucalanus,Eucalanus californicus
5399,NA,NA,NA,NA,NA,NA,NA
5400,Eukaryota,Arthropoda,Copepoda,Calanoida,Lucicutiidae,Lucicutia,Lucicutia flavicornis
5401,NA,NA,NA,NA,NA,NA,NA
5402,NA,NA,NA,NA,NA,NA,NA
5403,NA,NA,NA,NA,NA,NA,NA
5404,NA,NA,NA,NA,NA,NA,NA
5405,Eukaryota,Mollusca,Gastropoda,Pteropoda,Creseidae,Styliola,Styliola sp.
5406,Eukaryota,Arthropoda,Malacostraca,Euphausiacea,Euphausiidae,Stylocheiron,NA
5407,Eukaryota,Arthropoda,Malacostraca,Euphausiacea,Euphausiidae,NA,NA
5408,Eukaryota,Arthropoda,Malacostraca,Euphausiacea,Euphausiidae,Hansarsia,Hansarsia difficilis
5409,NA,NA,NA,NA,NA,NA,NA
5410,Eukaryota,Bryozoa,Gymnolaemata,Cheilostomatida,Membraniporidae,Membranipora,Membranipora villosa
5411,Eukaryota,Arthropoda,Ostracoda,Halocyprida,Halocyprididae,Discoconchoecia,NA
5412,NA,NA,NA,NA,NA,NA,NA
5413,Eukaryota,Mollusca,Gastropoda,Cephalaspidea,Philinidae,Philine,NA
5414,NA,NA,NA,NA,NA,NA,NA
5415,Eukaryota,Bryozoa,Gymnolaemata,Cheilostomatida,Membraniporidae,Membranipora,Membranipora villosa
5416,NA,NA,NA,NA,NA,NA,NA
5417,NA,NA,NA,NA,NA,NA,NA
5418,NA,NA,NA,NA,NA,NA,NA
5419,Eukaryota,Echinodermata,Ophiuroidea,Amphilepidida,Ophiotrichidae,Ophiothrix,Ophiothrix spiculata
5420,Eukaryota,Annelida,Polychaeta,Phyllodocida,Polynoidae,NA,NA
5421,Eukaryota,Annelida,Polychaeta,Sabellida,Sabellariidae,Phragmatopoma,Phragmatopoma californica
5422,NA,NA,NA,NA,NA,NA,NA
5423,Eukaryota,Annelida,Polychaeta,Spionida,Spionidae,NA,NA
5424,NA,NA,NA,NA,NA,NA,NA
5425,NA,NA,NA,NA,NA,NA,NA
5426,Eukaryota,Annelida,Polychaeta,Phyllodocida,Alciopedidae,Torrea,Torrea sp. JE_2010
5427,Eukaryota,Arthropoda,Copepoda,Poecilostomatoida,Oncaeidae,Oncaea,Oncaea sp.
5428,NA,NA,NA,NA,NA,NA,NA
5429,NA,NA,NA,NA,NA,NA,NA
5430,Eukaryota,Bryozoa,Gymnolaemata,Cheilostomatida,Membraniporidae,Membranipora,Membranipora villosa
5431,Eukaryota,Bryozoa,Gymnolaemata,Cheilostomatida,Membraniporidae,Membranipora,Membranipora villosa
5432,NA,NA,NA,NA,NA,NA,NA
5433,Eukaryota,Arthropoda,Copepoda,Calanoida,Clausocalanidae,Clausocalanus,Clausocalanus pergens
5434,NA,NA,NA,NA,NA,NA,NA
5435,NA,NA,NA,NA,NA,NA,NA
5436,NA,NA,NA,NA,NA,NA,NA
5437,Eukaryota,Arthropoda,Copepoda,Calanoida,Lucicutiidae,Lucicutia,Lucicutia flavicornis
5438,NA,NA,NA,NA,NA,NA,NA
5439,Eukaryota,Arthropoda,Copepoda,Calanoida,Eucalanidae,Eucalanus,Eucalanus californicus
5440,Eukaryota,Arthropoda,Copepoda,Calanoida,Eucalanidae,Eucalanus,Eucalanus californicus
5441,Eukaryota,Arthropoda,Copepoda,Calanoida,Scolecitrichidae,Scolecithricella,Scolecithricella dentata
5442,NA,NA,NA,NA,NA,NA,NA
5443,Eukaryota,Mollusca,Gastropoda,Pteropoda,Cliidae,Clio,Clio pyramidata
5444,NA,NA,NA,NA,NA,NA,NA
5445,NA,NA,NA,NA,NA,NA,NA
5446,NA,NA,NA,NA,NA,NA,NA
5447,NA,NA,NA,NA,NA,NA,NA
5448,NA,NA,NA,NA,NA,NA,NA
5449,NA,NA,NA,NA,NA,NA,NA
5450,Eukaryota,Arthropoda,Copepoda,Calanoida,Eucalanidae,Eucalanus,Eucalanus californicus
5451,Eukaryota,Arthropoda,Copepoda,Calanoida,Scolecitrichidae,Scolecithrix,Scolecithrix bradyi
5452,Eukaryota,Mollusca,Cephalopoda,Myopsida,Loliginidae,NA,NA
5453,NA,NA,NA,NA,NA,NA,NA
5454,NA,NA,NA,NA,NA,NA,NA
5455,NA,NA,NA,NA,NA,NA,NA
5456,NA,NA,NA,NA,NA,NA,NA
5457,NA,NA,NA,NA,NA,NA,NA
5458,Eukaryota,Arthropoda,Copepoda,Calanoida,Eucalanidae,Eucalanus,Eucalanus hyalinus
5459,NA,NA,NA,NA,NA,NA,NA
5460,Eukaryota,Arthropoda,Copepoda,Calanoida,Eucalanidae,Eucalanus,Eucalanus californicus
5461,NA,NA,NA,NA,NA,NA,NA
5462,NA,NA,NA,NA,NA,NA,NA
5463,NA,NA,NA,NA,NA,NA,NA
5464,Eukaryota,Cnidaria,Hydrozoa,Anthoathecata,Pandeidae,NA,NA
5465,NA,NA,NA,NA,NA,NA,NA
5466,Eukaryota,Arthropoda,Copepoda,Calanoida,Eucalanidae,Eucalanus,Eucalanus californicus
5467,NA,NA,NA,NA,NA,NA,NA
5468,Eukaryota,Arthropoda,Copepoda,Calanoida,Metridinidae,Pleuromamma,Pleuromamma abdominalis
5469,Eukaryota,Arthropoda,Copepoda,Poecilostomatoida,Oncaeidae,Oncaea,Oncaea sp.
5470,NA,NA,NA,NA,NA,NA,NA
5471,Eukaryota,Arthropoda,Ostracoda,Halocyprida,Halocyprididae,Proceroecia,Proceroecia procera
5472,Eukaryota,Arthropoda,Copepoda,Calanoida,Eucalanidae,Eucalanus,Eucalanus californicus
5473,NA,NA,NA,NA,NA,NA,NA
5474,NA,NA,NA,NA,NA,NA,NA
5475,Eukaryota,Annelida,Polychaeta,Spionida,Spionidae,NA,NA
5476,NA,NA,NA,NA,NA,NA,NA
5477,NA,NA,NA,NA,NA,NA,NA
5478,Eukaryota,Arthropoda,Copepoda,Poecilostomatoida,Oncaeidae,Oncaea,Oncaea sp.
5479,NA,NA,NA,NA,NA,NA,NA
5480,NA,NA,NA,NA,NA,NA,NA
5481,Eukaryota,Arthropoda,Malacostraca,Decapoda,Pinnotheridae,Pinnixa,Pinnixa occidentalis
5482,NA,NA,NA,NA,NA,NA,NA
5483,NA,NA,NA,NA,NA,NA,NA
5484,Eukaryota,Arthropoda,Malacostraca,Decapoda,Crangonidae,NA,NA
5485,Eukaryota,Arthropoda,Copepoda,Calanoida,Aetideidae,NA,NA
5486,NA,NA,NA,NA,NA,NA,NA
5487,NA,NA,NA,NA,NA,NA,NA
5488,NA,NA,NA,NA,NA,NA,NA
5489,Eukaryota,Mollusca,Gastropoda,Pteropoda,Cliidae,Clio,Clio pyramidata
5490,Eukaryota,Annelida,Polychaeta,Phyllodocida,Phyllodocidae,NA,NA
5491,Eukaryota,Arthropoda,Malacostraca,Decapoda,Cancridae,NA,NA
5492,NA,NA,NA,NA,NA,NA,NA
5493,Eukaryota,Arthropoda,Copepoda,Calanoida,Aetideidae,NA,NA
5494,NA,NA,NA,NA,NA,NA,NA
5495,NA,NA,NA,NA,NA,NA,NA
5496,NA,NA,NA,NA,NA,NA,NA
5497,Eukaryota,Bryozoa,Gymnolaemata,Cheilostomatida,Membraniporidae,Membranipora,Membranipora villosa
5498,Eukaryota,Arthropoda,Malacostraca,Euphausiacea,Euphausiidae,Hansarsia,Hansarsia difficilis
5499,Eukaryota,Arthropoda,Malacostraca,Decapoda,Cancridae,NA,NA
5500,Eukaryota,Arthropoda,Malacostraca,Decapoda,Panopeidae,Lophopanopeus,Lophopanopeus bellus
5501,NA,NA,NA,NA,NA,NA,NA
5502,NA,NA,NA,NA,NA,NA,NA
5503,NA,NA,NA,NA,NA,NA,NA
5504,Eukaryota,Arthropoda,Copepoda,Calanoida,Eucalanidae,Eucalanus,Eucalanus californicus
5505,NA,NA,NA,NA,NA,NA,NA
5506,Eukaryota,Bryozoa,Gymnolaemata,Cheilostomatida,Membraniporidae,Membranipora,NA
5507,Eukaryota,Arthropoda,Copepoda,Calanoida,Eucalanidae,Eucalanus,Eucalanus californicus
5508,Eukaryota,Arthropoda,Malacostraca,Euphausiacea,Euphausiidae,Nyctiphanes,Nyctiphanes simplex
5509,NA,NA,NA,NA,NA,NA,NA
5510,NA,NA,NA,NA,NA,NA,NA
5511,NA,NA,NA,NA,NA,NA,NA
5512,Eukaryota,Arthropoda,Copepoda,Calanoida,Eucalanidae,Eucalanus,NA
5513,Eukaryota,Arthropoda,Copepoda,Calanoida,Eucalanidae,Eucalanus,Eucalanus californicus
5514,Eukaryota,Mollusca,Gastropoda,Pteropoda,Creseidae,Creseis,Creseis conica
5515,Eukaryota,Arthropoda,Malacostraca,Euphausiacea,Euphausiidae,Hansarsia,NA
5516,Eukaryota,Arthropoda,Copepoda,Calanoida,Eucalanidae,Rhincalanus,Rhincalanus nasutus
5517,NA,NA,NA,NA,NA,NA,NA
5518,Eukaryota,Arthropoda,Ostracoda,Halocyprida,Halocyprididae,NA,NA
5519,NA,NA,NA,NA,NA,NA,NA
5520,Eukaryota,Arthropoda,Copepoda,Poecilostomatoida,Oncaeidae,Oncaea,Oncaea sp.
5521,Eukaryota,Arthropoda,Copepoda,Poecilostomatoida,Oncaeidae,Oncaea,Oncaea sp.
5522,NA,NA,NA,NA,NA,NA,NA
5523,Eukaryota,Arthropoda,Thecostraca,Balanomorpha,Balanidae,Balanus,Balanus trigonus
5524,Eukaryota,Mollusca,Gastropoda,Littorinimorpha,Velutinidae,Hainotis,Hainotis sharonae
5525,Eukaryota,Arthropoda,Copepoda,Poecilostomatoida,Oncaeidae,Oncaea,Oncaea sp.
5526,NA,NA,NA,NA,NA,NA,NA
5527,Eukaryota,Arthropoda,Copepoda,Poecilostomatoida,Oncaeidae,Oncaea,Oncaea sp.
5528,Eukaryota,Arthropoda,Copepoda,Poecilostomatoida,Oncaeidae,Oncaea,Oncaea sp.
5529,NA,NA,NA,NA,NA,NA,NA
5530,Eukaryota,Arthropoda,Malacostraca,Amphipoda,Paraphronimidae,NA,NA
5531,Eukaryota,Bryozoa,Gymnolaemata,Cheilostomatida,Membraniporidae,NA,NA
5532,Eukaryota,Arthropoda,Ostracoda,Halocyprida,Halocyprididae,Conchoecia,Conchoecia magna
5533,NA,NA,NA,NA,NA,NA,NA
5534,Eukaryota,Bacillariophyta,Bacillariophyceae,Bacillariales,Bacillariaceae,Pseudo_nitzschia,NA
5535,NA,NA,NA,NA,NA,NA,NA
5536,Eukaryota,Arthropoda,Copepoda,Calanoida,Eucalanidae,Eucalanus,Eucalanus californicus
5537,NA,NA,NA,NA,NA,NA,NA
5538,NA,NA,NA,NA,NA,NA,NA
5539,NA,NA,NA,NA,NA,NA,NA
5540,Eukaryota,Arthropoda,Copepoda,Calanoida,Eucalanidae,Eucalanus,Eucalanus californicus
5541,Eukaryota,Arthropoda,Malacostraca,Decapoda,Callianassidae,NA,NA
5542,Eukaryota,Echinodermata,Ophiuroidea,Amphilepidida,Ophiotrichidae,Ophiothrix,Ophiothrix spiculata
5543,Eukaryota,Arthropoda,Malacostraca,Decapoda,Palinuridae,Panulirus,Panulirus interruptus
5544,Eukaryota,Arthropoda,Malacostraca,Decapoda,Paguridae,Pagurus,Pagurus samuelis
5545,NA,NA,NA,NA,NA,NA,NA
5546,NA,NA,NA,NA,NA,NA,NA
5547,NA,NA,NA,NA,NA,NA,NA
5548,Eukaryota,Mollusca,Gastropoda,Pteropoda,Cuvierinidae,Cuvierina,Cuvierina pacifica
5549,NA,NA,NA,NA,NA,NA,NA
5550,Eukaryota,Arthropoda,Copepoda,Calanoida,Eucalanidae,Eucalanus,Eucalanus californicus
5551,NA,NA,NA,NA,NA,NA,NA
5552,Eukaryota,Arthropoda,Copepoda,Calanoida,Eucalanidae,Eucalanus,Eucalanus californicus
5553,Eukaryota,Arthropoda,Copepoda,Calanoida,Eucalanidae,Eucalanus,Eucalanus californicus
5554,Eukaryota,Chordata,Actinopteri,Labriformes,Labridae,Halichoeres,Halichoeres semicinctus
5555,NA,NA,NA,NA,NA,NA,NA
5556,NA,NA,NA,NA,NA,NA,NA
5557,Eukaryota,Arthropoda,Copepoda,Calanoida,Eucalanidae,Eucalanus,Eucalanus californicus
5558,NA,NA,NA,NA,NA,NA,NA
5559,Eukaryota,Arthropoda,Copepoda,Poecilostomatoida,Oncaeidae,Oncaea,Oncaea sp.
5560,NA,NA,NA,NA,NA,NA,NA
5561,NA,NA,NA,NA,NA,NA,NA
5562,Eukaryota,Arthropoda,Copepoda,Calanoida,Clausocalanidae,Clausocalanus,Clausocalanus pergens
5563,NA,NA,NA,NA,NA,NA,NA
5564,Eukaryota,Echinodermata,Ophiuroidea,Amphilepidida,Ophionereidae,Ophionereis,NA
5565,Eukaryota,Arthropoda,Copepoda,Poecilostomatoida,Oncaeidae,Oncaea,Oncaea sp.
5566,Eukaryota,Arthropoda,Copepoda,Calanoida,Metridinidae,Pleuromamma,Pleuromamma abdominalis
5567,Eukaryota,Echinodermata,Ophiuroidea,Amphilepidida,Ophiotrichidae,Ophiothrix,Ophiothrix spiculata
5568,NA,NA,NA,NA,NA,NA,NA
5569,NA,NA,NA,NA,NA,NA,NA
5570,NA,NA,NA,NA,NA,NA,NA
5571,NA,NA,NA,NA,NA,NA,NA
5572,NA,NA,NA,NA,NA,NA,NA
5573,Eukaryota,Arthropoda,Copepoda,Calanoida,Scolecitrichidae,Scolecithrix,Scolecithrix bradyi
5574,Eukaryota,Bacillariophyta,Thalassiosirophyceae,Chaetocerotales,Chaetocerotaceae,NA,NA
5575,NA,NA,NA,NA,NA,NA,NA
5576,NA,NA,NA,NA,NA,NA,NA
5577,Eukaryota,Bacillariophyta,Bacillariophyceae,Bacillariales,Bacillariaceae,Pseudo_nitzschia,NA
5578,Eukaryota,Arthropoda,Copepoda,Calanoida,Paracalanidae,Paracalanus,Paracalanus sp. C AC_2013
5579,Eukaryota,Bacillariophyta,Thalassiosirophyceae,Hemiaulales,Hemiaulaceae,Hemiaulus,Hemiaulus sinensis
5580,NA,NA,NA,NA,NA,NA,NA
5581,NA,NA,NA,NA,NA,NA,NA
5582,NA,NA,NA,NA,NA,NA,NA
5583,NA,NA,NA,NA,NA,NA,NA
5584,Eukaryota,Arthropoda,Copepoda,Calanoida,Metridinidae,Pleuromamma,Pleuromamma gracilis
5585,NA,NA,NA,NA,NA,NA,NA
5586,Eukaryota,Mollusca,Gastropoda,Nudibranchia,Tritoniidae,Tritonia,Tritonia tetraquetra
5587,Eukaryota,Annelida,Polychaeta,Phyllodocida,Tomopteridae,Tomopteris,Tomopteris sp. USNM IZ 1449764
5588,Eukaryota,Arthropoda,Malacostraca,Euphausiacea,Euphausiidae,Hansarsia,NA
5589,Eukaryota,Annelida,Sipuncula,Phascolosomatiformes,Phascolosomatidae,Phascolosoma,Phascolosoma agassizii
5590,NA,NA,NA,NA,NA,NA,NA
5591,NA,NA,NA,NA,NA,NA,NA
5592,NA,NA,NA,NA,NA,NA,NA
5593,NA,NA,NA,NA,NA,NA,NA
5594,Eukaryota,Arthropoda,Copepoda,Calanoida,Calanidae,Calanus,Calanus pacificus
5595,NA,NA,NA,NA,NA,NA,NA
5596,NA,NA,NA,NA,NA,NA,NA
5597,NA,NA,NA,NA,NA,NA,NA
5598,NA,NA,NA,NA,NA,NA,NA
5599,NA,NA,NA,NA,NA,NA,NA
5600,NA,NA,NA,NA,NA,NA,NA
5601,NA,NA,NA,NA,NA,NA,NA
5602,NA,NA,NA,NA,NA,NA,NA
5603,NA,NA,NA,NA,NA,NA,NA
5604,Eukaryota,Arthropoda,Copepoda,Poecilostomatoida,Oncaeidae,Oncaea,Oncaea sp.
5605,Eukaryota,Arthropoda,Copepoda,Calanoida,Clausocalanidae,NA,NA
5606,Eukaryota,Arthropoda,Copepoda,Calanoida,Euchaetidae,Euchaeta,Euchaeta marina
5607,NA,NA,NA,NA,NA,NA,NA
5608,Eukaryota,Arthropoda,Copepoda,Poecilostomatoida,Oncaeidae,Oncaea,Oncaea sp.
5609,Eukaryota,Cnidaria,Hydrozoa,Trachymedusae,Halicreatidae,NA,NA
5610,Eukaryota,Arthropoda,Copepoda,Calanoida,Clausocalanidae,Clausocalanus,Clausocalanus arcuicornis
5611,NA,NA,NA,NA,NA,NA,NA
5612,NA,NA,NA,NA,NA,NA,NA
5613,NA,NA,NA,NA,NA,NA,NA
5614,Eukaryota,Arthropoda,Malacostraca,Decapoda,Pilumnidae,NA,NA
5615,NA,NA,NA,NA,NA,NA,NA
5616,Eukaryota,Arthropoda,Copepoda,Harpacticoida,Aegisthidae,Pontostratiotes,NA
5617,Eukaryota,Arthropoda,Copepoda,Calanoida,Eucalanidae,Eucalanus,Eucalanus californicus
5618,Eukaryota,Arthropoda,Malacostraca,Euphausiacea,Euphausiidae,Hansarsia,Hansarsia difficilis
5619,NA,NA,NA,NA,NA,NA,NA
5620,NA,NA,NA,NA,NA,NA,NA
5621,NA,NA,NA,NA,NA,NA,NA
5622,Eukaryota,Arthropoda,Malacostraca,Decapoda,Panopeidae,Lophopanopeus,Lophopanopeus bellus
5623,NA,NA,NA,NA,NA,NA,NA
5624,NA,NA,NA,NA,NA,NA,NA
5625,NA,NA,NA,NA,NA,NA,NA
5626,Eukaryota,Arthropoda,Copepoda,Calanoida,Eucalanidae,Rhincalanus,NA
5627,Eukaryota,Arthropoda,Copepoda,Calanoida,Eucalanidae,Eucalanus,Eucalanus californicus
5628,Eukaryota,Mollusca,Gastropoda,Neogastropoda,Nassariidae,NA,NA
5629,Eukaryota,Arthropoda,Malacostraca,Euphausiacea,Euphausiidae,Euphausia,Euphausia pacifica
5630,Eukaryota,Arthropoda,Copepoda,Calanoida,Lucicutiidae,Lucicutia,Lucicutia flavicornis
5631,Eukaryota,Arthropoda,Copepoda,Calanoida,Eucalanidae,Rhincalanus,Rhincalanus nasutus
5632,Eukaryota,Mollusca,Gastropoda,Nudibranchia,Glaucidae,Hermissenda,Hermissenda opalescens
5633,Eukaryota,Arthropoda,Thecostraca,Balanomorpha,Chthamalidae,Chthamalus,Chthamalus fissus
5634,NA,NA,NA,NA,NA,NA,NA
5635,Eukaryota,Arthropoda,Malacostraca,Euphausiacea,Euphausiidae,Nyctiphanes,Nyctiphanes simplex
5636,Eukaryota,Arthropoda,Malacostraca,Euphausiacea,Euphausiidae,Hansarsia,NA
5637,Eukaryota,Mollusca,Gastropoda,Littorinimorpha,Atlantidae,Atlanta,Atlanta sp. USNM IZ 1230636
5638,NA,NA,NA,NA,NA,NA,NA
5639,NA,NA,NA,NA,NA,NA,NA
5640,Eukaryota,Echinodermata,Ophiuroidea,Amphilepidida,Amphiuridae,NA,NA
5641,NA,NA,NA,NA,NA,NA,NA
5642,NA,NA,NA,NA,NA,NA,NA
5643,Eukaryota,Arthropoda,Malacostraca,Euphausiacea,Euphausiidae,NA,NA
5644,NA,NA,NA,NA,NA,NA,NA
5645,NA,NA,NA,NA,NA,NA,NA
5646,Eukaryota,Arthropoda,Copepoda,Calanoida,Pontellidae,Labidocera,Labidocera trispinosa
5647,NA,NA,NA,NA,NA,NA,NA
5648,NA,NA,NA,NA,NA,NA,NA
5649,Eukaryota,Arthropoda,Copepoda,Calanoida,Lucicutiidae,Lucicutia,Lucicutia flavicornis
5650,NA,NA,NA,NA,NA,NA,NA
5651,NA,NA,NA,NA,NA,NA,NA
5652,Eukaryota,Arthropoda,Copepoda,Poecilostomatoida,Oncaeidae,Oncaea,Oncaea sp.
5653,Eukaryota,Arthropoda,Copepoda,Calanoida,Lucicutiidae,Lucicutia,Lucicutia flavicornis
5654,NA,NA,NA,NA,NA,NA,NA
5655,NA,NA,NA,NA,NA,NA,NA
5656,Eukaryota,Arthropoda,Ostracoda,Halocyprida,Halocyprididae,Discoconchoecia,Discoconchoecia sp. S8_D6
5657,NA,NA,NA,NA,NA,NA,NA
5658,NA,NA,NA,NA,NA,NA,NA
5659,NA,NA,NA,NA,NA,NA,NA
5660,Eukaryota,Bacillariophyta,Bacillariophyceae,Bacillariales,Bacillariaceae,Cylindrotheca,Cylindrotheca closterium
5661,NA,NA,NA,NA,NA,NA,NA
5662,Eukaryota,Arthropoda,Copepoda,Poecilostomatoida,Oncaeidae,Oncaea,Oncaea sp.
5663,Eukaryota,Arthropoda,Copepoda,Poecilostomatoida,Oncaeidae,Oncaea,Oncaea sp.
5664,Eukaryota,Arthropoda,Malacostraca,Euphausiacea,Euphausiidae,Euphausia,Euphausia pacifica
5665,NA,NA,NA,NA,NA,NA,NA
5666,NA,NA,NA,NA,NA,NA,NA
5667,Eukaryota,Bryozoa,Gymnolaemata,Cheilostomatida,Membraniporidae,Membranipora,Membranipora villosa
5668,NA,NA,NA,NA,NA,NA,NA
5669,Eukaryota,Arthropoda,Copepoda,Calanoida,Calocalanidae,Calocalanus,NA
5670,Eukaryota,Arthropoda,Thecostraca,Balanomorpha,Balanidae,NA,NA
5671,Eukaryota,Arthropoda,Malacostraca,Euphausiacea,Euphausiidae,Nyctiphanes,Nyctiphanes simplex
5672,Eukaryota,Chaetognatha,Sagittoidea,Aphragmophora,Sagittidae,Flaccisagitta,NA
5673,NA,NA,NA,NA,NA,NA,NA
5674,NA,NA,NA,NA,NA,NA,NA
5675,NA,NA,NA,NA,NA,NA,NA
5676,NA,NA,NA,NA,NA,NA,NA
5677,NA,NA,NA,NA,NA,NA,NA
5678,Eukaryota,Arthropoda,Ostracoda,Halocyprida,Halocyprididae,NA,NA
5679,Eukaryota,Mollusca,Cephalopoda,Octopoda,Octopodidae,Octopus,NA
5680,NA,NA,NA,NA,NA,NA,NA
5681,Eukaryota,Arthropoda,Malacostraca,Euphausiacea,Euphausiidae,Hansarsia,Hansarsia difficilis
5682,Eukaryota,Arthropoda,Copepoda,Calanoida,Metridinidae,Pleuromamma,Pleuromamma abdominalis
5683,NA,NA,NA,NA,NA,NA,NA
5684,NA,NA,NA,NA,NA,NA,NA
5685,Eukaryota,Arthropoda,Malacostraca,Euphausiacea,Euphausiidae,Thysanoessa,Thysanoessa gregaria
5686,NA,NA,NA,NA,NA,NA,NA
5687,Eukaryota,Arthropoda,Copepoda,Poecilostomatoida,Corycaeidae,Farranula,NA
5688,Eukaryota,Arthropoda,Copepoda,Calanoida,Eucalanidae,Eucalanus,Eucalanus californicus
5689,Eukaryota,Arthropoda,Thecostraca,Lepadidae,Lepadidae,NA,NA
5690,Eukaryota,Echinodermata,Ophiuroidea,Amphilepidida,Amphiuridae,NA,NA
5691,NA,NA,NA,NA,NA,NA,NA
5692,Eukaryota,Arthropoda,Copepoda,Calanoida,Eucalanidae,Eucalanus,Eucalanus californicus
5693,Eukaryota,Echinodermata,Ophiuroidea,Amphilepidida,Ophiotrichidae,Ophiothrix,NA
5694,NA,NA,NA,NA,NA,NA,NA
5695,Eukaryota,Arthropoda,Copepoda,Calanoida,Eucalanidae,Eucalanus,Eucalanus californicus
5696,Eukaryota,Arthropoda,Copepoda,Calanoida,Eucalanidae,Eucalanus,Eucalanus californicus
5697,Eukaryota,Arthropoda,Copepoda,Calanoida,Eucalanidae,Eucalanus,Eucalanus californicus
5698,Eukaryota,Arthropoda,Malacostraca,Euphausiacea,Euphausiidae,Hansarsia,Hansarsia difficilis
5699,Eukaryota,Mollusca,Gastropoda,Littorinimorpha,Eulimidae,Melanella,Melanella thersites
5700,NA,NA,NA,NA,NA,NA,NA
5701,NA,NA,NA,NA,NA,NA,NA
5702,Eukaryota,Mollusca,Gastropoda,Pteropoda,Limacinidae,NA,NA
5703,NA,NA,NA,NA,NA,NA,NA
5704,Eukaryota,Arthropoda,Copepoda,Poecilostomatoida,Oncaeidae,Oncaea,Oncaea sp.
5705,Eukaryota,Echinodermata,Echinoidea,Temnopleuroida,Toxopneustidae,Lytechinus,Lytechinus pictus
5706,NA,NA,NA,NA,NA,NA,NA
5707,NA,NA,NA,NA,NA,NA,NA
5708,Eukaryota,Mollusca,Gastropoda,Pteropoda,Limacinidae,NA,NA
5709,NA,NA,NA,NA,NA,NA,NA
5710,NA,NA,NA,NA,NA,NA,NA
5711,NA,NA,NA,NA,NA,NA,NA
5712,Eukaryota,Bryozoa,Gymnolaemata,Cheilostomatida,Membraniporidae,NA,NA
5713,NA,NA,NA,NA,NA,NA,NA
5714,NA,NA,NA,NA,NA,NA,NA
5715,NA,NA,NA,NA,NA,NA,NA
5716,Eukaryota,Mollusca,Gastropoda,Littorinimorpha,Atlantidae,Atlanta,Atlanta sp. USNM IZ 1230636
5717,NA,NA,NA,NA,NA,NA,NA
5718,NA,NA,NA,NA,NA,NA,NA
5719,Eukaryota,Bacillariophyta,Bacillariophyceae,Bacillariales,Bacillariaceae,Pseudo_nitzschia,Pseudo_nitzschia delicatissima
5720,Eukaryota,Arthropoda,Copepoda,Calanoida,Metridinidae,Pleuromamma,Pleuromamma borealis
5721,Eukaryota,Bacillariophyta,Thalassiosirophyceae,Lithodesmiales,Lithodesmiaceae,NA,NA
5722,NA,NA,NA,NA,NA,NA,NA
5723,Eukaryota,Annelida,Polychaeta,Terebellida,Flabelligeridae,Poeobius,Poeobius meseres
5724,Eukaryota,Arthropoda,Copepoda,Poecilostomatoida,Oncaeidae,Oncaea,Oncaea sp.
5725,NA,NA,NA,NA,NA,NA,NA
5726,NA,NA,NA,NA,NA,NA,NA
5727,Eukaryota,Arthropoda,Malacostraca,Euphausiacea,Euphausiidae,NA,NA
5728,NA,NA,NA,NA,NA,NA,NA
5729,Eukaryota,Mollusca,Gastropoda,Pteropoda,Limacinidae,NA,NA
5730,Eukaryota,Arthropoda,Copepoda,Poecilostomatoida,Oncaeidae,Oncaea,Oncaea sp.
5731,NA,NA,NA,NA,NA,NA,NA
5732,NA,NA,NA,NA,NA,NA,NA
5733,Eukaryota,Arthropoda,Copepoda,Calanoida,Heterorhabdidae,Heterorhabdus,Heterorhabdus papilliger
5734,NA,NA,NA,NA,NA,NA,NA
5735,NA,NA,NA,NA,NA,NA,NA
5736,NA,NA,NA,NA,NA,NA,NA
5737,NA,NA,NA,NA,NA,NA,NA
5738,Eukaryota,Echinodermata,Ophiuroidea,Amphilepidida,Ophionereidae,NA,NA
5739,Eukaryota,Arthropoda,Ostracoda,Halocyprida,Halocyprididae,Paraconchoecia,Paraconchoecia oblonga
5740,Eukaryota,Arthropoda,Malacostraca,Decapoda,Munididae,Pleuroncodes,Pleuroncodes planipes
5741,NA,NA,NA,NA,NA,NA,NA
5742,NA,NA,NA,NA,NA,NA,NA
5743,NA,NA,NA,NA,NA,NA,NA
5744,Eukaryota,Arthropoda,Ostracoda,Halocyprida,Halocyprididae,NA,NA
5745,NA,NA,NA,NA,NA,NA,NA
5746,Eukaryota,Arthropoda,Malacostraca,Euphausiacea,Euphausiidae,Hansarsia,Hansarsia difficilis
5747,NA,NA,NA,NA,NA,NA,NA
5748,NA,NA,NA,NA,NA,NA,NA
5749,Eukaryota,Arthropoda,Copepoda,Calanoida,Eucalanidae,Rhincalanus,Rhincalanus nasutus
5750,NA,NA,NA,NA,NA,NA,NA
5751,NA,NA,NA,NA,NA,NA,NA
5752,Eukaryota,Arthropoda,Copepoda,Calanoida,Eucalanidae,Eucalanus,Eucalanus californicus
5753,NA,NA,NA,NA,NA,NA,NA
5754,Eukaryota,Echinodermata,Ophiuroidea,Amphilepidida,Amphiuridae,Amphipholis,Amphipholis pugetana
5755,Eukaryota,Arthropoda,Copepoda,Poecilostomatoida,Oncaeidae,Oncaea,Oncaea sp.
5756,Eukaryota,Arthropoda,Malacostraca,Decapoda,Pisidae,Chorilia,Chorilia longipes
5757,Eukaryota,Cnidaria,Hydrozoa,Anthoathecata,Pandeidae,NA,NA
5758,NA,NA,NA,NA,NA,NA,NA
5759,Eukaryota,Arthropoda,Copepoda,Calanoida,Lucicutiidae,Lucicutia,Lucicutia flavicornis
5760,Eukaryota,Arthropoda,Malacostraca,Euphausiacea,Euphausiidae,Nyctiphanes,Nyctiphanes simplex
5761,Eukaryota,Bryozoa,Gymnolaemata,Cheilostomatida,Membraniporidae,Membranipora,Membranipora villosa
5762,Eukaryota,Arthropoda,Copepoda,Calanoida,Eucalanidae,Eucalanus,Eucalanus californicus
5763,Eukaryota,Arthropoda,Malacostraca,Euphausiacea,Euphausiidae,Hansarsia,NA
5764,Eukaryota,Arthropoda,Copepoda,Calanoida,Eucalanidae,Eucalanus,Eucalanus californicus
5765,Eukaryota,Arthropoda,Copepoda,Calanoida,Metridinidae,NA,NA
5766,Eukaryota,Arthropoda,Ostracoda,Halocyprida,Halocyprididae,Conchoecia,Conchoecia magna
5767,Eukaryota,Arthropoda,Copepoda,Calanoida,Metridinidae,Pleuromamma,Pleuromamma borealis
5768,Eukaryota,Arthropoda,Malacostraca,Decapoda,Pinnotheridae,Pinnixa,Pinnixa occidentalis
5769,Eukaryota,Arthropoda,Copepoda,Calanoida,Acartiidae,Acartia,Acartia tonsa
5770,Eukaryota,Arthropoda,Copepoda,Calanoida,Eucalanidae,Eucalanus,Eucalanus californicus
5771,Eukaryota,Arthropoda,Copepoda,Calanoida,Eucalanidae,Eucalanus,Eucalanus californicus
5772,NA,NA,NA,NA,NA,NA,NA
5773,Eukaryota,Arthropoda,Copepoda,Calanoida,Eucalanidae,Eucalanus,Eucalanus californicus
5774,Eukaryota,Arthropoda,Copepoda,Calanoida,Eucalanidae,NA,NA
5775,Eukaryota,Arthropoda,Copepoda,Calanoida,Eucalanidae,Eucalanus,Eucalanus californicus
5776,NA,NA,NA,NA,NA,NA,NA
5777,NA,NA,NA,NA,NA,NA,NA
5778,Eukaryota,Arthropoda,Malacostraca,Euphausiacea,Euphausiidae,Hansarsia,NA
5779,Eukaryota,Arthropoda,Copepoda,Calanoida,Eucalanidae,Eucalanus,Eucalanus californicus
5780,Eukaryota,Arthropoda,Copepoda,Poecilostomatoida,Oncaeidae,Oncaea,Oncaea scottodicarloi
5781,Eukaryota,Arthropoda,Malacostraca,Decapoda,Callianassidae,NA,NA
5782,Eukaryota,Arthropoda,Thecostraca,Balanomorpha,Balanidae,Balanus,Balanus trigonus
5783,NA,NA,NA,NA,NA,NA,NA
5784,NA,NA,NA,NA,NA,NA,NA
5785,Eukaryota,Arthropoda,Copepoda,Poecilostomatoida,Oncaeidae,Oncaea,NA
5786,NA,NA,NA,NA,NA,NA,NA
5787,Eukaryota,Arthropoda,Malacostraca,Euphausiacea,Euphausiidae,Hansarsia,NA
5788,NA,NA,NA,NA,NA,NA,NA
5789,NA,NA,NA,NA,NA,NA,NA
5790,Eukaryota,Echinodermata,Echinoidea,Clypeasteroida,Dendrasteridae,Dendraster,Dendraster excentricus
5791,NA,NA,NA,NA,NA,NA,NA
5792,NA,NA,NA,NA,NA,NA,NA
5793,Eukaryota,Arthropoda,Copepoda,Calanoida,Eucalanidae,Eucalanus,Eucalanus californicus
5794,Eukaryota,Chordata,Actinopteri,Myctophiformes,Myctophidae,Triphoturus,Triphoturus mexicanus
5795,NA,NA,NA,NA,NA,NA,NA
5796,NA,NA,NA,NA,NA,NA,NA
5797,NA,NA,NA,NA,NA,NA,NA
5798,NA,NA,NA,NA,NA,NA,NA
5799,Eukaryota,Echinodermata,Echinoidea,Temnopleuroida,Toxopneustidae,Lytechinus,Lytechinus pictus
5800,Eukaryota,Mollusca,Gastropoda,Nudibranchia,Goniodorididae,NA,NA
5801,NA,NA,NA,NA,NA,NA,NA
5802,NA,NA,NA,NA,NA,NA,NA
5803,NA,NA,NA,NA,NA,NA,NA
5804,Eukaryota,Arthropoda,Copepoda,Poecilostomatoida,Oncaeidae,Oncaea,Oncaea sp.
5805,Eukaryota,Arthropoda,Ostracoda,Halocyprida,Halocyprididae,NA,NA
5806,NA,NA,NA,NA,NA,NA,NA
5807,NA,NA,NA,NA,NA,NA,NA
5808,Eukaryota,Cnidaria,Anthozoa,Scleralcyonacea,Anthoptilidae,Anthoptilum,NA
5809,NA,NA,NA,NA,NA,NA,NA
5810,Eukaryota,Arthropoda,Ostracoda,Halocyprida,Halocyprididae,Macrochoecilla,Macrochoecilla macrocheira
5811,NA,NA,NA,NA,NA,NA,NA
5812,Eukaryota,Arthropoda,Copepoda,Poecilostomatoida,Oncaeidae,Oncaea,Oncaea sp.
5813,NA,NA,NA,NA,NA,NA,NA
5814,NA,NA,NA,NA,NA,NA,NA
5815,NA,NA,NA,NA,NA,NA,NA
5816,Eukaryota,Arthropoda,Copepoda,Poecilostomatoida,Oncaeidae,Oncaea,Oncaea sp.
5817,Eukaryota,Arthropoda,Copepoda,Calanoida,Candaciidae,Candacia,Candacia simplex
5818,NA,NA,NA,NA,NA,NA,NA
5819,NA,NA,NA,NA,NA,NA,NA
5820,NA,NA,NA,NA,NA,NA,NA
5821,Eukaryota,Arthropoda,Copepoda,Poecilostomatoida,Oncaeidae,Oncaea,Oncaea sp.
5822,NA,NA,NA,NA,NA,NA,NA
5823,Eukaryota,Arthropoda,Ostracoda,Halocyprida,Halocyprididae,NA,NA
5824,NA,NA,NA,NA,NA,NA,NA
5825,Eukaryota,Echinodermata,Ophiuroidea,Amphilepidida,Ophiotrichidae,Ophiothrix,Ophiothrix spiculata
5826,NA,NA,NA,NA,NA,NA,NA
5827,NA,NA,NA,NA,NA,NA,NA
5828,Eukaryota,Arthropoda,Copepoda,Calanoida,Clausocalanidae,NA,NA
5829,Eukaryota,Arthropoda,Thecostraca,Balanomorpha,Balanidae,Balanus,Balanus trigonus
5830,NA,NA,NA,NA,NA,NA,NA
5831,NA,NA,NA,NA,NA,NA,NA
5832,Eukaryota,Annelida,Polychaeta,Chaetopteridae,Chaetopteridae,Phyllochaetopterus,Phyllochaetopterus sp. 5 JM_2017
5833,Eukaryota,Porifera,Demospongiae,Poecilosclerida,Hymedesmiidae,Hemimycale,NA
5834,NA,NA,NA,NA,NA,NA,NA
5835,NA,NA,NA,NA,NA,NA,NA
5836,Eukaryota,Arthropoda,Malacostraca,Decapoda,Palinuridae,Panulirus,Panulirus interruptus
5837,NA,NA,NA,NA,NA,NA,NA
5838,Eukaryota,Arthropoda,Copepoda,Calanoida,Eucalanidae,Rhincalanus,NA
5839,Eukaryota,Arthropoda,Copepoda,Calanoida,Eucalanidae,Eucalanus,Eucalanus californicus
5840,Eukaryota,Arthropoda,Copepoda,Calanoida,Eucalanidae,Eucalanus,Eucalanus californicus
5841,Eukaryota,Arthropoda,Copepoda,Calanoida,Eucalanidae,Eucalanus,Eucalanus californicus
5842,Eukaryota,Arthropoda,Copepoda,Calanoida,Euchaetidae,Euchaeta,Euchaeta marina
5843,Eukaryota,Arthropoda,Copepoda,Calanoida,Paracalanidae,Paracalanus,Paracalanus tropicus
5844,Eukaryota,Arthropoda,Copepoda,Calanoida,Calanidae,NA,NA
5845,NA,NA,NA,NA,NA,NA,NA
5846,Eukaryota,Mollusca,Gastropoda,Pteropoda,Cliidae,Clio,Clio pyramidata
5847,NA,NA,NA,NA,NA,NA,NA
5848,Eukaryota,Chordata,Actinopteri,Pleuronectiformes,Pleuronectidae,Parophrys,Parophrys vetulus
5849,NA,NA,NA,NA,NA,NA,NA
5850,Eukaryota,Arthropoda,Copepoda,Calanoida,Metridinidae,Pleuromamma,Pleuromamma borealis
5851,NA,NA,NA,NA,NA,NA,NA
5852,Eukaryota,Bryozoa,Gymnolaemata,Cheilostomatida,Membraniporidae,Membranipora,Membranipora villosa
5853,Eukaryota,Arthropoda,Copepoda,Calanoida,Calanidae,Calanus,Calanus pacificus
5854,Eukaryota,Mollusca,Gastropoda,Pteropoda,Creseidae,Styliola,Styliola sp.
5855,Eukaryota,Arthropoda,Malacostraca,Decapoda,Hippolytidae,Lysmata,Lysmata californica
5856,Eukaryota,Arthropoda,Malacostraca,Decapoda,Hippolytidae,NA,NA
5857,NA,NA,NA,NA,NA,NA,NA
5858,NA,NA,NA,NA,NA,NA,NA
5859,NA,NA,NA,NA,NA,NA,NA
5860,Eukaryota,Arthropoda,Malacostraca,Euphausiacea,Euphausiidae,Hansarsia,Hansarsia difficilis
5861,Eukaryota,Mollusca,Bivalvia,Adapedonta,Hiatellidae,Panopea,Panopea generosa
5862,NA,NA,NA,NA,NA,NA,NA
5863,Eukaryota,Echinodermata,Asteroidea,Paxillosida,Luidiidae,Luidia,Luidia foliolata
5864,Eukaryota,Arthropoda,Ostracoda,Halocyprida,Halocyprididae,Porroecia,Porroecia spinirostris
5865,Eukaryota,Arthropoda,Copepoda,Calanoida,Metridinidae,Pleuromamma,Pleuromamma borealis
5866,Eukaryota,Mollusca,Gastropoda,Littorinimorpha,Atlantidae,Atlanta,Atlanta sp. USNM IZ 1230636
5867,NA,NA,NA,NA,NA,NA,NA
5868,NA,NA,NA,NA,NA,NA,NA
5869,Eukaryota,Echinodermata,Ophiuroidea,Amphilepidida,Amphiuridae,Amphiodia,Amphiodia cf_ urtica KSL_2016
5870,Eukaryota,Echinodermata,Ophiuroidea,Amphilepidida,Ophionereidae,Ophionereis,NA
5871,Eukaryota,Arthropoda,Copepoda,Calanoida,Mecynoceridae,Mecynocera,Mecynocera clausi
5872,Eukaryota,Cnidaria,Hydrozoa,Siphonophorae,Diphyidae,Chelophyes,Chelophyes appendiculata
5873,Eukaryota,Arthropoda,Copepoda,Calanoida,Calocalanidae,Calocalanus,Calocalanus styliremis
5874,Eukaryota,Mollusca,Gastropoda,Littorinimorpha,Pterotracheidae,Pterotrachea,Pterotrachea coronata
5875,Eukaryota,Arthropoda,Copepoda,Calanoida,Heterorhabdidae,Heterorhabdus,NA
5876,Eukaryota,Arthropoda,Copepoda,Poecilostomatoida,Oncaeidae,Oncaea,Oncaea sp.
5877,NA,NA,NA,NA,NA,NA,NA
5878,NA,NA,NA,NA,NA,NA,NA
5879,Eukaryota,Arthropoda,Copepoda,Calanoida,Eucalanidae,Rhincalanus,Rhincalanus nasutus
5880,Eukaryota,Echinodermata,Ophiuroidea,Amphilepidida,Amphiuridae,NA,NA
5881,Eukaryota,Arthropoda,Copepoda,Calanoida,Eucalanidae,Eucalanus,Eucalanus californicus
5882,NA,NA,NA,NA,NA,NA,NA
5883,Eukaryota,Bacillariophyta,Thalassiosirophyceae,Thalassiosirales,Thalassiosiraceae,NA,NA
5884,NA,NA,NA,NA,NA,NA,NA
5885,NA,NA,NA,NA,NA,NA,NA
5886,Eukaryota,Arthropoda,Ostracoda,Halocyprida,Halocyprididae,Halocypris,Halocypris inflata
5887,Eukaryota,Arthropoda,Copepoda,Calanoida,Eucalanidae,Eucalanus,Eucalanus californicus
5888,Eukaryota,Echinodermata,Ophiuroidea,Amphilepidida,Amphiuridae,NA,NA
5889,NA,NA,NA,NA,NA,NA,NA
5890,Eukaryota,Bryozoa,Gymnolaemata,Cheilostomatida,Membraniporidae,Membranipora,Membranipora villosa
5891,Eukaryota,Arthropoda,Copepoda,Calanoida,Aetideidae,NA,NA
5892,Eukaryota,Cnidaria,Hydrozoa,Leptothecata,Clytiidae,Clytia,NA
5893,Eukaryota,Echinodermata,Ophiuroidea,Amphilepidida,Ophiotrichidae,Ophiothrix,Ophiothrix spiculata
5894,NA,NA,NA,NA,NA,NA,NA
5895,NA,NA,NA,NA,NA,NA,NA
5896,Eukaryota,Arthropoda,Thecostraca,Balanomorpha,Balanidae,Balanus,Balanus trigonus
5897,Eukaryota,Arthropoda,Copepoda,Calanoida,Scolecitrichidae,Scolecithricella,Scolecithricella dentata
5898,Eukaryota,Arthropoda,Ostracoda,Halocyprida,Halocyprididae,Mikroconchoecia,Mikroconchoecia sp. USNM IZ 1448470
5899,NA,NA,NA,NA,NA,NA,NA
5900,Eukaryota,Chordata,Actinopteri,Argentiniformes,Bathylagidae,Leuroglossus,Leuroglossus stilbius
5901,Eukaryota,Annelida,Polychaeta,Terebellida,Terebellidae,Pista,Pista wui
5902,Eukaryota,Arthropoda,Copepoda,Calanoida,Calanidae,Calanus,Calanus pacificus
5903,NA,NA,NA,NA,NA,NA,NA
5904,Eukaryota,Arthropoda,Malacostraca,Euphausiacea,Euphausiidae,NA,NA
5905,NA,NA,NA,NA,NA,NA,NA
5906,NA,NA,NA,NA,NA,NA,NA
5907,NA,NA,NA,NA,NA,NA,NA
5908,NA,NA,NA,NA,NA,NA,NA
5909,Eukaryota,Arthropoda,Copepoda,Calanoida,Clausocalanidae,Clausocalanus,Clausocalanus jobei
5910,Eukaryota,Arthropoda,Copepoda,Poecilostomatoida,Corycaeidae,Farranula,NA
5911,NA,NA,NA,NA,NA,NA,NA
5912,Eukaryota,Arthropoda,Malacostraca,Euphausiacea,Euphausiidae,Hansarsia,Hansarsia difficilis
5913,NA,NA,NA,NA,NA,NA,NA
5914,NA,NA,NA,NA,NA,NA,NA
5915,Eukaryota,Arthropoda,Copepoda,Calanoida,Calocalanidae,Calocalanus,NA
5916,NA,NA,NA,NA,NA,NA,NA
5917,Eukaryota,Arthropoda,Malacostraca,Decapoda,Alpheidae,NA,NA
5918,Eukaryota,Arthropoda,Malacostraca,Euphausiacea,Euphausiidae,Nyctiphanes,Nyctiphanes simplex
5919,Eukaryota,Phoronida,Phoronidae,Phoronidae,Phoronidae,Phoronopsis,NA
5920,Eukaryota,Arthropoda,Malacostraca,Decapoda,Blepharipodidae,NA,NA
5921,Eukaryota,Chlorophyta,Pyramimonadophyceae,Pyramimonadales,Pyramimonadaceae,Pyramimonas,Pyramimonas sp. RCC4209
5922,NA,NA,NA,NA,NA,NA,NA
5923,Eukaryota,Arthropoda,Thecostraca,Balanomorpha,Balanidae,Solidobalanus,Solidobalanus engbergi
5924,NA,NA,NA,NA,NA,NA,NA
5925,NA,NA,NA,NA,NA,NA,NA
5926,NA,NA,NA,NA,NA,NA,NA
5927,Eukaryota,Arthropoda,Copepoda,Poecilostomatoida,Oncaeidae,Oncaea,Oncaea sp.
5928,Eukaryota,Arthropoda,Thecostraca,Balanomorpha,Balanidae,Megabalanus,Megabalanus californicus
5929,Eukaryota,Arthropoda,Copepoda,Calanoida,Calanidae,Calanus,Calanus pacificus
5930,NA,NA,NA,NA,NA,NA,NA
5931,Eukaryota,Arthropoda,Copepoda,Poecilostomatoida,Oncaeidae,Oncaea,Oncaea sp.
5932,Eukaryota,Arthropoda,Malacostraca,Euphausiacea,Euphausiidae,NA,NA
5933,NA,NA,NA,NA,NA,NA,NA
5934,Eukaryota,Echinodermata,Ophiuroidea,Amphilepidida,Ophiactidae,Ophiopholis,Ophiopholis sp. EAC01
5935,NA,NA,NA,NA,NA,NA,NA
5936,Eukaryota,Annelida,Polychaeta,Phyllodocida,Pholoidae,Pholoides,Pholoides asperus
5937,NA,NA,NA,NA,NA,NA,NA
5938,Eukaryota,Arthropoda,Malacostraca,Euphausiacea,Euphausiidae,NA,NA
5939,Eukaryota,Arthropoda,Malacostraca,Euphausiacea,Euphausiidae,Hansarsia,Hansarsia difficilis
5940,NA,NA,NA,NA,NA,NA,NA
5941,Eukaryota,Arthropoda,Thecostraca,Balanomorpha,Balanidae,Solidobalanus,Solidobalanus engbergi
5942,NA,NA,NA,NA,NA,NA,NA
5943,Eukaryota,Echinodermata,Ophiuroidea,Amphilepidida,Amphiuridae,Amphipholis,Amphipholis pugetana
5944,Eukaryota,Arthropoda,Ostracoda,Halocyprida,Halocyprididae,Conchoecetta,Conchoecetta giesbrechti
5945,NA,NA,NA,NA,NA,NA,NA
5946,Eukaryota,Arthropoda,Copepoda,Calanoida,Aetideidae,NA,NA
5947,Eukaryota,Arthropoda,Malacostraca,Decapoda,Callianassidae,NA,NA
5948,Eukaryota,Echinodermata,Ophiuroidea,Amphilepidida,Ophiactidae,Ophiactis,Ophiactis simplex
5949,Eukaryota,Mollusca,Cephalopoda,Octopoda,Octopodidae,Octopus,Octopus bimaculatus
5950,NA,NA,NA,NA,NA,NA,NA
5951,Eukaryota,Arthropoda,Copepoda,Calanoida,Euchaetidae,Euchaeta,Euchaeta marina
5952,NA,NA,NA,NA,NA,NA,NA
5953,NA,NA,NA,NA,NA,NA,NA
5954,NA,NA,NA,NA,NA,NA,NA
5955,Eukaryota,Arthropoda,Copepoda,Poecilostomatoida,Oncaeidae,Oncaea,Oncaea sp.
5956,NA,NA,NA,NA,NA,NA,NA
5957,NA,NA,NA,NA,NA,NA,NA
5958,Eukaryota,Arthropoda,Copepoda,Calanoida,Pontellidae,NA,NA
5959,NA,NA,NA,NA,NA,NA,NA
5960,NA,NA,NA,NA,NA,NA,NA
5961,NA,NA,NA,NA,NA,NA,NA
5962,Eukaryota,Arthropoda,Malacostraca,Euphausiacea,Euphausiidae,Nyctiphanes,Nyctiphanes simplex
5963,Eukaryota,Arthropoda,Ostracoda,Halocyprida,Halocyprididae,Conchoecetta,Conchoecetta giesbrechti
5964,Eukaryota,Arthropoda,Copepoda,Calanoida,Calanidae,NA,NA
5965,Eukaryota,Arthropoda,Copepoda,Calanoida,Eucalanidae,Rhincalanus,Rhincalanus nasutus
5966,Eukaryota,Arthropoda,Copepoda,Calanoida,Eucalanidae,Eucalanus,Eucalanus californicus
5967,NA,NA,NA,NA,NA,NA,NA
5968,Eukaryota,Arthropoda,Copepoda,Calanoida,Heterorhabdidae,NA,NA
5969,Eukaryota,Arthropoda,Copepoda,Calanoida,Calanidae,Neocalanus,Neocalanus gracilis
5970,NA,NA,NA,NA,NA,NA,NA
5971,NA,NA,NA,NA,NA,NA,NA
5972,NA,NA,NA,NA,NA,NA,NA
5973,NA,NA,NA,NA,NA,NA,NA
5974,NA,NA,NA,NA,NA,NA,NA
5975,NA,NA,NA,NA,NA,NA,NA
5976,NA,NA,NA,NA,NA,NA,NA
5977,Eukaryota,Arthropoda,Copepoda,Calanoida,Metridinidae,Pleuromamma,Pleuromamma abdominalis
5978,NA,NA,NA,NA,NA,NA,NA
5979,Eukaryota,Arthropoda,Ostracoda,Halocyprida,Halocyprididae,Discoconchoecia,NA
5980,Eukaryota,Arthropoda,Copepoda,Calanoida,Pontellidae,NA,NA
5981,Eukaryota,Mollusca,Bivalvia,Mytilida,Modiolidae,NA,NA
5982,NA,NA,NA,NA,NA,NA,NA
5983,NA,NA,NA,NA,NA,NA,NA
5984,Eukaryota,Arthropoda,Malacostraca,Decapoda,Cancridae,Romaleon,NA
5985,NA,NA,NA,NA,NA,NA,NA
5986,Eukaryota,Arthropoda,Copepoda,Calanoida,Euchaetidae,Euchaeta,Euchaeta marina
5987,Eukaryota,Mollusca,Gastropoda,Pteropoda,Creseidae,Styliola,NA
5988,NA,NA,NA,NA,NA,NA,NA
5989,Eukaryota,Arthropoda,Copepoda,Calanoida,Candaciidae,Candacia,Candacia bipinnata
5990,NA,NA,NA,NA,NA,NA,NA
5991,NA,NA,NA,NA,NA,NA,NA
5992,NA,NA,NA,NA,NA,NA,NA
5993,NA,NA,NA,NA,NA,NA,NA
5994,NA,NA,NA,NA,NA,NA,NA
5995,Eukaryota,Arthropoda,Thecostraca,Balanomorpha,Chthamalidae,Chthamalus,Chthamalus fissus
5996,Eukaryota,Bryozoa,Gymnolaemata,Cheilostomatida,Membraniporidae,Membranipora,Membranipora villosa
5997,Eukaryota,Arthropoda,Copepoda,Poecilostomatoida,Oncaeidae,Oncaea,Oncaea sp.
5998,NA,NA,NA,NA,NA,NA,NA
5999,Eukaryota,Arthropoda,Copepoda,Calanoida,Calanidae,Calanus,Calanus pacificus
6000,Eukaryota,Arthropoda,Ostracoda,Halocyprida,Halocyprididae,Proceroecia,Proceroecia procera
6001,NA,NA,NA,NA,NA,NA,NA
6002,NA,NA,NA,NA,NA,NA,NA
6003,NA,NA,NA,NA,NA,NA,NA
6004,Eukaryota,Arthropoda,Ostracoda,Halocyprida,Halocyprididae,Discoconchoecia,Discoconchoecia sp. S8_D6
6005,NA,NA,NA,NA,NA,NA,NA
6006,NA,NA,NA,NA,NA,NA,NA
6007,Eukaryota,Chordata,Actinopteri,Myctophiformes,Myctophidae,Stenobrachius,Stenobrachius leucopsarus
6008,NA,NA,NA,NA,NA,NA,NA
6009,Eukaryota,Arthropoda,Copepoda,Poecilostomatoida,Oncaeidae,Oncaea,Oncaea sp.
6010,Eukaryota,Chaetognatha,Sagittoidea,Aphragmophora,Sagittidae,Flaccisagitta,NA
6011,NA,NA,NA,NA,NA,NA,NA
6012,NA,NA,NA,NA,NA,NA,NA
6013,NA,NA,NA,NA,NA,NA,NA
6014,Eukaryota,Arthropoda,Copepoda,Poecilostomatoida,Oncaeidae,Oncaea,Oncaea sp.
6015,NA,NA,NA,NA,NA,NA,NA
6016,Eukaryota,Arthropoda,Copepoda,Calanoida,Eucalanidae,Rhincalanus,Rhincalanus nasutus
6017,NA,NA,NA,NA,NA,NA,NA
6018,Eukaryota,Arthropoda,Malacostraca,Decapoda,Homolidae,NA,NA
6019,Eukaryota,Arthropoda,Malacostraca,Decapoda,Hippolytidae,Eualus,NA
6020,Eukaryota,Bryozoa,Gymnolaemata,Cheilostomatida,Membraniporidae,NA,NA
6021,NA,NA,NA,NA,NA,NA,NA
6022,NA,NA,NA,NA,NA,NA,NA
6023,NA,NA,NA,NA,NA,NA,NA
6024,Eukaryota,Haptophyta,Phaeocystales,Phaeocystales,Phaeocystaceae,Phaeocystis,Phaeocystis cordata
6025,NA,NA,NA,NA,NA,NA,NA
6026,NA,NA,NA,NA,NA,NA,NA
6027,NA,NA,NA,NA,NA,NA,NA
6028,NA,NA,NA,NA,NA,NA,NA
6029,Eukaryota,Echinodermata,Echinoidea,Temnopleuroida,Toxopneustidae,Lytechinus,Lytechinus pictus
6030,Eukaryota,Echinodermata,Ophiuroidea,Amphilepidida,Ophiotrichidae,Ophiothrix,Ophiothrix spiculata
6031,NA,NA,NA,NA,NA,NA,NA
6032,Eukaryota,Arthropoda,Copepoda,Calanoida,Eucalanidae,Rhincalanus,NA
6033,Eukaryota,Arthropoda,Ostracoda,Halocyprida,Halocyprididae,Discoconchoecia,NA
6034,Eukaryota,Cnidaria,Hydrozoa,Anthoathecata,Pandeidae,NA,NA
6035,Eukaryota,Arthropoda,Malacostraca,Euphausiacea,Euphausiidae,Hansarsia,NA
6036,Eukaryota,Echinodermata,Ophiuroidea,Amphilepidida,Ophiotrichidae,Ophiothrix,NA
6037,Eukaryota,Arthropoda,Malacostraca,Euphausiacea,Euphausiidae,NA,NA
6038,NA,NA,NA,NA,NA,NA,NA
6039,Eukaryota,Arthropoda,Copepoda,Calanoida,Eucalanidae,Rhincalanus,Rhincalanus nasutus
6040,NA,NA,NA,NA,NA,NA,NA
6041,NA,NA,NA,NA,NA,NA,NA
6042,Eukaryota,Arthropoda,Ostracoda,Halocyprida,Halocyprididae,NA,NA
6043,Eukaryota,Arthropoda,Copepoda,Calanoida,Eucalanidae,Eucalanus,Eucalanus californicus
6044,Eukaryota,Arthropoda,Malacostraca,Decapoda,Pilumnidae,NA,NA
6045,Eukaryota,Arthropoda,Copepoda,Poecilostomatoida,Oncaeidae,Oncaea,Oncaea sp.
6046,Eukaryota,Mollusca,Bivalvia,Mytilida,Modiolidae,Modiolus,NA
6047,NA,NA,NA,NA,NA,NA,NA
6048,Eukaryota,Ascomycota,Dothideomycetes,Mycosphaerellales,Teratosphaeriaceae,NA,NA
6049,NA,NA,NA,NA,NA,NA,NA
6050,NA,NA,NA,NA,NA,NA,NA
6051,NA,NA,NA,NA,NA,NA,NA
6052,NA,NA,NA,NA,NA,NA,NA
6053,Eukaryota,Echinodermata,Ophiuroidea,Amphilepidida,Ophiocomidae,Ophiopteris,Ophiopteris papillosa
6054,NA,NA,NA,NA,NA,NA,NA
6055,NA,NA,NA,NA,NA,NA,NA
6056,Eukaryota,Arthropoda,Copepoda,Calanoida,Aetideidae,NA,NA
6057,NA,NA,NA,NA,NA,NA,NA
6058,Eukaryota,Chordata,Actinopteri,Pleuronectiformes,Cyclopsettidae,Citharichthys,Citharichthys stigmaeus
6059,Eukaryota,Mollusca,Cephalopoda,Myopsida,Loliginidae,Doryteuthis,Doryteuthis opalescens
6060,NA,NA,NA,NA,NA,NA,NA
6061,Eukaryota,Arthropoda,Ostracoda,Halocyprida,Halocyprididae,NA,NA
6062,NA,NA,NA,NA,NA,NA,NA
6063,Eukaryota,Chlorophyta,Chloropicophyceae,Chloropicales,Chloropicaceae,Chloropicon,Chloropicon sieburthii
6064,Eukaryota,Echinodermata,Ophiuroidea,Amphilepidida,Amphiuridae,Amphiodia,NA
6065,Eukaryota,Arthropoda,Copepoda,Calanoida,Lucicutiidae,Lucicutia,Lucicutia flavicornis
6066,Eukaryota,Echinodermata,Ophiuroidea,Amphilepidida,Amphiuridae,Amphiodia,Amphiodia cf_ urtica EAC_2010
6067,Eukaryota,Rotifera,Eurotatoria,Ploima,Synchaetidae,NA,NA
6068,NA,NA,NA,NA,NA,NA,NA
6069,Eukaryota,Mollusca,Gastropoda,Cephalaspidea,Philinidae,NA,NA
6070,NA,NA,NA,NA,NA,NA,NA
6071,Eukaryota,Arthropoda,Malacostraca,Euphausiacea,Euphausiidae,Thysanoessa,Thysanoessa spinifera
6072,Eukaryota,Arthropoda,Ostracoda,Halocyprida,Halocyprididae,Proceroecia,Proceroecia procera
6073,Eukaryota,Arthropoda,Ostracoda,Halocyprida,Halocyprididae,Conchoecia,Conchoecia magna
6074,Eukaryota,Cnidaria,Hydrozoa,Leptothecata,Obeliidae,Obelia,Obelia dichotoma
6075,NA,NA,NA,NA,NA,NA,NA
6076,NA,NA,NA,NA,NA,NA,NA
6077,NA,NA,NA,NA,NA,NA,NA
6078,NA,NA,NA,NA,NA,NA,NA
6079,Eukaryota,Arthropoda,Copepoda,Calanoida,Paracalanidae,Paracalanus,Paracalanus tropicus
6080,NA,NA,NA,NA,NA,NA,NA
6081,NA,NA,NA,NA,NA,NA,NA
6082,NA,NA,NA,NA,NA,NA,NA
6083,NA,NA,NA,NA,NA,NA,NA
6084,Eukaryota,Arthropoda,Copepoda,Calanoida,Eucalanidae,Rhincalanus,Rhincalanus nasutus
6085,NA,NA,NA,NA,NA,NA,NA
6086,Eukaryota,Bacillariophyta,Coscinodiscophyceae,Rhizosoleniales,Rhizosoleniaceae,NA,NA
6087,NA,NA,NA,NA,NA,NA,NA
6088,NA,NA,NA,NA,NA,NA,NA
6089,NA,NA,NA,NA,NA,NA,NA
6090,Eukaryota,Nemertea,Palaeonemertea,Tubulaniformes,Tubulanidae,NA,NA
6091,NA,NA,NA,NA,NA,NA,NA
6092,Eukaryota,Chlorophyta,Chloropicophyceae,Chloropicales,Chloropicaceae,Chloropicon,Chloropicon laureae
6093,NA,NA,NA,NA,NA,NA,NA
6094,Eukaryota,Nemertea,Palaeonemertea,Tubulaniformes,Tubulanidae,Carinina,Carinina chocolata
6095,Eukaryota,Arthropoda,Copepoda,Calanoida,Scolecitrichidae,Scolecithrix,Scolecithrix danae
6096,NA,NA,NA,NA,NA,NA,NA
6097,NA,NA,NA,NA,NA,NA,NA
6098,Eukaryota,Arthropoda,Copepoda,Calanoida,Calanidae,Mesocalanus,Mesocalanus tenuicornis
6099,NA,NA,NA,NA,NA,NA,NA
6100,NA,NA,NA,NA,NA,NA,NA
6101,NA,NA,NA,NA,NA,NA,NA
6102,Eukaryota,Arthropoda,Ostracoda,Halocyprida,Halocyprididae,Conchoecetta,Conchoecetta giesbrechti
6103,Eukaryota,Chaetognatha,Sagittoidea,Aphragmophora,Sagittidae,Pseudosagitta,Pseudosagitta maxima
6104,Eukaryota,Arthropoda,Copepoda,Calanoida,Eucalanidae,Rhincalanus,NA
6105,Eukaryota,Arthropoda,Ostracoda,Halocyprida,Halocyprididae,Conchoecia,Conchoecia magna
6106,Eukaryota,Arthropoda,Ostracoda,Halocyprida,Halocyprididae,NA,NA
6107,Eukaryota,Cnidaria,Hydrozoa,Anthoathecata,Pandeidae,Leuckartiara,Leuckartiara longicalcar
6108,NA,NA,NA,NA,NA,NA,NA
6109,NA,NA,NA,NA,NA,NA,NA
6110,Eukaryota,Arthropoda,Copepoda,Calanoida,Eucalanidae,Eucalanus,Eucalanus californicus
6111,Eukaryota,Arthropoda,Copepoda,Calanoida,Metridinidae,Pleuromamma,Pleuromamma abdominalis
6112,NA,NA,NA,NA,NA,NA,NA
6113,NA,NA,NA,NA,NA,NA,NA
6114,Eukaryota,Arthropoda,Ostracoda,Halocyprida,Halocyprididae,Conchoecia,Conchoecia magna
6115,Eukaryota,Arthropoda,Copepoda,Calanoida,Eucalanidae,Eucalanus,Eucalanus californicus
6116,Eukaryota,Bacillariophyta,Thalassiosirophyceae,Thalassiosirales,Thalassiosiraceae,NA,NA
6117,Eukaryota,Arthropoda,Malacostraca,Euphausiacea,Euphausiidae,Euphausia,Euphausia pacifica
6118,Eukaryota,Bacillariophyta,Thalassiosirophyceae,Thalassiosirales,Thalassiosiraceae,Skeletonema,Skeletonema japonicum
6119,Eukaryota,Arthropoda,Thecostraca,Balanomorpha,Chthamalidae,Chthamalus,Chthamalus fissus
6120,Eukaryota,Arthropoda,Malacostraca,Euphausiacea,Euphausiidae,Nyctiphanes,Nyctiphanes simplex
6121,Eukaryota,Annelida,Polychaeta,Phyllodocida,Phyllodocidae,NA,NA
6122,Eukaryota,Arthropoda,Malacostraca,Decapoda,Pisidae,Chorilia,Chorilia longipes
6123,Eukaryota,Cnidaria,Hydrozoa,Trachymedusae,Rhopalonematidae,Rhopalonema,Rhopalonema velatum
6124,NA,NA,NA,NA,NA,NA,NA
6125,Eukaryota,Cnidaria,Hydrozoa,Leptothecata,Campanulariidae,NA,NA
6126,Eukaryota,Bacillariophyta,Coscinodiscophyceae,Rhizosoleniales,Rhizosoleniaceae,NA,NA
6127,Eukaryota,Cnidaria,Hydrozoa,Anthoathecata,Bythotiaridae,NA,NA
6128,Eukaryota,Arthropoda,Ostracoda,Halocyprida,Halocyprididae,Porroecia,Porroecia spinirostris
6129,NA,NA,NA,NA,NA,NA,NA
6130,NA,NA,NA,NA,NA,NA,NA
6131,Eukaryota,Chordata,Actinopteri,Argentiniformes,Bathylagidae,Leuroglossus,Leuroglossus stilbius
6132,Eukaryota,Arthropoda,Malacostraca,Decapoda,Pinnotheridae,Pinnixa,Pinnixa franciscana
6133,Eukaryota,Arthropoda,Copepoda,Calanoida,Aetideidae,NA,NA
6134,Eukaryota,Cnidaria,Hydrozoa,Anthoathecata,Pandeidae,Leuckartiara,Leuckartiara longicalcar
6135,Eukaryota,Arthropoda,Malacostraca,Decapoda,Blepharipodidae,NA,NA
6136,Eukaryota,Arthropoda,Thecostraca,Balanomorpha,Chthamalidae,Chthamalus,Chthamalus fissus
6137,NA,NA,NA,NA,NA,NA,NA
6138,Eukaryota,Cnidaria,Hydrozoa,Anthoathecata,Pandeidae,Halitholus,Halitholus sp. PS_2018
6139,Eukaryota,Mollusca,Bivalvia,Mytilida,Modiolidae,NA,NA
6140,Eukaryota,Mollusca,Gastropoda,Neogastropoda,Olividae,Callianax,Callianax biplicata
6141,Eukaryota,Arthropoda,Malacostraca,Decapoda,Cancridae,NA,NA
6142,Eukaryota,Arthropoda,Copepoda,Calanoida,Eucalanidae,NA,NA
6143,NA,NA,NA,NA,NA,NA,NA
6144,Eukaryota,Basidiomycota,Malasseziomycetes,Malasseziales,Malasseziaceae,Malassezia,Malassezia globosa
6145,NA,NA,NA,NA,NA,NA,NA
6146,NA,NA,NA,NA,NA,NA,NA
6147,NA,NA,NA,NA,NA,NA,NA
6148,Eukaryota,Nemertea,Palaeonemertea,Archinemertea,Cephalotrichidae,NA,NA
6149,Eukaryota,Bacillariophyta,Plagiogrammaphyceae,Rhaphoneidales,Asterionellopsidaceae,Asterionellopsis,Asterionellopsis glacialis
6150,Eukaryota,Arthropoda,Copepoda,Calanoida,Eucalanidae,Eucalanus,Eucalanus californicus
6151,NA,NA,NA,NA,NA,NA,NA
6152,NA,NA,NA,NA,NA,NA,NA
6153,Eukaryota,Arthropoda,Malacostraca,Decapoda,Callianassidae,NA,NA
6154,NA,NA,NA,NA,NA,NA,NA
6155,NA,NA,NA,NA,NA,NA,NA
6156,NA,NA,NA,NA,NA,NA,NA
6157,Eukaryota,Arthropoda,Copepoda,Calanoida,Eucalanidae,Rhincalanus,NA
6158,NA,NA,NA,NA,NA,NA,NA
6159,NA,NA,NA,NA,NA,NA,NA
6160,Eukaryota,Arthropoda,Copepoda,Calanoida,Candaciidae,Candacia,Candacia bipinnata
6161,Eukaryota,Bryozoa,Gymnolaemata,Cheilostomatida,Membraniporidae,Membranipora,Membranipora villosa
6162,NA,NA,NA,NA,NA,NA,NA
6163,NA,NA,NA,NA,NA,NA,NA
6164,Eukaryota,Arthropoda,Copepoda,Calanoida,Aetideidae,NA,NA
6165,Eukaryota,Bryozoa,Gymnolaemata,Cheilostomatida,Membraniporidae,Membranipora,Membranipora villosa
6166,Eukaryota,Arthropoda,Copepoda,Calanoida,Metridinidae,Pleuromamma,Pleuromamma gracilis
6167,NA,NA,NA,NA,NA,NA,NA
6168,NA,NA,NA,NA,NA,NA,NA
6169,Eukaryota,Cnidaria,Anthozoa,Actiniaria,Actiniidae,Bunodactis,NA
6170,Eukaryota,Arthropoda,Ostracoda,Halocyprida,Halocyprididae,Paraconchoecia,Paraconchoecia oblonga
6171,Eukaryota,Arthropoda,Copepoda,Calanoida,Scolecitrichidae,Scolecithricella,Scolecithricella dentata
6172,Eukaryota,Arthropoda,Thecostraca,Pollicipedomorpha,Pollicipedidae,Pollicipes,Pollicipes polymerus
6173,NA,NA,NA,NA,NA,NA,NA
6174,NA,NA,NA,NA,NA,NA,NA
6175,Eukaryota,Arthropoda,Copepoda,Calanoida,Calanidae,NA,NA
6176,NA,NA,NA,NA,NA,NA,NA
6177,Eukaryota,Mollusca,Gastropoda,Pteropoda,Creseidae,Styliola,Styliola sp.
6178,Eukaryota,Mollusca,Gastropoda,Epitoniidae,Epitoniidae,Epitonium,NA
6179,NA,NA,NA,NA,NA,NA,NA
6180,NA,NA,NA,NA,NA,NA,NA
6181,Eukaryota,Bryozoa,Gymnolaemata,Cheilostomatida,Membraniporidae,NA,NA
6182,NA,NA,NA,NA,NA,NA,NA
6183,NA,NA,NA,NA,NA,NA,NA
6184,NA,NA,NA,NA,NA,NA,NA
6185,NA,NA,NA,NA,NA,NA,NA
6186,NA,NA,NA,NA,NA,NA,NA
6187,NA,NA,NA,NA,NA,NA,NA
6188,NA,NA,NA,NA,NA,NA,NA
6189,Eukaryota,Arthropoda,Copepoda,Calanoida,Pontellidae,Labidocera,Labidocera trispinosa
6190,Eukaryota,Arthropoda,Copepoda,Calanoida,Acartiidae,Acartia,Acartia tonsa
6191,NA,NA,NA,NA,NA,NA,NA
6192,NA,NA,NA,NA,NA,NA,NA
6193,NA,NA,NA,NA,NA,NA,NA
6194,Eukaryota,Arthropoda,Malacostraca,Euphausiacea,Euphausiidae,Hansarsia,NA
6195,Eukaryota,Arthropoda,Malacostraca,Euphausiacea,Euphausiidae,Hansarsia,Hansarsia difficilis
6196,NA,NA,NA,NA,NA,NA,NA
6197,Eukaryota,Arthropoda,Copepoda,Calanoida,Calocalanidae,Calocalanus,Calocalanus sp. 1 AC_2013
6198,NA,NA,NA,NA,NA,NA,NA
6199,NA,NA,NA,NA,NA,NA,NA
6200,NA,NA,NA,NA,NA,NA,NA
6201,NA,NA,NA,NA,NA,NA,NA
6202,NA,NA,NA,NA,NA,NA,NA
6203,NA,NA,NA,NA,NA,NA,NA
6204,Eukaryota,Arthropoda,Copepoda,Poecilostomatoida,Oncaeidae,Oncaea,Oncaea sp.
6205,NA,NA,NA,NA,NA,NA,NA
6206,NA,NA,NA,NA,NA,NA,NA
6207,Eukaryota,Mollusca,Gastropoda,Pteropoda,Cliidae,Clio,Clio pyramidata
6208,NA,NA,NA,NA,NA,NA,NA
6209,Eukaryota,Arthropoda,Copepoda,Calanoida,Eucalanidae,Eucalanus,Eucalanus californicus
6210,NA,NA,NA,NA,NA,NA,NA
6211,Eukaryota,Arthropoda,Copepoda,Calanoida,Metridinidae,Pleuromamma,Pleuromamma abdominalis
6212,Eukaryota,Echinodermata,Ophiuroidea,Amphilepidida,Amphiuridae,Amphiodia,Amphiodia cf_ urtica EAC_2010
6213,NA,NA,NA,NA,NA,NA,NA
6214,NA,NA,NA,NA,NA,NA,NA
6215,Eukaryota,Arthropoda,Thecostraca,Lepadidae,Lepadidae,NA,NA
6216,Eukaryota,Chordata,Actinopteri,Stomiiformes,Sternoptychidae,Argyropelecus,Argyropelecus affinis
6217,Eukaryota,Arthropoda,Copepoda,Calanoida,Eucalanidae,Eucalanus,Eucalanus californicus
6218,Eukaryota,Arthropoda,Malacostraca,Euphausiacea,Euphausiidae,Hansarsia,Hansarsia difficilis
6219,NA,NA,NA,NA,NA,NA,NA
6220,NA,NA,NA,NA,NA,NA,NA
6221,NA,NA,NA,NA,NA,NA,NA
6222,Eukaryota,Arthropoda,Malacostraca,Euphausiacea,Euphausiidae,Nyctiphanes,Nyctiphanes simplex
6223,Eukaryota,Arthropoda,Copepoda,Calanoida,Pontellidae,Labidocera,Labidocera trispinosa
6224,Eukaryota,Arthropoda,Copepoda,Calanoida,Metridinidae,NA,NA
6225,Eukaryota,Cnidaria,Hydrozoa,Leptothecata,Obeliidae,NA,NA
6226,Eukaryota,Annelida,Polychaeta,Phyllodocida,Polynoidae,NA,NA
6227,Eukaryota,Mollusca,Gastropoda,Pteropoda,Creseidae,Styliola,NA
6228,NA,NA,NA,NA,NA,NA,NA
6229,Eukaryota,Arthropoda,Copepoda,Calanoida,Metridinidae,Pleuromamma,Pleuromamma gracilis
6230,Eukaryota,Arthropoda,Malacostraca,Euphausiacea,Euphausiidae,NA,NA
6231,Eukaryota,Arthropoda,Malacostraca,Euphausiacea,Euphausiidae,Euphausia,Euphausia recurva
6232,Eukaryota,Arthropoda,Copepoda,Poecilostomatoida,Oncaeidae,Oncaea,Oncaea sp.
6233,Eukaryota,Annelida,Polychaeta,Spionida,Spionidae,NA,NA
6234,Eukaryota,Chlorophyta,Chloropicophyceae,Chloropicales,Chloropicaceae,Chloropicon,Chloropicon laureae
6235,Eukaryota,Arthropoda,Copepoda,Calanoida,Candaciidae,Candacia,Candacia curta
6236,NA,NA,NA,NA,NA,NA,NA
6237,NA,NA,NA,NA,NA,NA,NA
6238,Eukaryota,Cnidaria,Hydrozoa,Leptothecata,Lovenellidae,NA,NA
6239,Eukaryota,Mollusca,Gastropoda,Limapontiidae,Limapontiidae,NA,NA
6240,NA,NA,NA,NA,NA,NA,NA
6241,Eukaryota,Annelida,Polychaeta,Sabellida,Sabellariidae,Phragmatopoma,Phragmatopoma californica
6242,NA,NA,NA,NA,NA,NA,NA
6243,Eukaryota,Arthropoda,Copepoda,Calanoida,Metridinidae,Pleuromamma,Pleuromamma gracilis
6244,Eukaryota,Arthropoda,Copepoda,Poecilostomatoida,Oncaeidae,Oncaea,Oncaea sp.
6245,NA,NA,NA,NA,NA,NA,NA
6246,NA,NA,NA,NA,NA,NA,NA
6247,Eukaryota,Arthropoda,Malacostraca,Euphausiacea,Euphausiidae,Stylocheiron,NA
6248,NA,NA,NA,NA,NA,NA,NA
6249,Eukaryota,Echinodermata,Echinoidea,Spatangoida,Brissidae,Brissopsis,NA
6250,NA,NA,NA,NA,NA,NA,NA
6251,NA,NA,NA,NA,NA,NA,NA
6252,NA,NA,NA,NA,NA,NA,NA
6253,NA,NA,NA,NA,NA,NA,NA
6254,NA,NA,NA,NA,NA,NA,NA
6255,Eukaryota,Dictyochophyceae,Dictyochophyceae,Florenciellales,Pseudochattonella,Pseudochattonella,Pseudochattonella verruculosa
6256,NA,NA,NA,NA,NA,NA,NA
6257,Eukaryota,Annelida,Polychaeta,Terebellida,Flabelligeridae,Poeobius,Poeobius meseres
6258,Eukaryota,Annelida,Polychaeta,Eunicida,Onuphidae,Diopatra,Diopatra ornata
6259,NA,NA,NA,NA,NA,NA,NA
6260,NA,NA,NA,NA,NA,NA,NA
6261,Eukaryota,Arthropoda,Malacostraca,Decapoda,Hippolytidae,NA,NA
6262,NA,NA,NA,NA,NA,NA,NA
6263,NA,NA,NA,NA,NA,NA,NA
6264,NA,NA,NA,NA,NA,NA,NA
6265,NA,NA,NA,NA,NA,NA,NA
6266,NA,NA,NA,NA,NA,NA,NA
6267,NA,NA,NA,NA,NA,NA,NA
6268,Eukaryota,Mollusca,Gastropoda,Pteropoda,Creseidae,Styliola,NA
6269,Eukaryota,Annelida,Polychaeta,Spionida,Spionidae,NA,NA
6270,Eukaryota,Bryozoa,Gymnolaemata,Cheilostomatida,Membraniporidae,Membranipora,Membranipora villosa
6271,NA,NA,NA,NA,NA,NA,NA
6272,NA,NA,NA,NA,NA,NA,NA
6273,NA,NA,NA,NA,NA,NA,NA
6274,Eukaryota,Annelida,Polychaeta,Phyllodocida,Phyllodocidae,NA,NA
6275,Eukaryota,Arthropoda,Malacostraca,Decapoda,Munididae,Antillimunida,Antillimunida bapensis
6276,NA,NA,NA,NA,NA,NA,NA
6277,NA,NA,NA,NA,NA,NA,NA
6278,NA,NA,NA,NA,NA,NA,NA
6279,Eukaryota,Annelida,Polychaeta,Terebellida,Flabelligeridae,Poeobius,Poeobius meseres
6280,Eukaryota,Echinodermata,Ophiuroidea,Amphilepidida,Amphiuridae,Amphiodia,NA
6281,Eukaryota,Arthropoda,Copepoda,Calanoida,Calanidae,NA,NA
6282,Eukaryota,Arthropoda,Ostracoda,Halocyprida,Halocyprididae,Porroecia,Porroecia spinirostris
6283,NA,NA,NA,NA,NA,NA,NA
6284,Eukaryota,Arthropoda,Copepoda,Calanoida,Metridinidae,Pleuromamma,Pleuromamma abdominalis
6285,Eukaryota,Arthropoda,Copepoda,Calanoida,Calocalanidae,Calocalanus,Calocalanus styliremis
6286,Eukaryota,Arthropoda,Malacostraca,Euphausiacea,Euphausiidae,Euphausia,Euphausia pacifica
6287,Eukaryota,Arthropoda,Copepoda,Calanoida,Clausocalanidae,Clausocalanus,Clausocalanus arcuicornis
6288,Eukaryota,Arthropoda,Copepoda,Calanoida,Calocalanidae,Calocalanus,NA
6289,NA,NA,NA,NA,NA,NA,NA
6290,NA,NA,NA,NA,NA,NA,NA
6291,NA,NA,NA,NA,NA,NA,NA
6292,Eukaryota,Arthropoda,Copepoda,Poecilostomatoida,Oncaeidae,Oncaea,Oncaea sp.
6293,Eukaryota,Arthropoda,Copepoda,Poecilostomatoida,Oncaeidae,Oncaea,Oncaea sp.
6294,NA,NA,NA,NA,NA,NA,NA
6295,Eukaryota,Arthropoda,Malacostraca,Decapoda,Pinnotheridae,Pinnixa,Pinnixa occidentalis
6296,NA,NA,NA,NA,NA,NA,NA
6297,NA,NA,NA,NA,NA,NA,NA
6298,NA,NA,NA,NA,NA,NA,NA
6299,NA,NA,NA,NA,NA,NA,NA
6300,Eukaryota,Arthropoda,Copepoda,Calanoida,Eucalanidae,Eucalanus,Eucalanus californicus
6301,NA,NA,NA,NA,NA,NA,NA
6302,Eukaryota,Arthropoda,Copepoda,Calanoida,Eucalanidae,NA,NA
6303,Eukaryota,Echinodermata,Asteroidea,Forcipulatida,Asteriidae,Stylasterias,Stylasterias forreri
6304,NA,NA,NA,NA,NA,NA,NA
6305,Eukaryota,Annelida,Polychaeta,Phyllodocida,Alciopidae,NA,NA
6306,Eukaryota,Arthropoda,Copepoda,Calanoida,Eucalanidae,Eucalanus,Eucalanus californicus
6307,NA,NA,NA,NA,NA,NA,NA
6308,Eukaryota,Echinodermata,Ophiuroidea,Amphilepidida,Ophiactidae,Ophiopholis,Ophiopholis sp. EAC01
6309,NA,NA,NA,NA,NA,NA,NA
6310,NA,NA,NA,NA,NA,NA,NA
6311,Eukaryota,Annelida,Polychaeta,Chaetopteridae,Chaetopteridae,Phyllochaetopterus,Phyllochaetopterus sp. 5 JM_2017
6312,Eukaryota,Arthropoda,Copepoda,Calanoida,Eucalanidae,Rhincalanus,NA
6313,NA,NA,NA,NA,NA,NA,NA
6314,Eukaryota,Arthropoda,Malacostraca,Euphausiacea,Euphausiidae,Euphausia,Euphausia gibboides
6315,Eukaryota,Arthropoda,Thecostraca,Balanomorpha,Balanidae,Solidobalanus,Solidobalanus engbergi
6316,Eukaryota,Bacillariophyta,Thalassiosirophyceae,Thalassiosirales,Thalassiosiraceae,NA,NA
6317,Eukaryota,Arthropoda,Malacostraca,Euphausiacea,Euphausiidae,Nyctiphanes,Nyctiphanes simplex
6318,NA,NA,NA,NA,NA,NA,NA
6319,Eukaryota,Arthropoda,Malacostraca,Decapoda,Pinnotheridae,Pinnixa,Pinnixa occidentalis
6320,Eukaryota,Mollusca,Gastropoda,Nudibranchia,Triopha,Triopha,Triopha catalinae
6321,NA,NA,NA,NA,NA,NA,NA
6322,Eukaryota,Mollusca,Bivalvia,Adapedonta,Hiatellidae,Panopea,Panopea generosa
6323,Eukaryota,Arthropoda,Malacostraca,Decapoda,Panopeidae,NA,NA
6324,NA,NA,NA,NA,NA,NA,NA
6325,NA,NA,NA,NA,NA,NA,NA
6326,Eukaryota,Arthropoda,Malacostraca,Euphausiacea,Euphausiidae,Hansarsia,NA
6327,Eukaryota,Arthropoda,Copepoda,Calanoida,Eucalanidae,Eucalanus,Eucalanus californicus
6328,Eukaryota,Chordata,Actinopteri,Argentiniformes,Bathylagidae,Lipolagus,Lipolagus ochotensis
6329,Eukaryota,Arthropoda,Copepoda,Poecilostomatoida,Oncaeidae,Oncaea,Oncaea sp.
6330,Eukaryota,Arthropoda,Copepoda,Calanoida,Metridinidae,Pleuromamma,Pleuromamma borealis
6331,Eukaryota,Arthropoda,Malacostraca,Decapoda,Axiidae,Calocarides,Calocarides spinulicauda
6332,Eukaryota,Arthropoda,Malacostraca,Decapoda,Cancridae,NA,NA
6333,NA,NA,NA,NA,NA,NA,NA
6334,Eukaryota,Mollusca,Gastropoda,Littorinimorpha,Naticidae,NA,NA
6335,NA,NA,NA,NA,NA,NA,NA
6336,NA,NA,NA,NA,NA,NA,NA
6337,NA,NA,NA,NA,NA,NA,NA
6338,Eukaryota,Bacillariophyta,Bacillariophyceae,Bacillariales,Bacillariaceae,Pseudo_nitzschia,NA
6339,NA,NA,NA,NA,NA,NA,NA
6340,Eukaryota,Arthropoda,Malacostraca,Euphausiacea,Euphausiidae,NA,NA
6341,NA,NA,NA,NA,NA,NA,NA
6342,NA,NA,NA,NA,NA,NA,NA
6343,NA,NA,NA,NA,NA,NA,NA
6344,Eukaryota,Arthropoda,Malacostraca,Euphausiacea,Euphausiidae,Hansarsia,Hansarsia difficilis
6345,Eukaryota,Arthropoda,Copepoda,Calanoida,Eucalanidae,Rhincalanus,NA
6346,NA,NA,NA,NA,NA,NA,NA
6347,NA,NA,NA,NA,NA,NA,NA
6348,Eukaryota,Arthropoda,Copepoda,Calanoida,Mecynoceridae,Mecynocera,Mecynocera clausi
6349,NA,NA,NA,NA,NA,NA,NA
6350,Eukaryota,Arthropoda,Malacostraca,Euphausiacea,Euphausiidae,Nyctiphanes,Nyctiphanes simplex
6351,Eukaryota,Arthropoda,Malacostraca,Euphausiacea,Euphausiidae,Nyctiphanes,Nyctiphanes simplex
6352,NA,NA,NA,NA,NA,NA,NA
6353,NA,NA,NA,NA,NA,NA,NA
6354,Eukaryota,Dictyochophyceae,Dictyochophyceae,Dictyochales,Dictyochaceae,NA,NA
6355,NA,NA,NA,NA,NA,NA,NA
6356,Eukaryota,Arthropoda,Malacostraca,Euphausiacea,Euphausiidae,Euphausia,Euphausia pacifica
6357,NA,NA,NA,NA,NA,NA,NA
6358,Eukaryota,Arthropoda,Copepoda,Calanoida,Aetideidae,NA,NA
6359,Eukaryota,Arthropoda,Copepoda,Calanoida,Acartiidae,Acartia,Acartia tonsa
6360,NA,NA,NA,NA,NA,NA,NA
6361,Eukaryota,Arthropoda,Copepoda,Calanoida,Clausocalanidae,Clausocalanus,Clausocalanus jobei
6362,Eukaryota,Chordata,Actinopteri,Perciformes,Serranidae,Paralabrax,Paralabrax nebulifer
6363,NA,NA,NA,NA,NA,NA,NA
6364,Eukaryota,Arthropoda,Thecostraca,Balanomorpha,Balanidae,Megabalanus,Megabalanus californicus
6365,NA,NA,NA,NA,NA,NA,NA
6366,NA,NA,NA,NA,NA,NA,NA
6367,NA,NA,NA,NA,NA,NA,NA
6368,Eukaryota,Arthropoda,Malacostraca,Decapoda,Hippidae,Emerita,Emerita analoga
6369,Eukaryota,Arthropoda,Thecostraca,Balanomorpha,Chthamalidae,Chthamalus,Chthamalus dalli
6370,NA,NA,NA,NA,NA,NA,NA
6371,Eukaryota,Arthropoda,Ostracoda,Halocyprida,Halocyprididae,Mikroconchoecia,Mikroconchoecia sp. USNM IZ 1448470
6372,Eukaryota,Arthropoda,Ostracoda,Halocyprida,Halocyprididae,Proceroecia,Proceroecia procera
6373,Eukaryota,Haptophyta,Phaeocystales,Phaeocystales,Phaeocystaceae,Phaeocystis,Phaeocystis cordata
6374,Eukaryota,Annelida,Polychaeta,Chaetopteridae,Chaetopteridae,Phyllochaetopterus,Phyllochaetopterus sp. 5 JM_2017
6375,NA,NA,NA,NA,NA,NA,NA
6376,Eukaryota,Mollusca,Gastropoda,Pteropoda,Cliidae,Clio,Clio pyramidata
6377,NA,NA,NA,NA,NA,NA,NA
6378,NA,NA,NA,NA,NA,NA,NA
6379,NA,NA,NA,NA,NA,NA,NA
6380,NA,NA,NA,NA,NA,NA,NA
6381,Eukaryota,Arthropoda,Copepoda,Calanoida,Calocalanidae,Calocalanus,NA
6382,NA,NA,NA,NA,NA,NA,NA
6383,NA,NA,NA,NA,NA,NA,NA
6384,Eukaryota,Arthropoda,Malacostraca,Decapoda,Munididae,Antillimunida,Antillimunida bapensis
6385,NA,NA,NA,NA,NA,NA,NA
6386,NA,NA,NA,NA,NA,NA,NA
6387,Eukaryota,Bryozoa,Gymnolaemata,Cheilostomatida,Membraniporidae,Membranipora,Membranipora villosa
6388,Eukaryota,Arthropoda,Copepoda,Calanoida,Calanidae,Neocalanus,Neocalanus gracilis
6389,NA,NA,NA,NA,NA,NA,NA
6390,NA,NA,NA,NA,NA,NA,NA
6391,Eukaryota,Mollusca,Gastropoda,Nudibranchia,Discodorididae,Peltodoris,Peltodoris nobilis
6392,Eukaryota,Arthropoda,Thecostraca,Balanomorpha,Chthamalidae,Chthamalus,Chthamalus fissus
6393,NA,NA,NA,NA,NA,NA,NA
6394,Eukaryota,Arthropoda,Copepoda,Calanoida,Calocalanidae,NA,NA
6395,NA,NA,NA,NA,NA,NA,NA
6396,Eukaryota,Arthropoda,Malacostraca,Decapoda,Inachoididae,NA,NA
6397,Eukaryota,Arthropoda,Malacostraca,Decapoda,Pinnotheridae,NA,NA
6398,Eukaryota,Arthropoda,Copepoda,Calanoida,Eucalanidae,Eucalanus,Eucalanus californicus
6399,Eukaryota,Arthropoda,Malacostraca,Decapoda,Paguridae,NA,NA
6400,NA,NA,NA,NA,NA,NA,NA
6401,NA,NA,NA,NA,NA,NA,NA
6402,NA,NA,NA,NA,NA,NA,NA
6403,NA,NA,NA,NA,NA,NA,NA
6404,NA,NA,NA,NA,NA,NA,NA
6405,NA,NA,NA,NA,NA,NA,NA
6406,Eukaryota,Arthropoda,Malacostraca,Decapoda,Hippolytidae,NA,NA
6407,Eukaryota,Arthropoda,Copepoda,Calanoida,Mecynoceridae,Mecynocera,Mecynocera clausi
6408,Eukaryota,Echinodermata,Asteroidea,Valvatida,Asterinidae,Patiria,Patiria miniata
6409,Eukaryota,Arthropoda,Copepoda,Calanoida,Calanidae,Neocalanus,NA
6410,NA,NA,NA,NA,NA,NA,NA
6411,NA,NA,NA,NA,NA,NA,NA
6412,Eukaryota,Arthropoda,Thecostraca,Balanomorpha,Chthamalidae,Chthamalus,Chthamalus fissus
6413,Eukaryota,Chordata,Actinopteri,Clupeiformes,Engraulidae,Engraulis,Engraulis mordax
6414,Eukaryota,Mollusca,Gastropoda,Littorinimorpha,Hydrobiidae,NA,NA
6415,NA,NA,NA,NA,NA,NA,NA
6416,Eukaryota,Arthropoda,Malacostraca,Euphausiacea,Euphausiidae,Hansarsia,NA
6417,NA,NA,NA,NA,NA,NA,NA
6418,NA,NA,NA,NA,NA,NA,NA
6419,Eukaryota,Echinodermata,Ophiuroidea,Amphilepidida,Ophiocomidae,Ophiopteris,Ophiopteris papillosa
6420,NA,NA,NA,NA,NA,NA,NA
6421,Eukaryota,Arthropoda,Malacostraca,Euphausiacea,Euphausiidae,NA,NA
6422,NA,NA,NA,NA,NA,NA,NA
6423,Eukaryota,Arthropoda,Copepoda,Calanoida,Eucalanidae,Eucalanus,NA
6424,Eukaryota,Mollusca,Gastropoda,Neogastropoda,Olividae,Callianax,Callianax biplicata
6425,Eukaryota,Arthropoda,Malacostraca,Decapoda,Blepharipodidae,NA,NA
6426,NA,NA,NA,NA,NA,NA,NA
6427,NA,NA,NA,NA,NA,NA,NA
6428,Eukaryota,Cnidaria,Hydrozoa,Trachymedusae,Halicreatidae,NA,NA
6429,NA,NA,NA,NA,NA,NA,NA
6430,Eukaryota,Cnidaria,Hydrozoa,Siphonophorae,Sphaeronectidae,Sphaeronectes,NA
6431,Eukaryota,Annelida,Polychaeta,Phyllodocida,Phyllodocidae,NA,NA
6432,Eukaryota,Arthropoda,Copepoda,Calanoida,Aetideidae,NA,NA
6433,NA,NA,NA,NA,NA,NA,NA
6434,NA,NA,NA,NA,NA,NA,NA
6435,NA,NA,NA,NA,NA,NA,NA
6436,NA,NA,NA,NA,NA,NA,NA
6437,NA,NA,NA,NA,NA,NA,NA
6438,NA,NA,NA,NA,NA,NA,NA
6439,NA,NA,NA,NA,NA,NA,NA
6440,NA,NA,NA,NA,NA,NA,NA
6441,NA,NA,NA,NA,NA,NA,NA
6442,NA,NA,NA,NA,NA,NA,NA
6443,NA,NA,NA,NA,NA,NA,NA
6444,NA,NA,NA,NA,NA,NA,NA
6445,NA,NA,NA,NA,NA,NA,NA
6446,Eukaryota,Echinodermata,Asteroidea,Paxillosida,Luidiidae,Luidia,Luidia foliolata
6447,Eukaryota,Annelida,Sipuncula,Phascolosomatiformes,Phascolosomatidae,Phascolosoma,Phascolosoma agassizii
6448,NA,NA,NA,NA,NA,NA,NA
6449,Eukaryota,Arthropoda,Malacostraca,Euphausiacea,Euphausiidae,Euphausia,Euphausia pacifica
6450,Eukaryota,Mollusca,Gastropoda,Nudibranchia,Glaucidae,Hermissenda,Hermissenda opalescens
6451,NA,NA,NA,NA,NA,NA,NA
6452,Eukaryota,Cnidaria,Hydrozoa,Siphonophorae,Diphyidae,Lensia,Lensia conoidea
6453,NA,NA,NA,NA,NA,NA,NA
6454,Eukaryota,Oomycota,Saprolegniomycetes,Saprolegniales,Saprolegniaceae,NA,NA
6455,NA,NA,NA,NA,NA,NA,NA
6456,Eukaryota,Arthropoda,Copepoda,Calanoida,Mecynoceridae,Mecynocera,Mecynocera clausi
6457,Eukaryota,Annelida,Polychaeta,Phyllodocida,Phyllodocidae,NA,NA
6458,Eukaryota,Arthropoda,Copepoda,Calanoida,Clausocalanidae,Clausocalanus,Clausocalanus mastigophorus
6459,NA,NA,NA,NA,NA,NA,NA
6460,NA,NA,NA,NA,NA,NA,NA
6461,NA,NA,NA,NA,NA,NA,NA
6462,Eukaryota,Arthropoda,Branchiopoda,Diplostraca,Podonidae,Pseudevadne,Pseudevadne tergestina
6463,Eukaryota,Arthropoda,Copepoda,Calanoida,Scolecitrichidae,Scolecithricella,NA
6464,NA,NA,NA,NA,NA,NA,NA
6465,NA,NA,NA,NA,NA,NA,NA
6466,NA,NA,NA,NA,NA,NA,NA
6467,Eukaryota,Haptophyta,Phaeocystales,Phaeocystales,Phaeocystaceae,Phaeocystis,Phaeocystis cordata
6468,NA,NA,NA,NA,NA,NA,NA
6469,NA,NA,NA,NA,NA,NA,NA
6470,Eukaryota,Echinodermata,Asteroidea,Paxillosida,Astropectinidae,Astropecten,NA
6471,NA,NA,NA,NA,NA,NA,NA
6472,Eukaryota,Arthropoda,Copepoda,Calanoida,Eucalanidae,Eucalanus,Eucalanus californicus
6473,NA,NA,NA,NA,NA,NA,NA
6474,NA,NA,NA,NA,NA,NA,NA
6475,NA,NA,NA,NA,NA,NA,NA
6476,NA,NA,NA,NA,NA,NA,NA
6477,NA,NA,NA,NA,NA,NA,NA
6478,Eukaryota,Arthropoda,Copepoda,Calanoida,Calocalanidae,Calocalanus,NA
6479,Eukaryota,Echinodermata,Asteroidea,Paxillosida,Luidiidae,Luidia,Luidia foliolata
6480,NA,NA,NA,NA,NA,NA,NA
6481,NA,NA,NA,NA,NA,NA,NA
6482,NA,NA,NA,NA,NA,NA,NA
6483,NA,NA,NA,NA,NA,NA,NA
6484,NA,NA,NA,NA,NA,NA,NA
6485,NA,NA,NA,NA,NA,NA,NA
6486,Eukaryota,Arthropoda,Copepoda,Calanoida,Calocalanidae,NA,NA
6487,Eukaryota,Chordata,Actinopteri,Myctophiformes,Myctophidae,Triphoturus,Triphoturus mexicanus
6488,NA,NA,NA,NA,NA,NA,NA
6489,NA,NA,NA,NA,NA,NA,NA
6490,NA,NA,NA,NA,NA,NA,NA
6491,NA,NA,NA,NA,NA,NA,NA
6492,Eukaryota,Annelida,Polychaeta,Echiuroidea,Thalassematidae,Arhynchite,Arhynchite cf_ pugettensis A6200
6493,NA,NA,NA,NA,NA,NA,NA
6494,Eukaryota,Cnidaria,Hydrozoa,Trachymedusae,Halicreatidae,NA,NA
6495,NA,NA,NA,NA,NA,NA,NA
6496,Eukaryota,Echinodermata,Ophiuroidea,Amphilepidida,Amphiuridae,Amphiodia,Amphiodia cf_ urtica EAC_2010
6497,NA,NA,NA,NA,NA,NA,NA
6498,Eukaryota,Arthropoda,Thecostraca,Balanomorpha,Balanidae,Megabalanus,Megabalanus californicus
6499,NA,NA,NA,NA,NA,NA,NA
6500,NA,NA,NA,NA,NA,NA,NA
6501,NA,NA,NA,NA,NA,NA,NA
6502,NA,NA,NA,NA,NA,NA,NA
6503,NA,NA,NA,NA,NA,NA,NA
6504,Eukaryota,Arthropoda,Copepoda,Poecilostomatoida,Oncaeidae,Oncaea,Oncaea sp.
6505,NA,NA,NA,NA,NA,NA,NA
6506,Eukaryota,Arthropoda,Ostracoda,Halocyprida,Halocyprididae,Mikroconchoecia,Mikroconchoecia sp. Os099_1_3
6507,Eukaryota,Arthropoda,Copepoda,Calanoida,Paracalanidae,Paracalanus,Paracalanus tropicus
6508,Eukaryota,Arthropoda,Malacostraca,Euphausiacea,Euphausiidae,Hansarsia,Hansarsia difficilis
6509,NA,NA,NA,NA,NA,NA,NA
6510,NA,NA,NA,NA,NA,NA,NA
6511,NA,NA,NA,NA,NA,NA,NA
6512,NA,NA,NA,NA,NA,NA,NA
6513,NA,NA,NA,NA,NA,NA,NA
6514,Eukaryota,Arthropoda,Copepoda,Calanoida,Aetideidae,NA,NA
6515,NA,NA,NA,NA,NA,NA,NA
6516,Eukaryota,Arthropoda,Malacostraca,Decapoda,Pisidae,Scyra,Scyra acutifrons
6517,NA,NA,NA,NA,NA,NA,NA
6518,Eukaryota,Echinodermata,Ophiuroidea,Amphilepidida,Amphiuridae,Amphipholis,Amphipholis pugetana
6519,NA,NA,NA,NA,NA,NA,NA
6520,Eukaryota,Arthropoda,Ostracoda,Halocyprida,Halocyprididae,Paraconchoecia,Paraconchoecia allotherium
6521,Eukaryota,Arthropoda,Malacostraca,Euphausiacea,Euphausiidae,Thysanopoda,Thysanopoda orientalis
6522,Eukaryota,Echinodermata,Echinoidea,Camarodonta,Strongylocentrotidae,Strongylocentrotus,Strongylocentrotus purpuratus
6523,Eukaryota,Echinodermata,Ophiuroidea,Amphilepidida,Amphiuridae,Amphipholis,Amphipholis pugetana
6524,Eukaryota,Arthropoda,Malacostraca,Amphipoda,Paraphronimidae,Paraphronima,NA
6525,NA,NA,NA,NA,NA,NA,NA
6526,NA,NA,NA,NA,NA,NA,NA
6527,NA,NA,NA,NA,NA,NA,NA
6528,Eukaryota,Arthropoda,Copepoda,Calanoida,Eucalanidae,Eucalanus,Eucalanus californicus
6529,NA,NA,NA,NA,NA,NA,NA
6530,Eukaryota,Arthropoda,Thecostraca,Pollicipedomorpha,Pollicipedidae,Pollicipes,Pollicipes polymerus
6531,Eukaryota,Arthropoda,Ostracoda,Halocyprida,Halocyprididae,Metaconchoecia,NA
6532,NA,NA,NA,NA,NA,NA,NA
6533,NA,NA,NA,NA,NA,NA,NA
6534,Eukaryota,Arthropoda,Copepoda,Calanoida,Paracalanidae,NA,NA
6535,NA,NA,NA,NA,NA,NA,NA
6536,NA,NA,NA,NA,NA,NA,NA
6537,Eukaryota,Echinodermata,Ophiuroidea,Amphilepidida,Ophiocomidae,Ophiopteris,Ophiopteris papillosa
6538,NA,NA,NA,NA,NA,NA,NA
6539,Eukaryota,Mollusca,Gastropoda,Nudibranchia,Aeolidiidae,Cerberilla,Cerberilla mosslandica
6540,Eukaryota,Mollusca,Gastropoda,Littorinimorpha,Triviidae,NA,NA
6541,Eukaryota,Arthropoda,Thecostraca,Balanomorpha,Balanidae,Megabalanus,Megabalanus californicus
6542,NA,NA,NA,NA,NA,NA,NA
6543,Eukaryota,Bryozoa,Gymnolaemata,Cheilostomatida,Membraniporidae,Membranipora,Membranipora villosa
6544,Eukaryota,Bacillariophyta,Coscinodiscophyceae,Coscinodiscales,Coscinodiscaceae,Coscinodiscus,Coscinodiscus wailesii
6545,Eukaryota,Arthropoda,Copepoda,Calanoida,Aetideidae,NA,NA
6546,NA,NA,NA,NA,NA,NA,NA
6547,Eukaryota,Arthropoda,Copepoda,Calanoida,Aetideidae,NA,NA
6548,NA,NA,NA,NA,NA,NA,NA
6549,NA,NA,NA,NA,NA,NA,NA
6550,Eukaryota,Arthropoda,Malacostraca,Euphausiacea,Euphausiidae,NA,NA
6551,Eukaryota,Arthropoda,Malacostraca,Decapoda,Diogenidae,NA,NA
6552,NA,NA,NA,NA,NA,NA,NA
6553,NA,NA,NA,NA,NA,NA,NA
6554,NA,NA,NA,NA,NA,NA,NA
6555,Eukaryota,Arthropoda,Copepoda,Calanoida,Eucalanidae,Eucalanus,Eucalanus hyalinus
6556,Eukaryota,Arthropoda,Copepoda,Calanoida,Paracalanidae,Paracalanus,Paracalanus tropicus
6557,NA,NA,NA,NA,NA,NA,NA
6558,Eukaryota,Arthropoda,Ostracoda,Halocyprida,Halocyprididae,NA,NA
6559,Eukaryota,Arthropoda,Malacostraca,Euphausiacea,Euphausiidae,Thysanoessa,Thysanoessa gregaria
6560,NA,NA,NA,NA,NA,NA,NA
6561,NA,NA,NA,NA,NA,NA,NA
6562,Eukaryota,Cnidaria,Hydrozoa,Siphonophorae,Diphyidae,Lensia,Lensia campanella
6563,Eukaryota,Arthropoda,Ostracoda,Halocyprida,Halocyprididae,Conchoecetta,Conchoecetta giesbrechti
6564,NA,NA,NA,NA,NA,NA,NA
6565,Eukaryota,Arthropoda,Copepoda,Calanoida,Metridinidae,Pleuromamma,Pleuromamma abdominalis
6566,NA,NA,NA,NA,NA,NA,NA
6567,NA,NA,NA,NA,NA,NA,NA
6568,Eukaryota,Echinodermata,Ophiuroidea,Amphilepidida,Amphiuridae,Amphipholis,Amphipholis pugetana
6569,Eukaryota,Arthropoda,Copepoda,Calanoida,Metridinidae,Pleuromamma,Pleuromamma abdominalis
6570,NA,NA,NA,NA,NA,NA,NA
6571,Eukaryota,Arthropoda,Ostracoda,Halocyprida,Halocyprididae,NA,NA
6572,NA,NA,NA,NA,NA,NA,NA
6573,Eukaryota,Bacillariophyta,Thalassiosirophyceae,Thalassiosirales,Thalassiosiraceae,NA,NA
6574,NA,NA,NA,NA,NA,NA,NA
6575,NA,NA,NA,NA,NA,NA,NA
6576,Eukaryota,Arthropoda,Copepoda,Calanoida,Eucalanidae,Eucalanus,Eucalanus californicus
6577,Eukaryota,Arthropoda,Copepoda,Calanoida,Eucalanidae,Eucalanus,Eucalanus californicus
6578,NA,NA,NA,NA,NA,NA,NA
6579,NA,NA,NA,NA,NA,NA,NA
6580,Eukaryota,Mollusca,Gastropoda,Nudibranchia,Triopha,Triopha,Triopha maculata
6581,Eukaryota,Annelida,Polychaeta,Phyllodocida,Phyllodocidae,NA,NA
6582,NA,NA,NA,NA,NA,NA,NA
6583,Eukaryota,Chordata,Actinopteri,Sciaenidae,Sciaenidae,Seriphus,Seriphus politus
6584,Eukaryota,Arthropoda,Malacostraca,Decapoda,Munididae,NA,NA
6585,NA,NA,NA,NA,NA,NA,NA
6586,NA,NA,NA,NA,NA,NA,NA
6587,Eukaryota,Arthropoda,Copepoda,Poecilostomatoida,Oncaeidae,Oncaea,Oncaea sp.
6588,Eukaryota,Arthropoda,Malacostraca,Euphausiacea,Euphausiidae,Nyctiphanes,Nyctiphanes simplex
6589,NA,NA,NA,NA,NA,NA,NA
6590,Eukaryota,Mollusca,Gastropoda,Pteropoda,Creseidae,Styliola,Styliola sp.
6591,NA,NA,NA,NA,NA,NA,NA
6592,NA,NA,NA,NA,NA,NA,NA
6593,Eukaryota,Arthropoda,Copepoda,Calanoida,Calanidae,Calanus,Calanus pacificus
6594,Eukaryota,Arthropoda,Malacostraca,Euphausiacea,Euphausiidae,Hansarsia,NA
6595,Eukaryota,Arthropoda,Copepoda,Calanoida,Calanidae,Calanus,Calanus pacificus
6596,NA,NA,NA,NA,NA,NA,NA
6597,NA,NA,NA,NA,NA,NA,NA
6598,NA,NA,NA,NA,NA,NA,NA
6599,Eukaryota,Arthropoda,Copepoda,Calanoida,Eucalanidae,Eucalanus,Eucalanus californicus
6600,NA,NA,NA,NA,NA,NA,NA
6601,Eukaryota,Arthropoda,Ostracoda,Halocyprida,Halocyprididae,Porroecia,Porroecia spinirostris
6602,NA,NA,NA,NA,NA,NA,NA
6603,Eukaryota,Arthropoda,Copepoda,Poecilostomatoida,Oncaeidae,Oncaea,Oncaea sp.
6604,Eukaryota,Annelida,Polychaeta,Phyllodocida,Syllidae,Odontosyllis,Odontosyllis phosphorea
6605,Eukaryota,Arthropoda,Ostracoda,Halocyprida,Halocyprididae,Proceroecia,Proceroecia procera
6606,Eukaryota,Arthropoda,Copepoda,Poecilostomatoida,Oncaeidae,Oncaea,Oncaea sp.
6607,Eukaryota,Arthropoda,Copepoda,Poecilostomatoida,Oncaeidae,Oncaea,Oncaea sp.
6608,Eukaryota,Arthropoda,Malacostraca,Euphausiacea,Euphausiidae,Stylocheiron,Stylocheiron maximum
6609,NA,NA,NA,NA,NA,NA,NA
6610,Eukaryota,Arthropoda,Copepoda,Poecilostomatoida,Oncaeidae,Oncaea,Oncaea sp.
6611,Eukaryota,Arthropoda,Thecostraca,Balanomorpha,Chthamalidae,Chthamalus,Chthamalus fissus
6612,Eukaryota,Ascomycota,Candelariomycetes,Candelariales,Candelariaceae,NA,NA
6613,NA,NA,NA,NA,NA,NA,NA
6614,NA,NA,NA,NA,NA,NA,NA
6615,Eukaryota,Annelida,Polychaeta,Phyllodocida,Alciopidae,NA,NA
6616,Eukaryota,Mollusca,Gastropoda,Nudibranchia,Goniodorididae,NA,NA
6617,Eukaryota,Mollusca,Bivalvia,Mytilida,Modiolidae,NA,NA
6618,NA,NA,NA,NA,NA,NA,NA
6619,NA,NA,NA,NA,NA,NA,NA
6620,Eukaryota,Arthropoda,Copepoda,Calanoida,Calanidae,NA,NA
6621,NA,NA,NA,NA,NA,NA,NA
6622,Eukaryota,Arthropoda,Ostracoda,Halocyprida,Halocyprididae,NA,NA
6623,NA,NA,NA,NA,NA,NA,NA
6624,Eukaryota,Echinodermata,Ophiuroidea,Amphilepidida,Ophiocomidae,Ophiopteris,Ophiopteris papillosa
6625,NA,NA,NA,NA,NA,NA,NA
6626,NA,NA,NA,NA,NA,NA,NA
6627,NA,NA,NA,NA,NA,NA,NA
6628,Eukaryota,Arthropoda,Copepoda,Calanoida,Eucalanidae,Eucalanus,Eucalanus californicus
6629,Eukaryota,Arthropoda,Copepoda,Calanoida,Eucalanidae,Rhincalanus,Rhincalanus nasutus
6630,NA,NA,NA,NA,NA,NA,NA
6631,Eukaryota,Arthropoda,Copepoda,Poecilostomatoida,Oncaeidae,Oncaea,Oncaea sp.
6632,NA,NA,NA,NA,NA,NA,NA
6633,Eukaryota,Arthropoda,Copepoda,Calanoida,Scolecitrichidae,Scolecithricella,Scolecithricella dentata
6634,NA,NA,NA,NA,NA,NA,NA
6635,NA,NA,NA,NA,NA,NA,NA
6636,Eukaryota,Arthropoda,Copepoda,Calanoida,Scolecitrichidae,Scolecithrix,Scolecithrix bradyi
6637,Eukaryota,Arthropoda,Copepoda,Calanoida,Aetideidae,Euchirella,Euchirella curticauda
6638,Eukaryota,Annelida,Polychaeta,Chaetopteridae,Chaetopteridae,Phyllochaetopterus,Phyllochaetopterus sp. 5 JM_2017
6639,Eukaryota,Arthropoda,Copepoda,Calanoida,Calocalanidae,NA,NA
6640,Eukaryota,Arthropoda,Copepoda,Calanoida,Metridinidae,Pleuromamma,Pleuromamma abdominalis
6641,Eukaryota,Arthropoda,Copepoda,Calanoida,Eucalanidae,Rhincalanus,Rhincalanus nasutus
6642,Eukaryota,Cnidaria,Hydrozoa,Leptothecata,Clytiidae,Clytia,Clytia gracilis
6643,Eukaryota,Arthropoda,Copepoda,Calanoida,Aetideidae,Gaetanus,Gaetanus minor
6644,Eukaryota,Arthropoda,Thecostraca,Balanomorpha,Chthamalidae,Chthamalus,Chthamalus fissus
6645,NA,NA,NA,NA,NA,NA,NA
6646,NA,NA,NA,NA,NA,NA,NA
6647,Eukaryota,Arthropoda,Insecta,Diptera,Keroplatidae,NA,NA
6648,Eukaryota,Chordata,Actinopteri,Gadiformes,Merlucciidae,Merluccius,Merluccius cf_ productus_angustimanus JFDC_2020
6649,Eukaryota,Arthropoda,Copepoda,Calanoida,Eucalanidae,Pareucalanus,Pareucalanus sewelli
6650,Eukaryota,Arthropoda,Copepoda,Calanoida,Metridinidae,Pleuromamma,Pleuromamma abdominalis
6651,NA,NA,NA,NA,NA,NA,NA
6652,Eukaryota,Chlorophyta,Chloropicophyceae,Chloropicales,Chloropicaceae,Chloroparvula,Chloroparvula pacifica
6653,Eukaryota,Arthropoda,Copepoda,Poecilostomatoida,Oncaeidae,Oncaea,Oncaea sp.
6654,NA,NA,NA,NA,NA,NA,NA
6655,NA,NA,NA,NA,NA,NA,NA
6656,Eukaryota,Mollusca,Gastropoda,Littorinimorpha,Velutinidae,Lamellaria,Lamellaria diegoensis
6657,Eukaryota,Arthropoda,Copepoda,Calanoida,Metridinidae,Pleuromamma,Pleuromamma abdominalis
6658,Eukaryota,Arthropoda,Copepoda,Calanoida,Eucalanidae,Eucalanus,Eucalanus californicus
6659,Eukaryota,Cnidaria,Hydrozoa,Anthoathecata,Pandeidae,NA,NA
6660,Eukaryota,Arthropoda,Copepoda,Calanoida,Aetideidae,NA,NA
6661,NA,NA,NA,NA,NA,NA,NA
6662,NA,NA,NA,NA,NA,NA,NA
6663,Eukaryota,Bryozoa,Gymnolaemata,Cheilostomatida,Membraniporidae,NA,NA
6664,Eukaryota,Mollusca,Gastropoda,Littorinimorpha,Atlantidae,Atlanta,Atlanta sp. USNM IZ 1230636
6665,NA,NA,NA,NA,NA,NA,NA
6666,NA,NA,NA,NA,NA,NA,NA
6667,NA,NA,NA,NA,NA,NA,NA
6668,Eukaryota,Mollusca,Bivalvia,Adapedonta,Hiatellidae,Panopea,Panopea generosa
6669,NA,NA,NA,NA,NA,NA,NA
6670,Eukaryota,Echinodermata,Ophiuroidea,Amphilepidida,Ophiotrichidae,Ophiothrix,Ophiothrix spiculata
6671,Eukaryota,Echinodermata,Echinoidea,Spatangoida,Brissidae,Brissopsis,NA
6672,NA,NA,NA,NA,NA,NA,NA
6673,Eukaryota,Arthropoda,Copepoda,Calanoida,Clausocalanidae,Clausocalanus,Clausocalanus arcuicornis
6674,NA,NA,NA,NA,NA,NA,NA
6675,NA,NA,NA,NA,NA,NA,NA
6676,NA,NA,NA,NA,NA,NA,NA
6677,Eukaryota,Arthropoda,Copepoda,Calanoida,Metridinidae,Pleuromamma,NA
6678,Eukaryota,Arthropoda,Malacostraca,Euphausiacea,Euphausiidae,NA,NA
6679,NA,NA,NA,NA,NA,NA,NA
6680,NA,NA,NA,NA,NA,NA,NA
6681,Eukaryota,Annelida,Polychaeta,Spionida,Spionidae,NA,NA
6682,Eukaryota,Arthropoda,Malacostraca,Decapoda,Hippolytidae,Lysmata,NA
6683,Eukaryota,Chlorophyta,Chloropicophyceae,Chloropicales,Chloropicaceae,NA,NA
6684,Eukaryota,Arthropoda,Ostracoda,Halocyprida,Halocyprididae,Conchoecia,Conchoecia magna
6685,NA,NA,NA,NA,NA,NA,NA
6686,NA,NA,NA,NA,NA,NA,NA
6687,Eukaryota,Chaetognatha,Sagittoidea,Aphragmophora,Sagittidae,Flaccisagitta,NA
6688,Eukaryota,Arthropoda,Ostracoda,Halocyprida,Halocyprididae,Paraconchoecia,Paraconchoecia allotherium
6689,NA,NA,NA,NA,NA,NA,NA
6690,Eukaryota,Echinodermata,Ophiuroidea,Amphilepidida,Ophiotrichidae,Ophiothrix,Ophiothrix spiculata
6691,NA,NA,NA,NA,NA,NA,NA
6692,NA,NA,NA,NA,NA,NA,NA
6693,NA,NA,NA,NA,NA,NA,NA
6694,NA,NA,NA,NA,NA,NA,NA
6695,Eukaryota,Bryozoa,Gymnolaemata,Cheilostomatida,Membraniporidae,NA,NA
6696,Eukaryota,Echinodermata,Echinoidea,Camarodonta,Strongylocentrotidae,Allocentrotus,Allocentrotus fragilis
6697,Eukaryota,Arthropoda,Malacostraca,Decapoda,Munididae,Pleuroncodes,Pleuroncodes planipes
6698,NA,NA,NA,NA,NA,NA,NA
6699,NA,NA,NA,NA,NA,NA,NA
6700,NA,NA,NA,NA,NA,NA,NA
6701,Eukaryota,Arthropoda,Copepoda,Poecilostomatoida,Oncaeidae,Oncaea,NA
6702,Eukaryota,Arthropoda,Copepoda,Poecilostomatoida,Oncaeidae,Oncaea,Oncaea sp.
6703,NA,NA,NA,NA,NA,NA,NA
6704,Eukaryota,Arthropoda,Copepoda,Calanoida,Clausocalanidae,Clausocalanus,Clausocalanus mastigophorus
6705,Eukaryota,Arthropoda,Copepoda,Calanoida,Calocalanidae,Calocalanus,NA
6706,Eukaryota,Annelida,Polychaeta,Phyllodocida,Polynoidae,NA,NA
6707,Eukaryota,Arthropoda,Copepoda,Calanoida,Metridinidae,Pleuromamma,Pleuromamma borealis
6708,Eukaryota,Ascomycota,Dothideomycetes,Dothideales,Dothioraceae,NA,NA
6709,NA,NA,NA,NA,NA,NA,NA
6710,NA,NA,NA,NA,NA,NA,NA
6711,NA,NA,NA,NA,NA,NA,NA
6712,Eukaryota,Arthropoda,Copepoda,Calanoida,Eucalanidae,Eucalanus,Eucalanus californicus
6713,Eukaryota,Arthropoda,Malacostraca,Euphausiacea,Euphausiidae,Hansarsia,NA
6714,Eukaryota,Arthropoda,Copepoda,Calanoida,Eucalanidae,NA,NA
6715,NA,NA,NA,NA,NA,NA,NA
6716,NA,NA,NA,NA,NA,NA,NA
6717,Eukaryota,Arthropoda,Malacostraca,Euphausiacea,Euphausiidae,Hansarsia,NA
6718,Eukaryota,Bacillariophyta,Bacillariophyceae,Bacillariales,Bacillariaceae,Pseudo_nitzschia,NA
6719,NA,NA,NA,NA,NA,NA,NA
6720,NA,NA,NA,NA,NA,NA,NA
6721,NA,NA,NA,NA,NA,NA,NA
6722,Eukaryota,Mollusca,Gastropoda,Pteropoda,Cliidae,Clio,Clio pyramidata
6723,Eukaryota,Echinodermata,Ophiuroidea,Amphilepidida,Ophiuridae,NA,NA
6724,NA,NA,NA,NA,NA,NA,NA
6725,Eukaryota,Annelida,Polychaeta,Spionida,Spionidae,NA,NA
6726,Eukaryota,Mollusca,Gastropoda,Epitoniidae,Epitoniidae,NA,NA
6727,NA,NA,NA,NA,NA,NA,NA
6728,NA,NA,NA,NA,NA,NA,NA
6729,Eukaryota,Mollusca,Gastropoda,Pteropoda,Limacinidae,NA,NA
6730,Eukaryota,Echinodermata,Ophiuroidea,Amphilepidida,Ophiotrichidae,Ophiothrix,Ophiothrix spiculata
6731,NA,NA,NA,NA,NA,NA,NA
6732,NA,NA,NA,NA,NA,NA,NA
6733,Eukaryota,Basidiomycota,Exobasidiomycetes,Exobasidiales,Cryptobasidiaceae,NA,NA
6734,NA,NA,NA,NA,NA,NA,NA
6735,NA,NA,NA,NA,NA,NA,NA
6736,NA,NA,NA,NA,NA,NA,NA
6737,NA,NA,NA,NA,NA,NA,NA
6738,NA,NA,NA,NA,NA,NA,NA
6739,Eukaryota,Ascomycota,Sordariomycetes,Hypocreales,Clavicipitaceae,Metarhizium,Metarhizium cylindrosporum
6740,NA,NA,NA,NA,NA,NA,NA
6741,NA,NA,NA,NA,NA,NA,NA
6742,Eukaryota,Mollusca,Gastropoda,Nudibranchia,Aeolidiidae,Cerberilla,Cerberilla mosslandica
6743,Eukaryota,Bryozoa,Gymnolaemata,Cheilostomatida,Membraniporidae,NA,NA
6744,NA,NA,NA,NA,NA,NA,NA
6745,NA,NA,NA,NA,NA,NA,NA
6746,Eukaryota,Arthropoda,Copepoda,Calanoida,Aetideidae,NA,NA
6747,NA,NA,NA,NA,NA,NA,NA
6748,NA,NA,NA,NA,NA,NA,NA
6749,NA,NA,NA,NA,NA,NA,NA
6750,Eukaryota,Arthropoda,Copepoda,Calanoida,Paracalanidae,Paracalanus,NA
6751,NA,NA,NA,NA,NA,NA,NA
6752,Eukaryota,Echinodermata,Asteroidea,Valvatida,Asterinidae,Patiria,Patiria miniata
6753,NA,NA,NA,NA,NA,NA,NA
6754,Eukaryota,Chlorophyta,Chloropicophyceae,Chloropicales,Chloropicaceae,Chloropicon,Chloropicon sieburthii
6755,Eukaryota,Arthropoda,Malacostraca,Euphausiacea,Euphausiidae,NA,NA
6756,Eukaryota,Arthropoda,Copepoda,Calanoida,Pontellidae,Labidocera,Labidocera trispinosa
6757,Eukaryota,Echinodermata,Ophiuroidea,Amphilepidida,Amphiuridae,Amphiodia,Amphiodia cf_ urtica EAC_2010
6758,NA,NA,NA,NA,NA,NA,NA
6759,NA,NA,NA,NA,NA,NA,NA
6760,Eukaryota,Arthropoda,Copepoda,Calanoida,Eucalanidae,Rhincalanus,Rhincalanus nasutus
6761,Eukaryota,Arthropoda,Copepoda,Calanoida,Metridinidae,Pleuromamma,Pleuromamma gracilis
6762,NA,NA,NA,NA,NA,NA,NA
6763,Eukaryota,Bacillariophyta,Thalassiosirophyceae,Eucampiales,Eucampiaceae,NA,NA
6764,Eukaryota,Arthropoda,Malacostraca,Decapoda,Hippolytidae,NA,NA
6765,Eukaryota,Mollusca,Gastropoda,Pteropoda,Limacinidae,NA,NA
6766,NA,NA,NA,NA,NA,NA,NA
6767,Eukaryota,Arthropoda,Copepoda,Calanoida,Scolecitrichidae,Scolecithrix,Scolecithrix bradyi
6768,Eukaryota,Mollusca,Gastropoda,Nudibranchia,Polyceridae,Limacia,Limacia cockerelli
6769,Eukaryota,Arthropoda,Copepoda,Poecilostomatoida,Oncaeidae,Oncaea,Oncaea sp.
6770,NA,NA,NA,NA,NA,NA,NA
6771,Eukaryota,Arthropoda,Copepoda,Poecilostomatoida,Oncaeidae,Oncaea,Oncaea sp.
6772,NA,NA,NA,NA,NA,NA,NA
6773,NA,NA,NA,NA,NA,NA,NA
6774,Eukaryota,Arthropoda,Malacostraca,Decapoda,Munididae,Pleuroncodes,Pleuroncodes planipes
6775,Eukaryota,Arthropoda,Copepoda,Calanoida,Scolecitrichidae,Scolecithrix,Scolecithrix bradyi
6776,NA,NA,NA,NA,NA,NA,NA
6777,NA,NA,NA,NA,NA,NA,NA
6778,NA,NA,NA,NA,NA,NA,NA
6779,NA,NA,NA,NA,NA,NA,NA
6780,NA,NA,NA,NA,NA,NA,NA
6781,Eukaryota,Arthropoda,Copepoda,Calanoida,Lucicutiidae,Lucicutia,Lucicutia flavicornis
6782,Eukaryota,Chordata,Actinopteri,Sciaenidae,Sciaenidae,Seriphus,Seriphus politus
6783,NA,NA,NA,NA,NA,NA,NA
6784,NA,NA,NA,NA,NA,NA,NA
6785,NA,NA,NA,NA,NA,NA,NA
6786,NA,NA,NA,NA,NA,NA,NA
6787,NA,NA,NA,NA,NA,NA,NA
6788,Eukaryota,Chordata,Actinopteri,Myctophiformes,Myctophidae,Triphoturus,Triphoturus mexicanus
6789,NA,NA,NA,NA,NA,NA,NA
6790,Eukaryota,Mollusca,Gastropoda,Cephalaspidea,Gastropteridae,Gastropteron,Gastropteron pacificum
6791,Eukaryota,Arthropoda,Malacostraca,Euphausiacea,Euphausiidae,Nematobrachion,Nematobrachion flexipes
6792,Eukaryota,Annelida,Polychaeta,Chaetopteridae,Chaetopteridae,Phyllochaetopterus,Phyllochaetopterus sp. 5 JM_2017
6793,Eukaryota,Arthropoda,Copepoda,Calanoida,Pontellidae,NA,NA
6794,Eukaryota,Bryozoa,Gymnolaemata,Cheilostomatida,Membraniporidae,Membranipora,Membranipora villosa
6795,Eukaryota,Mollusca,Gastropoda,Littorinimorpha,Atlantidae,Atlanta,Atlanta sp. USNM IZ 1230636
6796,Eukaryota,Arthropoda,Malacostraca,Decapoda,Hippolytidae,NA,NA
6797,Eukaryota,Chordata,Actinopteri,Argentiniformes,Bathylagidae,Lipolagus,Lipolagus ochotensis
6798,NA,NA,NA,NA,NA,NA,NA
6799,NA,NA,NA,NA,NA,NA,NA
6800,Eukaryota,Arthropoda,Malacostraca,Euphausiacea,Euphausiidae,Thysanoessa,Thysanoessa gregaria
6801,NA,NA,NA,NA,NA,NA,NA
6802,NA,NA,NA,NA,NA,NA,NA
6803,Eukaryota,Mollusca,Gastropoda,Nudibranchia,Triopha,Triopha,Triopha maculata
6804,Eukaryota,Arthropoda,Copepoda,Calanoida,Eucalanidae,Eucalanus,NA
6805,Eukaryota,Arthropoda,Copepoda,Calanoida,Aetideidae,NA,NA
6806,Eukaryota,Arthropoda,Ostracoda,Halocyprida,Halocyprididae,NA,NA
6807,Eukaryota,Arthropoda,Copepoda,Calanoida,Metridinidae,Pleuromamma,Pleuromamma borealis
6808,Eukaryota,Arthropoda,Malacostraca,Decapoda,Munididae,Antillimunida,Antillimunida bapensis
6809,Eukaryota,Arthropoda,Malacostraca,Decapoda,Munididae,Pleuroncodes,Pleuroncodes planipes
6810,Eukaryota,Arthropoda,Copepoda,Calanoida,Metridinidae,Pleuromamma,Pleuromamma abdominalis
6811,NA,NA,NA,NA,NA,NA,NA
6812,Eukaryota,Mollusca,Gastropoda,Littorinimorpha,Naticidae,Neverita,NA
6813,Eukaryota,Haptophyta,Phaeocystales,Phaeocystales,Phaeocystaceae,Phaeocystis,Phaeocystis cordata
6814,Eukaryota,Arthropoda,Malacostraca,Decapoda,Hippolytidae,Eualus,NA
6815,Eukaryota,Arthropoda,Malacostraca,Decapoda,Parthenopidae,Heterocrypta,Heterocrypta occidentalis
6816,NA,NA,NA,NA,NA,NA,NA
6817,NA,NA,NA,NA,NA,NA,NA
6818,Eukaryota,Arthropoda,Copepoda,Poecilostomatoida,Oncaeidae,Oncaea,Oncaea sp.
6819,Eukaryota,Arthropoda,Thecostraca,Balanomorpha,Chthamalidae,Chthamalus,Chthamalus fissus
6820,NA,NA,NA,NA,NA,NA,NA
6821,NA,NA,NA,NA,NA,NA,NA
6822,NA,NA,NA,NA,NA,NA,NA
6823,NA,NA,NA,NA,NA,NA,NA
6824,Eukaryota,Arthropoda,Copepoda,Poecilostomatoida,Oncaeidae,Oncaea,NA
6825,Eukaryota,Arthropoda,Copepoda,Calanoida,Aetideidae,NA,NA
6826,Eukaryota,Chordata,Aves,Charadriiformes,Laridae,Larus,NA
6827,Eukaryota,Chlorophyta,Chloropicophyceae,Chloropicales,Chloropicaceae,Chloropicon,Chloropicon sieburthii
6828,NA,NA,NA,NA,NA,NA,NA
6829,Eukaryota,Arthropoda,Ostracoda,Halocyprida,Halocyprididae,Porroecia,Porroecia spinirostris
6830,NA,NA,NA,NA,NA,NA,NA
6831,NA,NA,NA,NA,NA,NA,NA
6832,NA,NA,NA,NA,NA,NA,NA
6833,Eukaryota,Arthropoda,Copepoda,Calanoida,Metridinidae,Pleuromamma,NA
6834,NA,NA,NA,NA,NA,NA,NA
6835,NA,NA,NA,NA,NA,NA,NA
6836,Eukaryota,Arthropoda,Malacostraca,Euphausiacea,Euphausiidae,Nyctiphanes,Nyctiphanes simplex
6837,NA,NA,NA,NA,NA,NA,NA
6838,Eukaryota,Bacillariophyta,Thalassiosirophyceae,Thalassiosirales,Thalassiosiraceae,NA,NA
6839,Eukaryota,Arthropoda,Ostracoda,Halocyprida,Halocyprididae,Paraconchoecia,Paraconchoecia allotherium
6840,Eukaryota,Arthropoda,Ostracoda,Halocyprida,Halocyprididae,Conchoecia,Conchoecia magna
6841,Eukaryota,Arthropoda,Ostracoda,Halocyprida,Halocyprididae,Discoconchoecia,Discoconchoecia sp. S15_D2
6842,Eukaryota,Arthropoda,Ostracoda,Halocyprida,Halocyprididae,Conchoecia,Conchoecia magna
6843,Eukaryota,Arthropoda,Copepoda,Calanoida,Aetideidae,NA,NA
6844,Eukaryota,Bacillariophyta,Fragilariophyceae,Thalassionematales,Thalassionemataceae,NA,NA
6845,Eukaryota,Bacillariophyta,Bacillariophyceae,Bacillariales,Bacillariaceae,Pseudo_nitzschia,NA
6846,NA,NA,NA,NA,NA,NA,NA
6847,NA,NA,NA,NA,NA,NA,NA
6848,NA,NA,NA,NA,NA,NA,NA
6849,NA,NA,NA,NA,NA,NA,NA
6850,NA,NA,NA,NA,NA,NA,NA
6851,NA,NA,NA,NA,NA,NA,NA
6852,Eukaryota,Mollusca,Gastropoda,Pteropoda,Creseidae,Styliola,Styliola sp.
6853,NA,NA,NA,NA,NA,NA,NA
6854,Eukaryota,Arthropoda,Ostracoda,Halocyprida,Halocyprididae,Archiconchoecia,Archiconchoecia striata
6855,NA,NA,NA,NA,NA,NA,NA
6856,Eukaryota,Arthropoda,Copepoda,Calanoida,Calocalanidae,Calocalanus,NA
6857,NA,NA,NA,NA,NA,NA,NA
6858,Eukaryota,Bacillariophyta,Bacillariophyceae,Cymbellales,Gomphonemataceae,NA,NA
6859,NA,NA,NA,NA,NA,NA,NA
6860,NA,NA,NA,NA,NA,NA,NA
6861,NA,NA,NA,NA,NA,NA,NA
6862,NA,NA,NA,NA,NA,NA,NA
6863,NA,NA,NA,NA,NA,NA,NA
6864,NA,NA,NA,NA,NA,NA,NA
6865,NA,NA,NA,NA,NA,NA,NA
6866,NA,NA,NA,NA,NA,NA,NA
6867,NA,NA,NA,NA,NA,NA,NA
6868,Eukaryota,Annelida,Polychaeta,Phyllodocida,Phyllodocidae,NA,NA
6869,NA,NA,NA,NA,NA,NA,NA
6870,NA,NA,NA,NA,NA,NA,NA
6871,Eukaryota,Arthropoda,Copepoda,Calanoida,Acartiidae,Acartia,Acartia californiensis
6872,NA,NA,NA,NA,NA,NA,NA
6873,Eukaryota,Cnidaria,Hydrozoa,Siphonophorae,Physophoridae,Physophora,Physophora hydrostatica
6874,Eukaryota,Bacillariophyta,Thalassiosirophyceae,Hemiaulales,Hemiaulaceae,NA,NA
6875,NA,NA,NA,NA,NA,NA,NA
6876,Eukaryota,Arthropoda,Copepoda,Calanoida,Aetideidae,Gaetanus,Gaetanus minor
6877,Eukaryota,Arthropoda,Copepoda,Calanoida,Calocalanidae,Calocalanus,NA
6878,Eukaryota,Arthropoda,Ostracoda,Halocyprida,Halocyprididae,Halocypris,Halocypris inflata
6879,NA,NA,NA,NA,NA,NA,NA
6880,NA,NA,NA,NA,NA,NA,NA
6881,NA,NA,NA,NA,NA,NA,NA
6882,Eukaryota,Chordata,Actinopteri,Stomiiformes,Sternoptychidae,Danaphos,Danaphos oculatus
6883,NA,NA,NA,NA,NA,NA,NA
6884,Eukaryota,Arthropoda,Copepoda,Calanoida,Calocalanidae,Calocalanus,NA
6885,NA,NA,NA,NA,NA,NA,NA
6886,Eukaryota,Arthropoda,Malacostraca,Euphausiacea,Euphausiidae,NA,NA
6887,NA,NA,NA,NA,NA,NA,NA
6888,NA,NA,NA,NA,NA,NA,NA
6889,Eukaryota,Arthropoda,Malacostraca,Decapoda,Sergestidae,Allosergestes,Allosergestes sargassi
6890,Eukaryota,Mollusca,Bivalvia,Cardiida,Tellinidae,NA,NA
6891,NA,NA,NA,NA,NA,NA,NA
6892,NA,NA,NA,NA,NA,NA,NA
6893,Eukaryota,Arthropoda,Copepoda,Calanoida,Eucalanidae,Eucalanus,Eucalanus californicus
6894,Eukaryota,Arthropoda,Thecostraca,Balanomorpha,Tetraclitidae,Tetraclita,Tetraclita rubescens
6895,NA,NA,NA,NA,NA,NA,NA
6896,NA,NA,NA,NA,NA,NA,NA
6897,Eukaryota,Arthropoda,Copepoda,Calanoida,Euchaetidae,NA,NA
6898,NA,NA,NA,NA,NA,NA,NA
6899,Eukaryota,Arthropoda,Malacostraca,Decapoda,Palinuridae,NA,NA
6900,Eukaryota,Arthropoda,Malacostraca,Decapoda,Aeglidae,NA,NA
6901,Eukaryota,Cnidaria,Anthozoa,Actiniaria,Edwardsiidae,Edwardsia,Edwardsia sp.
6902,NA,NA,NA,NA,NA,NA,NA
6903,NA,NA,NA,NA,NA,NA,NA
6904,Eukaryota,Cnidaria,Hydrozoa,Siphonophorae,Diphyidae,Diphyes,Diphyes dispar
6905,Eukaryota,Echinodermata,Holothuroidea,Aspidochirotida,Stichopodidae,Apostichopus,Apostichopus californicus
6906,NA,NA,NA,NA,NA,NA,NA
6907,NA,NA,NA,NA,NA,NA,NA
6908,NA,NA,NA,NA,NA,NA,NA
6909,Eukaryota,Echinodermata,Asteroidea,Valvatida,Asterinidae,Patiria,Patiria miniata
6910,NA,NA,NA,NA,NA,NA,NA
6911,NA,NA,NA,NA,NA,NA,NA
6912,Eukaryota,Arthropoda,Malacostraca,Euphausiacea,Euphausiidae,Hansarsia,Hansarsia difficilis
6913,NA,NA,NA,NA,NA,NA,NA
6914,NA,NA,NA,NA,NA,NA,NA
6915,Eukaryota,Mollusca,Gastropoda,Pteropoda,Creseidae,Styliola,Styliola sp.
6916,Eukaryota,Arthropoda,Malacostraca,Decapoda,Panopeidae,NA,NA
6917,NA,NA,NA,NA,NA,NA,NA
6918,NA,NA,NA,NA,NA,NA,NA
6919,Eukaryota,Annelida,Polychaeta,Phyllodocida,Tomopteridae,Tomopteris,NA
6920,Eukaryota,Arthropoda,Copepoda,Calanoida,Calanidae,Neocalanus,Neocalanus gracilis
6921,NA,NA,NA,NA,NA,NA,NA
6922,Eukaryota,Arthropoda,Malacostraca,Euphausiacea,Euphausiidae,Nyctiphanes,Nyctiphanes simplex
6923,NA,NA,NA,NA,NA,NA,NA
6924,Eukaryota,Arthropoda,Copepoda,Calanoida,Aetideidae,NA,NA
6925,Eukaryota,Arthropoda,Malacostraca,Decapoda,Pinnotheridae,NA,NA
6926,Eukaryota,Mollusca,Gastropoda,Pteropoda,Cliidae,Clio,Clio pyramidata
6927,Eukaryota,Arthropoda,Malacostraca,Decapoda,Pinnotheridae,Pinnixa,Pinnixa occidentalis
6928,Eukaryota,Mollusca,Gastropoda,Pteropoda,Limacinidae,NA,NA
6929,NA,NA,NA,NA,NA,NA,NA
6930,Eukaryota,Arthropoda,Malacostraca,Decapoda,Paguridae,Pagurus,Pagurus sp. 10BIOBC_01170
6931,NA,NA,NA,NA,NA,NA,NA
6932,NA,NA,NA,NA,NA,NA,NA
6933,Eukaryota,Arthropoda,Malacostraca,Decapoda,Sergestidae,Eusergestes,Eusergestes similis
6934,NA,NA,NA,NA,NA,NA,NA
6935,Eukaryota,Ctenophora,Tentaculata,Cestida,Cestidae,Velamen,NA
6936,NA,NA,NA,NA,NA,NA,NA
6937,NA,NA,NA,NA,NA,NA,NA
6938,NA,NA,NA,NA,NA,NA,NA
6939,Eukaryota,Mollusca,Gastropoda,Nudibranchia,Dendronotidae,Dendronotus,Dendronotus iris
6940,NA,NA,NA,NA,NA,NA,NA
6941,NA,NA,NA,NA,NA,NA,NA
6942,Eukaryota,Arthropoda,Copepoda,Calanoida,Metridinidae,Pleuromamma,Pleuromamma xiphias
6943,NA,NA,NA,NA,NA,NA,NA
6944,Eukaryota,Mollusca,Gastropoda,Acteonidae,Acteonidae,Rictaxis,Rictaxis punctocaelatus
6945,Eukaryota,Annelida,Polychaeta,Phyllodocida,Polynoidae,NA,NA
6946,NA,NA,NA,NA,NA,NA,NA
6947,Eukaryota,Arthropoda,Malacostraca,Euphausiacea,Euphausiidae,NA,NA
6948,Eukaryota,Echinodermata,Asteroidea,Forcipulatida,Labidiasteridae,Rathbunaster,Rathbunaster californicus
6949,NA,NA,NA,NA,NA,NA,NA
6950,Eukaryota,Arthropoda,Malacostraca,Euphausiacea,Euphausiidae,NA,NA
6951,NA,NA,NA,NA,NA,NA,NA
6952,NA,NA,NA,NA,NA,NA,NA
6953,NA,NA,NA,NA,NA,NA,NA
6954,Eukaryota,Annelida,Polychaeta,Phyllodocida,Tomopteridae,Tomopteris,Tomopteris sp. USNM IZ 1449764
6955,Eukaryota,Arthropoda,Malacostraca,Decapoda,Munididae,Pleuroncodes,Pleuroncodes planipes
6956,NA,NA,NA,NA,NA,NA,NA
6957,NA,NA,NA,NA,NA,NA,NA
6958,NA,NA,NA,NA,NA,NA,NA
6959,Eukaryota,Bryozoa,Gymnolaemata,Cheilostomatida,Membraniporidae,Membranipora,Membranipora villosa
6960,Eukaryota,Mollusca,Gastropoda,Pteropoda,Cliidae,Clio,Clio pyramidata
6961,Eukaryota,Echinodermata,Echinoidea,Spatangoida,Schizasteridae,Brisaster,Brisaster latifrons
6962,NA,NA,NA,NA,NA,NA,NA
6963,Eukaryota,Arthropoda,Copepoda,Cyclopoida,Oithonidae,Oithona,Oithona similis
6964,Eukaryota,Mollusca,Gastropoda,Limapontiidae,Limapontiidae,NA,NA
6965,Eukaryota,Cnidaria,Hydrozoa,Anthoathecata,Bougainvilliidae,NA,NA
6966,NA,NA,NA,NA,NA,NA,NA
6967,NA,NA,NA,NA,NA,NA,NA
6968,Eukaryota,Arthropoda,Malacostraca,Euphausiacea,Euphausiidae,Hansarsia,NA
6969,NA,NA,NA,NA,NA,NA,NA
6970,NA,NA,NA,NA,NA,NA,NA
6971,NA,NA,NA,NA,NA,NA,NA
6972,Eukaryota,Bacillariophyta,Thalassiosirophyceae,Chaetocerotales,Chaetocerotaceae,NA,NA
6973,NA,NA,NA,NA,NA,NA,NA
6974,NA,NA,NA,NA,NA,NA,NA
6975,NA,NA,NA,NA,NA,NA,NA
6976,NA,NA,NA,NA,NA,NA,NA
6977,NA,NA,NA,NA,NA,NA,NA
6978,NA,NA,NA,NA,NA,NA,NA
6979,NA,NA,NA,NA,NA,NA,NA
6980,NA,NA,NA,NA,NA,NA,NA
6981,Eukaryota,Echinodermata,Ophiuroidea,Amphilepidida,Ophiotrichidae,Ophiothrix,Ophiothrix spiculata
6982,Eukaryota,Annelida,Polychaeta,Phyllodocida,Phyllodocidae,NA,NA
6983,Eukaryota,Annelida,Polychaeta,Phyllodocida,Polynoidae,Thormora,Thormora cf_ setosior
6984,Eukaryota,Arthropoda,Ostracoda,Halocyprida,Halocyprididae,Conchoecia,Conchoecia magna
6985,Eukaryota,Arthropoda,Malacostraca,Euphausiacea,Euphausiidae,Hansarsia,NA
6986,NA,NA,NA,NA,NA,NA,NA
6987,NA,NA,NA,NA,NA,NA,NA
6988,NA,NA,NA,NA,NA,NA,NA
6989,NA,NA,NA,NA,NA,NA,NA
6990,Eukaryota,Arthropoda,Copepoda,Calanoida,Eucalanidae,Eucalanus,Eucalanus californicus
6991,Eukaryota,Arthropoda,Thecostraca,Balanomorpha,Balanidae,Balanus,Balanus glandula
6992,Eukaryota,Arthropoda,Malacostraca,Euphausiacea,Euphausiidae,NA,NA
6993,Eukaryota,Arthropoda,Malacostraca,Euphausiacea,Euphausiidae,Hansarsia,NA
6994,NA,NA,NA,NA,NA,NA,NA
6995,NA,NA,NA,NA,NA,NA,NA
6996,NA,NA,NA,NA,NA,NA,NA
6997,NA,NA,NA,NA,NA,NA,NA
6998,NA,NA,NA,NA,NA,NA,NA
6999,NA,NA,NA,NA,NA,NA,NA
7000,NA,NA,NA,NA,NA,NA,NA
7001,NA,NA,NA,NA,NA,NA,NA
7002,Eukaryota,Arthropoda,Copepoda,Calanoida,Calanidae,Neocalanus,NA
7003,NA,NA,NA,NA,NA,NA,NA
7004,NA,NA,NA,NA,NA,NA,NA
7005,Eukaryota,Echinodermata,Ophiuroidea,Amphilepidida,Amphiuridae,NA,NA
7006,Eukaryota,Arthropoda,Copepoda,Calanoida,Scolecitrichidae,Scolecithrix,Scolecithrix bradyi
7007,NA,NA,NA,NA,NA,NA,NA
7008,NA,NA,NA,NA,NA,NA,NA
7009,Eukaryota,Mollusca,Gastropoda,Littorinimorpha,Atlantidae,Atlanta,Atlanta sp. USNM IZ 1230636
7010,NA,NA,NA,NA,NA,NA,NA
7011,NA,NA,NA,NA,NA,NA,NA
7012,NA,NA,NA,NA,NA,NA,NA
7013,Eukaryota,Annelida,Polychaeta,Phyllodocida,Pholoidae,Pholoides,Pholoides asperus
7014,NA,NA,NA,NA,NA,NA,NA
7015,Eukaryota,Chlorophyta,Chloropicophyceae,Chloropicales,Chloropicaceae,Chloroparvula,NA
7016,Eukaryota,Arthropoda,Copepoda,Calanoida,Clausocalanidae,Clausocalanus,NA
7017,NA,NA,NA,NA,NA,NA,NA
7018,NA,NA,NA,NA,NA,NA,NA
7019,NA,NA,NA,NA,NA,NA,NA
7020,NA,NA,NA,NA,NA,NA,NA
7021,NA,NA,NA,NA,NA,NA,NA
7022,Eukaryota,Bacillariophyta,Thalassiosirophyceae,Thalassiosirales,Thalassiosiraceae,NA,NA
7023,NA,NA,NA,NA,NA,NA,NA
7024,Eukaryota,Mollusca,Gastropoda,Nudibranchia,Tritoniidae,Tritonia,Tritonia festiva
7025,Eukaryota,Bryozoa,Gymnolaemata,Cheilostomatida,Membraniporidae,NA,NA
7026,Eukaryota,Mollusca,Gastropoda,Siphonariida,Siphonariidae,Williamia,Williamia peltoides
7027,Eukaryota,Echinodermata,Ophiuroidea,Amphilepidida,Amphiuridae,Amphipholis,Amphipholis pugetana
7028,Eukaryota,Arthropoda,Ostracoda,Halocyprida,Halocyprididae,Conchoecetta,Conchoecetta giesbrechti
7029,Eukaryota,Arthropoda,Ostracoda,Halocyprida,Halocyprididae,Conchoecia,Conchoecia magna
7030,Eukaryota,Arthropoda,Copepoda,Calanoida,Aetideidae,NA,NA
7031,Eukaryota,Arthropoda,Copepoda,Calanoida,Metridinidae,Pleuromamma,Pleuromamma borealis
7032,Eukaryota,Cnidaria,Hydrozoa,Limnomedusae,Geryoniidae,Liriope,Liriope tetraphylla
7033,Eukaryota,Echinodermata,Ophiuroidea,Amphilepidida,Amphiuridae,Amphipholis,Amphipholis pugetana
7034,NA,NA,NA,NA,NA,NA,NA
7035,NA,NA,NA,NA,NA,NA,NA
7036,NA,NA,NA,NA,NA,NA,NA
7037,NA,NA,NA,NA,NA,NA,NA
7038,Eukaryota,Arthropoda,Thecostraca,Balanomorpha,Chthamalidae,Chthamalus,Chthamalus fissus
7039,Eukaryota,Arthropoda,Copepoda,Calanoida,Aetideidae,Gaetanus,Gaetanus minor
7040,Eukaryota,Cnidaria,Anthozoa,Corallimorpharia,Corallimorphidae,Corynactis,NA
7041,Eukaryota,Echinodermata,Ophiuroidea,Amphilepidida,Ophiotrichidae,Ophiothrix,Ophiothrix spiculata
7042,NA,NA,NA,NA,NA,NA,NA
7043,Eukaryota,Arthropoda,Malacostraca,Decapoda,Inachoididae,Pyromaia,Pyromaia tuberculata
7044,Eukaryota,Echinodermata,Ophiuroidea,Amphilepidida,Ophiactidae,Ophiopholis,Ophiopholis sp. EAC01
7045,Eukaryota,Arthropoda,Copepoda,Calanoida,Metridinidae,Metridia,NA
7046,NA,NA,NA,NA,NA,NA,NA
7047,NA,NA,NA,NA,NA,NA,NA
7048,NA,NA,NA,NA,NA,NA,NA
7049,NA,NA,NA,NA,NA,NA,NA
7050,Eukaryota,Chordata,Actinopteri,Clupeiformes,Clupeidae,Sardinops,Sardinops sagax
7051,NA,NA,NA,NA,NA,NA,NA
7052,Eukaryota,Arthropoda,Copepoda,Calanoida,Clausocalanidae,Clausocalanus,Clausocalanus parapergens
7053,Eukaryota,Arthropoda,Thecostraca,Balanomorpha,Chthamalidae,Chthamalus,Chthamalus fissus
7054,NA,NA,NA,NA,NA,NA,NA
7055,NA,NA,NA,NA,NA,NA,NA
7056,Eukaryota,Chaetognatha,Sagittoidea,Aphragmophora,Sagittidae,Flaccisagitta,NA
7057,NA,NA,NA,NA,NA,NA,NA
7058,NA,NA,NA,NA,NA,NA,NA
7059,NA,NA,NA,NA,NA,NA,NA
7060,Eukaryota,Arthropoda,Copepoda,Calanoida,Lucicutiidae,Lucicutia,Lucicutia flavicornis
7061,Eukaryota,Arthropoda,Copepoda,Calanoida,Eucalanidae,NA,NA
7062,Eukaryota,Chlorophyta,Chloropicophyceae,Chloropicales,Chloropicaceae,Chloropicon,Chloropicon sieburthii
7063,Eukaryota,Mollusca,Gastropoda,Nudibranchia,Triopha,Triopha,Triopha maculata
7064,NA,NA,NA,NA,NA,NA,NA
7065,NA,NA,NA,NA,NA,NA,NA
7066,NA,NA,NA,NA,NA,NA,NA
7067,NA,NA,NA,NA,NA,NA,NA
7068,Eukaryota,Arthropoda,Ostracoda,Halocyprida,Halocyprididae,Conchoecetta,Conchoecetta giesbrechti
7069,Eukaryota,Arthropoda,Copepoda,Calanoida,Aetideidae,NA,NA
7070,NA,NA,NA,NA,NA,NA,NA
7071,NA,NA,NA,NA,NA,NA,NA
7072,Eukaryota,Arthropoda,Malacostraca,Euphausiacea,Euphausiidae,NA,NA
7073,Eukaryota,Mollusca,Gastropoda,Neogastropoda,Mitridae,NA,NA
7074,NA,NA,NA,NA,NA,NA,NA
7075,Eukaryota,Arthropoda,Malacostraca,Euphausiacea,Euphausiidae,Hansarsia,NA
7076,NA,NA,NA,NA,NA,NA,NA
7077,NA,NA,NA,NA,NA,NA,NA
7078,Eukaryota,Arthropoda,Copepoda,Calanoida,Aetideidae,NA,NA
7079,Eukaryota,Arthropoda,Malacostraca,Euphausiacea,Euphausiidae,NA,NA
7080,Eukaryota,Arthropoda,Malacostraca,Decapoda,Hippolytidae,Eualus,Eualus subtilis
7081,Eukaryota,Arthropoda,Copepoda,Calanoida,Eucalanidae,Rhincalanus,Rhincalanus nasutus
7082,NA,NA,NA,NA,NA,NA,NA
7083,Eukaryota,Mollusca,Gastropoda,Pteropoda,Creseidae,Creseis,Creseis conica
7084,NA,NA,NA,NA,NA,NA,NA
7085,Eukaryota,Mollusca,Gastropoda,Nudibranchia,Dironidae,Dirona,Dirona picta
7086,NA,NA,NA,NA,NA,NA,NA
7087,Eukaryota,Mollusca,Gastropoda,Nudibranchia,Goniodorididae,NA,NA
7088,NA,NA,NA,NA,NA,NA,NA
7089,NA,NA,NA,NA,NA,NA,NA
7090,NA,NA,NA,NA,NA,NA,NA
7091,NA,NA,NA,NA,NA,NA,NA
7092,NA,NA,NA,NA,NA,NA,NA
7093,NA,NA,NA,NA,NA,NA,NA
7094,NA,NA,NA,NA,NA,NA,NA
7095,Eukaryota,Arthropoda,Copepoda,Calanoida,Euchaetidae,Euchaeta,Euchaeta marina
7096,NA,NA,NA,NA,NA,NA,NA
7097,NA,NA,NA,NA,NA,NA,NA
7098,NA,NA,NA,NA,NA,NA,NA
7099,Eukaryota,Arthropoda,Copepoda,Calanoida,Clausocalanidae,Clausocalanus,NA
7100,Eukaryota,Mollusca,Gastropoda,Nudibranchia,Dorididae,Doris,Doris montereyensis
7101,NA,NA,NA,NA,NA,NA,NA
7102,NA,NA,NA,NA,NA,NA,NA
7103,NA,NA,NA,NA,NA,NA,NA
7104,NA,NA,NA,NA,NA,NA,NA
7105,Eukaryota,Arthropoda,Copepoda,Poecilostomatoida,Oncaeidae,Oncaea,NA
7106,NA,NA,NA,NA,NA,NA,NA
7107,NA,NA,NA,NA,NA,NA,NA
7108,NA,NA,NA,NA,NA,NA,NA
7109,Eukaryota,Arthropoda,Ostracoda,Halocyprida,Halocyprididae,Mikroconchoecia,Mikroconchoecia sp. Os099_1_3
7110,NA,NA,NA,NA,NA,NA,NA
7111,Eukaryota,Mollusca,Gastropoda,Pteropoda,Creseidae,Styliola,Styliola sp.
7112,NA,NA,NA,NA,NA,NA,NA
7113,NA,NA,NA,NA,NA,NA,NA
7114,NA,NA,NA,NA,NA,NA,NA
7115,NA,NA,NA,NA,NA,NA,NA
7116,NA,NA,NA,NA,NA,NA,NA
7117,NA,NA,NA,NA,NA,NA,NA
7118,NA,NA,NA,NA,NA,NA,NA
7119,NA,NA,NA,NA,NA,NA,NA
7120,NA,NA,NA,NA,NA,NA,NA
7121,NA,NA,NA,NA,NA,NA,NA
7122,Eukaryota,Arthropoda,Copepoda,Poecilostomatoida,Oncaeidae,Oncaea,Oncaea sp.
7123,NA,NA,NA,NA,NA,NA,NA
7124,NA,NA,NA,NA,NA,NA,NA
7125,Eukaryota,Cnidaria,Hydrozoa,Siphonophorae,Diphyidae,Lensia,Lensia campanella
7126,NA,NA,NA,NA,NA,NA,NA
7127,NA,NA,NA,NA,NA,NA,NA
7128,Eukaryota,Echinodermata,Ophiuroidea,Amphilepidida,Ophiotrichidae,Ophiothrix,Ophiothrix spiculata
7129,NA,NA,NA,NA,NA,NA,NA
7130,Eukaryota,Arthropoda,Copepoda,Calanoida,Calocalanidae,NA,NA
7131,Eukaryota,Arthropoda,Copepoda,Calanoida,Calocalanidae,NA,NA
7132,NA,NA,NA,NA,NA,NA,NA
7133,Eukaryota,Arthropoda,Malacostraca,Euphausiacea,Euphausiidae,NA,NA
7134,NA,NA,NA,NA,NA,NA,NA
7135,Eukaryota,Arthropoda,Malacostraca,Euphausiacea,Euphausiidae,NA,NA
7136,Eukaryota,Arthropoda,Copepoda,Calanoida,Calocalanidae,NA,NA
7137,NA,NA,NA,NA,NA,NA,NA
7138,NA,NA,NA,NA,NA,NA,NA
7139,Eukaryota,Arthropoda,Ostracoda,Halocyprida,Halocyprididae,Halocypris,Halocypris inflata
7140,Eukaryota,Echinodermata,Ophiuroidea,Amphilepidida,Amphiuridae,NA,NA
7141,NA,NA,NA,NA,NA,NA,NA
7142,Eukaryota,Arthropoda,Ostracoda,Halocyprida,Halocyprididae,Mikroconchoecia,Mikroconchoecia sp. USNM IZ 1448470
7143,Eukaryota,Chaetognatha,Sagittoidea,Aphragmophora,Sagittidae,Parasagitta,Parasagitta cf_ euneritica
7144,Eukaryota,Arthropoda,Copepoda,Calanoida,Calanidae,Calanus,Calanus pacificus
7145,Eukaryota,Echinodermata,Echinoidea,Diadematoida,Diadematidae,Centrostephanus,Centrostephanus coronatus
7146,Eukaryota,Arthropoda,Copepoda,Calanoida,Paracalanidae,Paracalanus,Paracalanus tropicus
7147,Eukaryota,Arthropoda,Copepoda,Calanoida,Calanidae,Neocalanus,Neocalanus gracilis
7148,NA,NA,NA,NA,NA,NA,NA
7149,NA,NA,NA,NA,NA,NA,NA
7150,NA,NA,NA,NA,NA,NA,NA
7151,Eukaryota,Dinophyceae,Dinophyceae,Syndiniales,Syndiniaceae,Hematodinium,Hematodinium sp.
7152,Eukaryota,Mollusca,Gastropoda,Neogastropoda,Olividae,Callianax,Callianax biplicata
7153,Eukaryota,Arthropoda,Copepoda,Calanoida,Eucalanidae,Eucalanus,Eucalanus californicus
7154,NA,NA,NA,NA,NA,NA,NA
7155,NA,NA,NA,NA,NA,NA,NA
7156,NA,NA,NA,NA,NA,NA,NA
7157,NA,NA,NA,NA,NA,NA,NA
7158,NA,NA,NA,NA,NA,NA,NA
7159,NA,NA,NA,NA,NA,NA,NA
7160,Eukaryota,Mollusca,Bivalvia,Galeommatida,Lasaeidae,NA,NA
7161,Eukaryota,Arthropoda,Malacostraca,Euphausiacea,Euphausiidae,Euphausia,Euphausia recurva
7162,Eukaryota,Arthropoda,Copepoda,Calanoida,Aetideidae,NA,NA
7163,NA,NA,NA,NA,NA,NA,NA
7164,NA,NA,NA,NA,NA,NA,NA
7165,Eukaryota,Arthropoda,Malacostraca,Euphausiacea,Euphausiidae,Hansarsia,NA
7166,Eukaryota,Arthropoda,Ostracoda,Halocyprida,Halocyprididae,Discoconchoecia,Discoconchoecia sp. S8_D6
7167,NA,NA,NA,NA,NA,NA,NA
7168,NA,NA,NA,NA,NA,NA,NA
7169,NA,NA,NA,NA,NA,NA,NA
7170,Eukaryota,Arthropoda,Malacostraca,Isopoda,Hemioniscidae,Hemioniscus,Hemioniscus balani
7171,NA,NA,NA,NA,NA,NA,NA
7172,Eukaryota,Echinodermata,Ophiuroidea,Amphilepidida,Ophionereidae,NA,NA
7173,NA,NA,NA,NA,NA,NA,NA
7174,NA,NA,NA,NA,NA,NA,NA
7175,NA,NA,NA,NA,NA,NA,NA
7176,Eukaryota,Bacillariophyta,Melosirophyceae,Stephanopyxales,Stephanopyxidaceae,Stephanopyxis,Stephanopyxis turris
7177,NA,NA,NA,NA,NA,NA,NA
7178,NA,NA,NA,NA,NA,NA,NA
7179,Eukaryota,Arthropoda,Copepoda,Calanoida,Eucalanidae,Eucalanus,Eucalanus californicus
7180,NA,NA,NA,NA,NA,NA,NA
7181,NA,NA,NA,NA,NA,NA,NA
7182,NA,NA,NA,NA,NA,NA,NA
7183,Eukaryota,Arthropoda,Thecostraca,Balanomorpha,Chthamalidae,Chthamalus,Chthamalus fissus
7184,NA,NA,NA,NA,NA,NA,NA
7185,Eukaryota,Arthropoda,Malacostraca,Euphausiacea,Euphausiidae,NA,NA
7186,NA,NA,NA,NA,NA,NA,NA
7187,Eukaryota,Arthropoda,Copepoda,Poecilostomatoida,Oncaeidae,Oncaea,Oncaea sp.
7188,NA,NA,NA,NA,NA,NA,NA
7189,Eukaryota,Arthropoda,Ostracoda,Halocyprida,Halocyprididae,Porroecia,NA
7190,Eukaryota,Echinodermata,Ophiuroidea,Amphilepidida,Amphiuridae,Amphipholis,Amphipholis pugetana
7191,NA,NA,NA,NA,NA,NA,NA
7192,Eukaryota,Bacillariophyta,Thalassiosirophyceae,Cymatosirales,Cymatosiraceae,NA,NA
7193,Eukaryota,Haptophyta,Phaeocystales,Phaeocystales,Phaeocystaceae,Phaeocystis,Phaeocystis cordata
7194,Eukaryota,Mollusca,Gastropoda,Pyramidellidae,Pyramidellidae,NA,NA
7195,NA,NA,NA,NA,NA,NA,NA
7196,NA,NA,NA,NA,NA,NA,NA
7197,NA,NA,NA,NA,NA,NA,NA
7198,Eukaryota,Brachiopoda,Lingulata,Lingulida,Lingulidae,Glottidia,Glottidia albida
7199,Eukaryota,Arthropoda,Copepoda,Poecilostomatoida,Oncaeidae,Oncaea,Oncaea sp.
7200,Eukaryota,Echinodermata,Echinoidea,Temnopleuroida,Toxopneustidae,Lytechinus,Lytechinus pictus
7201,NA,NA,NA,NA,NA,NA,NA
7202,NA,NA,NA,NA,NA,NA,NA
7203,NA,NA,NA,NA,NA,NA,NA
7204,NA,NA,NA,NA,NA,NA,NA
7205,NA,NA,NA,NA,NA,NA,NA
7206,Eukaryota,Arthropoda,Malacostraca,Decapoda,Paguridae,NA,NA
7207,NA,NA,NA,NA,NA,NA,NA
7208,Eukaryota,Echinodermata,Holothuroidea,Apodida,Chiridotidae,Chiridota,Chiridota albatrossii
7209,Eukaryota,Bacillariophyta,Thalassiosirophyceae,Lithodesmiales,Lithodesmiaceae,NA,NA
7210,Eukaryota,Cnidaria,Hydrozoa,Narcomedusae,Solmarisidae,Pegantha,Pegantha cf_ martagon
7211,NA,NA,NA,NA,NA,NA,NA
7212,NA,NA,NA,NA,NA,NA,NA
7213,Eukaryota,Annelida,Polychaeta,Sabellida,Sabellariidae,Phragmatopoma,Phragmatopoma californica
7214,Eukaryota,Arthropoda,Copepoda,Calanoida,Clausocalanidae,Clausocalanus,Clausocalanus arcuicornis
7215,NA,NA,NA,NA,NA,NA,NA
7216,NA,NA,NA,NA,NA,NA,NA
7217,Eukaryota,Mollusca,Gastropoda,Limapontiidae,Limapontiidae,NA,NA
7218,Eukaryota,Arthropoda,Copepoda,Calanoida,Clausocalanidae,Clausocalanus,NA
7219,Eukaryota,Ascomycota,Dothideomycetes,Cladosporiales,Cladosporiaceae,Cladosporium,NA
7220,Eukaryota,Mollusca,Gastropoda,Nudibranchia,Goniodorididae,NA,NA
7221,NA,NA,NA,NA,NA,NA,NA
7222,NA,NA,NA,NA,NA,NA,NA
7223,Eukaryota,Mollusca,Gastropoda,Cephalaspidea,Philinidae,NA,NA
7224,NA,NA,NA,NA,NA,NA,NA
7225,NA,NA,NA,NA,NA,NA,NA
7226,NA,NA,NA,NA,NA,NA,NA
7227,Eukaryota,Arthropoda,Copepoda,Calanoida,Euchaetidae,NA,NA
7228,NA,NA,NA,NA,NA,NA,NA
7229,Eukaryota,Echinodermata,Ophiuroidea,Amphilepidida,Amphiuridae,Amphipholis,Amphipholis pugetana
7230,NA,NA,NA,NA,NA,NA,NA
7231,NA,NA,NA,NA,NA,NA,NA
7232,NA,NA,NA,NA,NA,NA,NA
7233,Eukaryota,Arthropoda,Copepoda,Calanoida,Paracalanidae,NA,NA
7234,NA,NA,NA,NA,NA,NA,NA
7235,Eukaryota,Bacillariophyta,Thalassiosirophyceae,Lithodesmiales,Lithodesmiaceae,Ditylum,Ditylum brightwellii
7236,NA,NA,NA,NA,NA,NA,NA
7237,Eukaryota,Mollusca,Gastropoda,Nudibranchia,Aeolidiidae,Cerberilla,Cerberilla mosslandica
7238,Eukaryota,Chlorophyta,Chloropicophyceae,Chloropicales,Chloropicaceae,Chloropicon,Chloropicon roscoffensis
7239,Eukaryota,Arthropoda,Ostracoda,Halocyprida,Halocyprididae,Discoconchoecia,Discoconchoecia sp. S8_D6
7240,Eukaryota,Mollusca,Gastropoda,Pteropoda,Creseidae,Styliola,Styliola sp.
7241,NA,NA,NA,NA,NA,NA,NA
7242,Eukaryota,Mollusca,Gastropoda,Pyramidellidae,Pyramidellidae,Odostomia,Odostomia sp. BMBM_0374
7243,Eukaryota,Haptophyta,Phaeocystales,Phaeocystales,Phaeocystaceae,Phaeocystis,Phaeocystis globosa
7244,Eukaryota,Mollusca,Gastropoda,Limapontiidae,Limapontiidae,Aplysiopsis,Aplysiopsis enteromorphae
7245,NA,NA,NA,NA,NA,NA,NA
7246,NA,NA,NA,NA,NA,NA,NA
7247,NA,NA,NA,NA,NA,NA,NA
7248,NA,NA,NA,NA,NA,NA,NA
7249,Eukaryota,Echinodermata,Ophiuroidea,Amphilepidida,Ophiotrichidae,Ophiothrix,Ophiothrix spiculata
7250,NA,NA,NA,NA,NA,NA,NA
7251,Eukaryota,Arthropoda,Ostracoda,Halocyprida,Halocyprididae,Porroecia,NA
7252,NA,NA,NA,NA,NA,NA,NA
7253,Eukaryota,Arthropoda,Copepoda,Calanoida,Temoridae,Temora,Temora discaudata
7254,NA,NA,NA,NA,NA,NA,NA
7255,NA,NA,NA,NA,NA,NA,NA
7256,NA,NA,NA,NA,NA,NA,NA
7257,NA,NA,NA,NA,NA,NA,NA
7258,Eukaryota,Ctenophora,Tentaculata,Cydippida,Pleurobrachiidae,Pleurobrachia,Pleurobrachia bachei
7259,Eukaryota,Arthropoda,Copepoda,Calanoida,Candaciidae,Candacia,Candacia bipinnata
7260,Eukaryota,Arthropoda,Malacostraca,Decapoda,Pinnotheridae,Pinnixa,Pinnixa franciscana
7261,NA,NA,NA,NA,NA,NA,NA
7262,NA,NA,NA,NA,NA,NA,NA
7263,NA,NA,NA,NA,NA,NA,NA
7264,NA,NA,NA,NA,NA,NA,NA
7265,NA,NA,NA,NA,NA,NA,NA
7266,Eukaryota,Bryozoa,Gymnolaemata,Cheilostomatida,Membraniporidae,NA,NA
7267,Eukaryota,Arthropoda,Malacostraca,Decapoda,Hippolytidae,Eualus,Eualus subtilis
7268,NA,NA,NA,NA,NA,NA,NA
7269,Eukaryota,Arthropoda,Malacostraca,Decapoda,Cancridae,Metacarcinus,Metacarcinus gracilis
7270,Eukaryota,Mollusca,Gastropoda,Littorinimorpha,Naticidae,Neverita,NA
7271,NA,NA,NA,NA,NA,NA,NA
7272,Eukaryota,Arthropoda,Malacostraca,Euphausiacea,Euphausiidae,Thysanoessa,Thysanoessa gregaria
7273,Eukaryota,Mollusca,Gastropoda,Pteropoda,Cliidae,Clio,Clio pyramidata
7274,Eukaryota,Arthropoda,Malacostraca,Decapoda,Hippolytidae,Spirontocaris,Spirontocaris sica
7275,NA,NA,NA,NA,NA,NA,NA
7276,NA,NA,NA,NA,NA,NA,NA
7277,NA,NA,NA,NA,NA,NA,NA
7278,NA,NA,NA,NA,NA,NA,NA
7279,Eukaryota,Arthropoda,Insecta,Diptera,Mycetophilidae,NA,NA
7280,NA,NA,NA,NA,NA,NA,NA
7281,NA,NA,NA,NA,NA,NA,NA
7282,NA,NA,NA,NA,NA,NA,NA
7283,NA,NA,NA,NA,NA,NA,NA
7284,Eukaryota,Arthropoda,Copepoda,Poecilostomatoida,Oncaeidae,Oncaea,NA
7285,Eukaryota,Arthropoda,Copepoda,Calanoida,Lucicutiidae,Lucicutia,Lucicutia flavicornis
7286,Eukaryota,Arthropoda,Ostracoda,Halocyprida,Halocyprididae,Orthoconchoecia,Orthoconchoecia bispinosa
7287,NA,NA,NA,NA,NA,NA,NA
7288,Eukaryota,Echinodermata,Ophiuroidea,Amphilepidida,Amphiuridae,Amphipholis,Amphipholis pugetana
7289,NA,NA,NA,NA,NA,NA,NA
7290,Eukaryota,Arthropoda,Ostracoda,Halocyprida,Halocyprididae,Discoconchoecia,Discoconchoecia sp. S8_D6
7291,Eukaryota,Mollusca,Gastropoda,Littorinimorpha,Calyptraeidae,NA,NA
7292,Eukaryota,Mollusca,Gastropoda,Neogastropoda,Nassariidae,NA,NA
7293,Eukaryota,Mollusca,Gastropoda,Pteropoda,Cliidae,Clio,Clio pyramidata
7294,NA,NA,NA,NA,NA,NA,NA
7295,Eukaryota,Mollusca,Gastropoda,Nudibranchia,Tritoniidae,Tritonia,Tritonia exsulans
7296,Eukaryota,Arthropoda,Copepoda,Calanoida,Paracalanidae,NA,NA
7297,Eukaryota,Arthropoda,Malacostraca,Euphausiacea,Euphausiidae,Euphausia,NA
7298,Eukaryota,Arthropoda,Malacostraca,Decapoda,Munididae,Pleuroncodes,Pleuroncodes planipes
7299,NA,NA,NA,NA,NA,NA,NA
7300,NA,NA,NA,NA,NA,NA,NA
7301,Eukaryota,Rotifera,Eurotatoria,Ploima,Synchaetidae,NA,NA
7302,Eukaryota,Echinodermata,Ophiuroidea,Amphilepidida,Amphiuridae,Amphipholis,Amphipholis pugetana
7303,Eukaryota,Bacillariophyta,Coscinodiscophyceae,Rhizosoleniales,Rhizosoleniaceae,NA,NA
7304,NA,NA,NA,NA,NA,NA,NA
7305,NA,NA,NA,NA,NA,NA,NA
7306,Eukaryota,Arthropoda,Copepoda,Calanoida,Aetideidae,NA,NA
7307,Eukaryota,Ascomycota,Dothideomycetes,Mycosphaerellales,Teratosphaeriaceae,Hortaea,Hortaea werneckii
7308,Eukaryota,Arthropoda,Copepoda,Calanoida,Eucalanidae,Eucalanus,Eucalanus californicus
7309,NA,NA,NA,NA,NA,NA,NA
7310,NA,NA,NA,NA,NA,NA,NA
7311,NA,NA,NA,NA,NA,NA,NA
7312,NA,NA,NA,NA,NA,NA,NA
7313,NA,NA,NA,NA,NA,NA,NA
7314,NA,NA,NA,NA,NA,NA,NA
7315,Eukaryota,Arthropoda,Copepoda,Calanoida,Scolecitrichidae,Scolecithrix,Scolecithrix bradyi
7316,Eukaryota,Bacillariophyta,Coscinodiscophyceae,Rhizosoleniales,Rhizosoleniaceae,Guinardia,Guinardia striata
7317,NA,NA,NA,NA,NA,NA,NA
7318,NA,NA,NA,NA,NA,NA,NA
7319,NA,NA,NA,NA,NA,NA,NA
7320,Eukaryota,Arthropoda,Copepoda,Calanoida,Clausocalanidae,Clausocalanus,Clausocalanus jobei
7321,Eukaryota,Arthropoda,Malacostraca,Decapoda,Hippolytidae,Lysmata,Lysmata californica
7322,NA,NA,NA,NA,NA,NA,NA
7323,Eukaryota,Bacillariophyta,Bacillariophyceae,Bacillariales,Bacillariaceae,Pseudo_nitzschia,NA
7324,Eukaryota,Arthropoda,Copepoda,Calanoida,Scolecitrichidae,Scolecithrix,Scolecithrix bradyi
7325,NA,NA,NA,NA,NA,NA,NA
7326,Eukaryota,Arthropoda,Ostracoda,Halocyprida,Halocyprididae,Proceroecia,Proceroecia procera
7327,NA,NA,NA,NA,NA,NA,NA
7328,Eukaryota,Arthropoda,Copepoda,Cyclopoida,Oithonidae,Oithona,NA
7329,NA,NA,NA,NA,NA,NA,NA
7330,NA,NA,NA,NA,NA,NA,NA
7331,Eukaryota,Bacillariophyta,Bacillariophyceae,Bacillariales,Bacillariaceae,NA,NA
7332,Eukaryota,Bacillariophyta,Thalassiosirophyceae,Lithodesmiales,Lithodesmiaceae,NA,NA
7333,Eukaryota,Bacillariophyta,Bacillariophyceae,Bacillariales,Bacillariaceae,NA,NA
7334,NA,NA,NA,NA,NA,NA,NA
7335,Eukaryota,Arthropoda,Copepoda,Calanoida,Aetideidae,NA,NA
7336,NA,NA,NA,NA,NA,NA,NA
7337,Eukaryota,Arthropoda,Copepoda,Calanoida,Calocalanidae,NA,NA
7338,Eukaryota,Arthropoda,Copepoda,Calanoida,Aetideidae,NA,NA
7339,NA,NA,NA,NA,NA,NA,NA
7340,NA,NA,NA,NA,NA,NA,NA
7341,Eukaryota,Bacillariophyta,Thalassiosirophyceae,Eucampiales,Eucampiaceae,NA,NA
7342,Eukaryota,Arthropoda,Ostracoda,Halocyprida,Halocyprididae,Orthoconchoecia,Orthoconchoecia bispinosa
7343,Eukaryota,Arthropoda,Malacostraca,Euphausiacea,Euphausiidae,NA,NA
7344,NA,NA,NA,NA,NA,NA,NA
7345,NA,NA,NA,NA,NA,NA,NA
7346,Eukaryota,Arthropoda,Ostracoda,Halocyprida,Halocyprididae,Mikroconchoecia,NA
7347,Eukaryota,Arthropoda,Copepoda,Calanoida,Eucalanidae,Rhincalanus,Rhincalanus nasutus
7348,Eukaryota,Mollusca,Gastropoda,Nudibranchia,Flabellinidae,Flabellina,Flabellina cf_ trophina BOLD_ABA3308
7349,Eukaryota,Arthropoda,Copepoda,Calanoida,Scolecitrichidae,Scolecithricella,Scolecithricella dentata
7350,Eukaryota,Cnidaria,Hydrozoa,Anthoathecata,Pandeidae,NA,NA
7351,NA,NA,NA,NA,NA,NA,NA
7352,Eukaryota,Arthropoda,Copepoda,Calanoida,Candaciidae,Candacia,Candacia bipinnata
7353,NA,NA,NA,NA,NA,NA,NA
7354,Eukaryota,Arthropoda,Ostracoda,Halocyprida,Halocyprididae,Porroecia,Porroecia sp. S9_F12
7355,NA,NA,NA,NA,NA,NA,NA
7356,NA,NA,NA,NA,NA,NA,NA
7357,Eukaryota,Arthropoda,Copepoda,Poecilostomatoida,Oncaeidae,Oncaea,NA
7358,Eukaryota,Arthropoda,Copepoda,Calanoida,Paracalanidae,Paracalanus,NA
7359,NA,NA,NA,NA,NA,NA,NA
7360,Eukaryota,Chlorophyta,Chloropicophyceae,Chloropicales,Chloropicaceae,Chloroparvula,Chloroparvula sp. RCC999
7361,NA,NA,NA,NA,NA,NA,NA
7362,NA,NA,NA,NA,NA,NA,NA
7363,Eukaryota,Arthropoda,Malacostraca,Euphausiacea,Euphausiidae,NA,NA
7364,Eukaryota,Bryozoa,Gymnolaemata,Cheilostomatida,Membraniporidae,NA,NA
7365,Eukaryota,Mollusca,Gastropoda,Nudibranchia,Discodorididae,Diaulula,Diaulula sandiegensis
7366,Eukaryota,Arthropoda,Copepoda,Poecilostomatoida,Corycaeidae,Farranula,NA
7367,NA,NA,NA,NA,NA,NA,NA
7368,Eukaryota,Annelida,Polychaeta,Capitellidae,Capitellidae,NA,NA
7369,NA,NA,NA,NA,NA,NA,NA
7370,Eukaryota,Mollusca,Gastropoda,Littorinimorpha,Carinariidae,NA,NA
7371,NA,NA,NA,NA,NA,NA,NA
7372,NA,NA,NA,NA,NA,NA,NA
7373,Eukaryota,Annelida,Polychaeta,Capitellidae,Capitellidae,NA,NA
7374,Eukaryota,Arthropoda,Copepoda,Calanoida,Eucalanidae,Eucalanus,Eucalanus californicus
7375,NA,NA,NA,NA,NA,NA,NA
7376,NA,NA,NA,NA,NA,NA,NA
7377,NA,NA,NA,NA,NA,NA,NA
7378,Eukaryota,Echinodermata,Asteroidea,Valvatida,Asterinidae,Patiria,Patiria miniata
7379,NA,NA,NA,NA,NA,NA,NA
7380,Eukaryota,Arthropoda,Malacostraca,Euphausiacea,Euphausiidae,Thysanoessa,Thysanoessa gregaria
7381,Eukaryota,Arthropoda,Copepoda,Calanoida,Metridinidae,Pleuromamma,Pleuromamma abdominalis
7382,Eukaryota,Bacillariophyta,Thalassiosirophyceae,Thalassiosirales,Thalassiosiraceae,Minidiscus,Minidiscus variabilis
7383,Eukaryota,Arthropoda,Copepoda,Calanoida,Calanidae,NA,NA
7384,NA,NA,NA,NA,NA,NA,NA
7385,NA,NA,NA,NA,NA,NA,NA
7386,NA,NA,NA,NA,NA,NA,NA
7387,NA,NA,NA,NA,NA,NA,NA
7388,Eukaryota,Mollusca,Bivalvia,Mytilida,Modiolidae,NA,NA
7389,Eukaryota,Arthropoda,Copepoda,Calanoida,Calocalanidae,NA,NA
7390,Eukaryota,Annelida,Polychaeta,Phyllodocida,Polynoidae,NA,NA
7391,NA,NA,NA,NA,NA,NA,NA
7392,NA,NA,NA,NA,NA,NA,NA
7393,Eukaryota,Annelida,Polychaeta,Sabellida,Sabellariidae,Phragmatopoma,Phragmatopoma californica
7394,NA,NA,NA,NA,NA,NA,NA
7395,Eukaryota,Arthropoda,Ostracoda,Halocyprida,Halocyprididae,Mikroconchoecia,Mikroconchoecia sp. Os099_1_3
7396,NA,NA,NA,NA,NA,NA,NA
7397,Eukaryota,Arthropoda,Copepoda,Calanoida,Paracalanidae,NA,NA
7398,Eukaryota,Arthropoda,Copepoda,Calanoida,Clausocalanidae,Clausocalanus,Clausocalanus furcatus
7399,NA,NA,NA,NA,NA,NA,NA
7400,NA,NA,NA,NA,NA,NA,NA
7401,Eukaryota,Mollusca,Gastropoda,Pteropoda,Peraclidae,NA,NA
7402,NA,NA,NA,NA,NA,NA,NA
7403,NA,NA,NA,NA,NA,NA,NA
7404,NA,NA,NA,NA,NA,NA,NA
7405,Eukaryota,Mollusca,Gastropoda,Neogastropoda,Columbellidae,Amphissa,Amphissa reticulata
7406,Eukaryota,Oomycota,Peronosporomycetes,Peronosporales,Peronosporaceae,NA,NA
7407,Eukaryota,Annelida,Polychaeta,Chaetopteridae,Chaetopteridae,Chaetopterus,Chaetopterus sp. 7 JM_2017
7408,NA,NA,NA,NA,NA,NA,NA
7409,NA,NA,NA,NA,NA,NA,NA
7410,NA,NA,NA,NA,NA,NA,NA
7411,NA,NA,NA,NA,NA,NA,NA
7412,Eukaryota,Mollusca,Gastropoda,Neogastropoda,Nassariidae,NA,NA
7413,Eukaryota,Arthropoda,Malacostraca,Euphausiacea,Euphausiidae,Hansarsia,NA
7414,NA,NA,NA,NA,NA,NA,NA
7415,Eukaryota,Arthropoda,Ostracoda,Halocyprida,Halocyprididae,Halocypris,NA
7416,Eukaryota,Arthropoda,Malacostraca,Decapoda,Grapsidae,Pachygrapsus,Pachygrapsus crassipes
7417,NA,NA,NA,NA,NA,NA,NA
7418,NA,NA,NA,NA,NA,NA,NA
7419,Eukaryota,Chordata,Actinopteri,Myctophiformes,Myctophidae,Triphoturus,Triphoturus mexicanus
7420,NA,NA,NA,NA,NA,NA,NA
7421,NA,NA,NA,NA,NA,NA,NA
7422,NA,NA,NA,NA,NA,NA,NA
7423,Eukaryota,Echinodermata,Echinoidea,Temnopleuroida,Toxopneustidae,Lytechinus,Lytechinus pictus
7424,NA,NA,NA,NA,NA,NA,NA
7425,Eukaryota,Arthropoda,Thecostraca,Balanomorpha,Balanidae,Balanus,Balanus trigonus
7426,NA,NA,NA,NA,NA,NA,NA
7427,Eukaryota,Arthropoda,Malacostraca,Euphausiacea,Euphausiidae,Thysanoessa,Thysanoessa gregaria
7428,Eukaryota,Mollusca,Gastropoda,Nudibranchia,Glaucidae,Hermissenda,Hermissenda opalescens
7429,Eukaryota,Arthropoda,Copepoda,Poecilostomatoida,Oncaeidae,Oncaea,Oncaea mediterranea
7430,NA,NA,NA,NA,NA,NA,NA
7431,Eukaryota,Mollusca,Gastropoda,Pteropoda,Peraclidae,NA,NA
7432,Eukaryota,Arthropoda,Copepoda,Calanoida,Acartiidae,Acartia,Acartia californiensis
7433,NA,NA,NA,NA,NA,NA,NA
7434,NA,NA,NA,NA,NA,NA,NA
7435,NA,NA,NA,NA,NA,NA,NA
7436,Eukaryota,Chlorophyta,Mamiellophyceae,Mamiellales,Mamiellaceae,Micromonas,Micromonas bravo
7437,Eukaryota,Arthropoda,Copepoda,Calanoida,Heterorhabdidae,NA,NA
7438,NA,NA,NA,NA,NA,NA,NA
7439,NA,NA,NA,NA,NA,NA,NA
7440,Eukaryota,Bacillariophyta,Thalassiosirophyceae,Lithodesmiales,Lithodesmiaceae,NA,NA
7441,Eukaryota,Arthropoda,Copepoda,Calanoida,Metridinidae,Pleuromamma,NA
7442,NA,NA,NA,NA,NA,NA,NA
7443,NA,NA,NA,NA,NA,NA,NA
7444,Eukaryota,Gastrotricha,Macrodasyida,Macrodasyida,Macrodasyidae,NA,NA
7445,NA,NA,NA,NA,NA,NA,NA
7446,NA,NA,NA,NA,NA,NA,NA
7447,NA,NA,NA,NA,NA,NA,NA
7448,Eukaryota,Arthropoda,Ostracoda,Halocyprida,Halocyprididae,Paraconchoecia,Paraconchoecia oblonga
7449,Eukaryota,Mollusca,Gastropoda,Acteonidae,Acteonidae,Rictaxis,Rictaxis punctocaelatus
7450,NA,NA,NA,NA,NA,NA,NA
7451,NA,NA,NA,NA,NA,NA,NA
7452,NA,NA,NA,NA,NA,NA,NA
7453,NA,NA,NA,NA,NA,NA,NA
7454,Eukaryota,Arthropoda,Copepoda,Calanoida,Paracalanidae,NA,NA
7455,NA,NA,NA,NA,NA,NA,NA
7456,Eukaryota,Arthropoda,Copepoda,Calanoida,Clausocalanidae,Clausocalanus,NA
7457,Eukaryota,Mollusca,Gastropoda,Neogastropoda,Nassariidae,NA,NA
7458,NA,NA,NA,NA,NA,NA,NA
7459,NA,NA,NA,NA,NA,NA,NA
7460,Eukaryota,Bacillariophyta,Coscinodiscophyceae,Rhizosoleniales,Rhizosoleniaceae,NA,NA
7461,NA,NA,NA,NA,NA,NA,NA
7462,NA,NA,NA,NA,NA,NA,NA
7463,Eukaryota,Arthropoda,Ostracoda,Halocyprida,Halocyprididae,Conchoecia,Conchoecia sp. USNM IZ 1448956
7464,NA,NA,NA,NA,NA,NA,NA
7465,Eukaryota,Cnidaria,Hydrozoa,Anthoathecata,Pandeidae,NA,NA
7466,NA,NA,NA,NA,NA,NA,NA
7467,Eukaryota,Arthropoda,Copepoda,Calanoida,Metridinidae,Pleuromamma,Pleuromamma gracilis
7468,Eukaryota,Arthropoda,Insecta,Hemiptera,Belostomatidae,Appasus,Appasus major
7469,NA,NA,NA,NA,NA,NA,NA
7470,NA,NA,NA,NA,NA,NA,NA
7471,NA,NA,NA,NA,NA,NA,NA
7472,NA,NA,NA,NA,NA,NA,NA
7473,Eukaryota,Haptophyta,Phaeocystales,Phaeocystales,Phaeocystaceae,Phaeocystis,Phaeocystis jahnii
7474,NA,NA,NA,NA,NA,NA,NA
7475,Eukaryota,Arthropoda,Copepoda,Calanoida,Aetideidae,Gaetanus,Gaetanus minor
7476,Eukaryota,Arthropoda,Malacostraca,Euphausiacea,Euphausiidae,Euphausia,Euphausia mutica
7477,Eukaryota,Arthropoda,Copepoda,Calanoida,Acartiidae,Acartia,Acartia tonsa
7478,Eukaryota,Arthropoda,Copepoda,Calanoida,Eucalanidae,Eucalanus,Eucalanus californicus
7479,NA,NA,NA,NA,NA,NA,NA
7480,Eukaryota,Mollusca,Gastropoda,Cephalaspidea,Philinidae,NA,NA
7481,NA,NA,NA,NA,NA,NA,NA
7482,Eukaryota,Arthropoda,Ostracoda,Halocyprida,Halocyprididae,Conchoecia,Conchoecia magna
7483,NA,NA,NA,NA,NA,NA,NA
7484,NA,NA,NA,NA,NA,NA,NA
7485,NA,NA,NA,NA,NA,NA,NA
7486,Eukaryota,Arthropoda,Copepoda,Calanoida,Scolecitrichidae,Scolecithrix,Scolecithrix bradyi
7487,Eukaryota,Bacillariophyta,Thalassiosirophyceae,Lithodesmiales,Lithodesmiaceae,NA,NA
7488,NA,NA,NA,NA,NA,NA,NA
7489,Eukaryota,Arthropoda,Copepoda,Calanoida,Euchaetidae,Paraeuchaeta,Paraeuchaeta media
7490,NA,NA,NA,NA,NA,NA,NA
7491,NA,NA,NA,NA,NA,NA,NA
7492,Eukaryota,Bacillariophyta,Thalassiosirophyceae,Hemiaulales,Hemiaulaceae,Hemiaulus,Hemiaulus sinensis
7493,NA,NA,NA,NA,NA,NA,NA
7494,NA,NA,NA,NA,NA,NA,NA
7495,NA,NA,NA,NA,NA,NA,NA
7496,NA,NA,NA,NA,NA,NA,NA
7497,NA,NA,NA,NA,NA,NA,NA
7498,NA,NA,NA,NA,NA,NA,NA
7499,Eukaryota,Cnidaria,Anthozoa,Actiniaria,Actinostolidae,Paranthus,Paranthus rapiformis
7500,NA,NA,NA,NA,NA,NA,NA
7501,Eukaryota,Mollusca,Gastropoda,Nudibranchia,Tritoniidae,Tritonia,Tritonia festiva
7502,Eukaryota,Arthropoda,Malacostraca,Euphausiacea,Euphausiidae,Thysanoessa,Thysanoessa gregaria
7503,Eukaryota,Chaetognatha,Sagittoidea,Aphragmophora,Sagittidae,Flaccisagitta,NA
7504,NA,NA,NA,NA,NA,NA,NA
7505,Eukaryota,Arthropoda,Copepoda,Calanoida,Calocalanidae,Calocalanus,NA
7506,NA,NA,NA,NA,NA,NA,NA
7507,NA,NA,NA,NA,NA,NA,NA
7508,Eukaryota,Chlorophyta,Chloropicophyceae,Chloropicales,Chloropicaceae,NA,NA
7509,NA,NA,NA,NA,NA,NA,NA
7510,Eukaryota,Arthropoda,Copepoda,Calanoida,Temoridae,Temora,Temora discaudata
7511,Eukaryota,Arthropoda,Copepoda,Calanoida,Scolecitrichidae,Scolecithrix,Scolecithrix bradyi
7512,Eukaryota,Echinodermata,Ophiuroidea,Amphilepidida,Ophiactidae,Ophiopholis,Ophiopholis sp. EAC01
7513,Eukaryota,Arthropoda,Copepoda,Cyclopoida,Oithonidae,Oithona,Oithona similis
7514,NA,NA,NA,NA,NA,NA,NA
7515,Eukaryota,Arthropoda,Copepoda,Calanoida,Heterorhabdidae,Heterorhabdus,Heterorhabdus habrosomus
7516,NA,NA,NA,NA,NA,NA,NA
7517,NA,NA,NA,NA,NA,NA,NA
7518,NA,NA,NA,NA,NA,NA,NA
7519,Eukaryota,Chordata,Thaliacea,Salpida,Salpidae,Salpa,Salpa fusiformis
7520,NA,NA,NA,NA,NA,NA,NA
7521,NA,NA,NA,NA,NA,NA,NA
7522,Eukaryota,Arthropoda,Thecostraca,Balanomorpha,Chthamalidae,Chthamalus,Chthamalus fissus
7523,NA,NA,NA,NA,NA,NA,NA
7524,NA,NA,NA,NA,NA,NA,NA
7525,Eukaryota,Arthropoda,Malacostraca,Decapoda,Paguridae,Pagurus,Pagurus redondoensis
7526,Eukaryota,Arthropoda,Copepoda,Calanoida,Eucalanidae,Eucalanus,Eucalanus californicus
7527,NA,NA,NA,NA,NA,NA,NA
7528,NA,NA,NA,NA,NA,NA,NA
7529,Eukaryota,Cnidaria,Hydrozoa,Leptothecata,Obeliidae,Obelia,Obelia dichotoma
7530,Eukaryota,Arthropoda,Copepoda,Calanoida,Scolecitrichidae,Scolecithrix,Scolecithrix bradyi
7531,Eukaryota,Dinophyceae,Dinophyceae,Syndiniales,Syndiniaceae,Hematodinium,NA
7532,Eukaryota,Arthropoda,Branchiopoda,Diplostraca,Podonidae,Pleopis,Pleopis polyphemoides
7533,Eukaryota,Arthropoda,Malacostraca,Decapoda,Munididae,Antillimunida,Antillimunida bapensis
7534,Eukaryota,Phoronida,Phoronidae,Phoronidae,Phoronidae,Phoronopsis,NA
7535,NA,NA,NA,NA,NA,NA,NA
7536,NA,NA,NA,NA,NA,NA,NA
7537,NA,NA,NA,NA,NA,NA,NA
7538,Eukaryota,Echinodermata,Echinoidea,Spatangoida,Spatangidae,Spatangus,NA
7539,Eukaryota,Rotifera,Eurotatoria,Ploima,Synchaetidae,NA,NA
7540,NA,NA,NA,NA,NA,NA,NA
7541,Eukaryota,Haptophyta,Phaeocystales,Phaeocystales,Phaeocystaceae,Phaeocystis,Phaeocystis cordata
7542,NA,NA,NA,NA,NA,NA,NA
7543,NA,NA,NA,NA,NA,NA,NA
7544,Eukaryota,Arthropoda,Ostracoda,Halocyprida,Halocyprididae,Conchoecetta,Conchoecetta giesbrechti
7545,Eukaryota,Arthropoda,Copepoda,Calanoida,Metridinidae,NA,NA
7546,Eukaryota,Bacillariophyta,Thalassiosirophyceae,Eucampiales,Eucampiaceae,NA,NA
7547,NA,NA,NA,NA,NA,NA,NA
7548,NA,NA,NA,NA,NA,NA,NA
7549,NA,NA,NA,NA,NA,NA,NA
7550,Bacteria,Pseudomonadota,Alphaproteobacteria,Candidatus Pelagibacterales,Candidatus Pelagibacteraceae,Candidatus Pelagibacter,NA
7551,NA,NA,NA,NA,NA,NA,NA
7552,Eukaryota,Arthropoda,Malacostraca,Decapoda,Palinuridae,NA,NA
7553,Eukaryota,Mollusca,Gastropoda,Nudibranchia,Onchidorididae,Acanthodoris,Acanthodoris rhodoceras
7554,Eukaryota,Arthropoda,Copepoda,Calanoida,Metridinidae,Pleuromamma,Pleuromamma gracilis
7555,Eukaryota,Arthropoda,Copepoda,Calanoida,Heterorhabdidae,NA,NA
7556,Eukaryota,Oomycota,Haptoglossaceae,Haptoglossaceae,Haptoglossaceae,NA,NA
7557,NA,NA,NA,NA,NA,NA,NA
7558,NA,NA,NA,NA,NA,NA,NA
7559,Eukaryota,Bacillariophyta,Coscinodiscophyceae,Rhizosoleniales,Rhizosoleniaceae,NA,NA
7560,Eukaryota,Chlorophyta,Mamiellophyceae,Dolichomastigales,Dolichomastigaceae,NA,NA
7561,NA,NA,NA,NA,NA,NA,NA
7562,NA,NA,NA,NA,NA,NA,NA
7563,NA,NA,NA,NA,NA,NA,NA
7564,Eukaryota,Arthropoda,Ostracoda,Halocyprida,Halocyprididae,Proceroecia,Proceroecia procera
7565,Eukaryota,Chordata,Actinopteri,Blenniiformes,Blenniidae,NA,NA
7566,NA,NA,NA,NA,NA,NA,NA
7567,NA,NA,NA,NA,NA,NA,NA
7568,NA,NA,NA,NA,NA,NA,NA
7569,NA,NA,NA,NA,NA,NA,NA
7570,Eukaryota,Mollusca,Gastropoda,Pteropoda,Cliidae,Clio,Clio pyramidata
7571,Eukaryota,Arthropoda,Copepoda,Calanoida,Euchaetidae,Euchaeta,Euchaeta acuta
7572,NA,NA,NA,NA,NA,NA,NA
7573,Eukaryota,Bacillariophyta,Coscinodiscophyceae,Rhizosoleniales,Rhizosoleniaceae,NA,NA
7574,NA,NA,NA,NA,NA,NA,NA
7575,Eukaryota,Arthropoda,Malacostraca,Euphausiacea,Euphausiidae,Thysanoessa,Thysanoessa gregaria
7576,Eukaryota,Bacillariophyta,Bacillariophyceae,Bacillariales,Bacillariaceae,Pseudo_nitzschia,NA
7577,Eukaryota,Arthropoda,Thecostraca,Balanomorpha,Chthamalidae,Chthamalus,Chthamalus fissus
7578,NA,NA,NA,NA,NA,NA,NA
7579,Eukaryota,Arthropoda,Copepoda,Calanoida,Euchaetidae,Euchaeta,Euchaeta acuta
7580,NA,NA,NA,NA,NA,NA,NA
7581,NA,NA,NA,NA,NA,NA,NA
7582,NA,NA,NA,NA,NA,NA,NA
7583,Eukaryota,Mollusca,Gastropoda,Pteropoda,Creseidae,Creseis,Creseis conica
7584,NA,NA,NA,NA,NA,NA,NA
7585,NA,NA,NA,NA,NA,NA,NA
7586,NA,NA,NA,NA,NA,NA,NA
7587,NA,NA,NA,NA,NA,NA,NA
7588,NA,NA,NA,NA,NA,NA,NA
7589,Eukaryota,Bacillariophyta,Thalassiosirophyceae,Thalassiosirales,Thalassiosiraceae,NA,NA
7590,Eukaryota,Arthropoda,Ostracoda,Halocyprida,Halocyprididae,Paraconchoecia,Paraconchoecia oblonga
7591,Eukaryota,Arthropoda,Ostracoda,Halocyprida,Halocyprididae,Mikroconchoecia,Mikroconchoecia sp. Os099_1_3
7592,Eukaryota,Arthropoda,Copepoda,Poecilostomatoida,Oncaeidae,Oncaea,Oncaea sp.
7593,NA,NA,NA,NA,NA,NA,NA
7594,Eukaryota,Arthropoda,Malacostraca,Euphausiacea,Euphausiidae,Thysanoessa,Thysanoessa gregaria
7595,NA,NA,NA,NA,NA,NA,NA
7596,Eukaryota,Mollusca,Gastropoda,Pteropoda,Cliidae,Clio,Clio pyramidata
7597,Eukaryota,Arthropoda,Copepoda,Calanoida,Pontellidae,Labidocera,Labidocera trispinosa
7598,Eukaryota,Bacillariophyta,Coscinodiscophyceae,Rhizosoleniales,Rhizosoleniaceae,NA,NA
7599,NA,NA,NA,NA,NA,NA,NA
7600,Eukaryota,Arthropoda,Malacostraca,Euphausiacea,Euphausiidae,Thysanoessa,Thysanoessa gregaria
7601,Eukaryota,Annelida,Polychaeta,Phyllodocida,Phyllodocidae,Krohnia,NA
7602,Eukaryota,Arthropoda,Copepoda,Calanoida,Calocalanidae,Calocalanus,NA
7603,NA,NA,NA,NA,NA,NA,NA
7604,NA,NA,NA,NA,NA,NA,NA
7605,NA,NA,NA,NA,NA,NA,NA
7606,Eukaryota,Nemertea,Pilidiophora,Heteronemertea,Lineidae,Siphonenteron,Siphonenteron sp.
7607,NA,NA,NA,NA,NA,NA,NA
7608,Eukaryota,Mollusca,Gastropoda,Nudibranchia,Tritoniidae,Tritonia,Tritonia festiva
7609,NA,NA,NA,NA,NA,NA,NA
7610,NA,NA,NA,NA,NA,NA,NA
7611,NA,NA,NA,NA,NA,NA,NA
7612,NA,NA,NA,NA,NA,NA,NA
7613,Eukaryota,Arthropoda,Malacostraca,Euphausiacea,Euphausiidae,Nyctiphanes,Nyctiphanes simplex
7614,NA,NA,NA,NA,NA,NA,NA
7615,NA,NA,NA,NA,NA,NA,NA
7616,NA,NA,NA,NA,NA,NA,NA
7617,NA,NA,NA,NA,NA,NA,NA
7618,Eukaryota,Arthropoda,Copepoda,Calanoida,Aetideidae,NA,NA
7619,Eukaryota,Arthropoda,Malacostraca,Euphausiacea,Euphausiidae,NA,NA
7620,NA,NA,NA,NA,NA,NA,NA
7621,NA,NA,NA,NA,NA,NA,NA
7622,NA,NA,NA,NA,NA,NA,NA
7623,Eukaryota,Arthropoda,Ostracoda,Halocyprida,Halocyprididae,Halocypris,Halocypris inflata
7624,Eukaryota,Arthropoda,Copepoda,Calanoida,Calocalanidae,Calocalanus,NA
7625,Eukaryota,Echinodermata,Ophiuroidea,Amphilepidida,Ophiotrichidae,Ophiothrix,Ophiothrix spiculata
7626,NA,NA,NA,NA,NA,NA,NA
7627,NA,NA,NA,NA,NA,NA,NA
7628,NA,NA,NA,NA,NA,NA,NA
7629,Eukaryota,Mollusca,Gastropoda,Littorinimorpha,Calyptraeidae,Crepipatella,Crepipatella lingulata
7630,Eukaryota,Mollusca,Bivalvia,Adapedonta,Hiatellidae,NA,NA
7631,NA,NA,NA,NA,NA,NA,NA
7632,Eukaryota,Arthropoda,Copepoda,Calanoida,Lucicutiidae,Lucicutia,Lucicutia flavicornis
7633,NA,NA,NA,NA,NA,NA,NA
7634,Eukaryota,Mollusca,Gastropoda,Cephalaspidea,Philinidae,NA,NA
7635,NA,NA,NA,NA,NA,NA,NA
7636,NA,NA,NA,NA,NA,NA,NA
7637,Eukaryota,Arthropoda,Malacostraca,Euphausiacea,Euphausiidae,Euphausia,Euphausia gibboides
7638,NA,NA,NA,NA,NA,NA,NA
7639,NA,NA,NA,NA,NA,NA,NA
7640,NA,NA,NA,NA,NA,NA,NA
7641,Eukaryota,Chlorophyta,Chloropicophyceae,Chloropicales,Chloropicaceae,Chloroparvula,Chloroparvula sp. RCC999
7642,NA,NA,NA,NA,NA,NA,NA
7643,NA,NA,NA,NA,NA,NA,NA
7644,NA,NA,NA,NA,NA,NA,NA
7645,Eukaryota,Mollusca,Gastropoda,Cephalaspidea,Philinidae,NA,NA
7646,Eukaryota,Haptophyta,Phaeocystales,Phaeocystales,Phaeocystaceae,Phaeocystis,Phaeocystis globosa
7647,Eukaryota,Bacillariophyta,Thalassiosirophyceae,Eucampiales,Eucampiaceae,NA,NA
7648,Eukaryota,Arthropoda,Malacostraca,Euphausiacea,Euphausiidae,Thysanoessa,Thysanoessa gregaria
7649,Eukaryota,Ascomycota,Dothideomycetes,Cladosporiales,Cladosporiaceae,NA,NA
7650,NA,NA,NA,NA,NA,NA,NA
7651,NA,NA,NA,NA,NA,NA,NA
7652,NA,NA,NA,NA,NA,NA,NA
7653,NA,NA,NA,NA,NA,NA,NA
7654,Eukaryota,Arthropoda,Copepoda,Calanoida,Heterorhabdidae,Heterorhabdus,NA
7655,NA,NA,NA,NA,NA,NA,NA
7656,Eukaryota,Arthropoda,Malacostraca,Decapoda,Munididae,Grimothea,Grimothea monodon
7657,NA,NA,NA,NA,NA,NA,NA
7658,Eukaryota,Bacillariophyta,Thalassiosirophyceae,Eucampiales,Eucampiaceae,NA,NA
7659,NA,NA,NA,NA,NA,NA,NA
7660,Eukaryota,Arthropoda,Branchiopoda,Diplostraca,Podonidae,Pseudevadne,Pseudevadne tergestina
7661,NA,NA,NA,NA,NA,NA,NA
7662,NA,NA,NA,NA,NA,NA,NA
7663,Eukaryota,Arthropoda,Copepoda,Calanoida,Clausocalanidae,Clausocalanus,Clausocalanus jobei
7664,NA,NA,NA,NA,NA,NA,NA
7665,Eukaryota,Arthropoda,Copepoda,Calanoida,Paracalanidae,Paracalanus,Paracalanus tropicus
7666,Eukaryota,Arthropoda,Copepoda,Calanoida,Paracalanidae,Paracalanus,Paracalanus tropicus
7667,NA,NA,NA,NA,NA,NA,NA
7668,Eukaryota,Arthropoda,Ostracoda,Halocyprida,Halocyprididae,Conchoecia,Conchoecia magna
7669,NA,NA,NA,NA,NA,NA,NA
7670,Eukaryota,Arthropoda,Malacostraca,Decapoda,Sergestidae,Eusergestes,Eusergestes similis
7671,Eukaryota,Arthropoda,Copepoda,Calanoida,Lucicutiidae,Lucicutia,Lucicutia flavicornis
7672,NA,NA,NA,NA,NA,NA,NA
7673,Eukaryota,Arthropoda,Copepoda,Calanoida,Eucalanidae,Eucalanus,Eucalanus californicus
7674,Eukaryota,Arthropoda,Copepoda,Calanoida,Metridinidae,Pleuromamma,NA
7675,NA,NA,NA,NA,NA,NA,NA
7676,Eukaryota,Mollusca,Gastropoda,Littorinimorpha,Atlantidae,Atlanta,Atlanta sp. USNM IZ 1230636
7677,NA,NA,NA,NA,NA,NA,NA
7678,Eukaryota,Arthropoda,Copepoda,Calanoida,Eucalanidae,Eucalanus,Eucalanus californicus
7679,Eukaryota,Arthropoda,Copepoda,Calanoida,Paracalanidae,Paracalanus,Paracalanus tropicus
7680,Eukaryota,Arthropoda,Copepoda,Calanoida,Calocalanidae,Calocalanus,NA
