"ASV","Kingdom","Phylum","Class","Order","Family","Genus","Species","CalcifierGeneral","CalcifierLarval","CalcifierAdult","StructureLarval","StructureAdult","MineralForm","PlanktonicLifeHistory","Removal","Description"
"1","Eukaryota","Arthropoda","Malacostraca","Euphausiacea","Euphausiidae","Euphausia","Euphausia pacifica","Variable","No","Variable","None","Exoskeleton","Chitin + Calcium","Holoplanktonic","No","Krill"
"2","Eukaryota","Arthropoda","Copepoda","Calanoida","Calanidae","Calanus","Calanus pacificus","Variable","Variable","Variable","Exoskeleton","Exoskeleton","Chitin + Calcium","Holoplanktonic","No","Copepods"
"3","Eukaryota","Arthropoda","Copepoda","Calanoida","Calanidae","Calanus","Calanus pacificus","Variable","Variable","Variable","Exoskeleton","Exoskeleton","Chitin + Calcium","Holoplanktonic","No","Copepods"
"4","Eukaryota","Arthropoda","Copepoda","Calanoida","Clausocalanidae","Clausocalanus","Clausocalanus furcatus","Variable","Variable","Variable","Exoskeleton","Exoskeleton","Chitin + Calcium","Holoplanktonic","No","Copepods"
"5","Eukaryota","Arthropoda","Copepoda","Calanoida","Calanidae","Calanus","Calanus pacificus","Variable","Variable","Variable","Exoskeleton","Exoskeleton","Chitin + Calcium","Holoplanktonic","No","Copepods"
"7","Eukaryota","Arthropoda","Copepoda","Calanoida","Calanidae","Calanus","Calanus pacificus","Variable","Variable","Variable","Exoskeleton","Exoskeleton","Chitin + Calcium","Holoplanktonic","No","Copepods"
"8","Eukaryota","Arthropoda","Copepoda","Calanoida","Calanidae","Ctenocalanus","Ctenocalanus vanus","Variable","Variable","Variable","Exoskeleton","Exoskeleton","Chitin + Calcium","Holoplanktonic","No","Copepods"
"9","Eukaryota","Arthropoda","Copepoda","Poecilostomatoida","Oncaeidae","Oncaea","Oncaea sp.","Variable","Variable","Variable","Exoskeleton","Exoskeleton","Chitin + Calcium","Holoplanktonic","No","Parasitic or predatory copepods"
"11","Eukaryota","Arthropoda","Copepoda","Calanoida","Metridinidae","Pleuromamma","Pleuromamma borealis","Variable","Variable","Variable","Exoskeleton","Exoskeleton","Chitin + Calcium","Holoplanktonic","No","Copepods"
"12","Eukaryota","Arthropoda","Ostracoda","Halocyprida","Halocyprididae","Discoconchoecia",NA,"Variable","No","Variable","None","Exoskeleton","Chitin + Calcium","Holoplanktonic","No","Ostracods (seed shrimp)"
"13","Eukaryota","Arthropoda","Copepoda","Calanoida","Clausocalanidae","Clausocalanus","Clausocalanus furcatus","Variable","Variable","Variable","Exoskeleton","Exoskeleton","Chitin + Calcium","Holoplanktonic","No","Copepods"
"19","Eukaryota","Arthropoda","Copepoda","Calanoida","Candaciidae","Candacia","Candacia curta","Variable","Variable","Variable","Exoskeleton","Exoskeleton","Chitin + Calcium","Holoplanktonic","No","Copepods"
"21","Eukaryota","Cnidaria","Hydrozoa","Siphonophorae","Sphaeronectidae",NA,NA,"No","No","No","None","None","None","Holoplanktonic","No","Colonial hydrozoans (e.g., Portuguese man o' war)"
"22","Eukaryota","Arthropoda","Malacostraca","Euphausiacea","Euphausiidae","Nyctiphanes","Nyctiphanes simplex","Variable","No","Variable","None","Exoskeleton","Chitin + Calcium","Holoplanktonic","No","Krill"
"23","Eukaryota","Arthropoda","Copepoda","Calanoida","Pontellidae","Labidocera","Labidocera trispinosa","Variable","Variable","Variable","Exoskeleton","Exoskeleton","Chitin + Calcium","Holoplanktonic","No","Copepods"
"26","Eukaryota","Arthropoda","Copepoda","Calanoida","Calanidae","Calanus","Calanus pacificus","Variable","Variable","Variable","Exoskeleton","Exoskeleton","Chitin + Calcium","Holoplanktonic","No","Copepods"
"27","Eukaryota","Bryozoa","Gymnolaemata","Cheilostomatida","Membraniporidae","Membranipora","Membranipora villosa","Yes","Yes","Yes","External shell","External shell","Calcite","Meroplanktonic","No","Encrusting bryozoans"
"28","Eukaryota","Mollusca","Gastropoda","Nudibranchia","Glaucidae","Hermissenda","Hermissenda opalescens","Variable","Variable","No","External shell","None","Aragonite","Meroplanktonic","No","Shell-less sea slugs"
"29","Eukaryota","Arthropoda","Copepoda","Calanoida","Clausocalanidae","Clausocalanus","Clausocalanus furcatus","Variable","Variable","Variable","Exoskeleton","Exoskeleton","Chitin + Calcium","Holoplanktonic","No","Copepods"
"30","Eukaryota","Bryozoa","Gymnolaemata","Cheilostomatida","Membraniporidae","Membranipora","Membranipora villosa","Yes","Yes","Yes","External shell","External shell","Calcite","Meroplanktonic","No","Encrusting bryozoans"
"31","Eukaryota","Arthropoda","Copepoda","Calanoida","Calanidae","Ctenocalanus","Ctenocalanus vanus","Variable","Variable","Variable","Exoskeleton","Exoskeleton","Chitin + Calcium","Holoplanktonic","No","Copepods"
"32","Eukaryota","Bryozoa","Gymnolaemata","Cheilostomatida","Membraniporidae","Membranipora","Membranipora villosa","Yes","Yes","Yes","External shell","External shell","Calcite","Meroplanktonic","No","Encrusting bryozoans"
"33","Eukaryota","Echinodermata","Echinoidea","Camarodonta","Strongylocentrotidae","Strongylocentrotus","Strongylocentrotus purpuratus","Yes","Yes","Yes","Internal skeleton","Exoskeleton","Calcite","Meroplanktonic","No","Sea urchins"
"34","Eukaryota","Arthropoda","Copepoda","Calanoida","Paracalanidae","Paracalanus","Paracalanus sp. C AC_2013","Variable","Variable","Variable","Exoskeleton","Exoskeleton","Chitin + Calcium","Holoplanktonic","No","Copepods"
"35","Eukaryota","Arthropoda","Copepoda","Calanoida","Acartiidae","Acartia","Acartia tonsa","Variable","Variable","Variable","Exoskeleton","Exoskeleton","Chitin + Calcium","Holoplanktonic","No","Copepods"
"36","Eukaryota","Arthropoda","Copepoda","Calanoida","Clausocalanidae","Clausocalanus","Clausocalanus parapergens","Variable","Variable","Variable","Exoskeleton","Exoskeleton","Chitin + Calcium","Holoplanktonic","No","Copepods"
"37","Eukaryota","Bryozoa","Gymnolaemata","Cheilostomatida","Membraniporidae","Membranipora","Membranipora villosa","Yes","Yes","Yes","External shell","External shell","Calcite","Meroplanktonic","No","Encrusting bryozoans"
"38","Eukaryota","Arthropoda","Copepoda","Calanoida","Calocalanidae","Calocalanus","Calocalanus tenuis","Variable","Variable","Variable","Exoskeleton","Exoskeleton","Chitin + Calcium","Holoplanktonic","No","Copepods"
"39","Eukaryota","Arthropoda","Copepoda","Calanoida","Pontellidae","Labidocera","Labidocera trispinosa","Variable","Variable","Variable","Exoskeleton","Exoskeleton","Chitin + Calcium","Holoplanktonic","No","Copepods"
"41","Eukaryota","Arthropoda","Ostracoda","Halocyprida","Halocyprididae","Discoconchoecia",NA,"Variable","No","Variable","None","Exoskeleton","Chitin + Calcium","Holoplanktonic","No","Ostracods (seed shrimp)"
"42","Eukaryota","Arthropoda","Copepoda","Calanoida","Calanidae","Calanus","Calanus pacificus","Variable","Variable","Variable","Exoskeleton","Exoskeleton","Chitin + Calcium","Holoplanktonic","No","Copepods"
"44","Eukaryota","Arthropoda","Copepoda","Poecilostomatoida","Oncaeidae","Oncaea","Oncaea sp.","Variable","Variable","Variable","Exoskeleton","Exoskeleton","Chitin + Calcium","Holoplanktonic","No","Parasitic or predatory copepods"
"45","Eukaryota","Bryozoa","Gymnolaemata","Cheilostomatida","Membraniporidae","Membranipora",NA,"Yes","Yes","Yes","External shell","External shell","Calcite","Meroplanktonic","No","Encrusting bryozoans"
"50","Eukaryota","Arthropoda","Copepoda","Calanoida","Pontellidae","Labidocera","Labidocera trispinosa","Variable","Variable","Variable","Exoskeleton","Exoskeleton","Chitin + Calcium","Holoplanktonic","No","Copepods"
"54","Eukaryota","Bryozoa","Gymnolaemata","Cheilostomatida","Membraniporidae","Membranipora",NA,"Yes","Yes","Yes","External shell","External shell","Calcite","Meroplanktonic","No","Encrusting bryozoans"
"55","Eukaryota","Arthropoda","Malacostraca","Euphausiacea","Euphausiidae","Hansarsia","Hansarsia difficilis","Variable","No","Variable","None","Exoskeleton","Chitin + Calcium","Holoplanktonic","No","Krill"
"56","Eukaryota","Echinodermata","Echinoidea","Camarodonta","Strongylocentrotidae","Strongylocentrotus","Strongylocentrotus purpuratus","Yes","Yes","Yes","Internal skeleton","Exoskeleton","Calcite","Meroplanktonic","No","Sea urchins"
"57","Eukaryota","Arthropoda","Copepoda","Calanoida","Calanidae","Ctenocalanus","Ctenocalanus vanus","Variable","Variable","Variable","Exoskeleton","Exoskeleton","Chitin + Calcium","Holoplanktonic","No","Copepods"
"59","Eukaryota","Arthropoda","Malacostraca","Euphausiacea","Euphausiidae","Hansarsia","Hansarsia difficilis","Variable","No","Variable","None","Exoskeleton","Chitin + Calcium","Holoplanktonic","No","Krill"
"61","Eukaryota","Echinodermata","Echinoidea","Temnopleuroida","Toxopneustidae","Lytechinus","Lytechinus pictus","Yes","Yes","Yes","Internal skeleton","Exoskeleton","Calcite","Meroplanktonic","No","Short-spined sea urchins"
"64","Eukaryota","Echinodermata","Echinoidea","Temnopleuroida","Toxopneustidae","Lytechinus","Lytechinus pictus","Yes","Yes","Yes","Internal skeleton","Exoskeleton","Calcite","Meroplanktonic","No","Short-spined sea urchins"
"67","Eukaryota","Arthropoda","Copepoda","Calanoida","Clausocalanidae","Clausocalanus","Clausocalanus pergens","Variable","Variable","Variable","Exoskeleton","Exoskeleton","Chitin + Calcium","Holoplanktonic","No","Copepods"
"68","Eukaryota","Arthropoda","Copepoda","Calanoida","Calanidae","Calanus","Calanus pacificus","Variable","Variable","Variable","Exoskeleton","Exoskeleton","Chitin + Calcium","Holoplanktonic","No","Copepods"
"69","Eukaryota","Bryozoa","Gymnolaemata","Cheilostomatida","Membraniporidae","Membranipora","Membranipora villosa","Yes","Yes","Yes","External shell","External shell","Calcite","Meroplanktonic","No","Encrusting bryozoans"
"70","Eukaryota","Arthropoda","Copepoda","Calanoida","Pontellidae","Labidocera","Labidocera trispinosa","Variable","Variable","Variable","Exoskeleton","Exoskeleton","Chitin + Calcium","Holoplanktonic","No","Copepods"
"73","Eukaryota","Arthropoda","Copepoda","Calanoida","Calanidae","Calanus","Calanus pacificus","Variable","Variable","Variable","Exoskeleton","Exoskeleton","Chitin + Calcium","Holoplanktonic","No","Copepods"
"74","Eukaryota","Chordata","Actinopteri","Argentiniformes","Bathylagidae","Leuroglossus","Leuroglossus stilbius","No","No","No","None","None","None","Meroplanktonic","No","Deep-sea smelts and related fish"
"75","Eukaryota","Arthropoda","Ostracoda","Halocyprida","Halocyprididae",NA,NA,"Variable","No","Variable","None","Exoskeleton","Chitin + Calcium","Holoplanktonic","No","Ostracods (seed shrimp)"
"76","Eukaryota","Arthropoda","Copepoda","Calanoida","Metridinidae","Pleuromamma","Pleuromamma borealis","Variable","Variable","Variable","Exoskeleton","Exoskeleton","Chitin + Calcium","Holoplanktonic","No","Copepods"
"77","Eukaryota","Arthropoda","Copepoda","Calanoida","Calanidae","Calanus","Calanus pacificus","Variable","Variable","Variable","Exoskeleton","Exoskeleton","Chitin + Calcium","Holoplanktonic","No","Copepods"
"79","Eukaryota","Mollusca","Gastropoda","Nudibranchia","Glaucidae","Hermissenda",NA,"Variable","Variable","No","External shell","None","Aragonite","Meroplanktonic","No","Shell-less sea slugs"
"80","Eukaryota","Arthropoda","Copepoda","Calanoida","Calanidae","Calanus","Calanus pacificus","Variable","Variable","Variable","Exoskeleton","Exoskeleton","Chitin + Calcium","Holoplanktonic","No","Copepods"
"82","Eukaryota","Arthropoda","Malacostraca","Decapoda","Hippolytidae","Lysmata","Lysmata californica","Variable","No","Variable","None","Exoskeleton","Calcite","Meroplanktonic","No","Crabs, lobsters, shrimp"
"85","Eukaryota","Arthropoda","Copepoda","Calanoida","Acartiidae","Acartia","Acartia tonsa","Variable","Variable","Variable","Exoskeleton","Exoskeleton","Chitin + Calcium","Holoplanktonic","No","Copepods"
"86","Eukaryota","Mollusca","Gastropoda","Littorinimorpha","Atlantidae","Atlanta","Atlanta sp. USNM IZ 1230636","Yes","Yes","Yes","External shell","External shell","Aragonite/Calcite","Meroplanktonic","No","Periwinkles and related snails"
"88","Eukaryota","Arthropoda","Copepoda","Calanoida","Calanidae","Calanus","Calanus pacificus","Variable","Variable","Variable","Exoskeleton","Exoskeleton","Chitin + Calcium","Holoplanktonic","No","Copepods"
"89","Eukaryota","Bryozoa","Gymnolaemata","Cheilostomatida","Membraniporidae","Membranipora","Membranipora villosa","Yes","Yes","Yes","External shell","External shell","Calcite","Meroplanktonic","No","Encrusting bryozoans"
"90","Eukaryota","Arthropoda","Copepoda","Calanoida","Clausocalanidae","Clausocalanus","Clausocalanus parapergens","Variable","Variable","Variable","Exoskeleton","Exoskeleton","Chitin + Calcium","Holoplanktonic","No","Copepods"
"92","Eukaryota","Arthropoda","Ostracoda","Halocyprida","Halocyprididae","Conchoecia","Conchoecia magna","Variable","No","Variable","None","Exoskeleton","Chitin + Calcium","Holoplanktonic","No","Ostracods (seed shrimp)"
"93","Eukaryota","Arthropoda","Copepoda","Calanoida","Calanidae","Ctenocalanus","Ctenocalanus vanus","Variable","Variable","Variable","Exoskeleton","Exoskeleton","Chitin + Calcium","Holoplanktonic","No","Copepods"
"94","Eukaryota","Chordata","Actinopteri","Argentiniformes","Bathylagidae","Leuroglossus","Leuroglossus stilbius","No","No","No","None","None","None","Meroplanktonic","No","Deep-sea smelts and related fish"
"95","Eukaryota","Arthropoda","Copepoda","Calanoida","Pontellidae","Labidocera","Labidocera trispinosa","Variable","Variable","Variable","Exoskeleton","Exoskeleton","Chitin + Calcium","Holoplanktonic","No","Copepods"
"96","Eukaryota","Echinodermata","Echinoidea","Camarodonta","Strongylocentrotidae","Strongylocentrotus","Strongylocentrotus purpuratus","Yes","Yes","Yes","Internal skeleton","Exoskeleton","Calcite","Meroplanktonic","No","Sea urchins"
"97","Eukaryota","Bryozoa","Gymnolaemata","Cheilostomatida","Membraniporidae","Membranipora","Membranipora villosa","Yes","Yes","Yes","External shell","External shell","Calcite","Meroplanktonic","No","Encrusting bryozoans"
"98","Eukaryota","Arthropoda","Copepoda","Calanoida","Pontellidae","Labidocera","Labidocera trispinosa","Variable","Variable","Variable","Exoskeleton","Exoskeleton","Chitin + Calcium","Holoplanktonic","No","Copepods"
"99","Eukaryota","Arthropoda","Copepoda","Calanoida","Pontellidae","Labidocera","Labidocera trispinosa","Variable","Variable","Variable","Exoskeleton","Exoskeleton","Chitin + Calcium","Holoplanktonic","No","Copepods"
"100","Eukaryota","Echinodermata","Ophiuroidea","Amphilepidida","Ophiocomidae","Ophiopteris","Ophiopteris papillosa","Yes","Yes","Yes","Internal skeleton","Internal skeleton","Calcite","Meroplanktonic","No","Brittle stars"
"102","Eukaryota","Arthropoda","Copepoda","Calanoida","Eucalanidae","Eucalanus","Eucalanus californicus","Variable","Variable","Variable","Exoskeleton","Exoskeleton","Chitin + Calcium","Holoplanktonic","No","Copepods"
"103","Eukaryota","Arthropoda","Copepoda","Calanoida","Eucalanidae","Eucalanus","Eucalanus californicus","Variable","Variable","Variable","Exoskeleton","Exoskeleton","Chitin + Calcium","Holoplanktonic","No","Copepods"
"104","Eukaryota","Arthropoda","Ostracoda","Halocyprida","Halocyprididae","Discoconchoecia",NA,"Variable","No","Variable","None","Exoskeleton","Chitin + Calcium","Holoplanktonic","No","Ostracods (seed shrimp)"
"105","Eukaryota","Arthropoda","Copepoda","Calanoida","Clausocalanidae","Clausocalanus","Clausocalanus paululus","Variable","Variable","Variable","Exoskeleton","Exoskeleton","Chitin + Calcium","Holoplanktonic","No","Copepods"
"107","Eukaryota","Arthropoda","Copepoda","Calanoida","Clausocalanidae","Clausocalanus","Clausocalanus parapergens","Variable","Variable","Variable","Exoskeleton","Exoskeleton","Chitin + Calcium","Holoplanktonic","No","Copepods"
"108","Eukaryota","Arthropoda","Copepoda","Calanoida","Clausocalanidae","Clausocalanus","Clausocalanus parapergens","Variable","Variable","Variable","Exoskeleton","Exoskeleton","Chitin + Calcium","Holoplanktonic","No","Copepods"
"109","Eukaryota","Arthropoda","Copepoda","Calanoida","Clausocalanidae","Clausocalanus","Clausocalanus parapergens","Variable","Variable","Variable","Exoskeleton","Exoskeleton","Chitin + Calcium","Holoplanktonic","No","Copepods"
"110","Eukaryota","Bryozoa","Gymnolaemata","Cheilostomatida","Membraniporidae","Membranipora","Membranipora villosa","Yes","Yes","Yes","External shell","External shell","Calcite","Meroplanktonic","No","Encrusting bryozoans"
"111","Eukaryota","Arthropoda","Copepoda","Calanoida","Acartiidae","Acartia","Acartia tonsa","Variable","Variable","Variable","Exoskeleton","Exoskeleton","Chitin + Calcium","Holoplanktonic","No","Copepods"
"112","Eukaryota","Mollusca","Gastropoda","Littorinimorpha","Atlantidae","Atlanta","Atlanta sp. USNM IZ 1230636","Yes","Yes","Yes","External shell","External shell","Aragonite/Calcite","Meroplanktonic","No","Periwinkles and related snails"
"113","Eukaryota","Mollusca","Gastropoda","Nudibranchia","Glaucidae","Hermissenda","Hermissenda opalescens","Variable","Variable","No","External shell","None","Aragonite","Meroplanktonic","No","Shell-less sea slugs"
"114","Eukaryota","Bryozoa","Gymnolaemata","Cheilostomatida","Membraniporidae","Membranipora","Membranipora villosa","Yes","Yes","Yes","External shell","External shell","Calcite","Meroplanktonic","No","Encrusting bryozoans"
"115","Eukaryota","Arthropoda","Copepoda","Calanoida","Pontellidae","Labidocera","Labidocera trispinosa","Variable","Variable","Variable","Exoskeleton","Exoskeleton","Chitin + Calcium","Holoplanktonic","No","Copepods"
"116","Eukaryota","Arthropoda","Ostracoda","Halocyprida","Halocyprididae","Discoconchoecia",NA,"Variable","No","Variable","None","Exoskeleton","Chitin + Calcium","Holoplanktonic","No","Ostracods (seed shrimp)"
"117","Eukaryota","Arthropoda","Copepoda","Calanoida","Clausocalanidae","Clausocalanus","Clausocalanus parapergens","Variable","Variable","Variable","Exoskeleton","Exoskeleton","Chitin + Calcium","Holoplanktonic","No","Copepods"
"119","Eukaryota","Arthropoda","Copepoda","Calanoida","Calanidae","Calanus","Calanus pacificus","Variable","Variable","Variable","Exoskeleton","Exoskeleton","Chitin + Calcium","Holoplanktonic","No","Copepods"
"120","Eukaryota","Arthropoda","Copepoda","Calanoida","Clausocalanidae","Clausocalanus","Clausocalanus parapergens","Variable","Variable","Variable","Exoskeleton","Exoskeleton","Chitin + Calcium","Holoplanktonic","No","Copepods"
"121","Eukaryota","Arthropoda","Copepoda","Calanoida","Paracalanidae","Paracalanus","Paracalanus sp. C AC_2013","Variable","Variable","Variable","Exoskeleton","Exoskeleton","Chitin + Calcium","Holoplanktonic","No","Copepods"
"123","Eukaryota","Arthropoda","Ostracoda","Halocyprida","Halocyprididae","Paraconchoecia","Paraconchoecia allotherium","Variable","No","Variable","None","Exoskeleton","Chitin + Calcium","Holoplanktonic","No","Ostracods (seed shrimp)"
"124","Eukaryota","Arthropoda","Copepoda","Poecilostomatoida","Corycaeidae","Farranula",NA,"Variable","Variable","Variable","Exoskeleton","Exoskeleton","Chitin + Calcium","Holoplanktonic","No","Parasitic or predatory copepods"
"125","Eukaryota","Echinodermata","Echinoidea","Camarodonta","Strongylocentrotidae","Mesocentrotus",NA,"Yes","Yes","Yes","Internal skeleton","Exoskeleton","Calcite","Meroplanktonic","No","Sea urchins"
"126","Eukaryota","Echinodermata","Ophiuroidea","Amphilepidida","Ophionereidae","Ophionereis",NA,"Yes","Yes","Yes","Internal skeleton","Internal skeleton","Calcite","Meroplanktonic","No","Brittle stars"
"127","Eukaryota","Arthropoda","Copepoda","Calanoida","Scolecitrichidae","Scolecithricella","Scolecithricella dentata","Variable","Variable","Variable","Exoskeleton","Exoskeleton","Chitin + Calcium","Holoplanktonic","No","Copepods"
"128","Eukaryota","Arthropoda","Copepoda","Calanoida","Paracalanidae",NA,NA,"Variable","Variable","Variable","Exoskeleton","Exoskeleton","Chitin + Calcium","Holoplanktonic","No","Copepods"
"129","Eukaryota","Arthropoda","Copepoda","Calanoida","Paracalanidae","Paracalanus","Paracalanus sp. C AC_2013","Variable","Variable","Variable","Exoskeleton","Exoskeleton","Chitin + Calcium","Holoplanktonic","No","Copepods"
"130","Eukaryota","Arthropoda","Copepoda","Calanoida","Scolecitrichidae","Scolecithricella","Scolecithricella dentata","Variable","Variable","Variable","Exoskeleton","Exoskeleton","Chitin + Calcium","Holoplanktonic","No","Copepods"
"131","Eukaryota","Arthropoda","Copepoda","Calanoida","Scolecitrichidae","Scolecithricella","Scolecithricella dentata","Variable","Variable","Variable","Exoskeleton","Exoskeleton","Chitin + Calcium","Holoplanktonic","No","Copepods"
"132","Eukaryota","Arthropoda","Ostracoda","Halocyprida","Halocyprididae","Conchoecetta","Conchoecetta giesbrechti","Variable","No","Variable","None","Exoskeleton","Chitin + Calcium","Holoplanktonic","No","Ostracods (seed shrimp)"
"134","Eukaryota","Arthropoda","Copepoda","Calanoida","Clausocalanidae","Clausocalanus","Clausocalanus parapergens","Variable","Variable","Variable","Exoskeleton","Exoskeleton","Chitin + Calcium","Holoplanktonic","No","Copepods"
"135","Eukaryota","Arthropoda","Copepoda","Calanoida","Clausocalanidae","Clausocalanus","Clausocalanus pergens","Variable","Variable","Variable","Exoskeleton","Exoskeleton","Chitin + Calcium","Holoplanktonic","No","Copepods"
"138","Eukaryota","Arthropoda","Copepoda","Calanoida","Calanidae","Calanus","Calanus pacificus","Variable","Variable","Variable","Exoskeleton","Exoskeleton","Chitin + Calcium","Holoplanktonic","No","Copepods"
"139","Eukaryota","Arthropoda","Copepoda","Calanoida","Calocalanidae","Calocalanus",NA,"Variable","Variable","Variable","Exoskeleton","Exoskeleton","Chitin + Calcium","Holoplanktonic","No","Copepods"
"141","Eukaryota","Arthropoda","Copepoda","Calanoida","Paracalanidae","Paracalanus","Paracalanus sp. C AC_2013","Variable","Variable","Variable","Exoskeleton","Exoskeleton","Chitin + Calcium","Holoplanktonic","No","Copepods"
"142","Eukaryota","Arthropoda","Copepoda","Calanoida","Mecynoceridae","Mecynocera","Mecynocera clausi","Variable","Variable","Variable","Exoskeleton","Exoskeleton","Chitin + Calcium","Holoplanktonic","No","Copepods"
"143","Eukaryota","Arthropoda","Copepoda","Calanoida","Pontellidae","Labidocera","Labidocera trispinosa","Variable","Variable","Variable","Exoskeleton","Exoskeleton","Chitin + Calcium","Holoplanktonic","No","Copepods"
"144","Eukaryota","Arthropoda","Copepoda","Calanoida","Mecynoceridae","Mecynocera","Mecynocera clausi","Variable","Variable","Variable","Exoskeleton","Exoskeleton","Chitin + Calcium","Holoplanktonic","No","Copepods"
"145","Eukaryota","Arthropoda","Malacostraca","Euphausiacea","Euphausiidae","Hansarsia",NA,"Variable","No","Variable","None","Exoskeleton","Chitin + Calcium","Holoplanktonic","No","Krill"
"146","Eukaryota","Arthropoda","Malacostraca","Euphausiacea","Euphausiidae","Hansarsia",NA,"Variable","No","Variable","None","Exoskeleton","Chitin + Calcium","Holoplanktonic","No","Krill"
"147","Eukaryota","Arthropoda","Copepoda","Calanoida","Pontellidae","Labidocera","Labidocera trispinosa","Variable","Variable","Variable","Exoskeleton","Exoskeleton","Chitin + Calcium","Holoplanktonic","No","Copepods"
"149","Eukaryota","Annelida","Polychaeta","Spionida","Spionidae",NA,NA,"No","No","No","None","None","None","Benthic + Meroplanktonic","No","Marine worms (sediment burrowers)"
"151","Eukaryota","Arthropoda","Copepoda","Calanoida","Pontellidae","Labidocera","Labidocera trispinosa","Variable","Variable","Variable","Exoskeleton","Exoskeleton","Chitin + Calcium","Holoplanktonic","No","Copepods"
"153","Eukaryota","Arthropoda","Copepoda","Calanoida","Candaciidae","Candacia","Candacia curta","Variable","Variable","Variable","Exoskeleton","Exoskeleton","Chitin + Calcium","Holoplanktonic","No","Copepods"
"157","Eukaryota","Arthropoda","Copepoda","Calanoida","Calanidae","Calanus","Calanus pacificus","Variable","Variable","Variable","Exoskeleton","Exoskeleton","Chitin + Calcium","Holoplanktonic","No","Copepods"
"158","Eukaryota","Chordata","Actinopteri","Argentiniformes","Bathylagidae","Leuroglossus","Leuroglossus stilbius","No","No","No","None","None","None","Meroplanktonic","No","Deep-sea smelts and related fish"
"161","Eukaryota","Chordata","Actinopteri","Scombriformes","Scombridae","Scomber","Scomber japonicus","No","No","No","None","None","None","Meroplanktonic","No","Mackerels and tunas"
"162","Eukaryota","Arthropoda","Copepoda","Calanoida","Calanidae","Calanus","Calanus pacificus","Variable","Variable","Variable","Exoskeleton","Exoskeleton","Chitin + Calcium","Holoplanktonic","No","Copepods"
"163","Eukaryota","Arthropoda","Copepoda","Calanoida","Pontellidae","Labidocera","Labidocera trispinosa","Variable","Variable","Variable","Exoskeleton","Exoskeleton","Chitin + Calcium","Holoplanktonic","No","Copepods"
"165","Eukaryota","Bryozoa","Gymnolaemata","Cheilostomatida","Membraniporidae","Membranipora","Membranipora villosa","Yes","Yes","Yes","External shell","External shell","Calcite","Meroplanktonic","No","Encrusting bryozoans"
"167","Eukaryota","Arthropoda","Copepoda","Calanoida","Pontellidae","Labidocera","Labidocera trispinosa","Variable","Variable","Variable","Exoskeleton","Exoskeleton","Chitin + Calcium","Holoplanktonic","No","Copepods"
"170","Eukaryota","Arthropoda","Copepoda","Calanoida","Calanidae","Calanus","Calanus pacificus","Variable","Variable","Variable","Exoskeleton","Exoskeleton","Chitin + Calcium","Holoplanktonic","No","Copepods"
"171","Eukaryota","Arthropoda","Copepoda","Calanoida","Pontellidae","Labidocera","Labidocera trispinosa","Variable","Variable","Variable","Exoskeleton","Exoskeleton","Chitin + Calcium","Holoplanktonic","No","Copepods"
"172","Eukaryota","Arthropoda","Malacostraca","Decapoda","Sergestidae","Eusergestes","Eusergestes similis","Variable","No","Variable","None","Exoskeleton","Calcite","Meroplanktonic","No","Crabs, lobsters, shrimp"
"173","Eukaryota","Arthropoda","Malacostraca","Euphausiacea","Euphausiidae","Nyctiphanes","Nyctiphanes simplex","Variable","No","Variable","None","Exoskeleton","Chitin + Calcium","Holoplanktonic","No","Krill"
"174","Eukaryota","Arthropoda","Copepoda","Calanoida","Clausocalanidae","Clausocalanus","Clausocalanus pergens","Variable","Variable","Variable","Exoskeleton","Exoskeleton","Chitin + Calcium","Holoplanktonic","No","Copepods"
"175","Eukaryota","Mollusca","Gastropoda","Nudibranchia","Glaucidae","Hermissenda",NA,"Variable","Variable","No","External shell","None","Aragonite","Meroplanktonic","No","Shell-less sea slugs"
"177","Eukaryota","Arthropoda","Malacostraca","Euphausiacea","Euphausiidae","Hansarsia","Hansarsia difficilis","Variable","No","Variable","None","Exoskeleton","Chitin + Calcium","Holoplanktonic","No","Krill"
"178","Eukaryota","Chordata","Actinopteri","Scombriformes","Scombridae","Scomber","Scomber japonicus","No","No","No","None","None","None","Meroplanktonic","No","Mackerels and tunas"
"179","Eukaryota","Arthropoda","Copepoda","Calanoida","Pontellidae","Labidocera","Labidocera trispinosa","Variable","Variable","Variable","Exoskeleton","Exoskeleton","Chitin + Calcium","Holoplanktonic","No","Copepods"
"180","Eukaryota","Arthropoda","Ostracoda","Halocyprida","Halocyprididae","Conchoecetta","Conchoecetta giesbrechti","Variable","No","Variable","None","Exoskeleton","Chitin + Calcium","Holoplanktonic","No","Ostracods (seed shrimp)"
"182","Eukaryota","Arthropoda","Copepoda","Calanoida","Clausocalanidae","Clausocalanus","Clausocalanus paululus","Variable","Variable","Variable","Exoskeleton","Exoskeleton","Chitin + Calcium","Holoplanktonic","No","Copepods"
"183","Eukaryota","Arthropoda","Malacostraca","Euphausiacea","Euphausiidae","Nyctiphanes","Nyctiphanes simplex","Variable","No","Variable","None","Exoskeleton","Chitin + Calcium","Holoplanktonic","No","Krill"
"186","Eukaryota","Arthropoda","Copepoda","Calanoida","Pontellidae","Labidocera","Labidocera trispinosa","Variable","Variable","Variable","Exoskeleton","Exoskeleton","Chitin + Calcium","Holoplanktonic","No","Copepods"
"187","Eukaryota","Mollusca","Cephalopoda","Octopoda","Octopodidae","Octopus",NA,"Variable","Yes","No","Statoliths","None","Aragonite","Meroplanktonic","No","Octopi"
"188","Eukaryota","Arthropoda","Malacostraca","Euphausiacea","Euphausiidae","Nyctiphanes","Nyctiphanes simplex","Variable","No","Variable","None","Exoskeleton","Chitin + Calcium","Holoplanktonic","No","Krill"
"189","Eukaryota","Arthropoda","Ostracoda","Halocyprida","Halocyprididae","Discoconchoecia",NA,"Variable","No","Variable","None","Exoskeleton","Chitin + Calcium","Holoplanktonic","No","Ostracods (seed shrimp)"
"190","Eukaryota","Cnidaria","Hydrozoa","Siphonophorae","Sphaeronectidae",NA,NA,"No","No","No","None","None","None","Holoplanktonic","No","Colonial hydrozoans (e.g., Portuguese man o' war)"
"191","Eukaryota","Arthropoda","Copepoda","Calanoida","Clausocalanidae","Clausocalanus",NA,"Variable","Variable","Variable","Exoskeleton","Exoskeleton","Chitin + Calcium","Holoplanktonic","No","Copepods"
"192","Eukaryota","Arthropoda","Copepoda","Poecilostomatoida","Oncaeidae","Oncaea","Oncaea sp.","Variable","Variable","Variable","Exoskeleton","Exoskeleton","Chitin + Calcium","Holoplanktonic","No","Parasitic or predatory copepods"
"193","Eukaryota","Arthropoda","Copepoda","Calanoida","Calanidae","Calanus","Calanus pacificus","Variable","Variable","Variable","Exoskeleton","Exoskeleton","Chitin + Calcium","Holoplanktonic","No","Copepods"
"194","Eukaryota","Arthropoda","Copepoda","Calanoida","Clausocalanidae","Clausocalanus","Clausocalanus paululus","Variable","Variable","Variable","Exoskeleton","Exoskeleton","Chitin + Calcium","Holoplanktonic","No","Copepods"
"195","Eukaryota","Arthropoda","Copepoda","Calanoida","Pontellidae","Labidocera","Labidocera trispinosa","Variable","Variable","Variable","Exoskeleton","Exoskeleton","Chitin + Calcium","Holoplanktonic","No","Copepods"
"196","Eukaryota","Arthropoda","Copepoda","Calanoida","Calanidae","Calanus","Calanus pacificus","Variable","Variable","Variable","Exoskeleton","Exoskeleton","Chitin + Calcium","Holoplanktonic","No","Copepods"
"197","Eukaryota","Arthropoda","Copepoda","Calanoida","Paracalanidae","Paracalanus",NA,"Variable","Variable","Variable","Exoskeleton","Exoskeleton","Chitin + Calcium","Holoplanktonic","No","Copepods"
"198","Eukaryota","Cnidaria","Hydrozoa","Siphonophorae","Athorybiidae",NA,NA,"No","No","No","None","None","None","Holoplanktonic","No","Colonial hydrozoans (e.g., Portuguese man o' war)"
"199","Eukaryota","Arthropoda","Copepoda","Calanoida","Calocalanidae","Calocalanus",NA,"Variable","Variable","Variable","Exoskeleton","Exoskeleton","Chitin + Calcium","Holoplanktonic","No","Copepods"
"200","Eukaryota","Arthropoda","Copepoda","Calanoida","Pontellidae","Labidocera","Labidocera trispinosa","Variable","Variable","Variable","Exoskeleton","Exoskeleton","Chitin + Calcium","Holoplanktonic","No","Copepods"
"201","Eukaryota","Arthropoda","Copepoda","Calanoida","Calanidae",NA,NA,"Variable","Variable","Variable","Exoskeleton","Exoskeleton","Chitin + Calcium","Holoplanktonic","No","Copepods"
"203","Eukaryota","Arthropoda","Copepoda","Calanoida","Calanidae","Calanus","Calanus pacificus","Variable","Variable","Variable","Exoskeleton","Exoskeleton","Chitin + Calcium","Holoplanktonic","No","Copepods"
"204","Eukaryota","Bryozoa","Gymnolaemata","Cheilostomatida","Membraniporidae","Membranipora","Membranipora villosa","Yes","Yes","Yes","External shell","External shell","Calcite","Meroplanktonic","No","Encrusting bryozoans"
"205","Eukaryota","Echinodermata","Echinoidea","Temnopleuroida","Toxopneustidae","Lytechinus","Lytechinus pictus","Yes","Yes","Yes","Internal skeleton","Exoskeleton","Calcite","Meroplanktonic","No","Short-spined sea urchins"
"206","Eukaryota","Bryozoa","Gymnolaemata","Cheilostomatida","Membraniporidae","Membranipora","Membranipora villosa","Yes","Yes","Yes","External shell","External shell","Calcite","Meroplanktonic","No","Encrusting bryozoans"
"208","Eukaryota","Chordata","Actinopteri","Myctophiformes","Myctophidae","Nannobrachium","Nannobrachium ritteri","No","No","No","None","None","None","Meroplanktonic","No","Lanternfishes"
"209","Eukaryota","Mollusca","Gastropoda","Littorinimorpha","Atlantidae","Atlanta","Atlanta sp. USNM IZ 1230636","Yes","Yes","Yes","External shell","External shell","Aragonite/Calcite","Meroplanktonic","No","Periwinkles and related snails"
"210","Eukaryota","Arthropoda","Copepoda","Calanoida","Pontellidae","Labidocera","Labidocera trispinosa","Variable","Variable","Variable","Exoskeleton","Exoskeleton","Chitin + Calcium","Holoplanktonic","No","Copepods"
"211","Eukaryota","Arthropoda","Copepoda","Calanoida","Pontellidae","Labidocera","Labidocera trispinosa","Variable","Variable","Variable","Exoskeleton","Exoskeleton","Chitin + Calcium","Holoplanktonic","No","Copepods"
"212","Eukaryota","Annelida","Polychaeta","Chaetopteridae","Chaetopteridae","Phyllochaetopterus","Phyllochaetopterus sp. 5 JM_2017","No","No","No","None","None","None","Benthic + Meroplanktonic","No","Tube-dwelling marine polychaetes"
"213","Eukaryota","Mollusca","Gastropoda","Nudibranchia","Glaucidae","Hermissenda","Hermissenda opalescens","Variable","Variable","No","External shell","None","Aragonite","Meroplanktonic","No","Shell-less sea slugs"
"214","Eukaryota","Arthropoda","Copepoda","Calanoida","Clausocalanidae",NA,NA,"Variable","Variable","Variable","Exoskeleton","Exoskeleton","Chitin + Calcium","Holoplanktonic","No","Copepods"
"216","Eukaryota","Bryozoa","Gymnolaemata","Cheilostomatida","Membraniporidae","Membranipora","Membranipora villosa","Yes","Yes","Yes","External shell","External shell","Calcite","Meroplanktonic","No","Encrusting bryozoans"
"219","Eukaryota","Arthropoda","Copepoda","Calanoida","Acartiidae","Acartia","Acartia tonsa","Variable","Variable","Variable","Exoskeleton","Exoskeleton","Chitin + Calcium","Holoplanktonic","No","Copepods"
"220","Eukaryota","Arthropoda","Copepoda","Calanoida","Pontellidae","Labidocera","Labidocera trispinosa","Variable","Variable","Variable","Exoskeleton","Exoskeleton","Chitin + Calcium","Holoplanktonic","No","Copepods"
"221","Eukaryota","Arthropoda","Ostracoda","Halocyprida","Halocyprididae","Conchoecia","Conchoecia magna","Variable","No","Variable","None","Exoskeleton","Chitin + Calcium","Holoplanktonic","No","Ostracods (seed shrimp)"
"223","Eukaryota","Arthropoda","Malacostraca","Euphausiacea","Euphausiidae","Hansarsia",NA,"Variable","No","Variable","None","Exoskeleton","Chitin + Calcium","Holoplanktonic","No","Krill"
"224","Eukaryota","Arthropoda","Copepoda","Calanoida","Calanidae","Ctenocalanus","Ctenocalanus vanus","Variable","Variable","Variable","Exoskeleton","Exoskeleton","Chitin + Calcium","Holoplanktonic","No","Copepods"
"225","Eukaryota","Arthropoda","Copepoda","Calanoida","Clausocalanidae","Clausocalanus","Clausocalanus pergens","Variable","Variable","Variable","Exoskeleton","Exoskeleton","Chitin + Calcium","Holoplanktonic","No","Copepods"
"226","Eukaryota","Arthropoda","Copepoda","Calanoida","Pontellidae","Labidocera","Labidocera trispinosa","Variable","Variable","Variable","Exoskeleton","Exoskeleton","Chitin + Calcium","Holoplanktonic","No","Copepods"
"227","Eukaryota","Arthropoda","Copepoda","Calanoida","Calanidae","Calanus","Calanus pacificus","Variable","Variable","Variable","Exoskeleton","Exoskeleton","Chitin + Calcium","Holoplanktonic","No","Copepods"
"228","Eukaryota","Arthropoda","Copepoda","Calanoida","Calanidae","Calanus","Calanus pacificus","Variable","Variable","Variable","Exoskeleton","Exoskeleton","Chitin + Calcium","Holoplanktonic","No","Copepods"
"229","Eukaryota","Arthropoda","Copepoda","Calanoida","Pontellidae","Labidocera","Labidocera trispinosa","Variable","Variable","Variable","Exoskeleton","Exoskeleton","Chitin + Calcium","Holoplanktonic","No","Copepods"
"230","Eukaryota","Arthropoda","Copepoda","Calanoida","Clausocalanidae","Clausocalanus","Clausocalanus parapergens","Variable","Variable","Variable","Exoskeleton","Exoskeleton","Chitin + Calcium","Holoplanktonic","No","Copepods"
"231","Eukaryota","Arthropoda","Copepoda","Calanoida","Pontellidae","Labidocera","Labidocera trispinosa","Variable","Variable","Variable","Exoskeleton","Exoskeleton","Chitin + Calcium","Holoplanktonic","No","Copepods"
"234","Eukaryota","Arthropoda","Copepoda","Calanoida","Calocalanidae","Calocalanus","Calocalanus tenuis","Variable","Variable","Variable","Exoskeleton","Exoskeleton","Chitin + Calcium","Holoplanktonic","No","Copepods"
"235","Eukaryota","Arthropoda","Copepoda","Calanoida","Calocalanidae","Calocalanus","Calocalanus tenuis","Variable","Variable","Variable","Exoskeleton","Exoskeleton","Chitin + Calcium","Holoplanktonic","No","Copepods"
"236","Eukaryota","Arthropoda","Copepoda","Calanoida","Lucicutiidae","Lucicutia","Lucicutia flavicornis","Variable","Variable","Variable","Exoskeleton","Exoskeleton","Chitin + Calcium","Holoplanktonic","No","Copepods"
"237","Eukaryota","Chordata","Actinopteri","Argentiniformes","Bathylagidae","Leuroglossus","Leuroglossus stilbius","No","No","No","None","None","None","Meroplanktonic","No","Deep-sea smelts and related fish"
"238","Eukaryota","Arthropoda","Copepoda","Calanoida","Pontellidae","Labidocera","Labidocera trispinosa","Variable","Variable","Variable","Exoskeleton","Exoskeleton","Chitin + Calcium","Holoplanktonic","No","Copepods"
"239","Eukaryota","Arthropoda","Copepoda","Calanoida","Lucicutiidae","Lucicutia","Lucicutia flavicornis","Variable","Variable","Variable","Exoskeleton","Exoskeleton","Chitin + Calcium","Holoplanktonic","No","Copepods"
"241","Eukaryota","Arthropoda","Copepoda","Calanoida","Pontellidae","Labidocera","Labidocera trispinosa","Variable","Variable","Variable","Exoskeleton","Exoskeleton","Chitin + Calcium","Holoplanktonic","No","Copepods"
"242","Eukaryota","Echinodermata","Echinoidea","Camarodonta","Strongylocentrotidae","Mesocentrotus",NA,"Yes","Yes","Yes","Internal skeleton","Exoskeleton","Calcite","Meroplanktonic","No","Sea urchins"
"243","Eukaryota","Arthropoda","Copepoda","Calanoida","Pontellidae","Labidocera","Labidocera trispinosa","Variable","Variable","Variable","Exoskeleton","Exoskeleton","Chitin + Calcium","Holoplanktonic","No","Copepods"
"244","Eukaryota","Arthropoda","Copepoda","Calanoida","Calocalanidae","Calocalanus","Calocalanus tenuis","Variable","Variable","Variable","Exoskeleton","Exoskeleton","Chitin + Calcium","Holoplanktonic","No","Copepods"
"247","Eukaryota","Arthropoda","Copepoda","Calanoida","Pontellidae","Labidocera","Labidocera trispinosa","Variable","Variable","Variable","Exoskeleton","Exoskeleton","Chitin + Calcium","Holoplanktonic","No","Copepods"
"248","Eukaryota","Mollusca","Gastropoda","Nudibranchia","Glaucidae","Hermissenda","Hermissenda opalescens","Variable","Variable","No","External shell","None","Aragonite","Meroplanktonic","No","Shell-less sea slugs"
"250","Eukaryota","Arthropoda","Ostracoda","Halocyprida","Halocyprididae","Mikroconchoecia",NA,"Variable","No","Variable","None","Exoskeleton","Chitin + Calcium","Holoplanktonic","No","Ostracods (seed shrimp)"
"253","Eukaryota","Echinodermata","Echinoidea","Camarodonta","Strongylocentrotidae","Mesocentrotus",NA,"Yes","Yes","Yes","Internal skeleton","Exoskeleton","Calcite","Meroplanktonic","No","Sea urchins"
"254","Eukaryota","Arthropoda","Copepoda","Calanoida","Calanidae","Calanus","Calanus pacificus","Variable","Variable","Variable","Exoskeleton","Exoskeleton","Chitin + Calcium","Holoplanktonic","No","Copepods"
"255","Eukaryota","Arthropoda","Copepoda","Calanoida","Calanidae","Calanus","Calanus pacificus","Variable","Variable","Variable","Exoskeleton","Exoskeleton","Chitin + Calcium","Holoplanktonic","No","Copepods"
"256","Eukaryota","Arthropoda","Copepoda","Calanoida","Pontellidae","Labidocera","Labidocera trispinosa","Variable","Variable","Variable","Exoskeleton","Exoskeleton","Chitin + Calcium","Holoplanktonic","No","Copepods"
"258","Eukaryota","Arthropoda","Copepoda","Calanoida","Eucalanidae","Rhincalanus","Rhincalanus nasutus","Variable","Variable","Variable","Exoskeleton","Exoskeleton","Chitin + Calcium","Holoplanktonic","No","Copepods"
"259","Eukaryota","Arthropoda","Copepoda","Calanoida","Calanidae","Calanus","Calanus pacificus","Variable","Variable","Variable","Exoskeleton","Exoskeleton","Chitin + Calcium","Holoplanktonic","No","Copepods"
"260","Eukaryota","Echinodermata","Echinoidea","Temnopleuroida","Toxopneustidae","Lytechinus","Lytechinus pictus","Yes","Yes","Yes","Internal skeleton","Exoskeleton","Calcite","Meroplanktonic","No","Short-spined sea urchins"
"261","Eukaryota","Arthropoda","Copepoda","Calanoida","Calocalanidae","Calocalanus",NA,"Variable","Variable","Variable","Exoskeleton","Exoskeleton","Chitin + Calcium","Holoplanktonic","No","Copepods"
"263","Eukaryota","Arthropoda","Copepoda","Calanoida","Pontellidae","Labidocera","Labidocera trispinosa","Variable","Variable","Variable","Exoskeleton","Exoskeleton","Chitin + Calcium","Holoplanktonic","No","Copepods"
"264","Eukaryota","Arthropoda","Copepoda","Calanoida","Mecynoceridae","Mecynocera","Mecynocera clausi","Variable","Variable","Variable","Exoskeleton","Exoskeleton","Chitin + Calcium","Holoplanktonic","No","Copepods"
"266","Eukaryota","Mollusca","Gastropoda","Nudibranchia","Glaucidae","Hermissenda","Hermissenda opalescens","Variable","Variable","No","External shell","None","Aragonite","Meroplanktonic","No","Shell-less sea slugs"
"267","Eukaryota","Arthropoda","Malacostraca","Amphipoda","Paraphronimidae","Paraphronima",NA,"Variable","Yes","Yes","Exoskeleton","Exoskeleton","Chitin + Calcium","Benthic + Holoplanktonic","No","Amphipods"
"268","Eukaryota","Arthropoda","Ostracoda","Halocyprida","Halocyprididae","Paraconchoecia","Paraconchoecia allotherium","Variable","No","Variable","None","Exoskeleton","Chitin + Calcium","Holoplanktonic","No","Ostracods (seed shrimp)"
"269","Eukaryota","Arthropoda","Copepoda","Calanoida","Clausocalanidae","Clausocalanus","Clausocalanus arcuicornis","Variable","Variable","Variable","Exoskeleton","Exoskeleton","Chitin + Calcium","Holoplanktonic","No","Copepods"
"271","Eukaryota","Arthropoda","Copepoda","Calanoida","Pontellidae","Labidocera","Labidocera trispinosa","Variable","Variable","Variable","Exoskeleton","Exoskeleton","Chitin + Calcium","Holoplanktonic","No","Copepods"
"272","Eukaryota","Arthropoda","Copepoda","Calanoida","Pontellidae","Labidocera","Labidocera trispinosa","Variable","Variable","Variable","Exoskeleton","Exoskeleton","Chitin + Calcium","Holoplanktonic","No","Copepods"
"273","Eukaryota","Arthropoda","Copepoda","Calanoida","Pontellidae","Labidocera","Labidocera trispinosa","Variable","Variable","Variable","Exoskeleton","Exoskeleton","Chitin + Calcium","Holoplanktonic","No","Copepods"
"275","Eukaryota","Arthropoda","Copepoda","Calanoida","Pontellidae","Labidocera","Labidocera trispinosa","Variable","Variable","Variable","Exoskeleton","Exoskeleton","Chitin + Calcium","Holoplanktonic","No","Copepods"
"277","Eukaryota","Arthropoda","Copepoda","Calanoida","Calanidae",NA,NA,"Variable","Variable","Variable","Exoskeleton","Exoskeleton","Chitin + Calcium","Holoplanktonic","No","Copepods"
"278","Eukaryota","Arthropoda","Copepoda","Calanoida","Pontellidae","Labidocera","Labidocera trispinosa","Variable","Variable","Variable","Exoskeleton","Exoskeleton","Chitin + Calcium","Holoplanktonic","No","Copepods"
"280","Eukaryota","Arthropoda","Malacostraca","Decapoda","Cancridae","Metacarcinus","Metacarcinus gracilis","Variable","No","Variable","None","Exoskeleton","Calcite","Meroplanktonic","No","Crabs, lobsters, shrimp"
"281","Eukaryota","Cnidaria","Hydrozoa","Leptothecata","Clytiidae","Clytia","Clytia sp. 701AC","No","No","No","None","None","None","Benthic + Holoplanktonic","No","Hydroids"
"282","Eukaryota","Arthropoda","Copepoda","Calanoida","Eucalanidae","Eucalanus","Eucalanus californicus","Variable","Variable","Variable","Exoskeleton","Exoskeleton","Chitin + Calcium","Holoplanktonic","No","Copepods"
"284","Eukaryota","Echinodermata","Echinoidea","Camarodonta","Strongylocentrotidae","Strongylocentrotus","Strongylocentrotus purpuratus","Yes","Yes","Yes","Internal skeleton","Exoskeleton","Calcite","Meroplanktonic","No","Sea urchins"
"285","Eukaryota","Arthropoda","Copepoda","Calanoida","Pontellidae","Labidocera","Labidocera trispinosa","Variable","Variable","Variable","Exoskeleton","Exoskeleton","Chitin + Calcium","Holoplanktonic","No","Copepods"
"289","Eukaryota","Arthropoda","Copepoda","Calanoida","Calanidae","Calanus","Calanus pacificus","Variable","Variable","Variable","Exoskeleton","Exoskeleton","Chitin + Calcium","Holoplanktonic","No","Copepods"
"291","Eukaryota","Chordata","Actinopteri","Scombriformes","Scombridae","Scomber","Scomber japonicus","No","No","No","None","None","None","Meroplanktonic","No","Mackerels and tunas"
"292","Eukaryota","Arthropoda","Copepoda","Calanoida","Calanidae","Calanus","Calanus pacificus","Variable","Variable","Variable","Exoskeleton","Exoskeleton","Chitin + Calcium","Holoplanktonic","No","Copepods"
"293","Eukaryota","Mollusca","Gastropoda","Nudibranchia","Glaucidae","Hermissenda","Hermissenda opalescens","Variable","Variable","No","External shell","None","Aragonite","Meroplanktonic","No","Shell-less sea slugs"
"294","Eukaryota","Arthropoda","Copepoda","Calanoida","Pontellidae","Labidocera","Labidocera trispinosa","Variable","Variable","Variable","Exoskeleton","Exoskeleton","Chitin + Calcium","Holoplanktonic","No","Copepods"
"296","Eukaryota","Arthropoda","Copepoda","Calanoida","Pontellidae","Labidocera","Labidocera trispinosa","Variable","Variable","Variable","Exoskeleton","Exoskeleton","Chitin + Calcium","Holoplanktonic","No","Copepods"
"298","Eukaryota","Mollusca","Gastropoda","Nudibranchia","Glaucidae","Hermissenda","Hermissenda opalescens","Variable","Variable","No","External shell","None","Aragonite","Meroplanktonic","No","Shell-less sea slugs"
"299","Eukaryota","Arthropoda","Copepoda","Calanoida","Pontellidae","Labidocera","Labidocera trispinosa","Variable","Variable","Variable","Exoskeleton","Exoskeleton","Chitin + Calcium","Holoplanktonic","No","Copepods"
"301","Eukaryota","Arthropoda","Copepoda","Calanoida","Calanidae","Calanus","Calanus pacificus","Variable","Variable","Variable","Exoskeleton","Exoskeleton","Chitin + Calcium","Holoplanktonic","No","Copepods"
"302","Eukaryota","Arthropoda","Copepoda","Calanoida","Calanidae","Calanus","Calanus pacificus","Variable","Variable","Variable","Exoskeleton","Exoskeleton","Chitin + Calcium","Holoplanktonic","No","Copepods"
"303","Eukaryota","Chordata","Actinopteri","Gobiiformes","Gobiidae","Rhinogobiops","Rhinogobiops nicholsii","No","No","No","None","None","None","Meroplanktonic","No","Gobies and dartfish"
"306","Eukaryota","Arthropoda","Malacostraca","Decapoda","Cancridae","Romaleon","Romaleon antennarium","Variable","No","Variable","None","Exoskeleton","Calcite","Meroplanktonic","No","Crabs, lobsters, shrimp"
"307","Eukaryota","Arthropoda","Copepoda","Calanoida","Pontellidae","Labidocera","Labidocera trispinosa","Variable","Variable","Variable","Exoskeleton","Exoskeleton","Chitin + Calcium","Holoplanktonic","No","Copepods"
"309","Eukaryota","Arthropoda","Copepoda","Calanoida","Pontellidae","Labidocera","Labidocera trispinosa","Variable","Variable","Variable","Exoskeleton","Exoskeleton","Chitin + Calcium","Holoplanktonic","No","Copepods"
"310","Eukaryota","Arthropoda","Copepoda","Calanoida","Pontellidae","Labidocera","Labidocera trispinosa","Variable","Variable","Variable","Exoskeleton","Exoskeleton","Chitin + Calcium","Holoplanktonic","No","Copepods"
"311","Eukaryota","Arthropoda","Copepoda","Calanoida","Metridinidae","Pleuromamma","Pleuromamma abdominalis","Variable","Variable","Variable","Exoskeleton","Exoskeleton","Chitin + Calcium","Holoplanktonic","No","Copepods"
"312","Eukaryota","Mollusca","Gastropoda","Nudibranchia","Glaucidae","Hermissenda","Hermissenda opalescens","Variable","Variable","No","External shell","None","Aragonite","Meroplanktonic","No","Shell-less sea slugs"
"313","Eukaryota","Arthropoda","Copepoda","Calanoida","Acartiidae","Acartia","Acartia tonsa","Variable","Variable","Variable","Exoskeleton","Exoskeleton","Chitin + Calcium","Holoplanktonic","No","Copepods"
"314","Eukaryota","Mollusca","Gastropoda","Nudibranchia","Glaucidae","Hermissenda","Hermissenda opalescens","Variable","Variable","No","External shell","None","Aragonite","Meroplanktonic","No","Shell-less sea slugs"
"315","Eukaryota","Mollusca","Gastropoda","Nudibranchia","Glaucidae","Hermissenda","Hermissenda opalescens","Variable","Variable","No","External shell","None","Aragonite","Meroplanktonic","No","Shell-less sea slugs"
"317","Eukaryota","Arthropoda","Malacostraca","Euphausiacea","Euphausiidae","Hansarsia","Hansarsia difficilis","Variable","No","Variable","None","Exoskeleton","Chitin + Calcium","Holoplanktonic","No","Krill"
"318","Eukaryota","Arthropoda","Copepoda","Calanoida","Pontellidae","Labidocera","Labidocera trispinosa","Variable","Variable","Variable","Exoskeleton","Exoskeleton","Chitin + Calcium","Holoplanktonic","No","Copepods"
"319","Eukaryota","Annelida","Polychaeta","Spionida","Spionidae",NA,NA,"No","No","No","None","None","None","Benthic + Meroplanktonic","No","Marine worms (sediment burrowers)"
"322","Eukaryota","Chordata","Actinopteri","Argentiniformes","Bathylagidae","Leuroglossus","Leuroglossus stilbius","No","No","No","None","None","None","Meroplanktonic","No","Deep-sea smelts and related fish"
"323","Eukaryota","Arthropoda","Copepoda","Calanoida","Pontellidae","Labidocera","Labidocera trispinosa","Variable","Variable","Variable","Exoskeleton","Exoskeleton","Chitin + Calcium","Holoplanktonic","No","Copepods"
"324","Eukaryota","Arthropoda","Copepoda","Calanoida","Calocalanidae","Calocalanus","Calocalanus tenuis","Variable","Variable","Variable","Exoskeleton","Exoskeleton","Chitin + Calcium","Holoplanktonic","No","Copepods"
"325","Eukaryota","Arthropoda","Copepoda","Calanoida","Paracalanidae","Paracalanus","Paracalanus sp. C AC_2013","Variable","Variable","Variable","Exoskeleton","Exoskeleton","Chitin + Calcium","Holoplanktonic","No","Copepods"
"326","Eukaryota","Arthropoda","Copepoda","Calanoida","Clausocalanidae","Clausocalanus","Clausocalanus jobei","Variable","Variable","Variable","Exoskeleton","Exoskeleton","Chitin + Calcium","Holoplanktonic","No","Copepods"
"327","Eukaryota","Arthropoda","Copepoda","Calanoida","Eucalanidae","Eucalanus","Eucalanus californicus","Variable","Variable","Variable","Exoskeleton","Exoskeleton","Chitin + Calcium","Holoplanktonic","No","Copepods"
"328","Eukaryota","Arthropoda","Thecostraca","Lepadidae","Lepadidae",NA,NA,"Yes","Variable","Yes","External shell","External shell","Chitin + Calcium","Meroplanktonic","No","Goose barnacles"
"329","Eukaryota","Arthropoda","Ostracoda","Halocyprida","Halocyprididae","Conchoecia","Conchoecia magna","Variable","No","Variable","None","Exoskeleton","Chitin + Calcium","Holoplanktonic","No","Ostracods (seed shrimp)"
"331","Eukaryota","Arthropoda","Copepoda","Calanoida","Pontellidae","Labidocera","Labidocera trispinosa","Variable","Variable","Variable","Exoskeleton","Exoskeleton","Chitin + Calcium","Holoplanktonic","No","Copepods"
"333","Eukaryota","Arthropoda","Copepoda","Calanoida","Acartiidae","Acartia","Acartia tonsa","Variable","Variable","Variable","Exoskeleton","Exoskeleton","Chitin + Calcium","Holoplanktonic","No","Copepods"
"334","Eukaryota","Arthropoda","Copepoda","Calanoida","Pontellidae","Labidocera","Labidocera trispinosa","Variable","Variable","Variable","Exoskeleton","Exoskeleton","Chitin + Calcium","Holoplanktonic","No","Copepods"
"335","Eukaryota","Cnidaria","Hydrozoa","Siphonophorae","Diphyidae","Diphyes","Diphyes sp. HAW01","No","No","No","None","None","None","Holoplanktonic","No","Colonial hydrozoans (e.g., Portuguese man o' war)"
"336","Eukaryota","Chordata","Actinopteri","Perciformes","Serranidae","Paralabrax","Paralabrax clathratus","No","No","No","None","None","None","Meroplanktonic","No","Perch-like fishes (most diverse fish group)"
"337","Eukaryota","Bryozoa","Gymnolaemata","Cheilostomatida","Membraniporidae","Membranipora","Membranipora villosa","Yes","Yes","Yes","External shell","External shell","Calcite","Meroplanktonic","No","Encrusting bryozoans"
"338","Eukaryota","Arthropoda","Copepoda","Calanoida","Pontellidae","Labidocera","Labidocera trispinosa","Variable","Variable","Variable","Exoskeleton","Exoskeleton","Chitin + Calcium","Holoplanktonic","No","Copepods"
"340","Eukaryota","Mollusca","Gastropoda","Nudibranchia","Glaucidae","Hermissenda","Hermissenda opalescens","Variable","Variable","No","External shell","None","Aragonite","Meroplanktonic","No","Shell-less sea slugs"
"341","Eukaryota","Arthropoda","Ostracoda","Halocyprida","Halocyprididae","Discoconchoecia",NA,"Variable","No","Variable","None","Exoskeleton","Chitin + Calcium","Holoplanktonic","No","Ostracods (seed shrimp)"
"342","Eukaryota","Arthropoda","Thecostraca","Lepadidae","Lepadidae",NA,NA,"Yes","Variable","Yes","External shell","External shell","Chitin + Calcium","Meroplanktonic","No","Goose barnacles"
"344","Eukaryota","Arthropoda","Ostracoda","Halocyprida","Halocyprididae","Halocypris","Halocypris inflata","Variable","No","Variable","None","Exoskeleton","Chitin + Calcium","Holoplanktonic","No","Ostracods (seed shrimp)"
"347","Eukaryota","Mollusca","Gastropoda","Nudibranchia","Glaucidae","Hermissenda","Hermissenda opalescens","Variable","Variable","No","External shell","None","Aragonite","Meroplanktonic","No","Shell-less sea slugs"
"348","Eukaryota","Arthropoda","Malacostraca","Euphausiacea","Euphausiidae","Nyctiphanes","Nyctiphanes simplex","Variable","No","Variable","None","Exoskeleton","Chitin + Calcium","Holoplanktonic","No","Krill"
"350","Eukaryota","Arthropoda","Copepoda","Calanoida","Calocalanidae","Calocalanus",NA,"Variable","Variable","Variable","Exoskeleton","Exoskeleton","Chitin + Calcium","Holoplanktonic","No","Copepods"
"351","Eukaryota","Mollusca","Gastropoda","Nudibranchia","Glaucidae","Hermissenda","Hermissenda opalescens","Variable","Variable","No","External shell","None","Aragonite","Meroplanktonic","No","Shell-less sea slugs"
"352","Eukaryota","Arthropoda","Copepoda","Calanoida","Calanidae","Calanus","Calanus pacificus","Variable","Variable","Variable","Exoskeleton","Exoskeleton","Chitin + Calcium","Holoplanktonic","No","Copepods"
"353","Eukaryota","Arthropoda","Copepoda","Calanoida","Pontellidae","Labidocera","Labidocera trispinosa","Variable","Variable","Variable","Exoskeleton","Exoskeleton","Chitin + Calcium","Holoplanktonic","No","Copepods"
"354","Eukaryota","Echinodermata","Echinoidea","Temnopleuroida","Toxopneustidae","Lytechinus","Lytechinus pictus","Yes","Yes","Yes","Internal skeleton","Exoskeleton","Calcite","Meroplanktonic","No","Short-spined sea urchins"
"355","Eukaryota","Arthropoda","Ostracoda","Halocyprida","Halocyprididae","Conchoecetta","Conchoecetta giesbrechti","Variable","No","Variable","None","Exoskeleton","Chitin + Calcium","Holoplanktonic","No","Ostracods (seed shrimp)"
"356","Eukaryota","Chordata","Actinopteri","Argentiniformes","Bathylagidae","Leuroglossus","Leuroglossus stilbius","No","No","No","None","None","None","Meroplanktonic","No","Deep-sea smelts and related fish"
"357","Eukaryota","Arthropoda","Copepoda","Calanoida","Pontellidae","Labidocera","Labidocera trispinosa","Variable","Variable","Variable","Exoskeleton","Exoskeleton","Chitin + Calcium","Holoplanktonic","No","Copepods"
"358","Eukaryota","Echinodermata","Echinoidea","Camarodonta","Strongylocentrotidae","Strongylocentrotus","Strongylocentrotus purpuratus","Yes","Yes","Yes","Internal skeleton","Exoskeleton","Calcite","Meroplanktonic","No","Sea urchins"
"359","Eukaryota","Arthropoda","Copepoda","Calanoida","Clausocalanidae","Clausocalanus","Clausocalanus pergens","Variable","Variable","Variable","Exoskeleton","Exoskeleton","Chitin + Calcium","Holoplanktonic","No","Copepods"
"360","Eukaryota","Arthropoda","Copepoda","Calanoida","Lucicutiidae","Lucicutia","Lucicutia flavicornis","Variable","Variable","Variable","Exoskeleton","Exoskeleton","Chitin + Calcium","Holoplanktonic","No","Copepods"
"361","Eukaryota","Arthropoda","Copepoda","Cyclopoida","Oithonidae","Oithona","Oithona similis","Variable","Variable","Variable","Exoskeleton","Exoskeleton","Chitin + Calcium","Holoplanktonic","No","Cyclopoid copepods"
"362","Eukaryota","Arthropoda","Copepoda","Calanoida","Clausocalanidae","Clausocalanus","Clausocalanus jobei","Variable","Variable","Variable","Exoskeleton","Exoskeleton","Chitin + Calcium","Holoplanktonic","No","Copepods"
"363","Eukaryota","Arthropoda","Copepoda","Calanoida","Eucalanidae","Eucalanus","Eucalanus californicus","Variable","Variable","Variable","Exoskeleton","Exoskeleton","Chitin + Calcium","Holoplanktonic","No","Copepods"
"364","Eukaryota","Arthropoda","Copepoda","Calanoida","Eucalanidae","Eucalanus","Eucalanus californicus","Variable","Variable","Variable","Exoskeleton","Exoskeleton","Chitin + Calcium","Holoplanktonic","No","Copepods"
"365","Eukaryota","Arthropoda","Copepoda","Calanoida","Pontellidae","Labidocera","Labidocera trispinosa","Variable","Variable","Variable","Exoskeleton","Exoskeleton","Chitin + Calcium","Holoplanktonic","No","Copepods"
"367","Eukaryota","Arthropoda","Malacostraca","Euphausiacea","Euphausiidae","Nyctiphanes","Nyctiphanes simplex","Variable","No","Variable","None","Exoskeleton","Chitin + Calcium","Holoplanktonic","No","Krill"
"368","Eukaryota","Echinodermata","Ophiuroidea","Amphilepidida","Ophiotrichidae","Ophiothrix","Ophiothrix spiculata","Yes","Yes","Yes","Internal skeleton","Internal skeleton","Calcite","Meroplanktonic","No","Brittle stars"
"369","Eukaryota","Arthropoda","Copepoda","Calanoida","Calanidae","Calanus","Calanus pacificus","Variable","Variable","Variable","Exoskeleton","Exoskeleton","Chitin + Calcium","Holoplanktonic","No","Copepods"
"370","Eukaryota","Arthropoda","Copepoda","Calanoida","Lucicutiidae","Lucicutia","Lucicutia flavicornis","Variable","Variable","Variable","Exoskeleton","Exoskeleton","Chitin + Calcium","Holoplanktonic","No","Copepods"
"371","Eukaryota","Arthropoda","Copepoda","Calanoida","Pontellidae","Labidocera","Labidocera trispinosa","Variable","Variable","Variable","Exoskeleton","Exoskeleton","Chitin + Calcium","Holoplanktonic","No","Copepods"
"372","Eukaryota","Bryozoa","Gymnolaemata","Cheilostomatida","Membraniporidae","Membranipora","Membranipora villosa","Yes","Yes","Yes","External shell","External shell","Calcite","Meroplanktonic","No","Encrusting bryozoans"
"373","Eukaryota","Arthropoda","Copepoda","Calanoida","Eucalanidae","Eucalanus","Eucalanus californicus","Variable","Variable","Variable","Exoskeleton","Exoskeleton","Chitin + Calcium","Holoplanktonic","No","Copepods"
"374","Eukaryota","Arthropoda","Copepoda","Calanoida","Mecynoceridae","Mecynocera","Mecynocera clausi","Variable","Variable","Variable","Exoskeleton","Exoskeleton","Chitin + Calcium","Holoplanktonic","No","Copepods"
"377","Eukaryota","Arthropoda","Copepoda","Calanoida","Eucalanidae","Eucalanus","Eucalanus californicus","Variable","Variable","Variable","Exoskeleton","Exoskeleton","Chitin + Calcium","Holoplanktonic","No","Copepods"
"378","Eukaryota","Mollusca","Gastropoda","Nudibranchia","Glaucidae","Hermissenda","Hermissenda opalescens","Variable","Variable","No","External shell","None","Aragonite","Meroplanktonic","No","Shell-less sea slugs"
"381","Eukaryota","Arthropoda","Copepoda","Calanoida","Pontellidae","Labidocera","Labidocera trispinosa","Variable","Variable","Variable","Exoskeleton","Exoskeleton","Chitin + Calcium","Holoplanktonic","No","Copepods"
"382","Eukaryota","Echinodermata","Ophiuroidea","Amphilepidida","Amphiuridae","Amphiodia",NA,"Yes","Yes","Yes","Internal skeleton","Internal skeleton","Calcite","Meroplanktonic","No","Brittle stars"
"383","Eukaryota","Arthropoda","Copepoda","Calanoida","Eucalanidae","Eucalanus","Eucalanus californicus","Variable","Variable","Variable","Exoskeleton","Exoskeleton","Chitin + Calcium","Holoplanktonic","No","Copepods"
"384","Eukaryota","Arthropoda","Copepoda","Calanoida","Eucalanidae","Eucalanus","Eucalanus californicus","Variable","Variable","Variable","Exoskeleton","Exoskeleton","Chitin + Calcium","Holoplanktonic","No","Copepods"
"385","Eukaryota","Arthropoda","Malacostraca","Decapoda","Blepharipodidae",NA,NA,"Variable","No","Variable","None","Exoskeleton","Calcite","Meroplanktonic","No","Crabs, lobsters, shrimp"
"386","Eukaryota","Chordata","Actinopteri","Gadiformes","Merlucciidae","Merluccius",NA,"No","No","No","None","None","None","Meroplanktonic","No","Cods and grenadiers"
"387","Eukaryota","Arthropoda","Copepoda","Calanoida","Pontellidae","Labidocera","Labidocera trispinosa","Variable","Variable","Variable","Exoskeleton","Exoskeleton","Chitin + Calcium","Holoplanktonic","No","Copepods"
"388","Eukaryota","Bryozoa","Gymnolaemata","Cheilostomatida","Membraniporidae","Membranipora","Membranipora villosa","Yes","Yes","Yes","External shell","External shell","Calcite","Meroplanktonic","No","Encrusting bryozoans"
"391","Eukaryota","Cnidaria","Hydrozoa","Leptothecata","Campanulariidae",NA,NA,"No","No","No","None","None","None","Benthic + Holoplanktonic","No","Hydroids"
"392","Eukaryota","Arthropoda","Copepoda","Calanoida","Pontellidae","Labidocera","Labidocera trispinosa","Variable","Variable","Variable","Exoskeleton","Exoskeleton","Chitin + Calcium","Holoplanktonic","No","Copepods"
"393","Eukaryota","Arthropoda","Copepoda","Calanoida","Pontellidae","Labidocera","Labidocera trispinosa","Variable","Variable","Variable","Exoskeleton","Exoskeleton","Chitin + Calcium","Holoplanktonic","No","Copepods"
"394","Eukaryota","Chordata","Actinopteri","Clupeiformes","Clupeidae","Sardinops","Sardinops sagax","No","No","No","None","None","None","Meroplanktonic","No","Anchovies and herrings"
"395","Eukaryota","Arthropoda","Malacostraca","Euphausiacea","Euphausiidae","Nyctiphanes","Nyctiphanes simplex","Variable","No","Variable","None","Exoskeleton","Chitin + Calcium","Holoplanktonic","No","Krill"
"396","Eukaryota","Cnidaria","Hydrozoa","Siphonophorae","Diphyidae","Chelophyes","Chelophyes appendiculata","No","No","No","None","None","None","Holoplanktonic","No","Colonial hydrozoans (e.g., Portuguese man o' war)"
"397","Eukaryota","Arthropoda","Copepoda","Calanoida","Pontellidae","Labidocera","Labidocera trispinosa","Variable","Variable","Variable","Exoskeleton","Exoskeleton","Chitin + Calcium","Holoplanktonic","No","Copepods"
"398","Eukaryota","Arthropoda","Copepoda","Calanoida","Pontellidae","Labidocera","Labidocera trispinosa","Variable","Variable","Variable","Exoskeleton","Exoskeleton","Chitin + Calcium","Holoplanktonic","No","Copepods"
"399","Eukaryota","Arthropoda","Copepoda","Calanoida","Pontellidae","Labidocera","Labidocera trispinosa","Variable","Variable","Variable","Exoskeleton","Exoskeleton","Chitin + Calcium","Holoplanktonic","No","Copepods"
"400","Eukaryota","Arthropoda","Malacostraca","Euphausiacea","Euphausiidae","Nyctiphanes","Nyctiphanes simplex","Variable","No","Variable","None","Exoskeleton","Chitin + Calcium","Holoplanktonic","No","Krill"
"401","Eukaryota","Arthropoda","Copepoda","Calanoida","Eucalanidae","Eucalanus","Eucalanus californicus","Variable","Variable","Variable","Exoskeleton","Exoskeleton","Chitin + Calcium","Holoplanktonic","No","Copepods"
"402","Eukaryota","Arthropoda","Copepoda","Calanoida","Pontellidae","Labidocera","Labidocera trispinosa","Variable","Variable","Variable","Exoskeleton","Exoskeleton","Chitin + Calcium","Holoplanktonic","No","Copepods"
"404","Eukaryota","Arthropoda","Copepoda","Calanoida","Calanidae","Calanus","Calanus pacificus","Variable","Variable","Variable","Exoskeleton","Exoskeleton","Chitin + Calcium","Holoplanktonic","No","Copepods"
"405","Eukaryota","Arthropoda","Copepoda","Calanoida","Pontellidae","Labidocera","Labidocera trispinosa","Variable","Variable","Variable","Exoskeleton","Exoskeleton","Chitin + Calcium","Holoplanktonic","No","Copepods"
"406","Eukaryota","Arthropoda","Thecostraca","Balanomorpha","Chthamalidae","Chthamalus","Chthamalus fissus","Yes","Yes","Yes","External shell","External shell","Calcite","Meroplanktonic","No","Barnacles"
"407","Eukaryota","Arthropoda","Malacostraca","Euphausiacea","Euphausiidae","Euphausia","Euphausia pacifica","Variable","No","Variable","None","Exoskeleton","Chitin + Calcium","Holoplanktonic","No","Krill"
"408","Eukaryota","Arthropoda","Copepoda","Calanoida","Pontellidae","Labidocera","Labidocera trispinosa","Variable","Variable","Variable","Exoskeleton","Exoskeleton","Chitin + Calcium","Holoplanktonic","No","Copepods"
"409","Eukaryota","Arthropoda","Malacostraca","Euphausiacea","Euphausiidae","Hansarsia","Hansarsia difficilis","Variable","No","Variable","None","Exoskeleton","Chitin + Calcium","Holoplanktonic","No","Krill"
"410","Eukaryota","Arthropoda","Ostracoda","Halocyprida","Halocyprididae","Conchoecetta","Conchoecetta giesbrechti","Variable","No","Variable","None","Exoskeleton","Chitin + Calcium","Holoplanktonic","No","Ostracods (seed shrimp)"
"411","Eukaryota","Arthropoda","Copepoda","Calanoida","Calanidae","Calanus","Calanus pacificus","Variable","Variable","Variable","Exoskeleton","Exoskeleton","Chitin + Calcium","Holoplanktonic","No","Copepods"
"412","Eukaryota","Arthropoda","Copepoda","Calanoida","Pontellidae","Labidocera","Labidocera trispinosa","Variable","Variable","Variable","Exoskeleton","Exoskeleton","Chitin + Calcium","Holoplanktonic","No","Copepods"
"413","Eukaryota","Arthropoda","Copepoda","Calanoida","Scolecitrichidae","Scolecithricella","Scolecithricella dentata","Variable","Variable","Variable","Exoskeleton","Exoskeleton","Chitin + Calcium","Holoplanktonic","No","Copepods"
"415","Eukaryota","Arthropoda","Copepoda","Calanoida","Mecynoceridae","Mecynocera","Mecynocera clausi","Variable","Variable","Variable","Exoskeleton","Exoskeleton","Chitin + Calcium","Holoplanktonic","No","Copepods"
"416","Eukaryota","Arthropoda","Copepoda","Calanoida","Mecynoceridae","Mecynocera","Mecynocera clausi","Variable","Variable","Variable","Exoskeleton","Exoskeleton","Chitin + Calcium","Holoplanktonic","No","Copepods"
"417","Eukaryota","Echinodermata","Echinoidea","Camarodonta","Strongylocentrotidae","Strongylocentrotus","Strongylocentrotus purpuratus","Yes","Yes","Yes","Internal skeleton","Exoskeleton","Calcite","Meroplanktonic","No","Sea urchins"
"418","Eukaryota","Arthropoda","Copepoda","Calanoida","Lucicutiidae","Lucicutia","Lucicutia flavicornis","Variable","Variable","Variable","Exoskeleton","Exoskeleton","Chitin + Calcium","Holoplanktonic","No","Copepods"
"420","Eukaryota","Arthropoda","Copepoda","Calanoida","Calanidae","Calanus","Calanus pacificus","Variable","Variable","Variable","Exoskeleton","Exoskeleton","Chitin + Calcium","Holoplanktonic","No","Copepods"
"421","Eukaryota","Arthropoda","Copepoda","Calanoida","Mecynoceridae","Mecynocera","Mecynocera clausi","Variable","Variable","Variable","Exoskeleton","Exoskeleton","Chitin + Calcium","Holoplanktonic","No","Copepods"
"423","Eukaryota","Echinodermata","Echinoidea","Camarodonta","Strongylocentrotidae","Strongylocentrotus","Strongylocentrotus purpuratus","Yes","Yes","Yes","Internal skeleton","Exoskeleton","Calcite","Meroplanktonic","No","Sea urchins"
"424","Eukaryota","Annelida","Polychaeta","Phyllodocida","Phyllodocidae",NA,NA,"No","No","No","None","None","None","Benthic + Meroplanktonic","No","Active marine polychaetes"
"425","Eukaryota","Arthropoda","Copepoda","Calanoida","Lucicutiidae","Lucicutia","Lucicutia flavicornis","Variable","Variable","Variable","Exoskeleton","Exoskeleton","Chitin + Calcium","Holoplanktonic","No","Copepods"
"427","Eukaryota","Arthropoda","Copepoda","Calanoida","Eucalanidae","Eucalanus","Eucalanus californicus","Variable","Variable","Variable","Exoskeleton","Exoskeleton","Chitin + Calcium","Holoplanktonic","No","Copepods"
"428","Eukaryota","Mollusca","Gastropoda","Nudibranchia","Glaucidae","Hermissenda",NA,"Variable","Variable","No","External shell","None","Aragonite","Meroplanktonic","No","Shell-less sea slugs"
"429","Eukaryota","Arthropoda","Copepoda","Calanoida","Candaciidae","Candacia","Candacia bipinnata","Variable","Variable","Variable","Exoskeleton","Exoskeleton","Chitin + Calcium","Holoplanktonic","No","Copepods"
"430","Eukaryota","Arthropoda","Malacostraca","Euphausiacea","Euphausiidae","Stylocheiron",NA,"Variable","No","Variable","None","Exoskeleton","Chitin + Calcium","Holoplanktonic","No","Krill"
"431","Eukaryota","Arthropoda","Copepoda","Calanoida","Pontellidae","Labidocera","Labidocera trispinosa","Variable","Variable","Variable","Exoskeleton","Exoskeleton","Chitin + Calcium","Holoplanktonic","No","Copepods"
"432","Eukaryota","Mollusca","Gastropoda","Nudibranchia","Glaucidae","Hermissenda",NA,"Variable","Variable","No","External shell","None","Aragonite","Meroplanktonic","No","Shell-less sea slugs"
"433","Eukaryota","Echinodermata","Echinoidea","Camarodonta","Strongylocentrotidae","Allocentrotus","Allocentrotus fragilis","Yes","Yes","Yes","Internal skeleton","Exoskeleton","Calcite","Meroplanktonic","No","Sea urchins"
"434","Eukaryota","Arthropoda","Copepoda","Calanoida","Pontellidae","Labidocera","Labidocera trispinosa","Variable","Variable","Variable","Exoskeleton","Exoskeleton","Chitin + Calcium","Holoplanktonic","No","Copepods"
"435","Eukaryota","Arthropoda","Malacostraca","Decapoda","Xanthidae",NA,NA,"Variable","No","Variable","None","Exoskeleton","Calcite","Meroplanktonic","No","Crabs, lobsters, shrimp"
"438","Eukaryota","Arthropoda","Copepoda","Calanoida","Pontellidae","Labidocera","Labidocera trispinosa","Variable","Variable","Variable","Exoskeleton","Exoskeleton","Chitin + Calcium","Holoplanktonic","No","Copepods"
"439","Eukaryota","Arthropoda","Ostracoda","Halocyprida","Halocyprididae","Halocypris","Halocypris inflata","Variable","No","Variable","None","Exoskeleton","Chitin + Calcium","Holoplanktonic","No","Ostracods (seed shrimp)"
"440","Eukaryota","Arthropoda","Copepoda","Calanoida","Pontellidae","Labidocera","Labidocera trispinosa","Variable","Variable","Variable","Exoskeleton","Exoskeleton","Chitin + Calcium","Holoplanktonic","No","Copepods"
"441","Eukaryota","Arthropoda","Malacostraca","Euphausiacea","Euphausiidae","Euphausia","Euphausia eximia","Variable","No","Variable","None","Exoskeleton","Chitin + Calcium","Holoplanktonic","No","Krill"
"442","Eukaryota","Arthropoda","Copepoda","Calanoida","Pontellidae","Labidocera","Labidocera trispinosa","Variable","Variable","Variable","Exoskeleton","Exoskeleton","Chitin + Calcium","Holoplanktonic","No","Copepods"
"444","Eukaryota","Arthropoda","Copepoda","Calanoida","Pontellidae","Labidocera","Labidocera trispinosa","Variable","Variable","Variable","Exoskeleton","Exoskeleton","Chitin + Calcium","Holoplanktonic","No","Copepods"
"445","Eukaryota","Mollusca","Gastropoda","Nudibranchia","Glaucidae","Hermissenda",NA,"Variable","Variable","No","External shell","None","Aragonite","Meroplanktonic","No","Shell-less sea slugs"
"446","Eukaryota","Arthropoda","Copepoda","Calanoida","Pontellidae","Labidocera","Labidocera trispinosa","Variable","Variable","Variable","Exoskeleton","Exoskeleton","Chitin + Calcium","Holoplanktonic","No","Copepods"
"447","Eukaryota","Arthropoda","Ostracoda","Halocyprida","Halocyprididae","Conchoecetta","Conchoecetta giesbrechti","Variable","No","Variable","None","Exoskeleton","Chitin + Calcium","Holoplanktonic","No","Ostracods (seed shrimp)"
"449","Eukaryota","Echinodermata","Echinoidea","Clypeasteroida","Dendrasteridae","Dendraster","Dendraster excentricus","Yes","Yes","Yes","Exoskeleton","Exoskeleton","Calcite","Meroplanktonic","No","Sand dollars"
"450","Eukaryota","Arthropoda","Copepoda","Calanoida","Clausocalanidae","Clausocalanus","Clausocalanus pergens","Variable","Variable","Variable","Exoskeleton","Exoskeleton","Chitin + Calcium","Holoplanktonic","No","Copepods"
"451","Eukaryota","Mollusca","Gastropoda","Nudibranchia","Glaucidae","Hermissenda","Hermissenda opalescens","Variable","Variable","No","External shell","None","Aragonite","Meroplanktonic","No","Shell-less sea slugs"
"454","Eukaryota","Arthropoda","Copepoda","Calanoida","Pontellidae","Labidocera","Labidocera trispinosa","Variable","Variable","Variable","Exoskeleton","Exoskeleton","Chitin + Calcium","Holoplanktonic","No","Copepods"
"455","Eukaryota","Arthropoda","Copepoda","Calanoida","Pontellidae","Labidocera","Labidocera trispinosa","Variable","Variable","Variable","Exoskeleton","Exoskeleton","Chitin + Calcium","Holoplanktonic","No","Copepods"
"457","Eukaryota","Arthropoda","Copepoda","Calanoida","Pontellidae","Labidocera","Labidocera trispinosa","Variable","Variable","Variable","Exoskeleton","Exoskeleton","Chitin + Calcium","Holoplanktonic","No","Copepods"
"458","Eukaryota","Arthropoda","Copepoda","Calanoida","Calanidae","Calanus","Calanus pacificus","Variable","Variable","Variable","Exoskeleton","Exoskeleton","Chitin + Calcium","Holoplanktonic","No","Copepods"
"459","Eukaryota","Mollusca","Gastropoda","Nudibranchia","Glaucidae","Hermissenda","Hermissenda opalescens","Variable","Variable","No","External shell","None","Aragonite","Meroplanktonic","No","Shell-less sea slugs"
"460","Eukaryota","Arthropoda","Copepoda","Calanoida","Pontellidae","Labidocera","Labidocera trispinosa","Variable","Variable","Variable","Exoskeleton","Exoskeleton","Chitin + Calcium","Holoplanktonic","No","Copepods"
"461","Eukaryota","Arthropoda","Copepoda","Calanoida","Pontellidae","Labidocera","Labidocera trispinosa","Variable","Variable","Variable","Exoskeleton","Exoskeleton","Chitin + Calcium","Holoplanktonic","No","Copepods"
"462","Eukaryota","Arthropoda","Copepoda","Calanoida","Aetideidae",NA,NA,"Variable","Variable","Variable","Exoskeleton","Exoskeleton","Chitin + Calcium","Holoplanktonic","No","Copepods"
"464","Eukaryota","Arthropoda","Copepoda","Calanoida","Pontellidae","Labidocera","Labidocera trispinosa","Variable","Variable","Variable","Exoskeleton","Exoskeleton","Chitin + Calcium","Holoplanktonic","No","Copepods"
"465","Eukaryota","Chordata","Actinopteri","Lutjaniformes","Haemulidae","Brachygenys","Brachygenys californiensis","No","No","No","None","None","None","Meroplanktonic","No","Snappers and grunts"
"466","Eukaryota","Arthropoda","Copepoda","Calanoida","Candaciidae","Candacia","Candacia bipinnata","Variable","Variable","Variable","Exoskeleton","Exoskeleton","Chitin + Calcium","Holoplanktonic","No","Copepods"
"467","Eukaryota","Arthropoda","Copepoda","Calanoida","Lucicutiidae","Lucicutia","Lucicutia flavicornis","Variable","Variable","Variable","Exoskeleton","Exoskeleton","Chitin + Calcium","Holoplanktonic","No","Copepods"
"469","Eukaryota","Arthropoda","Copepoda","Calanoida","Pontellidae","Labidocera","Labidocera trispinosa","Variable","Variable","Variable","Exoskeleton","Exoskeleton","Chitin + Calcium","Holoplanktonic","No","Copepods"
"471","Eukaryota","Mollusca","Gastropoda","Nudibranchia","Glaucidae","Hermissenda",NA,"Variable","Variable","No","External shell","None","Aragonite","Meroplanktonic","No","Shell-less sea slugs"
"472","Eukaryota","Arthropoda","Copepoda","Calanoida","Calanidae","Calanus","Calanus pacificus","Variable","Variable","Variable","Exoskeleton","Exoskeleton","Chitin + Calcium","Holoplanktonic","No","Copepods"
"473","Eukaryota","Arthropoda","Copepoda","Calanoida","Pontellidae","Labidocera","Labidocera trispinosa","Variable","Variable","Variable","Exoskeleton","Exoskeleton","Chitin + Calcium","Holoplanktonic","No","Copepods"
"475","Eukaryota","Arthropoda","Copepoda","Calanoida","Pontellidae","Labidocera","Labidocera trispinosa","Variable","Variable","Variable","Exoskeleton","Exoskeleton","Chitin + Calcium","Holoplanktonic","No","Copepods"
"476","Eukaryota","Arthropoda","Copepoda","Poecilostomatoida","Oncaeidae","Oncaea","Oncaea sp.","Variable","Variable","Variable","Exoskeleton","Exoskeleton","Chitin + Calcium","Holoplanktonic","No","Parasitic or predatory copepods"
"477","Eukaryota","Arthropoda","Copepoda","Calanoida","Calanidae","Calanus","Calanus pacificus","Variable","Variable","Variable","Exoskeleton","Exoskeleton","Chitin + Calcium","Holoplanktonic","No","Copepods"
"478","Eukaryota","Arthropoda","Thecostraca","Lepadidae","Lepadidae",NA,NA,"Yes","Variable","Yes","External shell","External shell","Chitin + Calcium","Meroplanktonic","No","Goose barnacles"
"481","Eukaryota","Arthropoda","Copepoda","Calanoida","Acartiidae","Acartia","Acartia tonsa","Variable","Variable","Variable","Exoskeleton","Exoskeleton","Chitin + Calcium","Holoplanktonic","No","Copepods"
"482","Eukaryota","Arthropoda","Copepoda","Calanoida","Pontellidae","Labidocera","Labidocera trispinosa","Variable","Variable","Variable","Exoskeleton","Exoskeleton","Chitin + Calcium","Holoplanktonic","No","Copepods"
"483","Eukaryota","Chordata","Actinopteri","Pleuronectiformes","Paralichthyidae","Paralichthys","Paralichthys californicus","No","No","No","None","None","None","Meroplanktonic","No","Flatfishes (flounders, soles, halibut)"
"484","Eukaryota","Arthropoda","Copepoda","Calanoida","Pontellidae","Labidocera","Labidocera trispinosa","Variable","Variable","Variable","Exoskeleton","Exoskeleton","Chitin + Calcium","Holoplanktonic","No","Copepods"
"485","Eukaryota","Arthropoda","Copepoda","Calanoida","Aetideidae",NA,NA,"Variable","Variable","Variable","Exoskeleton","Exoskeleton","Chitin + Calcium","Holoplanktonic","No","Copepods"
"488","Eukaryota","Arthropoda","Ostracoda","Halocyprida","Halocyprididae","Discoconchoecia",NA,"Variable","No","Variable","None","Exoskeleton","Chitin + Calcium","Holoplanktonic","No","Ostracods (seed shrimp)"
"489","Eukaryota","Arthropoda","Ostracoda","Halocyprida","Halocyprididae","Halocypris","Halocypris inflata","Variable","No","Variable","None","Exoskeleton","Chitin + Calcium","Holoplanktonic","No","Ostracods (seed shrimp)"
"490","Eukaryota","Mollusca","Gastropoda","Nudibranchia","Glaucidae","Hermissenda","Hermissenda opalescens","Variable","Variable","No","External shell","None","Aragonite","Meroplanktonic","No","Shell-less sea slugs"
"491","Eukaryota","Arthropoda","Copepoda","Calanoida","Eucalanidae","Eucalanus","Eucalanus californicus","Variable","Variable","Variable","Exoskeleton","Exoskeleton","Chitin + Calcium","Holoplanktonic","No","Copepods"
"493","Eukaryota","Arthropoda","Copepoda","Calanoida","Pontellidae","Labidocera","Labidocera trispinosa","Variable","Variable","Variable","Exoskeleton","Exoskeleton","Chitin + Calcium","Holoplanktonic","No","Copepods"
"494","Eukaryota","Chordata","Actinopteri","Pleuronectiformes","Pleuronectidae","Pleuronichthys","Pleuronichthys coenosus","No","No","No","None","None","None","Meroplanktonic","No","Flatfishes (flounders, soles, halibut)"
"495","Eukaryota","Arthropoda","Ostracoda","Halocyprida","Halocyprididae","Discoconchoecia",NA,"Variable","No","Variable","None","Exoskeleton","Chitin + Calcium","Holoplanktonic","No","Ostracods (seed shrimp)"
"497","Eukaryota","Arthropoda","Malacostraca","Stomatopoda","Hemisquillidae","Hemisquilla","Hemisquilla californiensis","Variable","No","Variable","None","Exoskeleton","Chitin + Calcium","Meroplanktonic","No","Mantis shrimps"
"499","Eukaryota","Arthropoda","Copepoda","Calanoida","Pontellidae","Labidocera","Labidocera trispinosa","Variable","Variable","Variable","Exoskeleton","Exoskeleton","Chitin + Calcium","Holoplanktonic","No","Copepods"
"500","Eukaryota","Arthropoda","Copepoda","Calanoida","Pontellidae","Labidocera","Labidocera trispinosa","Variable","Variable","Variable","Exoskeleton","Exoskeleton","Chitin + Calcium","Holoplanktonic","No","Copepods"
"501","Eukaryota","Echinodermata","Echinoidea","Camarodonta","Strongylocentrotidae","Strongylocentrotus","Strongylocentrotus purpuratus","Yes","Yes","Yes","Internal skeleton","Exoskeleton","Calcite","Meroplanktonic","No","Sea urchins"
"502","Eukaryota","Arthropoda","Ostracoda","Halocyprida","Halocyprididae","Proceroecia","Proceroecia procera","Variable","No","Variable","None","Exoskeleton","Chitin + Calcium","Holoplanktonic","No","Ostracods (seed shrimp)"
"504","Eukaryota","Arthropoda","Copepoda","Calanoida","Pontellidae","Labidocera","Labidocera trispinosa","Variable","Variable","Variable","Exoskeleton","Exoskeleton","Chitin + Calcium","Holoplanktonic","No","Copepods"
"506","Eukaryota","Arthropoda","Copepoda","Calanoida","Pontellidae","Labidocera","Labidocera trispinosa","Variable","Variable","Variable","Exoskeleton","Exoskeleton","Chitin + Calcium","Holoplanktonic","No","Copepods"
"507","Eukaryota","Arthropoda","Copepoda","Calanoida","Eucalanidae","Eucalanus","Eucalanus californicus","Variable","Variable","Variable","Exoskeleton","Exoskeleton","Chitin + Calcium","Holoplanktonic","No","Copepods"
"508","Eukaryota","Arthropoda","Malacostraca","Euphausiacea","Euphausiidae","Euphausia","Euphausia pacifica","Variable","No","Variable","None","Exoskeleton","Chitin + Calcium","Holoplanktonic","No","Krill"
"509","Eukaryota","Arthropoda","Copepoda","Calanoida","Pontellidae","Labidocera","Labidocera trispinosa","Variable","Variable","Variable","Exoskeleton","Exoskeleton","Chitin + Calcium","Holoplanktonic","No","Copepods"
"510","Eukaryota","Arthropoda","Copepoda","Calanoida","Pontellidae","Labidocera","Labidocera trispinosa","Variable","Variable","Variable","Exoskeleton","Exoskeleton","Chitin + Calcium","Holoplanktonic","No","Copepods"
"511","Eukaryota","Arthropoda","Copepoda","Calanoida","Calanidae",NA,NA,"Variable","Variable","Variable","Exoskeleton","Exoskeleton","Chitin + Calcium","Holoplanktonic","No","Copepods"
"512","Eukaryota","Chordata","Actinopteri","Clupeiformes","Clupeidae","Sardinops","Sardinops sagax","No","No","No","None","None","None","Meroplanktonic","No","Anchovies and herrings"
"513","Eukaryota","Mollusca","Gastropoda","Nudibranchia","Glaucidae","Hermissenda","Hermissenda opalescens","Variable","Variable","No","External shell","None","Aragonite","Meroplanktonic","No","Shell-less sea slugs"
"515","Eukaryota","Arthropoda","Copepoda","Calanoida","Paracalanidae","Paracalanus","Paracalanus sp. C AC_2013","Variable","Variable","Variable","Exoskeleton","Exoskeleton","Chitin + Calcium","Holoplanktonic","No","Copepods"
"516","Eukaryota","Arthropoda","Ostracoda","Halocyprida","Halocyprididae","Conchoecia","Conchoecia magna","Variable","No","Variable","None","Exoskeleton","Chitin + Calcium","Holoplanktonic","No","Ostracods (seed shrimp)"
"518","Eukaryota","Chordata","Actinopteri","Argentiniformes","Bathylagidae","Leuroglossus","Leuroglossus stilbius","No","No","No","None","None","None","Meroplanktonic","No","Deep-sea smelts and related fish"
"519","Eukaryota","Arthropoda","Copepoda","Poecilostomatoida","Oncaeidae","Oncaea","Oncaea sp.","Variable","Variable","Variable","Exoskeleton","Exoskeleton","Chitin + Calcium","Holoplanktonic","No","Parasitic or predatory copepods"
"520","Eukaryota","Arthropoda","Copepoda","Calanoida","Clausocalanidae","Clausocalanus","Clausocalanus paululus","Variable","Variable","Variable","Exoskeleton","Exoskeleton","Chitin + Calcium","Holoplanktonic","No","Copepods"
"523","Eukaryota","Bryozoa","Gymnolaemata","Cheilostomatida","Membraniporidae","Membranipora","Membranipora villosa","Yes","Yes","Yes","External shell","External shell","Calcite","Meroplanktonic","No","Encrusting bryozoans"
"524","Eukaryota","Mollusca","Gastropoda","Nudibranchia","Glaucidae","Hermissenda","Hermissenda opalescens","Variable","Variable","No","External shell","None","Aragonite","Meroplanktonic","No","Shell-less sea slugs"
"527","Eukaryota","Arthropoda","Copepoda","Calanoida","Pontellidae","Labidocera","Labidocera trispinosa","Variable","Variable","Variable","Exoskeleton","Exoskeleton","Chitin + Calcium","Holoplanktonic","No","Copepods"
"528","Eukaryota","Mollusca","Gastropoda","Nudibranchia","Glaucidae","Hermissenda","Hermissenda opalescens","Variable","Variable","No","External shell","None","Aragonite","Meroplanktonic","No","Shell-less sea slugs"
"529","Eukaryota","Arthropoda","Copepoda","Calanoida","Acartiidae","Acartia","Acartia tonsa","Variable","Variable","Variable","Exoskeleton","Exoskeleton","Chitin + Calcium","Holoplanktonic","No","Copepods"
"530","Eukaryota","Arthropoda","Copepoda","Calanoida","Pontellidae","Labidocera","Labidocera trispinosa","Variable","Variable","Variable","Exoskeleton","Exoskeleton","Chitin + Calcium","Holoplanktonic","No","Copepods"
"531","Eukaryota","Arthropoda","Copepoda","Calanoida","Pontellidae","Labidocera","Labidocera trispinosa","Variable","Variable","Variable","Exoskeleton","Exoskeleton","Chitin + Calcium","Holoplanktonic","No","Copepods"
"533","Eukaryota","Arthropoda","Copepoda","Calanoida","Clausocalanidae","Clausocalanus","Clausocalanus jobei","Variable","Variable","Variable","Exoskeleton","Exoskeleton","Chitin + Calcium","Holoplanktonic","No","Copepods"
"536","Eukaryota","Arthropoda","Thecostraca","Lepadidae","Lepadidae",NA,NA,"Yes","Variable","Yes","External shell","External shell","Chitin + Calcium","Meroplanktonic","No","Goose barnacles"
"537","Eukaryota","Arthropoda","Ostracoda","Halocyprida","Halocyprididae","Paraconchoecia","Paraconchoecia allotherium","Variable","No","Variable","None","Exoskeleton","Chitin + Calcium","Holoplanktonic","No","Ostracods (seed shrimp)"
"538","Eukaryota","Chordata","Actinopteri","Argentiniformes","Bathylagidae","Leuroglossus","Leuroglossus stilbius","No","No","No","None","None","None","Meroplanktonic","No","Deep-sea smelts and related fish"
"540","Eukaryota","Arthropoda","Copepoda","Calanoida","Pontellidae","Labidocera","Labidocera trispinosa","Variable","Variable","Variable","Exoskeleton","Exoskeleton","Chitin + Calcium","Holoplanktonic","No","Copepods"
"541","Eukaryota","Arthropoda","Copepoda","Calanoida","Clausocalanidae","Clausocalanus","Clausocalanus jobei","Variable","Variable","Variable","Exoskeleton","Exoskeleton","Chitin + Calcium","Holoplanktonic","No","Copepods"
"542","Eukaryota","Mollusca","Gastropoda","Nudibranchia","Glaucidae","Hermissenda","Hermissenda opalescens","Variable","Variable","No","External shell","None","Aragonite","Meroplanktonic","No","Shell-less sea slugs"
"543","Eukaryota","Arthropoda","Copepoda","Calanoida","Pontellidae","Labidocera","Labidocera trispinosa","Variable","Variable","Variable","Exoskeleton","Exoskeleton","Chitin + Calcium","Holoplanktonic","No","Copepods"
"544","Eukaryota","Arthropoda","Malacostraca","Decapoda","Sergestidae","Eusergestes","Eusergestes similis","Variable","No","Variable","None","Exoskeleton","Calcite","Meroplanktonic","No","Crabs, lobsters, shrimp"
"545","Eukaryota","Arthropoda","Malacostraca","Euphausiacea","Euphausiidae","Euphausia","Euphausia pacifica","Variable","No","Variable","None","Exoskeleton","Chitin + Calcium","Holoplanktonic","No","Krill"
"547","Eukaryota","Echinodermata","Echinoidea","Clypeasteroida","Dendrasteridae","Dendraster","Dendraster excentricus","Yes","Yes","Yes","Exoskeleton","Exoskeleton","Calcite","Meroplanktonic","No","Sand dollars"
"548","Eukaryota","Arthropoda","Copepoda","Calanoida","Pontellidae","Labidocera","Labidocera trispinosa","Variable","Variable","Variable","Exoskeleton","Exoskeleton","Chitin + Calcium","Holoplanktonic","No","Copepods"
"549","Eukaryota","Mollusca","Gastropoda","Nudibranchia","Glaucidae","Hermissenda","Hermissenda opalescens","Variable","Variable","No","External shell","None","Aragonite","Meroplanktonic","No","Shell-less sea slugs"
"551","Eukaryota","Mollusca","Gastropoda","Nudibranchia","Glaucidae","Hermissenda","Hermissenda opalescens","Variable","Variable","No","External shell","None","Aragonite","Meroplanktonic","No","Shell-less sea slugs"
"552","Eukaryota","Arthropoda","Ostracoda","Halocyprida","Halocyprididae","Proceroecia","Proceroecia procera","Variable","No","Variable","None","Exoskeleton","Chitin + Calcium","Holoplanktonic","No","Ostracods (seed shrimp)"
"553","Eukaryota","Arthropoda","Malacostraca","Decapoda","Munididae","Pleuroncodes","Pleuroncodes planipes","Variable","No","Variable","None","Exoskeleton","Calcite","Meroplanktonic","No","Crabs, lobsters, shrimp"
"555","Eukaryota","Arthropoda","Copepoda","Calanoida","Calocalanidae",NA,NA,"Variable","Variable","Variable","Exoskeleton","Exoskeleton","Chitin + Calcium","Holoplanktonic","No","Copepods"
"556","Eukaryota","Echinodermata","Ophiuroidea","Amphilepidida","Ophiotrichidae","Ophiothrix","Ophiothrix spiculata","Yes","Yes","Yes","Internal skeleton","Internal skeleton","Calcite","Meroplanktonic","No","Brittle stars"
"557","Eukaryota","Arthropoda","Copepoda","Calanoida","Eucalanidae","Eucalanus","Eucalanus californicus","Variable","Variable","Variable","Exoskeleton","Exoskeleton","Chitin + Calcium","Holoplanktonic","No","Copepods"
"558","Eukaryota","Mollusca","Gastropoda","Nudibranchia","Glaucidae","Hermissenda","Hermissenda opalescens","Variable","Variable","No","External shell","None","Aragonite","Meroplanktonic","No","Shell-less sea slugs"
"559","Eukaryota","Arthropoda","Copepoda","Calanoida","Pontellidae","Labidocera","Labidocera trispinosa","Variable","Variable","Variable","Exoskeleton","Exoskeleton","Chitin + Calcium","Holoplanktonic","No","Copepods"
"560","Eukaryota","Chordata","Actinopteri","Argentiniformes","Bathylagidae","Leuroglossus","Leuroglossus stilbius","No","No","No","None","None","None","Meroplanktonic","No","Deep-sea smelts and related fish"
"562","Eukaryota","Arthropoda","Copepoda","Calanoida","Pontellidae","Labidocera","Labidocera trispinosa","Variable","Variable","Variable","Exoskeleton","Exoskeleton","Chitin + Calcium","Holoplanktonic","No","Copepods"
"563","Eukaryota","Arthropoda","Malacostraca","Decapoda","Cancridae","Metacarcinus","Metacarcinus gracilis","Variable","No","Variable","None","Exoskeleton","Calcite","Meroplanktonic","No","Crabs, lobsters, shrimp"
"564","Eukaryota","Arthropoda","Copepoda","Calanoida","Metridinidae","Pleuromamma","Pleuromamma abdominalis","Variable","Variable","Variable","Exoskeleton","Exoskeleton","Chitin + Calcium","Holoplanktonic","No","Copepods"
"565","Eukaryota","Chordata","Actinopteri","Lutjaniformes","Haemulidae","Brachygenys","Brachygenys californiensis","No","No","No","None","None","None","Meroplanktonic","No","Snappers and grunts"
"567","Eukaryota","Arthropoda","Copepoda","Calanoida","Calanidae","Calanus","Calanus pacificus","Variable","Variable","Variable","Exoskeleton","Exoskeleton","Chitin + Calcium","Holoplanktonic","No","Copepods"
"569","Eukaryota","Arthropoda","Copepoda","Calanoida","Calanidae","Calanus","Calanus pacificus","Variable","Variable","Variable","Exoskeleton","Exoskeleton","Chitin + Calcium","Holoplanktonic","No","Copepods"
"571","Eukaryota","Arthropoda","Copepoda","Calanoida","Pontellidae","Labidocera","Labidocera trispinosa","Variable","Variable","Variable","Exoskeleton","Exoskeleton","Chitin + Calcium","Holoplanktonic","No","Copepods"
"572","Eukaryota","Arthropoda","Copepoda","Calanoida","Pontellidae","Labidocera","Labidocera trispinosa","Variable","Variable","Variable","Exoskeleton","Exoskeleton","Chitin + Calcium","Holoplanktonic","No","Copepods"
"573","Eukaryota","Arthropoda","Ostracoda","Halocyprida","Halocyprididae","Paraconchoecia","Paraconchoecia allotherium","Variable","No","Variable","None","Exoskeleton","Chitin + Calcium","Holoplanktonic","No","Ostracods (seed shrimp)"
"574","Eukaryota","Arthropoda","Malacostraca","Euphausiacea","Euphausiidae","Hansarsia","Hansarsia difficilis","Variable","No","Variable","None","Exoskeleton","Chitin + Calcium","Holoplanktonic","No","Krill"
"576","Eukaryota","Arthropoda","Copepoda","Calanoida","Calanidae","Calanus","Calanus pacificus","Variable","Variable","Variable","Exoskeleton","Exoskeleton","Chitin + Calcium","Holoplanktonic","No","Copepods"
"577","Eukaryota","Arthropoda","Copepoda","Calanoida","Eucalanidae","Eucalanus","Eucalanus californicus","Variable","Variable","Variable","Exoskeleton","Exoskeleton","Chitin + Calcium","Holoplanktonic","No","Copepods"
"578","Eukaryota","Mollusca","Gastropoda","Nudibranchia","Glaucidae","Hermissenda","Hermissenda opalescens","Variable","Variable","No","External shell","None","Aragonite","Meroplanktonic","No","Shell-less sea slugs"
"579","Eukaryota","Bryozoa","Gymnolaemata","Cheilostomatida","Membraniporidae","Membranipora","Membranipora villosa","Yes","Yes","Yes","External shell","External shell","Calcite","Meroplanktonic","No","Encrusting bryozoans"
"580","Eukaryota","Mollusca","Gastropoda","Nudibranchia","Glaucidae","Hermissenda",NA,"Variable","Variable","No","External shell","None","Aragonite","Meroplanktonic","No","Shell-less sea slugs"
"581","Eukaryota","Mollusca","Gastropoda","Nudibranchia","Glaucidae","Hermissenda","Hermissenda opalescens","Variable","Variable","No","External shell","None","Aragonite","Meroplanktonic","No","Shell-less sea slugs"
"582","Eukaryota","Arthropoda","Copepoda","Calanoida","Eucalanidae","Eucalanus","Eucalanus californicus","Variable","Variable","Variable","Exoskeleton","Exoskeleton","Chitin + Calcium","Holoplanktonic","No","Copepods"
"583","Eukaryota","Arthropoda","Malacostraca","Decapoda","Cancridae","Metacarcinus","Metacarcinus gracilis","Variable","No","Variable","None","Exoskeleton","Calcite","Meroplanktonic","No","Crabs, lobsters, shrimp"
"585","Eukaryota","Arthropoda","Copepoda","Calanoida","Pontellidae","Labidocera","Labidocera trispinosa","Variable","Variable","Variable","Exoskeleton","Exoskeleton","Chitin + Calcium","Holoplanktonic","No","Copepods"
"586","Eukaryota","Arthropoda","Copepoda","Calanoida","Calanidae","Calanus","Calanus pacificus","Variable","Variable","Variable","Exoskeleton","Exoskeleton","Chitin + Calcium","Holoplanktonic","No","Copepods"
"587","Eukaryota","Arthropoda","Copepoda","Calanoida","Aetideidae",NA,NA,"Variable","Variable","Variable","Exoskeleton","Exoskeleton","Chitin + Calcium","Holoplanktonic","No","Copepods"
"589","Eukaryota","Arthropoda","Copepoda","Calanoida","Eucalanidae","Eucalanus","Eucalanus californicus","Variable","Variable","Variable","Exoskeleton","Exoskeleton","Chitin + Calcium","Holoplanktonic","No","Copepods"
"590","Eukaryota","Arthropoda","Malacostraca","Euphausiacea","Euphausiidae","Hansarsia","Hansarsia difficilis","Variable","No","Variable","None","Exoskeleton","Chitin + Calcium","Holoplanktonic","No","Krill"
"593","Eukaryota","Arthropoda","Copepoda","Calanoida","Pontellidae","Labidocera","Labidocera trispinosa","Variable","Variable","Variable","Exoskeleton","Exoskeleton","Chitin + Calcium","Holoplanktonic","No","Copepods"
"594","Eukaryota","Arthropoda","Copepoda","Calanoida","Pontellidae","Labidocera","Labidocera trispinosa","Variable","Variable","Variable","Exoskeleton","Exoskeleton","Chitin + Calcium","Holoplanktonic","No","Copepods"
"595","Eukaryota","Mollusca","Gastropoda","Nudibranchia","Glaucidae","Hermissenda","Hermissenda opalescens","Variable","Variable","No","External shell","None","Aragonite","Meroplanktonic","No","Shell-less sea slugs"
"596","Eukaryota","Arthropoda","Copepoda","Calanoida","Pontellidae","Labidocera","Labidocera trispinosa","Variable","Variable","Variable","Exoskeleton","Exoskeleton","Chitin + Calcium","Holoplanktonic","No","Copepods"
"597","Eukaryota","Arthropoda","Copepoda","Calanoida","Pontellidae","Labidocera","Labidocera trispinosa","Variable","Variable","Variable","Exoskeleton","Exoskeleton","Chitin + Calcium","Holoplanktonic","No","Copepods"
"598","Eukaryota","Arthropoda","Ostracoda","Halocyprida","Halocyprididae","Conchoecia","Conchoecia magna","Variable","No","Variable","None","Exoskeleton","Chitin + Calcium","Holoplanktonic","No","Ostracods (seed shrimp)"
"599","Eukaryota","Arthropoda","Copepoda","Calanoida","Acartiidae","Acartia","Acartia tonsa","Variable","Variable","Variable","Exoskeleton","Exoskeleton","Chitin + Calcium","Holoplanktonic","No","Copepods"
"600","Eukaryota","Echinodermata","Echinoidea","Temnopleuroida","Toxopneustidae","Lytechinus","Lytechinus pictus","Yes","Yes","Yes","Internal skeleton","Exoskeleton","Calcite","Meroplanktonic","No","Short-spined sea urchins"
"601","Eukaryota","Arthropoda","Copepoda","Calanoida","Calanidae","Calanus","Calanus pacificus","Variable","Variable","Variable","Exoskeleton","Exoskeleton","Chitin + Calcium","Holoplanktonic","No","Copepods"
"602","Eukaryota","Arthropoda","Copepoda","Calanoida","Calanidae","Calanus","Calanus pacificus","Variable","Variable","Variable","Exoskeleton","Exoskeleton","Chitin + Calcium","Holoplanktonic","No","Copepods"
"603","Eukaryota","Arthropoda","Copepoda","Calanoida","Eucalanidae","Eucalanus","Eucalanus californicus","Variable","Variable","Variable","Exoskeleton","Exoskeleton","Chitin + Calcium","Holoplanktonic","No","Copepods"
"604","Eukaryota","Arthropoda","Copepoda","Calanoida","Lucicutiidae","Lucicutia","Lucicutia flavicornis","Variable","Variable","Variable","Exoskeleton","Exoskeleton","Chitin + Calcium","Holoplanktonic","No","Copepods"
"606","Eukaryota","Arthropoda","Copepoda","Calanoida","Pontellidae","Labidocera",NA,"Variable","Variable","Variable","Exoskeleton","Exoskeleton","Chitin + Calcium","Holoplanktonic","No","Copepods"
"607","Eukaryota","Arthropoda","Copepoda","Calanoida","Calanidae","Calanus","Calanus pacificus","Variable","Variable","Variable","Exoskeleton","Exoskeleton","Chitin + Calcium","Holoplanktonic","No","Copepods"
"608","Eukaryota","Arthropoda","Malacostraca","Euphausiacea","Euphausiidae","Hansarsia",NA,"Variable","No","Variable","None","Exoskeleton","Chitin + Calcium","Holoplanktonic","No","Krill"
"610","Eukaryota","Arthropoda","Copepoda","Calanoida","Pontellidae","Labidocera","Labidocera trispinosa","Variable","Variable","Variable","Exoskeleton","Exoskeleton","Chitin + Calcium","Holoplanktonic","No","Copepods"
"611","Eukaryota","Arthropoda","Copepoda","Calanoida","Pontellidae","Labidocera","Labidocera trispinosa","Variable","Variable","Variable","Exoskeleton","Exoskeleton","Chitin + Calcium","Holoplanktonic","No","Copepods"
"612","Eukaryota","Arthropoda","Copepoda","Calanoida","Eucalanidae","Eucalanus","Eucalanus californicus","Variable","Variable","Variable","Exoskeleton","Exoskeleton","Chitin + Calcium","Holoplanktonic","No","Copepods"
"613","Eukaryota","Arthropoda","Copepoda","Calanoida","Pontellidae","Labidocera","Labidocera trispinosa","Variable","Variable","Variable","Exoskeleton","Exoskeleton","Chitin + Calcium","Holoplanktonic","No","Copepods"
"614","Eukaryota","Arthropoda","Malacostraca","Decapoda","Cancridae","Romaleon","Romaleon antennarium","Variable","No","Variable","None","Exoskeleton","Calcite","Meroplanktonic","No","Crabs, lobsters, shrimp"
"616","Eukaryota","Arthropoda","Copepoda","Calanoida","Pontellidae","Labidocera",NA,"Variable","Variable","Variable","Exoskeleton","Exoskeleton","Chitin + Calcium","Holoplanktonic","No","Copepods"
"617","Eukaryota","Arthropoda","Copepoda","Calanoida","Calanidae","Calanus","Calanus pacificus","Variable","Variable","Variable","Exoskeleton","Exoskeleton","Chitin + Calcium","Holoplanktonic","No","Copepods"
"619","Eukaryota","Arthropoda","Copepoda","Calanoida","Candaciidae","Candacia","Candacia curta","Variable","Variable","Variable","Exoskeleton","Exoskeleton","Chitin + Calcium","Holoplanktonic","No","Copepods"
"620","Eukaryota","Arthropoda","Ostracoda","Halocyprida","Halocyprididae","Conchoecetta","Conchoecetta giesbrechti","Variable","No","Variable","None","Exoskeleton","Chitin + Calcium","Holoplanktonic","No","Ostracods (seed shrimp)"
"623","Eukaryota","Arthropoda","Copepoda","Calanoida","Eucalanidae","Eucalanus","Eucalanus californicus","Variable","Variable","Variable","Exoskeleton","Exoskeleton","Chitin + Calcium","Holoplanktonic","No","Copepods"
"625","Eukaryota","Arthropoda","Copepoda","Calanoida","Pontellidae","Labidocera","Labidocera trispinosa","Variable","Variable","Variable","Exoskeleton","Exoskeleton","Chitin + Calcium","Holoplanktonic","No","Copepods"
"627","Eukaryota","Arthropoda","Copepoda","Calanoida","Pontellidae","Labidocera","Labidocera trispinosa","Variable","Variable","Variable","Exoskeleton","Exoskeleton","Chitin + Calcium","Holoplanktonic","No","Copepods"
"628","Eukaryota","Mollusca","Bivalvia","Cardiida","Tellinidae",NA,NA,"Yes","Yes","Yes","External shell","External shell","Aragonite/Calcite","Meroplanktonic","No","Clams"
"629","Eukaryota","Arthropoda","Copepoda","Calanoida","Pontellidae","Labidocera","Labidocera trispinosa","Variable","Variable","Variable","Exoskeleton","Exoskeleton","Chitin + Calcium","Holoplanktonic","No","Copepods"
"631","Eukaryota","Arthropoda","Copepoda","Calanoida","Pontellidae","Labidocera","Labidocera trispinosa","Variable","Variable","Variable","Exoskeleton","Exoskeleton","Chitin + Calcium","Holoplanktonic","No","Copepods"
"638","Eukaryota","Chordata","Actinopteri","Argentiniformes","Bathylagidae","Leuroglossus","Leuroglossus stilbius","No","No","No","None","None","None","Meroplanktonic","No","Deep-sea smelts and related fish"
"639","Eukaryota","Arthropoda","Copepoda","Calanoida","Pontellidae","Labidocera","Labidocera trispinosa","Variable","Variable","Variable","Exoskeleton","Exoskeleton","Chitin + Calcium","Holoplanktonic","No","Copepods"
"641","Eukaryota","Arthropoda","Copepoda","Calanoida","Eucalanidae","Eucalanus","Eucalanus californicus","Variable","Variable","Variable","Exoskeleton","Exoskeleton","Chitin + Calcium","Holoplanktonic","No","Copepods"
"642","Eukaryota","Arthropoda","Copepoda","Calanoida","Clausocalanidae","Clausocalanus","Clausocalanus furcatus","Variable","Variable","Variable","Exoskeleton","Exoskeleton","Chitin + Calcium","Holoplanktonic","No","Copepods"
"644","Eukaryota","Arthropoda","Malacostraca","Euphausiacea","Euphausiidae",NA,NA,"Variable","No","Variable","None","Exoskeleton","Chitin + Calcium","Holoplanktonic","No","Krill"
"645","Eukaryota","Mollusca","Gastropoda","Pteropoda","Creseidae","Styliola","Styliola sp.","Yes","Yes","Yes","External shell","External shell","Aragonite","Holoplanktonic","No","Sea butterflies"
"646","Eukaryota","Arthropoda","Copepoda","Calanoida","Eucalanidae","Eucalanus","Eucalanus californicus","Variable","Variable","Variable","Exoskeleton","Exoskeleton","Chitin + Calcium","Holoplanktonic","No","Copepods"
"647","Eukaryota","Arthropoda","Copepoda","Calanoida","Pontellidae","Labidocera","Labidocera trispinosa","Variable","Variable","Variable","Exoskeleton","Exoskeleton","Chitin + Calcium","Holoplanktonic","No","Copepods"
"648","Eukaryota","Arthropoda","Malacostraca","Decapoda","Hippolytidae","Lysmata","Lysmata californica","Variable","No","Variable","None","Exoskeleton","Calcite","Meroplanktonic","No","Crabs, lobsters, shrimp"
"649","Eukaryota","Mollusca","Bivalvia","Mytilida","Modiolidae","Modiolus",NA,"Yes","Yes","Yes","External shell","External shell","Aragonite/Calcite","Meroplanktonic","No","Mussels"
"651","Eukaryota","Arthropoda","Copepoda","Calanoida","Pontellidae","Labidocera","Labidocera trispinosa","Variable","Variable","Variable","Exoskeleton","Exoskeleton","Chitin + Calcium","Holoplanktonic","No","Copepods"
"652","Eukaryota","Arthropoda","Malacostraca","Euphausiacea","Euphausiidae","Euphausia","Euphausia recurva","Variable","No","Variable","None","Exoskeleton","Chitin + Calcium","Holoplanktonic","No","Krill"
"654","Eukaryota","Arthropoda","Copepoda","Calanoida","Pontellidae","Labidocera","Labidocera trispinosa","Variable","Variable","Variable","Exoskeleton","Exoskeleton","Chitin + Calcium","Holoplanktonic","No","Copepods"
"655","Eukaryota","Arthropoda","Ostracoda","Halocyprida","Halocyprididae","Paraconchoecia","Paraconchoecia allotherium","Variable","No","Variable","None","Exoskeleton","Chitin + Calcium","Holoplanktonic","No","Ostracods (seed shrimp)"
"656","Eukaryota","Arthropoda","Copepoda","Calanoida","Pontellidae","Labidocera","Labidocera trispinosa","Variable","Variable","Variable","Exoskeleton","Exoskeleton","Chitin + Calcium","Holoplanktonic","No","Copepods"
"657","Eukaryota","Arthropoda","Copepoda","Calanoida","Calanidae",NA,NA,"Variable","Variable","Variable","Exoskeleton","Exoskeleton","Chitin + Calcium","Holoplanktonic","No","Copepods"
"660","Eukaryota","Arthropoda","Ostracoda","Halocyprida","Halocyprididae","Conchoecetta","Conchoecetta giesbrechti","Variable","No","Variable","None","Exoskeleton","Chitin + Calcium","Holoplanktonic","No","Ostracods (seed shrimp)"
"661","Eukaryota","Arthropoda","Copepoda","Calanoida","Paracalanidae","Paracalanus","Paracalanus sp. C AC_2013","Variable","Variable","Variable","Exoskeleton","Exoskeleton","Chitin + Calcium","Holoplanktonic","No","Copepods"
"662","Eukaryota","Arthropoda","Copepoda","Calanoida","Clausocalanidae","Clausocalanus","Clausocalanus parapergens","Variable","Variable","Variable","Exoskeleton","Exoskeleton","Chitin + Calcium","Holoplanktonic","No","Copepods"
"663","Eukaryota","Arthropoda","Malacostraca","Decapoda","Munididae","Pleuroncodes","Pleuroncodes planipes","Variable","No","Variable","None","Exoskeleton","Calcite","Meroplanktonic","No","Crabs, lobsters, shrimp"
"664","Eukaryota","Arthropoda","Copepoda","Calanoida","Eucalanidae","Eucalanus","Eucalanus californicus","Variable","Variable","Variable","Exoskeleton","Exoskeleton","Chitin + Calcium","Holoplanktonic","No","Copepods"
"665","Eukaryota","Mollusca","Cephalopoda","Myopsida","Loliginidae",NA,NA,"Variable","Yes","No","Statoliths","None","Aragonite","Meroplanktonic","No","Coastal squid"
"666","Eukaryota","Arthropoda","Copepoda","Calanoida","Eucalanidae","Eucalanus","Eucalanus californicus","Variable","Variable","Variable","Exoskeleton","Exoskeleton","Chitin + Calcium","Holoplanktonic","No","Copepods"
"667","Eukaryota","Arthropoda","Copepoda","Calanoida","Pontellidae","Labidocera","Labidocera trispinosa","Variable","Variable","Variable","Exoskeleton","Exoskeleton","Chitin + Calcium","Holoplanktonic","No","Copepods"
"668","Eukaryota","Arthropoda","Copepoda","Calanoida","Pontellidae","Labidocera","Labidocera trispinosa","Variable","Variable","Variable","Exoskeleton","Exoskeleton","Chitin + Calcium","Holoplanktonic","No","Copepods"
"670","Eukaryota","Arthropoda","Copepoda","Calanoida","Scolecitrichidae","Scolecithricella","Scolecithricella dentata","Variable","Variable","Variable","Exoskeleton","Exoskeleton","Chitin + Calcium","Holoplanktonic","No","Copepods"
"671","Eukaryota","Arthropoda","Copepoda","Calanoida","Pontellidae","Labidocera","Labidocera trispinosa","Variable","Variable","Variable","Exoskeleton","Exoskeleton","Chitin + Calcium","Holoplanktonic","No","Copepods"
"672","Eukaryota","Chordata","Actinopteri","Lutjaniformes","Haemulidae","Brachygenys","Brachygenys californiensis","No","No","No","None","None","None","Meroplanktonic","No","Snappers and grunts"
"673","Eukaryota","Arthropoda","Copepoda","Calanoida","Clausocalanidae","Clausocalanus","Clausocalanus furcatus","Variable","Variable","Variable","Exoskeleton","Exoskeleton","Chitin + Calcium","Holoplanktonic","No","Copepods"
"674","Eukaryota","Chordata","Actinopteri","Argentiniformes","Bathylagidae","Leuroglossus","Leuroglossus stilbius","No","No","No","None","None","None","Meroplanktonic","No","Deep-sea smelts and related fish"
"675","Eukaryota","Arthropoda","Copepoda","Calanoida","Clausocalanidae","Clausocalanus","Clausocalanus parapergens","Variable","Variable","Variable","Exoskeleton","Exoskeleton","Chitin + Calcium","Holoplanktonic","No","Copepods"
"676","Eukaryota","Arthropoda","Copepoda","Calanoida","Clausocalanidae","Clausocalanus","Clausocalanus jobei","Variable","Variable","Variable","Exoskeleton","Exoskeleton","Chitin + Calcium","Holoplanktonic","No","Copepods"
"678","Eukaryota","Arthropoda","Copepoda","Calanoida","Calanidae","Calanus","Calanus pacificus","Variable","Variable","Variable","Exoskeleton","Exoskeleton","Chitin + Calcium","Holoplanktonic","No","Copepods"
"680","Eukaryota","Arthropoda","Copepoda","Calanoida","Clausocalanidae","Clausocalanus","Clausocalanus parapergens","Variable","Variable","Variable","Exoskeleton","Exoskeleton","Chitin + Calcium","Holoplanktonic","No","Copepods"
"681","Eukaryota","Arthropoda","Copepoda","Calanoida","Calanidae","Calanus","Calanus pacificus","Variable","Variable","Variable","Exoskeleton","Exoskeleton","Chitin + Calcium","Holoplanktonic","No","Copepods"
"682","Eukaryota","Arthropoda","Copepoda","Calanoida","Clausocalanidae","Clausocalanus","Clausocalanus parapergens","Variable","Variable","Variable","Exoskeleton","Exoskeleton","Chitin + Calcium","Holoplanktonic","No","Copepods"
"683","Eukaryota","Arthropoda","Copepoda","Calanoida","Euchaetidae","Euchaeta","Euchaeta marina","Variable","Variable","Variable","Exoskeleton","Exoskeleton","Chitin + Calcium","Holoplanktonic","No","Copepods"
"684","Eukaryota","Cnidaria","Hydrozoa","Siphonophorae","Agalmatidae","Marrus",NA,"No","No","No","None","None","None","Holoplanktonic","No","Colonial hydrozoans (e.g., Portuguese man o' war)"
"686","Eukaryota","Arthropoda","Copepoda","Calanoida","Pontellidae","Labidocera","Labidocera trispinosa","Variable","Variable","Variable","Exoskeleton","Exoskeleton","Chitin + Calcium","Holoplanktonic","No","Copepods"
"688","Eukaryota","Arthropoda","Copepoda","Poecilostomatoida","Oncaeidae","Oncaea","Oncaea sp.","Variable","Variable","Variable","Exoskeleton","Exoskeleton","Chitin + Calcium","Holoplanktonic","No","Parasitic or predatory copepods"
"689","Eukaryota","Echinodermata","Ophiuroidea","Amphilepidida","Amphiuridae","Amphiodia","Amphiodia cf_ urtica EAC_2010","Yes","Yes","Yes","Internal skeleton","Internal skeleton","Calcite","Meroplanktonic","No","Brittle stars"
"691","Eukaryota","Mollusca","Gastropoda","Nudibranchia","Glaucidae","Hermissenda","Hermissenda opalescens","Variable","Variable","No","External shell","None","Aragonite","Meroplanktonic","No","Shell-less sea slugs"
"693","Eukaryota","Arthropoda","Malacostraca","Euphausiacea","Euphausiidae","Nyctiphanes","Nyctiphanes simplex","Variable","No","Variable","None","Exoskeleton","Chitin + Calcium","Holoplanktonic","No","Krill"
"694","Eukaryota","Arthropoda","Copepoda","Calanoida","Eucalanidae","Eucalanus","Eucalanus californicus","Variable","Variable","Variable","Exoskeleton","Exoskeleton","Chitin + Calcium","Holoplanktonic","No","Copepods"
"695","Eukaryota","Mollusca","Gastropoda","Nudibranchia","Glaucidae","Hermissenda",NA,"Variable","Variable","No","External shell","None","Aragonite","Meroplanktonic","No","Shell-less sea slugs"
"698","Eukaryota","Arthropoda","Ostracoda","Halocyprida","Halocyprididae","Proceroecia","Proceroecia procera","Variable","No","Variable","None","Exoskeleton","Chitin + Calcium","Holoplanktonic","No","Ostracods (seed shrimp)"
"699","Eukaryota","Arthropoda","Copepoda","Calanoida","Pontellidae","Labidocera","Labidocera trispinosa","Variable","Variable","Variable","Exoskeleton","Exoskeleton","Chitin + Calcium","Holoplanktonic","No","Copepods"
"702","Eukaryota","Arthropoda","Copepoda","Calanoida","Scolecitrichidae","Scolecithricella","Scolecithricella dentata","Variable","Variable","Variable","Exoskeleton","Exoskeleton","Chitin + Calcium","Holoplanktonic","No","Copepods"
"703","Eukaryota","Chordata","Actinopteri","Argentiniformes","Bathylagidae","Leuroglossus","Leuroglossus stilbius","No","No","No","None","None","None","Meroplanktonic","No","Deep-sea smelts and related fish"
"704","Eukaryota","Mollusca","Cephalopoda","Oegopsida","Gonatidae","Gonatus","Gonatus onyx","Variable","Yes","No","Statoliths","None","Aragonite","Meroplanktonic","No","Squid"
"705","Eukaryota","Bryozoa","Gymnolaemata","Cheilostomatida","Membraniporidae","Membranipora","Membranipora villosa","Yes","Yes","Yes","External shell","External shell","Calcite","Meroplanktonic","No","Encrusting bryozoans"
"706","Eukaryota","Arthropoda","Copepoda","Calanoida","Pontellidae","Labidocera","Labidocera trispinosa","Variable","Variable","Variable","Exoskeleton","Exoskeleton","Chitin + Calcium","Holoplanktonic","No","Copepods"
"707","Eukaryota","Cnidaria","Hydrozoa","Siphonophorae","Prayidae","Rosacea","Rosacea sp. 3 BO_2009","No","No","No","None","None","None","Holoplanktonic","No","Colonial hydrozoans (e.g., Portuguese man o' war)"
"708","Eukaryota","Arthropoda","Copepoda","Calanoida","Calanidae","Calanus","Calanus pacificus","Variable","Variable","Variable","Exoskeleton","Exoskeleton","Chitin + Calcium","Holoplanktonic","No","Copepods"
"709","Eukaryota","Arthropoda","Copepoda","Calanoida","Calanidae",NA,NA,"Variable","Variable","Variable","Exoskeleton","Exoskeleton","Chitin + Calcium","Holoplanktonic","No","Copepods"
"710","Eukaryota","Arthropoda","Copepoda","Calanoida","Metridinidae","Pleuromamma","Pleuromamma abdominalis","Variable","Variable","Variable","Exoskeleton","Exoskeleton","Chitin + Calcium","Holoplanktonic","No","Copepods"
"711","Eukaryota","Bryozoa","Gymnolaemata","Cheilostomatida","Membraniporidae",NA,NA,"Yes","Yes","Yes","External shell","External shell","Calcite","Meroplanktonic","No","Encrusting bryozoans"
"713","Eukaryota","Arthropoda","Malacostraca","Euphausiacea","Euphausiidae","Thysanoessa","Thysanoessa gregaria","Variable","No","Variable","None","Exoskeleton","Chitin + Calcium","Holoplanktonic","No","Krill"
"714","Eukaryota","Arthropoda","Copepoda","Calanoida","Pontellidae","Labidocera","Labidocera trispinosa","Variable","Variable","Variable","Exoskeleton","Exoskeleton","Chitin + Calcium","Holoplanktonic","No","Copepods"
"715","Eukaryota","Arthropoda","Copepoda","Calanoida","Pontellidae","Labidocera","Labidocera trispinosa","Variable","Variable","Variable","Exoskeleton","Exoskeleton","Chitin + Calcium","Holoplanktonic","No","Copepods"
"716","Eukaryota","Arthropoda","Ostracoda","Halocyprida","Halocyprididae","Halocypris","Halocypris inflata","Variable","No","Variable","None","Exoskeleton","Chitin + Calcium","Holoplanktonic","No","Ostracods (seed shrimp)"
"717","Eukaryota","Arthropoda","Copepoda","Calanoida","Lucicutiidae","Lucicutia","Lucicutia flavicornis","Variable","Variable","Variable","Exoskeleton","Exoskeleton","Chitin + Calcium","Holoplanktonic","No","Copepods"
"719","Eukaryota","Arthropoda","Copepoda","Calanoida","Calanidae","Calanus","Calanus pacificus","Variable","Variable","Variable","Exoskeleton","Exoskeleton","Chitin + Calcium","Holoplanktonic","No","Copepods"
"720","Eukaryota","Arthropoda","Copepoda","Calanoida","Calanidae","Calanus","Calanus pacificus","Variable","Variable","Variable","Exoskeleton","Exoskeleton","Chitin + Calcium","Holoplanktonic","No","Copepods"
"721","Eukaryota","Arthropoda","Copepoda","Calanoida","Pontellidae",NA,NA,"Variable","Variable","Variable","Exoskeleton","Exoskeleton","Chitin + Calcium","Holoplanktonic","No","Copepods"
"723","Eukaryota","Arthropoda","Copepoda","Calanoida","Pontellidae","Labidocera","Labidocera trispinosa","Variable","Variable","Variable","Exoskeleton","Exoskeleton","Chitin + Calcium","Holoplanktonic","No","Copepods"
"724","Eukaryota","Mollusca","Gastropoda","Pteropoda","Limacinidae",NA,NA,"Yes","Yes","Yes","External shell","External shell","Aragonite","Holoplanktonic","No","Sea butterflies"
"725","Eukaryota","Cnidaria","Hydrozoa","Trachymedusae","Halicreatidae",NA,NA,"No","No","No","None","None","None","Holoplanktonic","No","Deep-sea jellyfish"
"726","Eukaryota","Arthropoda","Copepoda","Calanoida","Pontellidae","Labidocera","Labidocera trispinosa","Variable","Variable","Variable","Exoskeleton","Exoskeleton","Chitin + Calcium","Holoplanktonic","No","Copepods"
"727","Eukaryota","Arthropoda","Copepoda","Calanoida","Pontellidae","Labidocera","Labidocera trispinosa","Variable","Variable","Variable","Exoskeleton","Exoskeleton","Chitin + Calcium","Holoplanktonic","No","Copepods"
"728","Eukaryota","Arthropoda","Copepoda","Calanoida","Clausocalanidae","Clausocalanus","Clausocalanus parapergens","Variable","Variable","Variable","Exoskeleton","Exoskeleton","Chitin + Calcium","Holoplanktonic","No","Copepods"
"730","Eukaryota","Arthropoda","Copepoda","Calanoida","Calanidae","Calanus","Calanus pacificus","Variable","Variable","Variable","Exoskeleton","Exoskeleton","Chitin + Calcium","Holoplanktonic","No","Copepods"
"731","Eukaryota","Echinodermata","Echinoidea","Camarodonta","Strongylocentrotidae","Strongylocentrotus","Strongylocentrotus purpuratus","Yes","Yes","Yes","Internal skeleton","Exoskeleton","Calcite","Meroplanktonic","No","Sea urchins"
"733","Eukaryota","Arthropoda","Copepoda","Calanoida","Pontellidae","Labidocera","Labidocera trispinosa","Variable","Variable","Variable","Exoskeleton","Exoskeleton","Chitin + Calcium","Holoplanktonic","No","Copepods"
"734","Eukaryota","Arthropoda","Copepoda","Calanoida","Mecynoceridae","Mecynocera","Mecynocera clausi","Variable","Variable","Variable","Exoskeleton","Exoskeleton","Chitin + Calcium","Holoplanktonic","No","Copepods"
"736","Eukaryota","Arthropoda","Malacostraca","Decapoda","Hippolytidae","Lysmata",NA,"Variable","No","Variable","None","Exoskeleton","Calcite","Meroplanktonic","No","Crabs, lobsters, shrimp"
"737","Eukaryota","Mollusca","Gastropoda","Nudibranchia","Glaucidae","Hermissenda","Hermissenda opalescens","Variable","Variable","No","External shell","None","Aragonite","Meroplanktonic","No","Shell-less sea slugs"
"738","Eukaryota","Arthropoda","Malacostraca","Euphausiacea","Euphausiidae","Euphausia","Euphausia pacifica","Variable","No","Variable","None","Exoskeleton","Chitin + Calcium","Holoplanktonic","No","Krill"
"739","Eukaryota","Arthropoda","Copepoda","Calanoida","Pontellidae","Labidocera","Labidocera trispinosa","Variable","Variable","Variable","Exoskeleton","Exoskeleton","Chitin + Calcium","Holoplanktonic","No","Copepods"
"740","Eukaryota","Arthropoda","Copepoda","Calanoida","Eucalanidae","Eucalanus","Eucalanus californicus","Variable","Variable","Variable","Exoskeleton","Exoskeleton","Chitin + Calcium","Holoplanktonic","No","Copepods"
"741","Eukaryota","Chordata","Actinopteri","Argentiniformes","Bathylagidae","Leuroglossus","Leuroglossus stilbius","No","No","No","None","None","None","Meroplanktonic","No","Deep-sea smelts and related fish"
"743","Eukaryota","Arthropoda","Copepoda","Calanoida","Eucalanidae","Eucalanus","Eucalanus californicus","Variable","Variable","Variable","Exoskeleton","Exoskeleton","Chitin + Calcium","Holoplanktonic","No","Copepods"
"746","Eukaryota","Mollusca","Gastropoda","Nudibranchia","Glaucidae","Hermissenda","Hermissenda opalescens","Variable","Variable","No","External shell","None","Aragonite","Meroplanktonic","No","Shell-less sea slugs"
"747","Eukaryota","Arthropoda","Copepoda","Calanoida","Eucalanidae","Eucalanus","Eucalanus californicus","Variable","Variable","Variable","Exoskeleton","Exoskeleton","Chitin + Calcium","Holoplanktonic","No","Copepods"
"751","Eukaryota","Arthropoda","Copepoda","Calanoida","Calanidae",NA,NA,"Variable","Variable","Variable","Exoskeleton","Exoskeleton","Chitin + Calcium","Holoplanktonic","No","Copepods"
"753","Eukaryota","Arthropoda","Copepoda","Calanoida","Pontellidae","Labidocera","Labidocera trispinosa","Variable","Variable","Variable","Exoskeleton","Exoskeleton","Chitin + Calcium","Holoplanktonic","No","Copepods"
"754","Eukaryota","Arthropoda","Copepoda","Calanoida","Calanidae","Calanus","Calanus pacificus","Variable","Variable","Variable","Exoskeleton","Exoskeleton","Chitin + Calcium","Holoplanktonic","No","Copepods"
"756","Eukaryota","Arthropoda","Copepoda","Calanoida","Pontellidae","Labidocera","Labidocera trispinosa","Variable","Variable","Variable","Exoskeleton","Exoskeleton","Chitin + Calcium","Holoplanktonic","No","Copepods"
"758","Eukaryota","Arthropoda","Malacostraca","Euphausiacea","Euphausiidae","Nyctiphanes","Nyctiphanes simplex","Variable","No","Variable","None","Exoskeleton","Chitin + Calcium","Holoplanktonic","No","Krill"
"759","Eukaryota","Arthropoda","Copepoda","Calanoida","Paracalanidae","Paracalanus","Paracalanus tropicus","Variable","Variable","Variable","Exoskeleton","Exoskeleton","Chitin + Calcium","Holoplanktonic","No","Copepods"
"760","Eukaryota","Echinodermata","Echinoidea","Camarodonta","Strongylocentrotidae","Strongylocentrotus","Strongylocentrotus purpuratus","Yes","Yes","Yes","Internal skeleton","Exoskeleton","Calcite","Meroplanktonic","No","Sea urchins"
"761","Eukaryota","Chordata","Actinopteri","Argentiniformes","Bathylagidae","Leuroglossus","Leuroglossus stilbius","No","No","No","None","None","None","Meroplanktonic","No","Deep-sea smelts and related fish"
"762","Eukaryota","Arthropoda","Copepoda","Calanoida","Pontellidae","Labidocera","Labidocera trispinosa","Variable","Variable","Variable","Exoskeleton","Exoskeleton","Chitin + Calcium","Holoplanktonic","No","Copepods"
"763","Eukaryota","Arthropoda","Copepoda","Calanoida","Pontellidae","Labidocera","Labidocera trispinosa","Variable","Variable","Variable","Exoskeleton","Exoskeleton","Chitin + Calcium","Holoplanktonic","No","Copepods"
"765","Eukaryota","Mollusca","Gastropoda","Nudibranchia","Glaucidae","Hermissenda","Hermissenda opalescens","Variable","Variable","No","External shell","None","Aragonite","Meroplanktonic","No","Shell-less sea slugs"
"766","Eukaryota","Bryozoa","Gymnolaemata","Cheilostomatida","Membraniporidae",NA,NA,"Yes","Yes","Yes","External shell","External shell","Calcite","Meroplanktonic","No","Encrusting bryozoans"
"767","Eukaryota","Arthropoda","Copepoda","Calanoida","Calanidae","Calanus","Calanus pacificus","Variable","Variable","Variable","Exoskeleton","Exoskeleton","Chitin + Calcium","Holoplanktonic","No","Copepods"
"769","Eukaryota","Arthropoda","Copepoda","Calanoida","Pontellidae","Labidocera","Labidocera trispinosa","Variable","Variable","Variable","Exoskeleton","Exoskeleton","Chitin + Calcium","Holoplanktonic","No","Copepods"
"770","Eukaryota","Arthropoda","Copepoda","Calanoida","Pontellidae","Labidocera","Labidocera trispinosa","Variable","Variable","Variable","Exoskeleton","Exoskeleton","Chitin + Calcium","Holoplanktonic","No","Copepods"
"771","Eukaryota","Chordata","Actinopteri","Myctophiformes","Myctophidae","Triphoturus","Triphoturus mexicanus","No","No","No","None","None","None","Meroplanktonic","No","Lanternfishes"
"772","Eukaryota","Arthropoda","Copepoda","Calanoida","Pontellidae","Labidocera","Labidocera trispinosa","Variable","Variable","Variable","Exoskeleton","Exoskeleton","Chitin + Calcium","Holoplanktonic","No","Copepods"
"773","Eukaryota","Arthropoda","Copepoda","Calanoida","Calanidae","Calanus","Calanus pacificus","Variable","Variable","Variable","Exoskeleton","Exoskeleton","Chitin + Calcium","Holoplanktonic","No","Copepods"
"774","Eukaryota","Arthropoda","Copepoda","Calanoida","Pontellidae","Labidocera","Labidocera trispinosa","Variable","Variable","Variable","Exoskeleton","Exoskeleton","Chitin + Calcium","Holoplanktonic","No","Copepods"
"777","Eukaryota","Arthropoda","Copepoda","Calanoida","Pontellidae","Labidocera",NA,"Variable","Variable","Variable","Exoskeleton","Exoskeleton","Chitin + Calcium","Holoplanktonic","No","Copepods"
"778","Eukaryota","Arthropoda","Copepoda","Calanoida","Lucicutiidae","Lucicutia","Lucicutia flavicornis","Variable","Variable","Variable","Exoskeleton","Exoskeleton","Chitin + Calcium","Holoplanktonic","No","Copepods"
"779","Eukaryota","Arthropoda","Copepoda","Calanoida","Calanidae","Calanus","Calanus pacificus","Variable","Variable","Variable","Exoskeleton","Exoskeleton","Chitin + Calcium","Holoplanktonic","No","Copepods"
"780","Eukaryota","Mollusca","Gastropoda","Nudibranchia","Glaucidae","Hermissenda","Hermissenda opalescens","Variable","Variable","No","External shell","None","Aragonite","Meroplanktonic","No","Shell-less sea slugs"
"781","Eukaryota","Bryozoa","Gymnolaemata","Cheilostomatida","Membraniporidae","Membranipora","Membranipora villosa","Yes","Yes","Yes","External shell","External shell","Calcite","Meroplanktonic","No","Encrusting bryozoans"
"782","Eukaryota","Arthropoda","Copepoda","Calanoida","Pontellidae","Labidocera","Labidocera trispinosa","Variable","Variable","Variable","Exoskeleton","Exoskeleton","Chitin + Calcium","Holoplanktonic","No","Copepods"
"783","Eukaryota","Mollusca","Gastropoda","Nudibranchia","Glaucidae","Hermissenda","Hermissenda crassicornis","Variable","Variable","No","External shell","None","Aragonite","Meroplanktonic","No","Shell-less sea slugs"
"784","Eukaryota","Arthropoda","Copepoda","Calanoida","Eucalanidae","Eucalanus","Eucalanus californicus","Variable","Variable","Variable","Exoskeleton","Exoskeleton","Chitin + Calcium","Holoplanktonic","No","Copepods"
"785","Eukaryota","Arthropoda","Copepoda","Calanoida","Eucalanidae","Eucalanus","Eucalanus californicus","Variable","Variable","Variable","Exoskeleton","Exoskeleton","Chitin + Calcium","Holoplanktonic","No","Copepods"
"786","Eukaryota","Arthropoda","Copepoda","Calanoida","Pontellidae","Labidocera","Labidocera trispinosa","Variable","Variable","Variable","Exoskeleton","Exoskeleton","Chitin + Calcium","Holoplanktonic","No","Copepods"
"788","Eukaryota","Mollusca","Gastropoda","Nudibranchia","Glaucidae","Hermissenda","Hermissenda opalescens","Variable","Variable","No","External shell","None","Aragonite","Meroplanktonic","No","Shell-less sea slugs"
"789","Eukaryota","Arthropoda","Copepoda","Calanoida","Metridinidae","Pleuromamma","Pleuromamma abdominalis","Variable","Variable","Variable","Exoskeleton","Exoskeleton","Chitin + Calcium","Holoplanktonic","No","Copepods"
"790","Eukaryota","Mollusca","Cephalopoda","Octopoda","Octopodidae","Octopus",NA,"Variable","Yes","No","Statoliths","None","Aragonite","Meroplanktonic","No","Octopi"
"792","Eukaryota","Arthropoda","Copepoda","Calanoida","Pontellidae","Labidocera","Labidocera trispinosa","Variable","Variable","Variable","Exoskeleton","Exoskeleton","Chitin + Calcium","Holoplanktonic","No","Copepods"
"794","Eukaryota","Mollusca","Gastropoda","Pteropoda","Creseidae","Styliola","Styliola sp.","Yes","Yes","Yes","External shell","External shell","Aragonite","Holoplanktonic","No","Sea butterflies"
"795","Eukaryota","Arthropoda","Copepoda","Calanoida","Pontellidae","Labidocera","Labidocera trispinosa","Variable","Variable","Variable","Exoskeleton","Exoskeleton","Chitin + Calcium","Holoplanktonic","No","Copepods"
"797","Eukaryota","Arthropoda","Copepoda","Calanoida","Pontellidae","Labidocera","Labidocera trispinosa","Variable","Variable","Variable","Exoskeleton","Exoskeleton","Chitin + Calcium","Holoplanktonic","No","Copepods"
"798","Eukaryota","Arthropoda","Malacostraca","Decapoda","Porcellanidae","Petrolisthes",NA,"Variable","No","Variable","None","Exoskeleton","Calcite","Meroplanktonic","No","Crabs, lobsters, shrimp"
"799","Eukaryota","Arthropoda","Malacostraca","Euphausiacea","Euphausiidae","Nyctiphanes","Nyctiphanes simplex","Variable","No","Variable","None","Exoskeleton","Chitin + Calcium","Holoplanktonic","No","Krill"
"800","Eukaryota","Mollusca","Gastropoda","Nudibranchia","Glaucidae","Hermissenda",NA,"Variable","Variable","No","External shell","None","Aragonite","Meroplanktonic","No","Shell-less sea slugs"
"801","Eukaryota","Arthropoda","Copepoda","Calanoida","Calanidae","Calanus","Calanus pacificus","Variable","Variable","Variable","Exoskeleton","Exoskeleton","Chitin + Calcium","Holoplanktonic","No","Copepods"
"802","Eukaryota","Arthropoda","Copepoda","Calanoida","Eucalanidae","Eucalanus","Eucalanus californicus","Variable","Variable","Variable","Exoskeleton","Exoskeleton","Chitin + Calcium","Holoplanktonic","No","Copepods"
"804","Eukaryota","Arthropoda","Malacostraca","Euphausiacea","Euphausiidae","Nyctiphanes","Nyctiphanes simplex","Variable","No","Variable","None","Exoskeleton","Chitin + Calcium","Holoplanktonic","No","Krill"
"805","Eukaryota","Mollusca","Gastropoda","Nudibranchia","Glaucidae","Hermissenda","Hermissenda opalescens","Variable","Variable","No","External shell","None","Aragonite","Meroplanktonic","No","Shell-less sea slugs"
"807","Eukaryota","Arthropoda","Copepoda","Calanoida","Pontellidae","Labidocera","Labidocera trispinosa","Variable","Variable","Variable","Exoskeleton","Exoskeleton","Chitin + Calcium","Holoplanktonic","No","Copepods"
"810","Eukaryota","Arthropoda","Copepoda","Calanoida","Calanidae","Calanus","Calanus pacificus","Variable","Variable","Variable","Exoskeleton","Exoskeleton","Chitin + Calcium","Holoplanktonic","No","Copepods"
"812","Eukaryota","Mollusca","Gastropoda","Nudibranchia","Glaucidae","Hermissenda","Hermissenda opalescens","Variable","Variable","No","External shell","None","Aragonite","Meroplanktonic","No","Shell-less sea slugs"
"813","Eukaryota","Arthropoda","Copepoda","Calanoida","Pontellidae","Labidocera","Labidocera trispinosa","Variable","Variable","Variable","Exoskeleton","Exoskeleton","Chitin + Calcium","Holoplanktonic","No","Copepods"
"814","Eukaryota","Arthropoda","Copepoda","Calanoida","Eucalanidae","Eucalanus","Eucalanus californicus","Variable","Variable","Variable","Exoskeleton","Exoskeleton","Chitin + Calcium","Holoplanktonic","No","Copepods"
"816","Eukaryota","Chordata","Actinopteri","Argentiniformes","Bathylagidae","Leuroglossus","Leuroglossus stilbius","No","No","No","None","None","None","Meroplanktonic","No","Deep-sea smelts and related fish"
"819","Eukaryota","Arthropoda","Ostracoda","Halocyprida","Halocyprididae","Halocypris","Halocypris inflata","Variable","No","Variable","None","Exoskeleton","Chitin + Calcium","Holoplanktonic","No","Ostracods (seed shrimp)"
"821","Eukaryota","Mollusca","Gastropoda","Nudibranchia","Glaucidae","Hermissenda","Hermissenda opalescens","Variable","Variable","No","External shell","None","Aragonite","Meroplanktonic","No","Shell-less sea slugs"
"822","Eukaryota","Arthropoda","Copepoda","Calanoida","Pontellidae","Labidocera","Labidocera trispinosa","Variable","Variable","Variable","Exoskeleton","Exoskeleton","Chitin + Calcium","Holoplanktonic","No","Copepods"
"824","Eukaryota","Chordata","Actinopteri","Argentiniformes","Bathylagidae","Leuroglossus","Leuroglossus stilbius","No","No","No","None","None","None","Meroplanktonic","No","Deep-sea smelts and related fish"
"825","Eukaryota","Arthropoda","Copepoda","Calanoida","Pontellidae","Labidocera","Labidocera trispinosa","Variable","Variable","Variable","Exoskeleton","Exoskeleton","Chitin + Calcium","Holoplanktonic","No","Copepods"
"827","Eukaryota","Arthropoda","Copepoda","Poecilostomatoida","Corycaeidae","Farranula",NA,"Variable","Variable","Variable","Exoskeleton","Exoskeleton","Chitin + Calcium","Holoplanktonic","No","Parasitic or predatory copepods"
"828","Eukaryota","Arthropoda","Copepoda","Calanoida","Calanidae","Calanus","Calanus pacificus","Variable","Variable","Variable","Exoskeleton","Exoskeleton","Chitin + Calcium","Holoplanktonic","No","Copepods"
"829","Eukaryota","Arthropoda","Ostracoda","Halocyprida","Halocyprididae","Conchoecia","Conchoecia magna","Variable","No","Variable","None","Exoskeleton","Chitin + Calcium","Holoplanktonic","No","Ostracods (seed shrimp)"
"831","Eukaryota","Echinodermata","Echinoidea","Temnopleuroida","Toxopneustidae","Lytechinus","Lytechinus pictus","Yes","Yes","Yes","Internal skeleton","Exoskeleton","Calcite","Meroplanktonic","No","Short-spined sea urchins"
"832","Eukaryota","Arthropoda","Copepoda","Calanoida","Eucalanidae","Eucalanus","Eucalanus californicus","Variable","Variable","Variable","Exoskeleton","Exoskeleton","Chitin + Calcium","Holoplanktonic","No","Copepods"
"834","Eukaryota","Mollusca","Gastropoda","Nudibranchia","Glaucidae","Hermissenda",NA,"Variable","Variable","No","External shell","None","Aragonite","Meroplanktonic","No","Shell-less sea slugs"
"835","Eukaryota","Arthropoda","Copepoda","Calanoida","Euchaetidae","Euchaeta","Euchaeta marina","Variable","Variable","Variable","Exoskeleton","Exoskeleton","Chitin + Calcium","Holoplanktonic","No","Copepods"
"837","Eukaryota","Arthropoda","Copepoda","Calanoida","Calanidae","Calanus","Calanus pacificus","Variable","Variable","Variable","Exoskeleton","Exoskeleton","Chitin + Calcium","Holoplanktonic","No","Copepods"
"838","Eukaryota","Annelida","Polychaeta","Phyllodocida","Polynoidae",NA,NA,"No","No","No","None","None","None","Benthic + Meroplanktonic","No","Active marine polychaetes"
"839","Eukaryota","Arthropoda","Malacostraca","Decapoda","Hippolytidae","Lysmata","Lysmata californica","Variable","No","Variable","None","Exoskeleton","Calcite","Meroplanktonic","No","Crabs, lobsters, shrimp"
"840","Eukaryota","Arthropoda","Copepoda","Calanoida","Calanidae","Calanus","Calanus pacificus","Variable","Variable","Variable","Exoskeleton","Exoskeleton","Chitin + Calcium","Holoplanktonic","No","Copepods"
"841","Eukaryota","Arthropoda","Copepoda","Calanoida","Pontellidae","Labidocera","Labidocera trispinosa","Variable","Variable","Variable","Exoskeleton","Exoskeleton","Chitin + Calcium","Holoplanktonic","No","Copepods"
"842","Eukaryota","Arthropoda","Copepoda","Calanoida","Pontellidae","Labidocera","Labidocera trispinosa","Variable","Variable","Variable","Exoskeleton","Exoskeleton","Chitin + Calcium","Holoplanktonic","No","Copepods"
"845","Eukaryota","Arthropoda","Copepoda","Calanoida","Pontellidae","Labidocera","Labidocera trispinosa","Variable","Variable","Variable","Exoskeleton","Exoskeleton","Chitin + Calcium","Holoplanktonic","No","Copepods"
"846","Eukaryota","Arthropoda","Copepoda","Calanoida","Pontellidae","Labidocera","Labidocera trispinosa","Variable","Variable","Variable","Exoskeleton","Exoskeleton","Chitin + Calcium","Holoplanktonic","No","Copepods"
"847","Eukaryota","Mollusca","Gastropoda","Nudibranchia","Glaucidae","Hermissenda","Hermissenda opalescens","Variable","Variable","No","External shell","None","Aragonite","Meroplanktonic","No","Shell-less sea slugs"
"849","Eukaryota","Arthropoda","Copepoda","Calanoida","Pontellidae","Labidocera","Labidocera trispinosa","Variable","Variable","Variable","Exoskeleton","Exoskeleton","Chitin + Calcium","Holoplanktonic","No","Copepods"
"850","Eukaryota","Arthropoda","Copepoda","Calanoida","Paracalanidae","Paracalanus",NA,"Variable","Variable","Variable","Exoskeleton","Exoskeleton","Chitin + Calcium","Holoplanktonic","No","Copepods"
"851","Eukaryota","Arthropoda","Copepoda","Calanoida","Mecynoceridae","Mecynocera","Mecynocera clausi","Variable","Variable","Variable","Exoskeleton","Exoskeleton","Chitin + Calcium","Holoplanktonic","No","Copepods"
"854","Eukaryota","Chordata","Actinopteri","Argentiniformes","Bathylagidae","Leuroglossus","Leuroglossus stilbius","No","No","No","None","None","None","Meroplanktonic","No","Deep-sea smelts and related fish"
"855","Eukaryota","Annelida","Polychaeta","Phyllodocida","Polynoidae",NA,NA,"No","No","No","None","None","None","Benthic + Meroplanktonic","No","Active marine polychaetes"
"856","Eukaryota","Arthropoda","Copepoda","Calanoida","Pontellidae","Labidocera","Labidocera trispinosa","Variable","Variable","Variable","Exoskeleton","Exoskeleton","Chitin + Calcium","Holoplanktonic","No","Copepods"
"857","Eukaryota","Arthropoda","Copepoda","Calanoida","Pontellidae","Labidocera","Labidocera trispinosa","Variable","Variable","Variable","Exoskeleton","Exoskeleton","Chitin + Calcium","Holoplanktonic","No","Copepods"
"858","Eukaryota","Arthropoda","Copepoda","Calanoida","Pontellidae","Labidocera","Labidocera trispinosa","Variable","Variable","Variable","Exoskeleton","Exoskeleton","Chitin + Calcium","Holoplanktonic","No","Copepods"
"859","Eukaryota","Arthropoda","Malacostraca","Euphausiacea","Euphausiidae","Nyctiphanes","Nyctiphanes simplex","Variable","No","Variable","None","Exoskeleton","Chitin + Calcium","Holoplanktonic","No","Krill"
"860","Eukaryota","Arthropoda","Copepoda","Calanoida","Calanidae","Calanus","Calanus pacificus","Variable","Variable","Variable","Exoskeleton","Exoskeleton","Chitin + Calcium","Holoplanktonic","No","Copepods"
"861","Eukaryota","Echinodermata","Ophiuroidea","Amphilepidida","Ophiocomidae","Ophiopteris","Ophiopteris papillosa","Yes","Yes","Yes","Internal skeleton","Internal skeleton","Calcite","Meroplanktonic","No","Brittle stars"
"864","Eukaryota","Mollusca","Gastropoda","Pteropoda","Creseidae","Styliola","Styliola sp.","Yes","Yes","Yes","External shell","External shell","Aragonite","Holoplanktonic","No","Sea butterflies"
"865","Eukaryota","Arthropoda","Copepoda","Calanoida","Acartiidae","Acartia","Acartia californiensis","Variable","Variable","Variable","Exoskeleton","Exoskeleton","Chitin + Calcium","Holoplanktonic","No","Copepods"
"866","Eukaryota","Arthropoda","Ostracoda","Halocyprida","Halocyprididae","Discoconchoecia","Discoconchoecia sp. S8_D6","Variable","No","Variable","None","Exoskeleton","Chitin + Calcium","Holoplanktonic","No","Ostracods (seed shrimp)"
"867","Eukaryota","Echinodermata","Echinoidea","Temnopleuroida","Toxopneustidae","Lytechinus","Lytechinus pictus","Yes","Yes","Yes","Internal skeleton","Exoskeleton","Calcite","Meroplanktonic","No","Short-spined sea urchins"
"869","Eukaryota","Arthropoda","Copepoda","Calanoida","Candaciidae","Candacia","Candacia bipinnata","Variable","Variable","Variable","Exoskeleton","Exoskeleton","Chitin + Calcium","Holoplanktonic","No","Copepods"
"873","Eukaryota","Arthropoda","Copepoda","Calanoida","Calanidae","Calanus","Calanus pacificus","Variable","Variable","Variable","Exoskeleton","Exoskeleton","Chitin + Calcium","Holoplanktonic","No","Copepods"
"874","Eukaryota","Mollusca","Gastropoda","Littorinimorpha","Atlantidae","Atlanta","Atlanta sp. USNM IZ 1230636","Yes","Yes","Yes","External shell","External shell","Aragonite/Calcite","Meroplanktonic","No","Periwinkles and related snails"
"875","Eukaryota","Arthropoda","Copepoda","Calanoida","Calanidae","Calanus","Calanus pacificus","Variable","Variable","Variable","Exoskeleton","Exoskeleton","Chitin + Calcium","Holoplanktonic","No","Copepods"
"876","Eukaryota","Chordata","Actinopteri","Myctophiformes","Myctophidae","Nannobrachium","Nannobrachium ritteri","No","No","No","None","None","None","Meroplanktonic","No","Lanternfishes"
"878","Eukaryota","Arthropoda","Thecostraca","Balanomorpha","Chthamalidae","Chthamalus","Chthamalus fissus","Yes","Yes","Yes","External shell","External shell","Calcite","Meroplanktonic","No","Barnacles"
"879","Eukaryota","Arthropoda","Malacostraca","Euphausiacea","Euphausiidae","Euphausia","Euphausia pacifica","Variable","No","Variable","None","Exoskeleton","Chitin + Calcium","Holoplanktonic","No","Krill"
"880","Eukaryota","Chordata","Actinopteri","Argentiniformes","Bathylagidae","Leuroglossus","Leuroglossus stilbius","No","No","No","None","None","None","Meroplanktonic","No","Deep-sea smelts and related fish"
"881","Eukaryota","Arthropoda","Copepoda","Calanoida","Pontellidae","Labidocera","Labidocera trispinosa","Variable","Variable","Variable","Exoskeleton","Exoskeleton","Chitin + Calcium","Holoplanktonic","No","Copepods"
"883","Eukaryota","Arthropoda","Copepoda","Calanoida","Pontellidae","Labidocera","Labidocera trispinosa","Variable","Variable","Variable","Exoskeleton","Exoskeleton","Chitin + Calcium","Holoplanktonic","No","Copepods"
"886","Eukaryota","Arthropoda","Copepoda","Calanoida","Pontellidae","Labidocera","Labidocera trispinosa","Variable","Variable","Variable","Exoskeleton","Exoskeleton","Chitin + Calcium","Holoplanktonic","No","Copepods"
"888","Eukaryota","Mollusca","Gastropoda","Nudibranchia","Glaucidae","Hermissenda","Hermissenda opalescens","Variable","Variable","No","External shell","None","Aragonite","Meroplanktonic","No","Shell-less sea slugs"
"892","Eukaryota","Arthropoda","Copepoda","Calanoida","Pontellidae","Labidocera","Labidocera trispinosa","Variable","Variable","Variable","Exoskeleton","Exoskeleton","Chitin + Calcium","Holoplanktonic","No","Copepods"
"893","Eukaryota","Arthropoda","Copepoda","Calanoida","Eucalanidae","Eucalanus","Eucalanus californicus","Variable","Variable","Variable","Exoskeleton","Exoskeleton","Chitin + Calcium","Holoplanktonic","No","Copepods"
"894","Eukaryota","Arthropoda","Copepoda","Calanoida","Calanidae","Calanus","Calanus pacificus","Variable","Variable","Variable","Exoskeleton","Exoskeleton","Chitin + Calcium","Holoplanktonic","No","Copepods"
"895","Eukaryota","Arthropoda","Malacostraca","Decapoda","Cancridae","Romaleon",NA,"Variable","No","Variable","None","Exoskeleton","Calcite","Meroplanktonic","No","Crabs, lobsters, shrimp"
"896","Eukaryota","Arthropoda","Copepoda","Calanoida","Calanidae","Calanus","Calanus pacificus","Variable","Variable","Variable","Exoskeleton","Exoskeleton","Chitin + Calcium","Holoplanktonic","No","Copepods"
"898","Eukaryota","Echinodermata","Echinoidea","Clypeasteroida","Dendrasteridae","Dendraster","Dendraster excentricus","Yes","Yes","Yes","Exoskeleton","Exoskeleton","Calcite","Meroplanktonic","No","Sand dollars"
"899","Eukaryota","Arthropoda","Copepoda","Calanoida","Clausocalanidae","Clausocalanus","Clausocalanus parapergens","Variable","Variable","Variable","Exoskeleton","Exoskeleton","Chitin + Calcium","Holoplanktonic","No","Copepods"
"900","Eukaryota","Arthropoda","Copepoda","Calanoida","Pontellidae","Labidocera","Labidocera trispinosa","Variable","Variable","Variable","Exoskeleton","Exoskeleton","Chitin + Calcium","Holoplanktonic","No","Copepods"
"901","Eukaryota","Mollusca","Gastropoda","Nudibranchia","Glaucidae","Hermissenda","Hermissenda opalescens","Variable","Variable","No","External shell","None","Aragonite","Meroplanktonic","No","Shell-less sea slugs"
"902","Eukaryota","Arthropoda","Malacostraca","Euphausiacea","Euphausiidae","Stylocheiron","Stylocheiron longicorne","Variable","No","Variable","None","Exoskeleton","Chitin + Calcium","Holoplanktonic","No","Krill"
"903","Eukaryota","Mollusca","Gastropoda","Nudibranchia","Glaucidae","Hermissenda","Hermissenda opalescens","Variable","Variable","No","External shell","None","Aragonite","Meroplanktonic","No","Shell-less sea slugs"
"904","Eukaryota","Arthropoda","Copepoda","Calanoida","Pontellidae","Labidocera","Labidocera trispinosa","Variable","Variable","Variable","Exoskeleton","Exoskeleton","Chitin + Calcium","Holoplanktonic","No","Copepods"
"906","Eukaryota","Mollusca","Gastropoda","Nudibranchia","Glaucidae","Hermissenda","Hermissenda opalescens","Variable","Variable","No","External shell","None","Aragonite","Meroplanktonic","No","Shell-less sea slugs"
"908","Eukaryota","Arthropoda","Copepoda","Calanoida","Pontellidae","Labidocera","Labidocera trispinosa","Variable","Variable","Variable","Exoskeleton","Exoskeleton","Chitin + Calcium","Holoplanktonic","No","Copepods"
"909","Eukaryota","Arthropoda","Copepoda","Calanoida","Eucalanidae","Eucalanus","Eucalanus californicus","Variable","Variable","Variable","Exoskeleton","Exoskeleton","Chitin + Calcium","Holoplanktonic","No","Copepods"
"911","Eukaryota","Arthropoda","Malacostraca","Decapoda","Porcellanidae",NA,NA,"Variable","No","Variable","None","Exoskeleton","Calcite","Meroplanktonic","No","Crabs, lobsters, shrimp"
"913","Eukaryota","Arthropoda","Copepoda","Calanoida","Pontellidae","Labidocera","Labidocera trispinosa","Variable","Variable","Variable","Exoskeleton","Exoskeleton","Chitin + Calcium","Holoplanktonic","No","Copepods"
"915","Eukaryota","Arthropoda","Copepoda","Calanoida","Pontellidae","Labidocera","Labidocera trispinosa","Variable","Variable","Variable","Exoskeleton","Exoskeleton","Chitin + Calcium","Holoplanktonic","No","Copepods"
"916","Eukaryota","Arthropoda","Copepoda","Calanoida","Calanidae","Calanus","Calanus pacificus","Variable","Variable","Variable","Exoskeleton","Exoskeleton","Chitin + Calcium","Holoplanktonic","No","Copepods"
"918","Eukaryota","Arthropoda","Copepoda","Calanoida","Pontellidae","Labidocera","Labidocera trispinosa","Variable","Variable","Variable","Exoskeleton","Exoskeleton","Chitin + Calcium","Holoplanktonic","No","Copepods"
"920","Eukaryota","Chordata","Actinopteri","Myctophiformes","Myctophidae",NA,NA,"No","No","No","None","None","None","Meroplanktonic","No","Lanternfishes"
"921","Eukaryota","Arthropoda","Copepoda","Calanoida","Eucalanidae","Eucalanus","Eucalanus californicus","Variable","Variable","Variable","Exoskeleton","Exoskeleton","Chitin + Calcium","Holoplanktonic","No","Copepods"
"922","Eukaryota","Arthropoda","Malacostraca","Decapoda","Cancridae",NA,NA,"Variable","No","Variable","None","Exoskeleton","Calcite","Meroplanktonic","No","Crabs, lobsters, shrimp"
"923","Eukaryota","Arthropoda","Copepoda","Calanoida","Pontellidae","Labidocera",NA,"Variable","Variable","Variable","Exoskeleton","Exoskeleton","Chitin + Calcium","Holoplanktonic","No","Copepods"
"924","Eukaryota","Echinodermata","Ophiuroidea","Amphilepidida","Ophiotrichidae","Ophiothrix","Ophiothrix spiculata","Yes","Yes","Yes","Internal skeleton","Internal skeleton","Calcite","Meroplanktonic","No","Brittle stars"
"925","Eukaryota","Chordata","Actinopteri","Myctophiformes","Myctophidae","Stenobrachius","Stenobrachius leucopsarus","No","No","No","None","None","None","Meroplanktonic","No","Lanternfishes"
"926","Eukaryota","Mollusca","Gastropoda","Nudibranchia","Glaucidae","Hermissenda","Hermissenda opalescens","Variable","Variable","No","External shell","None","Aragonite","Meroplanktonic","No","Shell-less sea slugs"
"927","Eukaryota","Arthropoda","Copepoda","Calanoida","Pontellidae","Labidocera","Labidocera trispinosa","Variable","Variable","Variable","Exoskeleton","Exoskeleton","Chitin + Calcium","Holoplanktonic","No","Copepods"
"929","Eukaryota","Bryozoa","Gymnolaemata","Cheilostomatida","Membraniporidae",NA,NA,"Yes","Yes","Yes","External shell","External shell","Calcite","Meroplanktonic","No","Encrusting bryozoans"
"930","Eukaryota","Arthropoda","Copepoda","Calanoida","Eucalanidae","Eucalanus","Eucalanus californicus","Variable","Variable","Variable","Exoskeleton","Exoskeleton","Chitin + Calcium","Holoplanktonic","No","Copepods"
"932","Eukaryota","Arthropoda","Malacostraca","Decapoda","Xanthidae",NA,NA,"Variable","No","Variable","None","Exoskeleton","Calcite","Meroplanktonic","No","Crabs, lobsters, shrimp"
"933","Eukaryota","Arthropoda","Copepoda","Calanoida","Acartiidae","Acartia","Acartia californiensis","Variable","Variable","Variable","Exoskeleton","Exoskeleton","Chitin + Calcium","Holoplanktonic","No","Copepods"
"934","Eukaryota","Chordata","Actinopteri","Argentiniformes","Bathylagidae","Leuroglossus","Leuroglossus stilbius","No","No","No","None","None","None","Meroplanktonic","No","Deep-sea smelts and related fish"
"935","Eukaryota","Arthropoda","Copepoda","Calanoida","Calanidae","Calanus","Calanus pacificus","Variable","Variable","Variable","Exoskeleton","Exoskeleton","Chitin + Calcium","Holoplanktonic","No","Copepods"
"936","Eukaryota","Mollusca","Gastropoda","Nudibranchia","Glaucidae","Hermissenda","Hermissenda opalescens","Variable","Variable","No","External shell","None","Aragonite","Meroplanktonic","No","Shell-less sea slugs"
"937","Eukaryota","Mollusca","Gastropoda","Nudibranchia","Glaucidae","Hermissenda","Hermissenda opalescens","Variable","Variable","No","External shell","None","Aragonite","Meroplanktonic","No","Shell-less sea slugs"
"938","Eukaryota","Arthropoda","Copepoda","Calanoida","Calanidae","Calanus","Calanus pacificus","Variable","Variable","Variable","Exoskeleton","Exoskeleton","Chitin + Calcium","Holoplanktonic","No","Copepods"
"939","Eukaryota","Arthropoda","Copepoda","Calanoida","Pontellidae","Labidocera","Labidocera trispinosa","Variable","Variable","Variable","Exoskeleton","Exoskeleton","Chitin + Calcium","Holoplanktonic","No","Copepods"
"940","Eukaryota","Arthropoda","Copepoda","Calanoida","Pontellidae","Labidocera","Labidocera trispinosa","Variable","Variable","Variable","Exoskeleton","Exoskeleton","Chitin + Calcium","Holoplanktonic","No","Copepods"
"942","Eukaryota","Arthropoda","Copepoda","Calanoida","Calanidae","Calanus","Calanus pacificus","Variable","Variable","Variable","Exoskeleton","Exoskeleton","Chitin + Calcium","Holoplanktonic","No","Copepods"
"945","Eukaryota","Arthropoda","Ostracoda","Halocyprida","Halocyprididae",NA,NA,"Variable","No","Variable","None","Exoskeleton","Chitin + Calcium","Holoplanktonic","No","Ostracods (seed shrimp)"
"947","Eukaryota","Arthropoda","Copepoda","Calanoida","Scolecitrichidae","Scolecithricella","Scolecithricella dentata","Variable","Variable","Variable","Exoskeleton","Exoskeleton","Chitin + Calcium","Holoplanktonic","No","Copepods"
"948","Eukaryota","Arthropoda","Copepoda","Calanoida","Pontellidae","Labidocera","Labidocera trispinosa","Variable","Variable","Variable","Exoskeleton","Exoskeleton","Chitin + Calcium","Holoplanktonic","No","Copepods"
"949","Eukaryota","Arthropoda","Copepoda","Calanoida","Pontellidae","Labidocera","Labidocera trispinosa","Variable","Variable","Variable","Exoskeleton","Exoskeleton","Chitin + Calcium","Holoplanktonic","No","Copepods"
"953","Eukaryota","Arthropoda","Copepoda","Calanoida","Eucalanidae","Eucalanus","Eucalanus californicus","Variable","Variable","Variable","Exoskeleton","Exoskeleton","Chitin + Calcium","Holoplanktonic","No","Copepods"
"954","Eukaryota","Arthropoda","Copepoda","Calanoida","Calanidae",NA,NA,"Variable","Variable","Variable","Exoskeleton","Exoskeleton","Chitin + Calcium","Holoplanktonic","No","Copepods"
"955","Eukaryota","Cnidaria","Hydrozoa","Siphonophorae","Diphyidae","Diphyes","Diphyes sp. HAW01","No","No","No","None","None","None","Holoplanktonic","No","Colonial hydrozoans (e.g., Portuguese man o' war)"
"956","Eukaryota","Arthropoda","Copepoda","Calanoida","Calanidae","Calanus","Calanus pacificus","Variable","Variable","Variable","Exoskeleton","Exoskeleton","Chitin + Calcium","Holoplanktonic","No","Copepods"
"957","Eukaryota","Arthropoda","Copepoda","Calanoida","Euchaetidae","Euchaeta","Euchaeta marina","Variable","Variable","Variable","Exoskeleton","Exoskeleton","Chitin + Calcium","Holoplanktonic","No","Copepods"
"958","Eukaryota","Arthropoda","Copepoda","Calanoida","Clausocalanidae","Clausocalanus",NA,"Variable","Variable","Variable","Exoskeleton","Exoskeleton","Chitin + Calcium","Holoplanktonic","No","Copepods"
"959","Eukaryota","Arthropoda","Copepoda","Calanoida","Acartiidae","Acartia","Acartia tonsa","Variable","Variable","Variable","Exoskeleton","Exoskeleton","Chitin + Calcium","Holoplanktonic","No","Copepods"
"960","Eukaryota","Arthropoda","Copepoda","Calanoida","Eucalanidae","Eucalanus","Eucalanus californicus","Variable","Variable","Variable","Exoskeleton","Exoskeleton","Chitin + Calcium","Holoplanktonic","No","Copepods"
"961","Eukaryota","Arthropoda","Copepoda","Calanoida","Pontellidae","Labidocera","Labidocera trispinosa","Variable","Variable","Variable","Exoskeleton","Exoskeleton","Chitin + Calcium","Holoplanktonic","No","Copepods"
"962","Eukaryota","Arthropoda","Copepoda","Calanoida","Eucalanidae","Eucalanus","Eucalanus californicus","Variable","Variable","Variable","Exoskeleton","Exoskeleton","Chitin + Calcium","Holoplanktonic","No","Copepods"
"964","Eukaryota","Mollusca","Gastropoda","Nudibranchia","Glaucidae","Hermissenda","Hermissenda opalescens","Variable","Variable","No","External shell","None","Aragonite","Meroplanktonic","No","Shell-less sea slugs"
"965","Eukaryota","Arthropoda","Copepoda","Calanoida","Temoridae","Temora","Temora discaudata","Variable","Variable","Variable","Exoskeleton","Exoskeleton","Chitin + Calcium","Holoplanktonic","No","Copepods"
"966","Eukaryota","Arthropoda","Copepoda","Calanoida","Eucalanidae","Eucalanus","Eucalanus californicus","Variable","Variable","Variable","Exoskeleton","Exoskeleton","Chitin + Calcium","Holoplanktonic","No","Copepods"
"967","Eukaryota","Arthropoda","Malacostraca","Decapoda","Cancridae",NA,NA,"Variable","No","Variable","None","Exoskeleton","Calcite","Meroplanktonic","No","Crabs, lobsters, shrimp"
"968","Eukaryota","Arthropoda","Ostracoda","Halocyprida","Halocyprididae","Mikroconchoecia","Mikroconchoecia sp. Os099_1_3","Variable","No","Variable","None","Exoskeleton","Chitin + Calcium","Holoplanktonic","No","Ostracods (seed shrimp)"
"969","Eukaryota","Arthropoda","Copepoda","Calanoida","Eucalanidae","Eucalanus","Eucalanus californicus","Variable","Variable","Variable","Exoskeleton","Exoskeleton","Chitin + Calcium","Holoplanktonic","No","Copepods"
"970","Eukaryota","Arthropoda","Ostracoda","Halocyprida","Halocyprididae","Proceroecia","Proceroecia procera","Variable","No","Variable","None","Exoskeleton","Chitin + Calcium","Holoplanktonic","No","Ostracods (seed shrimp)"
"971","Eukaryota","Arthropoda","Copepoda","Calanoida","Calanidae","Calanus","Calanus pacificus","Variable","Variable","Variable","Exoskeleton","Exoskeleton","Chitin + Calcium","Holoplanktonic","No","Copepods"
"973","Eukaryota","Mollusca","Gastropoda","Nudibranchia","Glaucidae","Hermissenda","Hermissenda opalescens","Variable","Variable","No","External shell","None","Aragonite","Meroplanktonic","No","Shell-less sea slugs"
"976","Eukaryota","Arthropoda","Copepoda","Calanoida","Eucalanidae","Eucalanus","Eucalanus californicus","Variable","Variable","Variable","Exoskeleton","Exoskeleton","Chitin + Calcium","Holoplanktonic","No","Copepods"
"978","Eukaryota","Arthropoda","Copepoda","Calanoida","Pontellidae","Labidocera","Labidocera trispinosa","Variable","Variable","Variable","Exoskeleton","Exoskeleton","Chitin + Calcium","Holoplanktonic","No","Copepods"
"979","Eukaryota","Arthropoda","Copepoda","Calanoida","Calanidae","Calanus","Calanus pacificus","Variable","Variable","Variable","Exoskeleton","Exoskeleton","Chitin + Calcium","Holoplanktonic","No","Copepods"
"980","Eukaryota","Arthropoda","Copepoda","Calanoida","Eucalanidae","Eucalanus","Eucalanus californicus","Variable","Variable","Variable","Exoskeleton","Exoskeleton","Chitin + Calcium","Holoplanktonic","No","Copepods"
"981","Eukaryota","Arthropoda","Ostracoda","Halocyprida","Halocyprididae","Halocypris","Halocypris inflata","Variable","No","Variable","None","Exoskeleton","Chitin + Calcium","Holoplanktonic","No","Ostracods (seed shrimp)"
"983","Eukaryota","Chordata","Actinopteri","Argentiniformes","Bathylagidae","Leuroglossus","Leuroglossus stilbius","No","No","No","None","None","None","Meroplanktonic","No","Deep-sea smelts and related fish"
"984","Eukaryota","Arthropoda","Copepoda","Calanoida","Pontellidae","Labidocera","Labidocera trispinosa","Variable","Variable","Variable","Exoskeleton","Exoskeleton","Chitin + Calcium","Holoplanktonic","No","Copepods"
"985","Eukaryota","Arthropoda","Copepoda","Calanoida","Pontellidae","Labidocera","Labidocera trispinosa","Variable","Variable","Variable","Exoskeleton","Exoskeleton","Chitin + Calcium","Holoplanktonic","No","Copepods"
"986","Eukaryota","Arthropoda","Ostracoda","Halocyprida","Halocyprididae","Conchoecia","Conchoecia magna","Variable","No","Variable","None","Exoskeleton","Chitin + Calcium","Holoplanktonic","No","Ostracods (seed shrimp)"
"988","Eukaryota","Arthropoda","Malacostraca","Euphausiacea","Euphausiidae","Hansarsia",NA,"Variable","No","Variable","None","Exoskeleton","Chitin + Calcium","Holoplanktonic","No","Krill"
"989","Eukaryota","Arthropoda","Copepoda","Calanoida","Eucalanidae","Eucalanus","Eucalanus californicus","Variable","Variable","Variable","Exoskeleton","Exoskeleton","Chitin + Calcium","Holoplanktonic","No","Copepods"
"991","Eukaryota","Arthropoda","Copepoda","Calanoida","Pontellidae","Labidocera","Labidocera trispinosa","Variable","Variable","Variable","Exoskeleton","Exoskeleton","Chitin + Calcium","Holoplanktonic","No","Copepods"
"992","Eukaryota","Arthropoda","Copepoda","Calanoida","Metridinidae","Pleuromamma","Pleuromamma abdominalis","Variable","Variable","Variable","Exoskeleton","Exoskeleton","Chitin + Calcium","Holoplanktonic","No","Copepods"
"993","Eukaryota","Arthropoda","Ostracoda","Halocyprida","Halocyprididae","Porroecia","Porroecia sp. S9_F12","Variable","No","Variable","None","Exoskeleton","Chitin + Calcium","Holoplanktonic","No","Ostracods (seed shrimp)"
"995","Eukaryota","Arthropoda","Copepoda","Calanoida","Eucalanidae","Eucalanus","Eucalanus californicus","Variable","Variable","Variable","Exoskeleton","Exoskeleton","Chitin + Calcium","Holoplanktonic","No","Copepods"
"996","Eukaryota","Arthropoda","Copepoda","Calanoida","Pontellidae","Labidocera","Labidocera trispinosa","Variable","Variable","Variable","Exoskeleton","Exoskeleton","Chitin + Calcium","Holoplanktonic","No","Copepods"
"997","Eukaryota","Arthropoda","Copepoda","Calanoida","Eucalanidae","Eucalanus","Eucalanus californicus","Variable","Variable","Variable","Exoskeleton","Exoskeleton","Chitin + Calcium","Holoplanktonic","No","Copepods"
"998","Eukaryota","Echinodermata","Echinoidea","Temnopleuroida","Toxopneustidae","Lytechinus","Lytechinus pictus","Yes","Yes","Yes","Internal skeleton","Exoskeleton","Calcite","Meroplanktonic","No","Short-spined sea urchins"
"999","Eukaryota","Arthropoda","Copepoda","Calanoida","Eucalanidae","Eucalanus","Eucalanus californicus","Variable","Variable","Variable","Exoskeleton","Exoskeleton","Chitin + Calcium","Holoplanktonic","No","Copepods"
"1000","Eukaryota","Arthropoda","Copepoda","Calanoida","Eucalanidae","Eucalanus","Eucalanus californicus","Variable","Variable","Variable","Exoskeleton","Exoskeleton","Chitin + Calcium","Holoplanktonic","No","Copepods"
"1001","Eukaryota","Arthropoda","Copepoda","Calanoida","Calanidae","Calanus","Calanus pacificus","Variable","Variable","Variable","Exoskeleton","Exoskeleton","Chitin + Calcium","Holoplanktonic","No","Copepods"
"1002","Eukaryota","Arthropoda","Ostracoda","Halocyprida","Halocyprididae","Discoconchoecia",NA,"Variable","No","Variable","None","Exoskeleton","Chitin + Calcium","Holoplanktonic","No","Ostracods (seed shrimp)"
"1005","Eukaryota","Chordata","Actinopteri","Sciaenidae","Sciaenidae","Genyonemus","Genyonemus lineatus","No","No","No","None","None","None","Meroplanktonic","No","Drums and croakers (marine fish)"
"1008","Eukaryota","Arthropoda","Malacostraca","Euphausiacea","Euphausiidae","Euphausia","Euphausia pacifica","Variable","No","Variable","None","Exoskeleton","Chitin + Calcium","Holoplanktonic","No","Krill"
"1009","Eukaryota","Arthropoda","Copepoda","Calanoida","Pontellidae","Labidocera","Labidocera trispinosa","Variable","Variable","Variable","Exoskeleton","Exoskeleton","Chitin + Calcium","Holoplanktonic","No","Copepods"
"1011","Eukaryota","Arthropoda","Ostracoda","Halocyprida","Halocyprididae","Porroecia",NA,"Variable","No","Variable","None","Exoskeleton","Chitin + Calcium","Holoplanktonic","No","Ostracods (seed shrimp)"
"1012","Eukaryota","Echinodermata","Echinoidea","Temnopleuroida","Toxopneustidae","Lytechinus","Lytechinus pictus","Yes","Yes","Yes","Internal skeleton","Exoskeleton","Calcite","Meroplanktonic","No","Short-spined sea urchins"
"1013","Eukaryota","Arthropoda","Copepoda","Calanoida","Calanidae","Calanus","Calanus pacificus","Variable","Variable","Variable","Exoskeleton","Exoskeleton","Chitin + Calcium","Holoplanktonic","No","Copepods"
"1014","Eukaryota","Arthropoda","Copepoda","Calanoida","Pontellidae","Labidocera","Labidocera trispinosa","Variable","Variable","Variable","Exoskeleton","Exoskeleton","Chitin + Calcium","Holoplanktonic","No","Copepods"
"1017","Eukaryota","Mollusca","Gastropoda","Cephalaspidea","Philinidae","Philine",NA,"Variable","Yes","Yes","External shell","External shell","Aragonite","Meroplanktonic","No","Bubble snails"
"1018","Eukaryota","Cnidaria","Hydrozoa","Siphonophorae","Diphyidae","Lensia","Lensia campanella","No","No","No","None","None","None","Holoplanktonic","No","Colonial hydrozoans (e.g., Portuguese man o' war)"
"1021","Eukaryota","Arthropoda","Copepoda","Calanoida","Pontellidae","Labidocera","Labidocera trispinosa","Variable","Variable","Variable","Exoskeleton","Exoskeleton","Chitin + Calcium","Holoplanktonic","No","Copepods"
"1022","Eukaryota","Arthropoda","Copepoda","Calanoida","Eucalanidae","Eucalanus","Eucalanus californicus","Variable","Variable","Variable","Exoskeleton","Exoskeleton","Chitin + Calcium","Holoplanktonic","No","Copepods"
"1023","Eukaryota","Echinodermata","Echinoidea","Temnopleuroida","Toxopneustidae","Lytechinus","Lytechinus pictus","Yes","Yes","Yes","Internal skeleton","Exoskeleton","Calcite","Meroplanktonic","No","Short-spined sea urchins"
"1024","Eukaryota","Mollusca","Gastropoda","Nudibranchia","Glaucidae","Hermissenda","Hermissenda opalescens","Variable","Variable","No","External shell","None","Aragonite","Meroplanktonic","No","Shell-less sea slugs"
"1025","Eukaryota","Cnidaria","Hydrozoa","Trachymedusae","Halicreatidae",NA,NA,"No","No","No","None","None","None","Holoplanktonic","No","Deep-sea jellyfish"
"1026","Eukaryota","Arthropoda","Copepoda","Calanoida","Metridinidae","Metridia","Metridia lucens","Variable","Variable","Variable","Exoskeleton","Exoskeleton","Chitin + Calcium","Holoplanktonic","No","Copepods"
"1027","Eukaryota","Annelida","Polychaeta","Spionida","Spionidae",NA,NA,"No","No","No","None","None","None","Benthic + Meroplanktonic","No","Marine worms (sediment burrowers)"
"1028","Eukaryota","Echinodermata","Echinoidea","Clypeasteroida","Dendrasteridae","Dendraster","Dendraster excentricus","Yes","Yes","Yes","Exoskeleton","Exoskeleton","Calcite","Meroplanktonic","No","Sand dollars"
"1029","Eukaryota","Arthropoda","Copepoda","Calanoida","Pontellidae","Labidocera","Labidocera trispinosa","Variable","Variable","Variable","Exoskeleton","Exoskeleton","Chitin + Calcium","Holoplanktonic","No","Copepods"
"1030","Eukaryota","Arthropoda","Copepoda","Calanoida","Pontellidae","Labidocera","Labidocera trispinosa","Variable","Variable","Variable","Exoskeleton","Exoskeleton","Chitin + Calcium","Holoplanktonic","No","Copepods"
"1032","Eukaryota","Arthropoda","Copepoda","Calanoida","Calanidae","Calanus","Calanus pacificus","Variable","Variable","Variable","Exoskeleton","Exoskeleton","Chitin + Calcium","Holoplanktonic","No","Copepods"
"1034","Eukaryota","Arthropoda","Malacostraca","Decapoda","Pinnotheridae","Pinnixa","Pinnixa franciscana","Variable","No","Variable","None","Exoskeleton","Calcite","Meroplanktonic","No","Crabs, lobsters, shrimp"
"1035","Eukaryota","Arthropoda","Copepoda","Calanoida","Scolecitrichidae","Scolecithricella","Scolecithricella dentata","Variable","Variable","Variable","Exoskeleton","Exoskeleton","Chitin + Calcium","Holoplanktonic","No","Copepods"
"1036","Eukaryota","Arthropoda","Copepoda","Calanoida","Pontellidae","Labidocera",NA,"Variable","Variable","Variable","Exoskeleton","Exoskeleton","Chitin + Calcium","Holoplanktonic","No","Copepods"
"1037","Eukaryota","Arthropoda","Copepoda","Calanoida","Pontellidae","Labidocera","Labidocera trispinosa","Variable","Variable","Variable","Exoskeleton","Exoskeleton","Chitin + Calcium","Holoplanktonic","No","Copepods"
"1038","Eukaryota","Arthropoda","Copepoda","Calanoida","Candaciidae","Candacia","Candacia curta","Variable","Variable","Variable","Exoskeleton","Exoskeleton","Chitin + Calcium","Holoplanktonic","No","Copepods"
"1039","Eukaryota","Mollusca","Gastropoda","Pteropoda","Limacinidae",NA,NA,"Yes","Yes","Yes","External shell","External shell","Aragonite","Holoplanktonic","No","Sea butterflies"
"1040","Eukaryota","Echinodermata","Echinoidea","Clypeasteroida","Dendrasteridae","Dendraster","Dendraster excentricus","Yes","Yes","Yes","Exoskeleton","Exoskeleton","Calcite","Meroplanktonic","No","Sand dollars"
"1042","Eukaryota","Arthropoda","Ostracoda","Halocyprida","Halocyprididae","Conchoecia","Conchoecia magna","Variable","No","Variable","None","Exoskeleton","Chitin + Calcium","Holoplanktonic","No","Ostracods (seed shrimp)"
"1043","Eukaryota","Arthropoda","Copepoda","Calanoida","Pontellidae","Labidocera","Labidocera trispinosa","Variable","Variable","Variable","Exoskeleton","Exoskeleton","Chitin + Calcium","Holoplanktonic","No","Copepods"
"1044","Eukaryota","Mollusca","Gastropoda","Nudibranchia","Glaucidae","Hermissenda","Hermissenda opalescens","Variable","Variable","No","External shell","None","Aragonite","Meroplanktonic","No","Shell-less sea slugs"
"1045","Eukaryota","Arthropoda","Copepoda","Calanoida","Pontellidae","Labidocera","Labidocera trispinosa","Variable","Variable","Variable","Exoskeleton","Exoskeleton","Chitin + Calcium","Holoplanktonic","No","Copepods"
"1048","Eukaryota","Arthropoda","Copepoda","Calanoida","Pontellidae","Labidocera","Labidocera trispinosa","Variable","Variable","Variable","Exoskeleton","Exoskeleton","Chitin + Calcium","Holoplanktonic","No","Copepods"
"1049","Eukaryota","Mollusca","Gastropoda","Nudibranchia","Glaucidae","Hermissenda","Hermissenda opalescens","Variable","Variable","No","External shell","None","Aragonite","Meroplanktonic","No","Shell-less sea slugs"
"1050","Eukaryota","Arthropoda","Copepoda","Calanoida","Pontellidae","Labidocera","Labidocera trispinosa","Variable","Variable","Variable","Exoskeleton","Exoskeleton","Chitin + Calcium","Holoplanktonic","No","Copepods"
"1052","Eukaryota","Echinodermata","Ophiuroidea","Amphilepidida","Amphiuridae",NA,NA,"Yes","Yes","Yes","Internal skeleton","Internal skeleton","Calcite","Meroplanktonic","No","Brittle stars"
"1055","Eukaryota","Mollusca","Gastropoda","Nudibranchia","Glaucidae","Hermissenda","Hermissenda opalescens","Variable","Variable","No","External shell","None","Aragonite","Meroplanktonic","No","Shell-less sea slugs"
"1056","Eukaryota","Arthropoda","Copepoda","Calanoida","Clausocalanidae","Clausocalanus","Clausocalanus arcuicornis","Variable","Variable","Variable","Exoskeleton","Exoskeleton","Chitin + Calcium","Holoplanktonic","No","Copepods"
"1058","Eukaryota","Arthropoda","Copepoda","Calanoida","Pontellidae","Labidocera","Labidocera trispinosa","Variable","Variable","Variable","Exoskeleton","Exoskeleton","Chitin + Calcium","Holoplanktonic","No","Copepods"
"1059","Eukaryota","Arthropoda","Copepoda","Calanoida","Pontellidae","Labidocera","Labidocera trispinosa","Variable","Variable","Variable","Exoskeleton","Exoskeleton","Chitin + Calcium","Holoplanktonic","No","Copepods"
"1060","Eukaryota","Echinodermata","Ophiuroidea","Amphilepidida","Ophiotrichidae","Ophiothrix","Ophiothrix spiculata","Yes","Yes","Yes","Internal skeleton","Internal skeleton","Calcite","Meroplanktonic","No","Brittle stars"
"1061","Eukaryota","Mollusca","Gastropoda","Nudibranchia","Glaucidae","Hermissenda","Hermissenda opalescens","Variable","Variable","No","External shell","None","Aragonite","Meroplanktonic","No","Shell-less sea slugs"
"1062","Eukaryota","Arthropoda","Copepoda","Calanoida","Calanidae","Calanus","Calanus pacificus","Variable","Variable","Variable","Exoskeleton","Exoskeleton","Chitin + Calcium","Holoplanktonic","No","Copepods"
"1066","Eukaryota","Mollusca","Gastropoda","Nudibranchia","Glaucidae","Hermissenda","Hermissenda opalescens","Variable","Variable","No","External shell","None","Aragonite","Meroplanktonic","No","Shell-less sea slugs"
"1067","Eukaryota","Arthropoda","Copepoda","Calanoida","Calanidae","Calanus","Calanus pacificus","Variable","Variable","Variable","Exoskeleton","Exoskeleton","Chitin + Calcium","Holoplanktonic","No","Copepods"
"1068","Eukaryota","Arthropoda","Copepoda","Calanoida","Calocalanidae",NA,NA,"Variable","Variable","Variable","Exoskeleton","Exoskeleton","Chitin + Calcium","Holoplanktonic","No","Copepods"
"1071","Eukaryota","Arthropoda","Ostracoda","Halocyprida","Halocyprididae","Proceroecia","Proceroecia procera","Variable","No","Variable","None","Exoskeleton","Chitin + Calcium","Holoplanktonic","No","Ostracods (seed shrimp)"
"1073","Eukaryota","Arthropoda","Copepoda","Calanoida","Calanidae","Calanus","Calanus pacificus","Variable","Variable","Variable","Exoskeleton","Exoskeleton","Chitin + Calcium","Holoplanktonic","No","Copepods"
"1074","Eukaryota","Arthropoda","Copepoda","Calanoida","Calanidae","Calanus","Calanus pacificus","Variable","Variable","Variable","Exoskeleton","Exoskeleton","Chitin + Calcium","Holoplanktonic","No","Copepods"
"1076","Eukaryota","Arthropoda","Ostracoda","Halocyprida","Halocyprididae","Proceroecia","Proceroecia procera","Variable","No","Variable","None","Exoskeleton","Chitin + Calcium","Holoplanktonic","No","Ostracods (seed shrimp)"
"1077","Eukaryota","Mollusca","Gastropoda","Nudibranchia","Glaucidae","Hermissenda","Hermissenda opalescens","Variable","Variable","No","External shell","None","Aragonite","Meroplanktonic","No","Shell-less sea slugs"
"1078","Eukaryota","Arthropoda","Copepoda","Calanoida","Pontellidae","Labidocera","Labidocera trispinosa","Variable","Variable","Variable","Exoskeleton","Exoskeleton","Chitin + Calcium","Holoplanktonic","No","Copepods"
"1083","Eukaryota","Arthropoda","Copepoda","Calanoida","Pontellidae","Labidocera","Labidocera trispinosa","Variable","Variable","Variable","Exoskeleton","Exoskeleton","Chitin + Calcium","Holoplanktonic","No","Copepods"
"1084","Eukaryota","Arthropoda","Copepoda","Calanoida","Pontellidae","Labidocera","Labidocera trispinosa","Variable","Variable","Variable","Exoskeleton","Exoskeleton","Chitin + Calcium","Holoplanktonic","No","Copepods"
"1087","Eukaryota","Arthropoda","Copepoda","Calanoida","Eucalanidae","Eucalanus","Eucalanus californicus","Variable","Variable","Variable","Exoskeleton","Exoskeleton","Chitin + Calcium","Holoplanktonic","No","Copepods"
"1088","Eukaryota","Arthropoda","Copepoda","Calanoida","Lucicutiidae","Lucicutia","Lucicutia flavicornis","Variable","Variable","Variable","Exoskeleton","Exoskeleton","Chitin + Calcium","Holoplanktonic","No","Copepods"
"1089","Eukaryota","Arthropoda","Copepoda","Calanoida","Pontellidae","Labidocera","Labidocera trispinosa","Variable","Variable","Variable","Exoskeleton","Exoskeleton","Chitin + Calcium","Holoplanktonic","No","Copepods"
"1093","Eukaryota","Arthropoda","Copepoda","Calanoida","Pontellidae","Labidocera","Labidocera trispinosa","Variable","Variable","Variable","Exoskeleton","Exoskeleton","Chitin + Calcium","Holoplanktonic","No","Copepods"
"1095","Eukaryota","Arthropoda","Copepoda","Calanoida","Pontellidae","Labidocera","Labidocera trispinosa","Variable","Variable","Variable","Exoskeleton","Exoskeleton","Chitin + Calcium","Holoplanktonic","No","Copepods"
"1096","Eukaryota","Arthropoda","Copepoda","Calanoida","Calanidae","Calanus","Calanus pacificus","Variable","Variable","Variable","Exoskeleton","Exoskeleton","Chitin + Calcium","Holoplanktonic","No","Copepods"
"1097","Eukaryota","Arthropoda","Copepoda","Calanoida","Pontellidae","Labidocera","Labidocera trispinosa","Variable","Variable","Variable","Exoskeleton","Exoskeleton","Chitin + Calcium","Holoplanktonic","No","Copepods"
"1098","Eukaryota","Arthropoda","Copepoda","Calanoida","Pontellidae","Labidocera","Labidocera trispinosa","Variable","Variable","Variable","Exoskeleton","Exoskeleton","Chitin + Calcium","Holoplanktonic","No","Copepods"
"1099","Eukaryota","Mollusca","Gastropoda","Nudibranchia","Glaucidae","Hermissenda","Hermissenda opalescens","Variable","Variable","No","External shell","None","Aragonite","Meroplanktonic","No","Shell-less sea slugs"
"1103","Eukaryota","Arthropoda","Copepoda","Calanoida","Calanidae","Calanus","Calanus pacificus","Variable","Variable","Variable","Exoskeleton","Exoskeleton","Chitin + Calcium","Holoplanktonic","No","Copepods"
"1104","Eukaryota","Arthropoda","Copepoda","Calanoida","Pontellidae","Labidocera","Labidocera trispinosa","Variable","Variable","Variable","Exoskeleton","Exoskeleton","Chitin + Calcium","Holoplanktonic","No","Copepods"
"1105","Eukaryota","Mollusca","Gastropoda","Nudibranchia","Glaucidae","Hermissenda","Hermissenda opalescens","Variable","Variable","No","External shell","None","Aragonite","Meroplanktonic","No","Shell-less sea slugs"
"1108","Eukaryota","Arthropoda","Copepoda","Calanoida","Calanidae","Calanus","Calanus pacificus","Variable","Variable","Variable","Exoskeleton","Exoskeleton","Chitin + Calcium","Holoplanktonic","No","Copepods"
"1110","Eukaryota","Arthropoda","Malacostraca","Euphausiacea","Euphausiidae","Hansarsia",NA,"Variable","No","Variable","None","Exoskeleton","Chitin + Calcium","Holoplanktonic","No","Krill"
"1112","Eukaryota","Arthropoda","Malacostraca","Decapoda","Hippolytidae","Lysmata","Lysmata californica","Variable","No","Variable","None","Exoskeleton","Calcite","Meroplanktonic","No","Crabs, lobsters, shrimp"
"1113","Eukaryota","Arthropoda","Copepoda","Calanoida","Pontellidae","Labidocera","Labidocera trispinosa","Variable","Variable","Variable","Exoskeleton","Exoskeleton","Chitin + Calcium","Holoplanktonic","No","Copepods"
"1114","Eukaryota","Chordata","Actinopteri","Argentiniformes","Bathylagidae","Leuroglossus","Leuroglossus stilbius","No","No","No","None","None","None","Meroplanktonic","No","Deep-sea smelts and related fish"
"1115","Eukaryota","Mollusca","Gastropoda","Nudibranchia","Glaucidae","Hermissenda","Hermissenda opalescens","Variable","Variable","No","External shell","None","Aragonite","Meroplanktonic","No","Shell-less sea slugs"
"1117","Eukaryota","Arthropoda","Copepoda","Calanoida","Pontellidae","Labidocera","Labidocera trispinosa","Variable","Variable","Variable","Exoskeleton","Exoskeleton","Chitin + Calcium","Holoplanktonic","No","Copepods"
"1118","Eukaryota","Arthropoda","Copepoda","Calanoida","Pontellidae","Labidocera","Labidocera trispinosa","Variable","Variable","Variable","Exoskeleton","Exoskeleton","Chitin + Calcium","Holoplanktonic","No","Copepods"
"1119","Eukaryota","Bryozoa","Gymnolaemata","Cheilostomatida","Membraniporidae","Membranipora",NA,"Yes","Yes","Yes","External shell","External shell","Calcite","Meroplanktonic","No","Encrusting bryozoans"
"1120","Eukaryota","Arthropoda","Malacostraca","Decapoda","Sergestidae","Eusergestes","Eusergestes similis","Variable","No","Variable","None","Exoskeleton","Calcite","Meroplanktonic","No","Crabs, lobsters, shrimp"
"1121","Eukaryota","Arthropoda","Copepoda","Calanoida","Calanidae","Calanus","Calanus pacificus","Variable","Variable","Variable","Exoskeleton","Exoskeleton","Chitin + Calcium","Holoplanktonic","No","Copepods"
"1123","Eukaryota","Arthropoda","Copepoda","Calanoida","Pontellidae","Labidocera","Labidocera trispinosa","Variable","Variable","Variable","Exoskeleton","Exoskeleton","Chitin + Calcium","Holoplanktonic","No","Copepods"
"1124","Eukaryota","Mollusca","Gastropoda","Nudibranchia","Glaucidae","Hermissenda",NA,"Variable","Variable","No","External shell","None","Aragonite","Meroplanktonic","No","Shell-less sea slugs"
"1125","Eukaryota","Annelida","Polychaeta","Eunicida","Onuphidae","Diopatra","Diopatra ornata","No","No","No","None","None","None","Benthic + Meroplanktonic","No","Marine bristle worms (polychaetes)"
"1127","Eukaryota","Arthropoda","Copepoda","Calanoida","Calanidae","Calanus","Calanus pacificus","Variable","Variable","Variable","Exoskeleton","Exoskeleton","Chitin + Calcium","Holoplanktonic","No","Copepods"
"1128","Eukaryota","Chordata","Actinopteri","Argentiniformes","Bathylagidae","Leuroglossus","Leuroglossus stilbius","No","No","No","None","None","None","Meroplanktonic","No","Deep-sea smelts and related fish"
"1129","Eukaryota","Chordata","Actinopteri","Argentiniformes","Bathylagidae","Leuroglossus","Leuroglossus stilbius","No","No","No","None","None","None","Meroplanktonic","No","Deep-sea smelts and related fish"
"1130","Eukaryota","Arthropoda","Copepoda","Calanoida","Aetideidae",NA,NA,"Variable","Variable","Variable","Exoskeleton","Exoskeleton","Chitin + Calcium","Holoplanktonic","No","Copepods"
"1131","Eukaryota","Arthropoda","Copepoda","Calanoida","Eucalanidae","Eucalanus","Eucalanus californicus","Variable","Variable","Variable","Exoskeleton","Exoskeleton","Chitin + Calcium","Holoplanktonic","No","Copepods"
"1132","Eukaryota","Arthropoda","Malacostraca","Decapoda","Hippolytidae","Lysmata","Lysmata californica","Variable","No","Variable","None","Exoskeleton","Calcite","Meroplanktonic","No","Crabs, lobsters, shrimp"
"1133","Eukaryota","Arthropoda","Copepoda","Calanoida","Calanidae","Calanus","Calanus pacificus","Variable","Variable","Variable","Exoskeleton","Exoskeleton","Chitin + Calcium","Holoplanktonic","No","Copepods"
"1135","Eukaryota","Arthropoda","Malacostraca","Decapoda","Cancridae","Metacarcinus","Metacarcinus gracilis","Variable","No","Variable","None","Exoskeleton","Calcite","Meroplanktonic","No","Crabs, lobsters, shrimp"
"1136","Eukaryota","Mollusca","Gastropoda","Nudibranchia","Glaucidae","Hermissenda","Hermissenda opalescens","Variable","Variable","No","External shell","None","Aragonite","Meroplanktonic","No","Shell-less sea slugs"
"1137","Eukaryota","Arthropoda","Copepoda","Calanoida","Calanidae","Calanus","Calanus pacificus","Variable","Variable","Variable","Exoskeleton","Exoskeleton","Chitin + Calcium","Holoplanktonic","No","Copepods"
"1139","Eukaryota","Arthropoda","Malacostraca","Euphausiacea","Euphausiidae","Hansarsia","Hansarsia difficilis","Variable","No","Variable","None","Exoskeleton","Chitin + Calcium","Holoplanktonic","No","Krill"
"1140","Eukaryota","Arthropoda","Copepoda","Calanoida","Eucalanidae","Eucalanus","Eucalanus californicus","Variable","Variable","Variable","Exoskeleton","Exoskeleton","Chitin + Calcium","Holoplanktonic","No","Copepods"
"1141","Eukaryota","Arthropoda","Malacostraca","Euphausiacea","Euphausiidae","Euphausia","Euphausia pacifica","Variable","No","Variable","None","Exoskeleton","Chitin + Calcium","Holoplanktonic","No","Krill"
"1143","Eukaryota","Arthropoda","Copepoda","Calanoida","Pontellidae","Labidocera","Labidocera trispinosa","Variable","Variable","Variable","Exoskeleton","Exoskeleton","Chitin + Calcium","Holoplanktonic","No","Copepods"
"1144","Eukaryota","Arthropoda","Copepoda","Calanoida","Pontellidae","Labidocera","Labidocera trispinosa","Variable","Variable","Variable","Exoskeleton","Exoskeleton","Chitin + Calcium","Holoplanktonic","No","Copepods"
"1145","Eukaryota","Arthropoda","Copepoda","Calanoida","Pontellidae","Labidocera","Labidocera trispinosa","Variable","Variable","Variable","Exoskeleton","Exoskeleton","Chitin + Calcium","Holoplanktonic","No","Copepods"
"1148","Eukaryota","Arthropoda","Copepoda","Calanoida","Pontellidae","Labidocera","Labidocera trispinosa","Variable","Variable","Variable","Exoskeleton","Exoskeleton","Chitin + Calcium","Holoplanktonic","No","Copepods"
"1149","Eukaryota","Arthropoda","Ostracoda","Halocyprida","Halocyprididae","Halocypris","Halocypris inflata","Variable","No","Variable","None","Exoskeleton","Chitin + Calcium","Holoplanktonic","No","Ostracods (seed shrimp)"
"1150","Eukaryota","Arthropoda","Copepoda","Calanoida","Eucalanidae","Eucalanus","Eucalanus californicus","Variable","Variable","Variable","Exoskeleton","Exoskeleton","Chitin + Calcium","Holoplanktonic","No","Copepods"
"1151","Eukaryota","Arthropoda","Copepoda","Calanoida","Pontellidae","Labidocera","Labidocera trispinosa","Variable","Variable","Variable","Exoskeleton","Exoskeleton","Chitin + Calcium","Holoplanktonic","No","Copepods"
"1152","Eukaryota","Arthropoda","Copepoda","Calanoida","Calanidae","Calanus","Calanus pacificus","Variable","Variable","Variable","Exoskeleton","Exoskeleton","Chitin + Calcium","Holoplanktonic","No","Copepods"
"1155","Eukaryota","Mollusca","Gastropoda","Nudibranchia","Glaucidae","Hermissenda","Hermissenda opalescens","Variable","Variable","No","External shell","None","Aragonite","Meroplanktonic","No","Shell-less sea slugs"
"1157","Eukaryota","Mollusca","Gastropoda","Cephalaspidea","Philinidae","Philine",NA,"Variable","Yes","Yes","External shell","External shell","Aragonite","Meroplanktonic","No","Bubble snails"
"1158","Eukaryota","Bryozoa","Gymnolaemata","Cheilostomatida","Membraniporidae","Membranipora","Membranipora villosa","Yes","Yes","Yes","External shell","External shell","Calcite","Meroplanktonic","No","Encrusting bryozoans"
"1159","Eukaryota","Arthropoda","Copepoda","Calanoida","Scolecitrichidae","Scolecithricella","Scolecithricella dentata","Variable","Variable","Variable","Exoskeleton","Exoskeleton","Chitin + Calcium","Holoplanktonic","No","Copepods"
"1161","Eukaryota","Arthropoda","Copepoda","Calanoida","Calanidae","Calanus","Calanus pacificus","Variable","Variable","Variable","Exoskeleton","Exoskeleton","Chitin + Calcium","Holoplanktonic","No","Copepods"
"1162","Eukaryota","Mollusca","Gastropoda","Nudibranchia","Glaucidae","Hermissenda","Hermissenda opalescens","Variable","Variable","No","External shell","None","Aragonite","Meroplanktonic","No","Shell-less sea slugs"
"1163","Eukaryota","Arthropoda","Copepoda","Calanoida","Calanidae","Calanus","Calanus pacificus","Variable","Variable","Variable","Exoskeleton","Exoskeleton","Chitin + Calcium","Holoplanktonic","No","Copepods"
"1164","Eukaryota","Echinodermata","Ophiuroidea","Amphilepidida","Ophionereidae","Ophionereis",NA,"Yes","Yes","Yes","Internal skeleton","Internal skeleton","Calcite","Meroplanktonic","No","Brittle stars"
"1165","Eukaryota","Arthropoda","Copepoda","Calanoida","Calanidae",NA,NA,"Variable","Variable","Variable","Exoskeleton","Exoskeleton","Chitin + Calcium","Holoplanktonic","No","Copepods"
"1166","Eukaryota","Chordata","Actinopteri","Pleuronectiformes","Pleuronectidae","Lyopsetta","Lyopsetta exilis","No","No","No","None","None","None","Meroplanktonic","No","Flatfishes (flounders, soles, halibut)"
"1167","Eukaryota","Arthropoda","Copepoda","Calanoida","Eucalanidae","Eucalanus","Eucalanus californicus","Variable","Variable","Variable","Exoskeleton","Exoskeleton","Chitin + Calcium","Holoplanktonic","No","Copepods"
"1168","Eukaryota","Arthropoda","Copepoda","Calanoida","Pontellidae","Labidocera","Labidocera trispinosa","Variable","Variable","Variable","Exoskeleton","Exoskeleton","Chitin + Calcium","Holoplanktonic","No","Copepods"
"1170","Eukaryota","Arthropoda","Copepoda","Calanoida","Pontellidae","Labidocera","Labidocera trispinosa","Variable","Variable","Variable","Exoskeleton","Exoskeleton","Chitin + Calcium","Holoplanktonic","No","Copepods"
"1172","Eukaryota","Chordata","Actinopteri","Argentiniformes","Bathylagidae","Leuroglossus","Leuroglossus stilbius","No","No","No","None","None","None","Meroplanktonic","No","Deep-sea smelts and related fish"
"1173","Eukaryota","Chordata","Actinopteri","Perciformes","Bathymasteridae","Rathbunella","Rathbunella hypoplecta","No","No","No","None","None","None","Meroplanktonic","No","Perch-like fishes (most diverse fish group)"
"1175","Eukaryota","Arthropoda","Ostracoda","Halocyprida","Halocyprididae","Conchoecia","Conchoecia magna","Variable","No","Variable","None","Exoskeleton","Chitin + Calcium","Holoplanktonic","No","Ostracods (seed shrimp)"
"1176","Eukaryota","Mollusca","Gastropoda","Nudibranchia","Glaucidae","Hermissenda","Hermissenda opalescens","Variable","Variable","No","External shell","None","Aragonite","Meroplanktonic","No","Shell-less sea slugs"
"1178","Eukaryota","Arthropoda","Ostracoda","Halocyprida","Halocyprididae","Halocypris","Halocypris inflata","Variable","No","Variable","None","Exoskeleton","Chitin + Calcium","Holoplanktonic","No","Ostracods (seed shrimp)"
"1179","Eukaryota","Arthropoda","Copepoda","Calanoida","Paracalanidae","Paracalanus","Paracalanus tropicus","Variable","Variable","Variable","Exoskeleton","Exoskeleton","Chitin + Calcium","Holoplanktonic","No","Copepods"
"1181","Eukaryota","Arthropoda","Copepoda","Calanoida","Pontellidae","Labidocera","Labidocera trispinosa","Variable","Variable","Variable","Exoskeleton","Exoskeleton","Chitin + Calcium","Holoplanktonic","No","Copepods"
"1182","Eukaryota","Arthropoda","Copepoda","Calanoida","Pontellidae","Labidocera","Labidocera trispinosa","Variable","Variable","Variable","Exoskeleton","Exoskeleton","Chitin + Calcium","Holoplanktonic","No","Copepods"
"1185","Eukaryota","Arthropoda","Malacostraca","Euphausiacea","Euphausiidae","Hansarsia","Hansarsia difficilis","Variable","No","Variable","None","Exoskeleton","Chitin + Calcium","Holoplanktonic","No","Krill"
"1186","Eukaryota","Arthropoda","Copepoda","Calanoida","Calanidae","Ctenocalanus","Ctenocalanus vanus","Variable","Variable","Variable","Exoskeleton","Exoskeleton","Chitin + Calcium","Holoplanktonic","No","Copepods"
"1187","Eukaryota","Echinodermata","Ophiuroidea","Amphilepidida","Ophiocomidae","Ophiopteris","Ophiopteris papillosa","Yes","Yes","Yes","Internal skeleton","Internal skeleton","Calcite","Meroplanktonic","No","Brittle stars"
"1189","Eukaryota","Arthropoda","Copepoda","Calanoida","Pontellidae","Labidocera","Labidocera trispinosa","Variable","Variable","Variable","Exoskeleton","Exoskeleton","Chitin + Calcium","Holoplanktonic","No","Copepods"
"1190","Eukaryota","Arthropoda","Copepoda","Calanoida","Scolecitrichidae","Scolecithricella","Scolecithricella dentata","Variable","Variable","Variable","Exoskeleton","Exoskeleton","Chitin + Calcium","Holoplanktonic","No","Copepods"
"1192","Eukaryota","Arthropoda","Copepoda","Calanoida","Clausocalanidae","Clausocalanus","Clausocalanus parapergens","Variable","Variable","Variable","Exoskeleton","Exoskeleton","Chitin + Calcium","Holoplanktonic","No","Copepods"
"1194","Eukaryota","Arthropoda","Ostracoda","Halocyprida","Halocyprididae","Conchoecetta","Conchoecetta giesbrechti","Variable","No","Variable","None","Exoskeleton","Chitin + Calcium","Holoplanktonic","No","Ostracods (seed shrimp)"
"1195","Eukaryota","Arthropoda","Copepoda","Poecilostomatoida","Oncaeidae","Oncaea","Oncaea sp.","Variable","Variable","Variable","Exoskeleton","Exoskeleton","Chitin + Calcium","Holoplanktonic","No","Parasitic or predatory copepods"
"1197","Eukaryota","Arthropoda","Copepoda","Calanoida","Clausocalanidae","Clausocalanus","Clausocalanus jobei","Variable","Variable","Variable","Exoskeleton","Exoskeleton","Chitin + Calcium","Holoplanktonic","No","Copepods"
"1198","Eukaryota","Chordata","Actinopteri","Argentiniformes","Bathylagidae","Leuroglossus","Leuroglossus stilbius","No","No","No","None","None","None","Meroplanktonic","No","Deep-sea smelts and related fish"
"1199","Eukaryota","Arthropoda","Copepoda","Calanoida","Pontellidae","Labidocera","Labidocera trispinosa","Variable","Variable","Variable","Exoskeleton","Exoskeleton","Chitin + Calcium","Holoplanktonic","No","Copepods"
"1201","Eukaryota","Arthropoda","Copepoda","Calanoida","Eucalanidae","Eucalanus","Eucalanus californicus","Variable","Variable","Variable","Exoskeleton","Exoskeleton","Chitin + Calcium","Holoplanktonic","No","Copepods"
"1202","Eukaryota","Chordata","Actinopteri","Lutjaniformes","Haemulidae","Brachygenys","Brachygenys californiensis","No","No","No","None","None","None","Meroplanktonic","No","Snappers and grunts"
"1203","Eukaryota","Chordata","Actinopteri","Argentiniformes","Bathylagidae","Leuroglossus","Leuroglossus stilbius","No","No","No","None","None","None","Meroplanktonic","No","Deep-sea smelts and related fish"
"1204","Eukaryota","Mollusca","Gastropoda","Neogastropoda","Olividae","Olivella","Olivella baetica","Yes","Yes","Yes","External shell","External shell","Aragonite/Calcite","Meroplanktonic","No","Whelks and predatory snails"
"1205","Eukaryota","Arthropoda","Copepoda","Calanoida","Pontellidae","Labidocera","Labidocera trispinosa","Variable","Variable","Variable","Exoskeleton","Exoskeleton","Chitin + Calcium","Holoplanktonic","No","Copepods"
"1206","Eukaryota","Bryozoa","Gymnolaemata","Cheilostomatida","Membraniporidae","Membranipora",NA,"Yes","Yes","Yes","External shell","External shell","Calcite","Meroplanktonic","No","Encrusting bryozoans"
"1207","Eukaryota","Mollusca","Gastropoda","Nudibranchia","Glaucidae","Hermissenda","Hermissenda opalescens","Variable","Variable","No","External shell","None","Aragonite","Meroplanktonic","No","Shell-less sea slugs"
"1209","Eukaryota","Arthropoda","Copepoda","Calanoida","Calanidae","Calanus","Calanus pacificus","Variable","Variable","Variable","Exoskeleton","Exoskeleton","Chitin + Calcium","Holoplanktonic","No","Copepods"
"1210","Eukaryota","Arthropoda","Copepoda","Calanoida","Pontellidae","Labidocera","Labidocera trispinosa","Variable","Variable","Variable","Exoskeleton","Exoskeleton","Chitin + Calcium","Holoplanktonic","No","Copepods"
"1211","Eukaryota","Mollusca","Gastropoda","Nudibranchia","Glaucidae","Hermissenda","Hermissenda opalescens","Variable","Variable","No","External shell","None","Aragonite","Meroplanktonic","No","Shell-less sea slugs"
"1212","Eukaryota","Arthropoda","Thecostraca","Balanomorpha","Balanidae","Balanus","Balanus trigonus","Yes","Yes","Yes","External shell","External shell","Calcite","Meroplanktonic","No","Barnacles"
"1214","Eukaryota","Chordata","Actinopteri","Argentiniformes","Bathylagidae","Leuroglossus","Leuroglossus stilbius","No","No","No","None","None","None","Meroplanktonic","No","Deep-sea smelts and related fish"
"1217","Eukaryota","Arthropoda","Copepoda","Poecilostomatoida","Oncaeidae","Oncaea","Oncaea mediterranea","Variable","Variable","Variable","Exoskeleton","Exoskeleton","Chitin + Calcium","Holoplanktonic","No","Parasitic or predatory copepods"
"1218","Eukaryota","Arthropoda","Copepoda","Calanoida","Calanidae","Calanus","Calanus pacificus","Variable","Variable","Variable","Exoskeleton","Exoskeleton","Chitin + Calcium","Holoplanktonic","No","Copepods"
"1219","Eukaryota","Arthropoda","Copepoda","Calanoida","Pontellidae","Labidocera","Labidocera trispinosa","Variable","Variable","Variable","Exoskeleton","Exoskeleton","Chitin + Calcium","Holoplanktonic","No","Copepods"
"1221","Eukaryota","Mollusca","Gastropoda","Nudibranchia","Glaucidae","Hermissenda","Hermissenda opalescens","Variable","Variable","No","External shell","None","Aragonite","Meroplanktonic","No","Shell-less sea slugs"
"1222","Eukaryota","Bryozoa","Gymnolaemata","Cheilostomatida","Membraniporidae","Membranipora","Membranipora villosa","Yes","Yes","Yes","External shell","External shell","Calcite","Meroplanktonic","No","Encrusting bryozoans"
"1223","Eukaryota","Mollusca","Gastropoda","Nudibranchia","Glaucidae","Hermissenda","Hermissenda opalescens","Variable","Variable","No","External shell","None","Aragonite","Meroplanktonic","No","Shell-less sea slugs"
"1224","Eukaryota","Arthropoda","Malacostraca","Decapoda","Blepharipodidae",NA,NA,"Variable","No","Variable","None","Exoskeleton","Calcite","Meroplanktonic","No","Crabs, lobsters, shrimp"
"1225","Eukaryota","Mollusca","Gastropoda","Nudibranchia","Glaucidae","Hermissenda","Hermissenda opalescens","Variable","Variable","No","External shell","None","Aragonite","Meroplanktonic","No","Shell-less sea slugs"
"1227","Eukaryota","Arthropoda","Ostracoda","Halocyprida","Halocyprididae","Conchoecia","Conchoecia magna","Variable","No","Variable","None","Exoskeleton","Chitin + Calcium","Holoplanktonic","No","Ostracods (seed shrimp)"
"1229","Eukaryota","Echinodermata","Echinoidea","Temnopleuroida","Toxopneustidae","Lytechinus","Lytechinus pictus","Yes","Yes","Yes","Internal skeleton","Exoskeleton","Calcite","Meroplanktonic","No","Short-spined sea urchins"
"1231","Eukaryota","Arthropoda","Malacostraca","Decapoda","Crangonidae",NA,NA,"Variable","No","Variable","None","Exoskeleton","Calcite","Meroplanktonic","No","Crabs, lobsters, shrimp"
"1233","Eukaryota","Arthropoda","Copepoda","Calanoida","Eucalanidae","Eucalanus","Eucalanus californicus","Variable","Variable","Variable","Exoskeleton","Exoskeleton","Chitin + Calcium","Holoplanktonic","No","Copepods"
"1236","Eukaryota","Chordata","Actinopteri","Pomacentridae","Pomacentridae","Chromis","Chromis punctipinnis","No","No","No","None","None","None","Meroplanktonic","No","Damselfish (reef-associated)"
"1237","Eukaryota","Arthropoda","Copepoda","Calanoida","Calanidae","Calanus","Calanus pacificus","Variable","Variable","Variable","Exoskeleton","Exoskeleton","Chitin + Calcium","Holoplanktonic","No","Copepods"
"1238","Eukaryota","Arthropoda","Copepoda","Calanoida","Eucalanidae","Eucalanus","Eucalanus californicus","Variable","Variable","Variable","Exoskeleton","Exoskeleton","Chitin + Calcium","Holoplanktonic","No","Copepods"
"1239","Eukaryota","Arthropoda","Copepoda","Calanoida","Eucalanidae","Eucalanus","Eucalanus californicus","Variable","Variable","Variable","Exoskeleton","Exoskeleton","Chitin + Calcium","Holoplanktonic","No","Copepods"
"1242","Eukaryota","Mollusca","Gastropoda","Nudibranchia","Glaucidae","Hermissenda","Hermissenda opalescens","Variable","Variable","No","External shell","None","Aragonite","Meroplanktonic","No","Shell-less sea slugs"
"1243","Eukaryota","Arthropoda","Copepoda","Calanoida","Eucalanidae","Eucalanus","Eucalanus californicus","Variable","Variable","Variable","Exoskeleton","Exoskeleton","Chitin + Calcium","Holoplanktonic","No","Copepods"
"1244","Eukaryota","Arthropoda","Copepoda","Calanoida","Pontellidae","Labidocera","Labidocera trispinosa","Variable","Variable","Variable","Exoskeleton","Exoskeleton","Chitin + Calcium","Holoplanktonic","No","Copepods"
"1245","Eukaryota","Arthropoda","Copepoda","Calanoida","Pontellidae","Labidocera","Labidocera trispinosa","Variable","Variable","Variable","Exoskeleton","Exoskeleton","Chitin + Calcium","Holoplanktonic","No","Copepods"
"1246","Eukaryota","Arthropoda","Malacostraca","Amphipoda","Paraphronimidae","Paraphronima","Paraphronima sp. B VIS_2020","Variable","Yes","Yes","Exoskeleton","Exoskeleton","Chitin + Calcium","Benthic + Holoplanktonic","No","Amphipods"
"1247","Eukaryota","Arthropoda","Copepoda","Calanoida","Eucalanidae","Eucalanus","Eucalanus californicus","Variable","Variable","Variable","Exoskeleton","Exoskeleton","Chitin + Calcium","Holoplanktonic","No","Copepods"
"1248","Eukaryota","Chordata","Actinopteri","Argentiniformes","Bathylagidae","Leuroglossus","Leuroglossus stilbius","No","No","No","None","None","None","Meroplanktonic","No","Deep-sea smelts and related fish"
"1249","Eukaryota","Arthropoda","Copepoda","Calanoida","Pontellidae","Labidocera","Labidocera trispinosa","Variable","Variable","Variable","Exoskeleton","Exoskeleton","Chitin + Calcium","Holoplanktonic","No","Copepods"
"1250","Eukaryota","Arthropoda","Copepoda","Calanoida","Calanidae","Calanus","Calanus pacificus","Variable","Variable","Variable","Exoskeleton","Exoskeleton","Chitin + Calcium","Holoplanktonic","No","Copepods"
"1251","Eukaryota","Arthropoda","Copepoda","Calanoida","Calanidae","Calanus","Calanus pacificus","Variable","Variable","Variable","Exoskeleton","Exoskeleton","Chitin + Calcium","Holoplanktonic","No","Copepods"
"1252","Eukaryota","Arthropoda","Copepoda","Calanoida","Pontellidae","Labidocera",NA,"Variable","Variable","Variable","Exoskeleton","Exoskeleton","Chitin + Calcium","Holoplanktonic","No","Copepods"
"1253","Eukaryota","Arthropoda","Copepoda","Calanoida","Pontellidae","Labidocera","Labidocera trispinosa","Variable","Variable","Variable","Exoskeleton","Exoskeleton","Chitin + Calcium","Holoplanktonic","No","Copepods"
"1254","Eukaryota","Arthropoda","Copepoda","Calanoida","Calanidae","Calanus","Calanus pacificus","Variable","Variable","Variable","Exoskeleton","Exoskeleton","Chitin + Calcium","Holoplanktonic","No","Copepods"
"1256","Eukaryota","Arthropoda","Ostracoda","Halocyprida","Halocyprididae","Conchoecia","Conchoecia magna","Variable","No","Variable","None","Exoskeleton","Chitin + Calcium","Holoplanktonic","No","Ostracods (seed shrimp)"
"1257","Eukaryota","Arthropoda","Copepoda","Calanoida","Pontellidae","Labidocera","Labidocera trispinosa","Variable","Variable","Variable","Exoskeleton","Exoskeleton","Chitin + Calcium","Holoplanktonic","No","Copepods"
"1258","Eukaryota","Arthropoda","Copepoda","Calanoida","Pontellidae","Labidocera","Labidocera trispinosa","Variable","Variable","Variable","Exoskeleton","Exoskeleton","Chitin + Calcium","Holoplanktonic","No","Copepods"
"1259","Eukaryota","Arthropoda","Copepoda","Calanoida","Temoridae","Temora","Temora discaudata","Variable","Variable","Variable","Exoskeleton","Exoskeleton","Chitin + Calcium","Holoplanktonic","No","Copepods"
"1262","Eukaryota","Arthropoda","Copepoda","Calanoida","Pontellidae","Labidocera","Labidocera trispinosa","Variable","Variable","Variable","Exoskeleton","Exoskeleton","Chitin + Calcium","Holoplanktonic","No","Copepods"
"1263","Eukaryota","Arthropoda","Copepoda","Calanoida","Calanidae","Calanus","Calanus pacificus","Variable","Variable","Variable","Exoskeleton","Exoskeleton","Chitin + Calcium","Holoplanktonic","No","Copepods"
"1264","Eukaryota","Arthropoda","Copepoda","Calanoida","Pontellidae","Labidocera","Labidocera trispinosa","Variable","Variable","Variable","Exoskeleton","Exoskeleton","Chitin + Calcium","Holoplanktonic","No","Copepods"
"1266","Eukaryota","Arthropoda","Copepoda","Calanoida","Candaciidae","Candacia","Candacia bipinnata","Variable","Variable","Variable","Exoskeleton","Exoskeleton","Chitin + Calcium","Holoplanktonic","No","Copepods"
"1268","Eukaryota","Arthropoda","Copepoda","Calanoida","Eucalanidae","Eucalanus","Eucalanus californicus","Variable","Variable","Variable","Exoskeleton","Exoskeleton","Chitin + Calcium","Holoplanktonic","No","Copepods"
"1269","Eukaryota","Arthropoda","Copepoda","Calanoida","Pontellidae","Labidocera","Labidocera trispinosa","Variable","Variable","Variable","Exoskeleton","Exoskeleton","Chitin + Calcium","Holoplanktonic","No","Copepods"
"1270","Eukaryota","Arthropoda","Copepoda","Calanoida","Calanidae","Calanus","Calanus pacificus","Variable","Variable","Variable","Exoskeleton","Exoskeleton","Chitin + Calcium","Holoplanktonic","No","Copepods"
"1272","Eukaryota","Mollusca","Gastropoda","Nudibranchia","Glaucidae","Hermissenda",NA,"Variable","Variable","No","External shell","None","Aragonite","Meroplanktonic","No","Shell-less sea slugs"
"1274","Eukaryota","Arthropoda","Malacostraca","Decapoda","Panopeidae","Lophopanopeus","Lophopanopeus bellus","Variable","No","Variable","None","Exoskeleton","Calcite","Meroplanktonic","No","Crabs, lobsters, shrimp"
"1276","Eukaryota","Arthropoda","Copepoda","Calanoida","Eucalanidae","Eucalanus","Eucalanus californicus","Variable","Variable","Variable","Exoskeleton","Exoskeleton","Chitin + Calcium","Holoplanktonic","No","Copepods"
"1277","Eukaryota","Arthropoda","Copepoda","Calanoida","Pontellidae","Labidocera","Labidocera trispinosa","Variable","Variable","Variable","Exoskeleton","Exoskeleton","Chitin + Calcium","Holoplanktonic","No","Copepods"
"1279","Eukaryota","Arthropoda","Malacostraca","Decapoda","Panopeidae","Lophopanopeus","Lophopanopeus bellus","Variable","No","Variable","None","Exoskeleton","Calcite","Meroplanktonic","No","Crabs, lobsters, shrimp"
"1280","Eukaryota","Arthropoda","Copepoda","Calanoida","Pontellidae","Labidocera","Labidocera trispinosa","Variable","Variable","Variable","Exoskeleton","Exoskeleton","Chitin + Calcium","Holoplanktonic","No","Copepods"
"1281","Eukaryota","Mollusca","Gastropoda","Nudibranchia","Glaucidae","Hermissenda","Hermissenda opalescens","Variable","Variable","No","External shell","None","Aragonite","Meroplanktonic","No","Shell-less sea slugs"
"1283","Eukaryota","Cnidaria","Hydrozoa","Siphonophorae","Diphyidae","Lensia","Lensia campanella","No","No","No","None","None","None","Holoplanktonic","No","Colonial hydrozoans (e.g., Portuguese man o' war)"
"1284","Eukaryota","Annelida","Polychaeta","Chaetopteridae","Chaetopteridae","Spiochaetopterus","Spiochaetopterus sp. 1 JM_2017","No","No","No","None","None","None","Benthic + Meroplanktonic","No","Tube-dwelling marine polychaetes"
"1286","Eukaryota","Mollusca","Gastropoda","Nudibranchia","Glaucidae","Hermissenda","Hermissenda opalescens","Variable","Variable","No","External shell","None","Aragonite","Meroplanktonic","No","Shell-less sea slugs"
"1287","Eukaryota","Mollusca","Gastropoda","Nudibranchia","Glaucidae","Hermissenda","Hermissenda opalescens","Variable","Variable","No","External shell","None","Aragonite","Meroplanktonic","No","Shell-less sea slugs"
"1288","Eukaryota","Arthropoda","Copepoda","Calanoida","Eucalanidae","Eucalanus","Eucalanus californicus","Variable","Variable","Variable","Exoskeleton","Exoskeleton","Chitin + Calcium","Holoplanktonic","No","Copepods"
"1289","Eukaryota","Arthropoda","Copepoda","Calanoida","Pontellidae","Labidocera","Labidocera trispinosa","Variable","Variable","Variable","Exoskeleton","Exoskeleton","Chitin + Calcium","Holoplanktonic","No","Copepods"
"1292","Eukaryota","Arthropoda","Malacostraca","Decapoda","Hippolytidae","Lysmata","Lysmata californica","Variable","No","Variable","None","Exoskeleton","Calcite","Meroplanktonic","No","Crabs, lobsters, shrimp"
"1295","Eukaryota","Arthropoda","Ostracoda","Halocyprida","Halocyprididae","Halocypris","Halocypris inflata","Variable","No","Variable","None","Exoskeleton","Chitin + Calcium","Holoplanktonic","No","Ostracods (seed shrimp)"
"1296","Eukaryota","Arthropoda","Copepoda","Calanoida","Eucalanidae","Eucalanus","Eucalanus californicus","Variable","Variable","Variable","Exoskeleton","Exoskeleton","Chitin + Calcium","Holoplanktonic","No","Copepods"
"1298","Eukaryota","Mollusca","Gastropoda","Nudibranchia","Glaucidae","Hermissenda","Hermissenda opalescens","Variable","Variable","No","External shell","None","Aragonite","Meroplanktonic","No","Shell-less sea slugs"
"1299","Eukaryota","Chordata","Actinopteri","Argentiniformes","Bathylagidae","Leuroglossus","Leuroglossus stilbius","No","No","No","None","None","None","Meroplanktonic","No","Deep-sea smelts and related fish"
"1300","Eukaryota","Arthropoda","Copepoda","Calanoida","Pontellidae","Labidocera","Labidocera trispinosa","Variable","Variable","Variable","Exoskeleton","Exoskeleton","Chitin + Calcium","Holoplanktonic","No","Copepods"
"1301","Eukaryota","Bryozoa","Gymnolaemata","Cheilostomatida","Membraniporidae","Membranipora","Membranipora villosa","Yes","Yes","Yes","External shell","External shell","Calcite","Meroplanktonic","No","Encrusting bryozoans"
"1302","Eukaryota","Arthropoda","Copepoda","Calanoida","Pontellidae","Labidocera","Labidocera trispinosa","Variable","Variable","Variable","Exoskeleton","Exoskeleton","Chitin + Calcium","Holoplanktonic","No","Copepods"
"1303","Eukaryota","Arthropoda","Copepoda","Calanoida","Pontellidae","Labidocera","Labidocera trispinosa","Variable","Variable","Variable","Exoskeleton","Exoskeleton","Chitin + Calcium","Holoplanktonic","No","Copepods"
"1305","Eukaryota","Arthropoda","Copepoda","Calanoida","Eucalanidae","Eucalanus","Eucalanus californicus","Variable","Variable","Variable","Exoskeleton","Exoskeleton","Chitin + Calcium","Holoplanktonic","No","Copepods"
"1306","Eukaryota","Arthropoda","Copepoda","Calanoida","Pontellidae","Labidocera","Labidocera trispinosa","Variable","Variable","Variable","Exoskeleton","Exoskeleton","Chitin + Calcium","Holoplanktonic","No","Copepods"
"1307","Eukaryota","Mollusca","Gastropoda","Pteropoda","Creseidae","Styliola","Styliola sp.","Yes","Yes","Yes","External shell","External shell","Aragonite","Holoplanktonic","No","Sea butterflies"
"1311","Eukaryota","Gastrotricha","Macrodasyida","Macrodasyida","Macrodasyidae",NA,NA,"No","No","No","None","None","None","Benthic","No","Interstitial gastrotrichs (marine meiofauna)"
"1314","Eukaryota","Bryozoa","Gymnolaemata","Cheilostomatida","Membraniporidae","Membranipora","Membranipora villosa","Yes","Yes","Yes","External shell","External shell","Calcite","Meroplanktonic","No","Encrusting bryozoans"
"1315","Eukaryota","Mollusca","Gastropoda","Nudibranchia","Glaucidae","Hermissenda",NA,"Variable","Variable","No","External shell","None","Aragonite","Meroplanktonic","No","Shell-less sea slugs"
"1316","Eukaryota","Bryozoa","Gymnolaemata","Cheilostomatida","Membraniporidae","Membranipora","Membranipora villosa","Yes","Yes","Yes","External shell","External shell","Calcite","Meroplanktonic","No","Encrusting bryozoans"
"1317","Eukaryota","Bryozoa","Gymnolaemata","Cheilostomatida","Membraniporidae","Membranipora","Membranipora villosa","Yes","Yes","Yes","External shell","External shell","Calcite","Meroplanktonic","No","Encrusting bryozoans"
"1318","Eukaryota","Arthropoda","Copepoda","Calanoida","Metridinidae","Pleuromamma","Pleuromamma abdominalis","Variable","Variable","Variable","Exoskeleton","Exoskeleton","Chitin + Calcium","Holoplanktonic","No","Copepods"
"1319","Eukaryota","Mollusca","Gastropoda","Nudibranchia","Glaucidae","Hermissenda","Hermissenda opalescens","Variable","Variable","No","External shell","None","Aragonite","Meroplanktonic","No","Shell-less sea slugs"
"1320","Eukaryota","Arthropoda","Copepoda","Calanoida","Clausocalanidae","Clausocalanus","Clausocalanus parapergens","Variable","Variable","Variable","Exoskeleton","Exoskeleton","Chitin + Calcium","Holoplanktonic","No","Copepods"
"1321","Eukaryota","Arthropoda","Copepoda","Calanoida","Acartiidae","Acartia","Acartia tonsa","Variable","Variable","Variable","Exoskeleton","Exoskeleton","Chitin + Calcium","Holoplanktonic","No","Copepods"
"1322","Eukaryota","Arthropoda","Copepoda","Calanoida","Pontellidae","Labidocera","Labidocera trispinosa","Variable","Variable","Variable","Exoskeleton","Exoskeleton","Chitin + Calcium","Holoplanktonic","No","Copepods"
"1323","Eukaryota","Arthropoda","Copepoda","Calanoida","Pontellidae","Labidocera","Labidocera trispinosa","Variable","Variable","Variable","Exoskeleton","Exoskeleton","Chitin + Calcium","Holoplanktonic","No","Copepods"
"1324","Eukaryota","Arthropoda","Copepoda","Calanoida","Eucalanidae","Eucalanus","Eucalanus californicus","Variable","Variable","Variable","Exoskeleton","Exoskeleton","Chitin + Calcium","Holoplanktonic","No","Copepods"
"1325","Eukaryota","Echinodermata","Echinoidea","Temnopleuroida","Toxopneustidae","Lytechinus","Lytechinus pictus","Yes","Yes","Yes","Internal skeleton","Exoskeleton","Calcite","Meroplanktonic","No","Short-spined sea urchins"
"1330","Eukaryota","Arthropoda","Malacostraca","Euphausiacea","Euphausiidae","Nyctiphanes","Nyctiphanes simplex","Variable","No","Variable","None","Exoskeleton","Chitin + Calcium","Holoplanktonic","No","Krill"
"1331","Eukaryota","Mollusca","Gastropoda","Nudibranchia","Glaucidae","Hermissenda","Hermissenda opalescens","Variable","Variable","No","External shell","None","Aragonite","Meroplanktonic","No","Shell-less sea slugs"
"1332","Eukaryota","Arthropoda","Copepoda","Calanoida","Calanidae","Calanus","Calanus pacificus","Variable","Variable","Variable","Exoskeleton","Exoskeleton","Chitin + Calcium","Holoplanktonic","No","Copepods"
"1333","Eukaryota","Arthropoda","Copepoda","Calanoida","Eucalanidae","Eucalanus","Eucalanus californicus","Variable","Variable","Variable","Exoskeleton","Exoskeleton","Chitin + Calcium","Holoplanktonic","No","Copepods"
"1336","Eukaryota","Arthropoda","Copepoda","Calanoida","Eucalanidae","Eucalanus","Eucalanus californicus","Variable","Variable","Variable","Exoskeleton","Exoskeleton","Chitin + Calcium","Holoplanktonic","No","Copepods"
"1337","Eukaryota","Mollusca","Gastropoda","Nudibranchia","Glaucidae","Hermissenda","Hermissenda opalescens","Variable","Variable","No","External shell","None","Aragonite","Meroplanktonic","No","Shell-less sea slugs"
"1338","Eukaryota","Chordata","Actinopteri","Myctophiformes","Myctophidae","Stenobrachius","Stenobrachius leucopsarus","No","No","No","None","None","None","Meroplanktonic","No","Lanternfishes"
"1339","Eukaryota","Arthropoda","Copepoda","Calanoida","Paracalanidae",NA,NA,"Variable","Variable","Variable","Exoskeleton","Exoskeleton","Chitin + Calcium","Holoplanktonic","No","Copepods"
"1342","Eukaryota","Arthropoda","Copepoda","Calanoida","Pontellidae","Labidocera","Labidocera trispinosa","Variable","Variable","Variable","Exoskeleton","Exoskeleton","Chitin + Calcium","Holoplanktonic","No","Copepods"
"1346","Eukaryota","Arthropoda","Copepoda","Calanoida","Clausocalanidae",NA,NA,"Variable","Variable","Variable","Exoskeleton","Exoskeleton","Chitin + Calcium","Holoplanktonic","No","Copepods"
"1347","Eukaryota","Arthropoda","Copepoda","Calanoida","Pontellidae","Labidocera","Labidocera trispinosa","Variable","Variable","Variable","Exoskeleton","Exoskeleton","Chitin + Calcium","Holoplanktonic","No","Copepods"
"1348","Eukaryota","Arthropoda","Copepoda","Calanoida","Calanidae","Calanus","Calanus pacificus","Variable","Variable","Variable","Exoskeleton","Exoskeleton","Chitin + Calcium","Holoplanktonic","No","Copepods"
"1349","Eukaryota","Chordata","Actinopteri","Argentiniformes","Bathylagidae","Leuroglossus","Leuroglossus stilbius","No","No","No","None","None","None","Meroplanktonic","No","Deep-sea smelts and related fish"
"1351","Eukaryota","Arthropoda","Copepoda","Calanoida","Eucalanidae","Eucalanus","Eucalanus californicus","Variable","Variable","Variable","Exoskeleton","Exoskeleton","Chitin + Calcium","Holoplanktonic","No","Copepods"
"1353","Eukaryota","Mollusca","Gastropoda","Littorinimorpha","Atlantidae","Atlanta","Atlanta sp. USNM IZ 1230636","Yes","Yes","Yes","External shell","External shell","Aragonite/Calcite","Meroplanktonic","No","Periwinkles and related snails"
"1354","Eukaryota","Arthropoda","Copepoda","Calanoida","Pontellidae","Labidocera",NA,"Variable","Variable","Variable","Exoskeleton","Exoskeleton","Chitin + Calcium","Holoplanktonic","No","Copepods"
"1355","Eukaryota","Arthropoda","Copepoda","Calanoida","Calanidae","Calanus","Calanus pacificus","Variable","Variable","Variable","Exoskeleton","Exoskeleton","Chitin + Calcium","Holoplanktonic","No","Copepods"
"1357","Eukaryota","Arthropoda","Copepoda","Calanoida","Eucalanidae","Eucalanus","Eucalanus californicus","Variable","Variable","Variable","Exoskeleton","Exoskeleton","Chitin + Calcium","Holoplanktonic","No","Copepods"
"1358","Eukaryota","Arthropoda","Copepoda","Calanoida","Pontellidae","Labidocera","Labidocera trispinosa","Variable","Variable","Variable","Exoskeleton","Exoskeleton","Chitin + Calcium","Holoplanktonic","No","Copepods"
"1359","Eukaryota","Chordata","Actinopteri","Sciaenidae","Sciaenidae","Seriphus","Seriphus politus","No","No","No","None","None","None","Meroplanktonic","No","Drums and croakers (marine fish)"
"1363","Eukaryota","Arthropoda","Malacostraca","Decapoda","Sergestidae","Eusergestes","Eusergestes similis","Variable","No","Variable","None","Exoskeleton","Calcite","Meroplanktonic","No","Crabs, lobsters, shrimp"
"1364","Eukaryota","Arthropoda","Copepoda","Calanoida","Pontellidae","Labidocera","Labidocera trispinosa","Variable","Variable","Variable","Exoskeleton","Exoskeleton","Chitin + Calcium","Holoplanktonic","No","Copepods"
"1365","Eukaryota","Arthropoda","Copepoda","Calanoida","Calanidae","Calanus","Calanus pacificus","Variable","Variable","Variable","Exoskeleton","Exoskeleton","Chitin + Calcium","Holoplanktonic","No","Copepods"
"1366","Eukaryota","Arthropoda","Copepoda","Calanoida","Pontellidae","Labidocera","Labidocera trispinosa","Variable","Variable","Variable","Exoskeleton","Exoskeleton","Chitin + Calcium","Holoplanktonic","No","Copepods"
"1368","Eukaryota","Arthropoda","Copepoda","Calanoida","Eucalanidae","Eucalanus","Eucalanus californicus","Variable","Variable","Variable","Exoskeleton","Exoskeleton","Chitin + Calcium","Holoplanktonic","No","Copepods"
"1369","Eukaryota","Arthropoda","Copepoda","Calanoida","Pontellidae","Labidocera","Labidocera trispinosa","Variable","Variable","Variable","Exoskeleton","Exoskeleton","Chitin + Calcium","Holoplanktonic","No","Copepods"
"1370","Eukaryota","Arthropoda","Copepoda","Calanoida","Calanidae","Calanus","Calanus pacificus","Variable","Variable","Variable","Exoskeleton","Exoskeleton","Chitin + Calcium","Holoplanktonic","No","Copepods"
"1374","Eukaryota","Chordata","Actinopteri","Argentiniformes","Bathylagidae","Leuroglossus","Leuroglossus stilbius","No","No","No","None","None","None","Meroplanktonic","No","Deep-sea smelts and related fish"
"1375","Eukaryota","Arthropoda","Malacostraca","Euphausiacea","Euphausiidae","Hansarsia","Hansarsia difficilis","Variable","No","Variable","None","Exoskeleton","Chitin + Calcium","Holoplanktonic","No","Krill"
"1377","Eukaryota","Annelida","Polychaeta","Phyllodocida","Alciopedidae","Torrea","Torrea sp. JE_2010","No","No","No","None","None","None","Benthic + Meroplanktonic","No","Active marine polychaetes"
"1378","Eukaryota","Mollusca","Gastropoda","Nudibranchia","Glaucidae","Hermissenda","Hermissenda opalescens","Variable","Variable","No","External shell","None","Aragonite","Meroplanktonic","No","Shell-less sea slugs"
"1379","Eukaryota","Arthropoda","Copepoda","Calanoida","Calanidae","Calanus","Calanus pacificus","Variable","Variable","Variable","Exoskeleton","Exoskeleton","Chitin + Calcium","Holoplanktonic","No","Copepods"
"1381","Eukaryota","Arthropoda","Malacostraca","Euphausiacea","Euphausiidae","Stylocheiron",NA,"Variable","No","Variable","None","Exoskeleton","Chitin + Calcium","Holoplanktonic","No","Krill"
"1382","Eukaryota","Arthropoda","Copepoda","Calanoida","Pontellidae","Labidocera","Labidocera trispinosa","Variable","Variable","Variable","Exoskeleton","Exoskeleton","Chitin + Calcium","Holoplanktonic","No","Copepods"
"1383","Eukaryota","Arthropoda","Copepoda","Calanoida","Paracalanidae","Paracalanus","Paracalanus tropicus","Variable","Variable","Variable","Exoskeleton","Exoskeleton","Chitin + Calcium","Holoplanktonic","No","Copepods"
"1385","Eukaryota","Arthropoda","Copepoda","Calanoida","Metridinidae","Pleuromamma","Pleuromamma borealis","Variable","Variable","Variable","Exoskeleton","Exoskeleton","Chitin + Calcium","Holoplanktonic","No","Copepods"
"1386","Eukaryota","Arthropoda","Copepoda","Calanoida","Calanidae","Calanus","Calanus pacificus","Variable","Variable","Variable","Exoskeleton","Exoskeleton","Chitin + Calcium","Holoplanktonic","No","Copepods"
"1387","Eukaryota","Chordata","Actinopteri","Gobiiformes","Gobiidae","Typhlogobius","Typhlogobius californiensis","No","No","No","None","None","None","Meroplanktonic","No","Gobies and dartfish"
"1389","Eukaryota","Arthropoda","Malacostraca","Decapoda","Hippidae","Emerita","Emerita analoga","Variable","No","Variable","None","Exoskeleton","Calcite","Meroplanktonic","No","Crabs, lobsters, shrimp"
"1390","Eukaryota","Annelida","Polychaeta","Phyllodocida","Phyllodocidae",NA,NA,"No","No","No","None","None","None","Benthic + Meroplanktonic","No","Active marine polychaetes"
"1392","Eukaryota","Arthropoda","Malacostraca","Decapoda","Diogenidae",NA,NA,"Variable","No","Variable","None","Exoskeleton","Calcite","Meroplanktonic","No","Crabs, lobsters, shrimp"
"1393","Eukaryota","Arthropoda","Copepoda","Calanoida","Calanidae","Calanus","Calanus pacificus","Variable","Variable","Variable","Exoskeleton","Exoskeleton","Chitin + Calcium","Holoplanktonic","No","Copepods"
"1394","Eukaryota","Arthropoda","Copepoda","Calanoida","Pontellidae","Labidocera","Labidocera trispinosa","Variable","Variable","Variable","Exoskeleton","Exoskeleton","Chitin + Calcium","Holoplanktonic","No","Copepods"
"1396","Eukaryota","Arthropoda","Copepoda","Calanoida","Eucalanidae","Eucalanus","Eucalanus californicus","Variable","Variable","Variable","Exoskeleton","Exoskeleton","Chitin + Calcium","Holoplanktonic","No","Copepods"
"1398","Eukaryota","Arthropoda","Copepoda","Calanoida","Calanidae","Calanus","Calanus pacificus","Variable","Variable","Variable","Exoskeleton","Exoskeleton","Chitin + Calcium","Holoplanktonic","No","Copepods"
"1400","Eukaryota","Arthropoda","Copepoda","Calanoida","Metridinidae","Pleuromamma","Pleuromamma borealis","Variable","Variable","Variable","Exoskeleton","Exoskeleton","Chitin + Calcium","Holoplanktonic","No","Copepods"
"1403","Eukaryota","Mollusca","Gastropoda","Nudibranchia","Glaucidae","Hermissenda","Hermissenda opalescens","Variable","Variable","No","External shell","None","Aragonite","Meroplanktonic","No","Shell-less sea slugs"
"1405","Eukaryota","Arthropoda","Copepoda","Calanoida","Pontellidae","Labidocera","Labidocera trispinosa","Variable","Variable","Variable","Exoskeleton","Exoskeleton","Chitin + Calcium","Holoplanktonic","No","Copepods"
"1406","Eukaryota","Arthropoda","Copepoda","Calanoida","Pontellidae","Labidocera","Labidocera trispinosa","Variable","Variable","Variable","Exoskeleton","Exoskeleton","Chitin + Calcium","Holoplanktonic","No","Copepods"
"1407","Eukaryota","Arthropoda","Copepoda","Calanoida","Pontellidae","Labidocera","Labidocera trispinosa","Variable","Variable","Variable","Exoskeleton","Exoskeleton","Chitin + Calcium","Holoplanktonic","No","Copepods"
"1408","Eukaryota","Mollusca","Gastropoda","Nudibranchia","Glaucidae","Hermissenda","Hermissenda opalescens","Variable","Variable","No","External shell","None","Aragonite","Meroplanktonic","No","Shell-less sea slugs"
"1409","Eukaryota","Mollusca","Gastropoda","Nudibranchia","Glaucidae","Hermissenda","Hermissenda opalescens","Variable","Variable","No","External shell","None","Aragonite","Meroplanktonic","No","Shell-less sea slugs"
"1410","Eukaryota","Arthropoda","Copepoda","Calanoida","Candaciidae","Candacia","Candacia curta","Variable","Variable","Variable","Exoskeleton","Exoskeleton","Chitin + Calcium","Holoplanktonic","No","Copepods"
"1411","Eukaryota","Arthropoda","Copepoda","Calanoida","Pontellidae","Labidocera","Labidocera trispinosa","Variable","Variable","Variable","Exoskeleton","Exoskeleton","Chitin + Calcium","Holoplanktonic","No","Copepods"
"1413","Eukaryota","Chordata","Actinopteri","Argentiniformes","Bathylagidae","Leuroglossus","Leuroglossus stilbius","No","No","No","None","None","None","Meroplanktonic","No","Deep-sea smelts and related fish"
"1414","Eukaryota","Arthropoda","Copepoda","Calanoida","Pontellidae","Labidocera","Labidocera trispinosa","Variable","Variable","Variable","Exoskeleton","Exoskeleton","Chitin + Calcium","Holoplanktonic","No","Copepods"
"1415","Eukaryota","Arthropoda","Copepoda","Calanoida","Eucalanidae","Eucalanus","Eucalanus californicus","Variable","Variable","Variable","Exoskeleton","Exoskeleton","Chitin + Calcium","Holoplanktonic","No","Copepods"
"1416","Eukaryota","Mollusca","Gastropoda","Nudibranchia","Glaucidae","Hermissenda","Hermissenda opalescens","Variable","Variable","No","External shell","None","Aragonite","Meroplanktonic","No","Shell-less sea slugs"
"1419","Eukaryota","Arthropoda","Copepoda","Calanoida","Eucalanidae","Eucalanus","Eucalanus californicus","Variable","Variable","Variable","Exoskeleton","Exoskeleton","Chitin + Calcium","Holoplanktonic","No","Copepods"
"1420","Eukaryota","Mollusca","Gastropoda","Nudibranchia","Glaucidae","Hermissenda","Hermissenda opalescens","Variable","Variable","No","External shell","None","Aragonite","Meroplanktonic","No","Shell-less sea slugs"
"1421","Eukaryota","Arthropoda","Malacostraca","Euphausiacea","Euphausiidae","Euphausia","Euphausia pacifica","Variable","No","Variable","None","Exoskeleton","Chitin + Calcium","Holoplanktonic","No","Krill"
"1423","Eukaryota","Arthropoda","Copepoda","Calanoida","Pontellidae","Labidocera","Labidocera trispinosa","Variable","Variable","Variable","Exoskeleton","Exoskeleton","Chitin + Calcium","Holoplanktonic","No","Copepods"
"1424","Eukaryota","Arthropoda","Copepoda","Calanoida","Calanidae","Calanus","Calanus pacificus","Variable","Variable","Variable","Exoskeleton","Exoskeleton","Chitin + Calcium","Holoplanktonic","No","Copepods"
"1425","Eukaryota","Arthropoda","Copepoda","Calanoida","Calanidae","Calanus","Calanus pacificus","Variable","Variable","Variable","Exoskeleton","Exoskeleton","Chitin + Calcium","Holoplanktonic","No","Copepods"
"1427","Eukaryota","Arthropoda","Copepoda","Calanoida","Calanidae","Calanus","Calanus pacificus","Variable","Variable","Variable","Exoskeleton","Exoskeleton","Chitin + Calcium","Holoplanktonic","No","Copepods"
"1429","Eukaryota","Chordata","Actinopteri","Argentiniformes","Bathylagidae","Leuroglossus","Leuroglossus stilbius","No","No","No","None","None","None","Meroplanktonic","No","Deep-sea smelts and related fish"
"1430","Eukaryota","Arthropoda","Copepoda","Calanoida","Scolecitrichidae","Scolecithricella","Scolecithricella dentata","Variable","Variable","Variable","Exoskeleton","Exoskeleton","Chitin + Calcium","Holoplanktonic","No","Copepods"
"1431","Eukaryota","Arthropoda","Copepoda","Calanoida","Eucalanidae","Eucalanus","Eucalanus californicus","Variable","Variable","Variable","Exoskeleton","Exoskeleton","Chitin + Calcium","Holoplanktonic","No","Copepods"
"1432","Eukaryota","Arthropoda","Malacostraca","Decapoda","Hippolytidae","Spirontocaris","Spirontocaris holmesi","Variable","No","Variable","None","Exoskeleton","Calcite","Meroplanktonic","No","Crabs, lobsters, shrimp"
"1433","Eukaryota","Arthropoda","Copepoda","Calanoida","Pontellidae","Labidocera",NA,"Variable","Variable","Variable","Exoskeleton","Exoskeleton","Chitin + Calcium","Holoplanktonic","No","Copepods"
"1434","Eukaryota","Mollusca","Gastropoda","Nudibranchia","Glaucidae","Hermissenda","Hermissenda opalescens","Variable","Variable","No","External shell","None","Aragonite","Meroplanktonic","No","Shell-less sea slugs"
"1435","Eukaryota","Arthropoda","Copepoda","Calanoida","Pontellidae","Labidocera","Labidocera trispinosa","Variable","Variable","Variable","Exoskeleton","Exoskeleton","Chitin + Calcium","Holoplanktonic","No","Copepods"
"1438","Eukaryota","Arthropoda","Copepoda","Calanoida","Eucalanidae","Eucalanus","Eucalanus californicus","Variable","Variable","Variable","Exoskeleton","Exoskeleton","Chitin + Calcium","Holoplanktonic","No","Copepods"
"1439","Eukaryota","Chordata","Actinopteri","Argentiniformes","Bathylagidae","Leuroglossus","Leuroglossus stilbius","No","No","No","None","None","None","Meroplanktonic","No","Deep-sea smelts and related fish"
"1440","Eukaryota","Arthropoda","Malacostraca","Euphausiacea","Euphausiidae","Nyctiphanes","Nyctiphanes simplex","Variable","No","Variable","None","Exoskeleton","Chitin + Calcium","Holoplanktonic","No","Krill"
"1441","Eukaryota","Arthropoda","Copepoda","Calanoida","Pontellidae","Labidocera","Labidocera trispinosa","Variable","Variable","Variable","Exoskeleton","Exoskeleton","Chitin + Calcium","Holoplanktonic","No","Copepods"
"1443","Eukaryota","Mollusca","Gastropoda","Nudibranchia","Glaucidae","Hermissenda","Hermissenda opalescens","Variable","Variable","No","External shell","None","Aragonite","Meroplanktonic","No","Shell-less sea slugs"
"1444","Eukaryota","Arthropoda","Copepoda","Calanoida","Pontellidae",NA,NA,"Variable","Variable","Variable","Exoskeleton","Exoskeleton","Chitin + Calcium","Holoplanktonic","No","Copepods"
"1445","Eukaryota","Arthropoda","Copepoda","Calanoida","Calanidae","Calanus","Calanus pacificus","Variable","Variable","Variable","Exoskeleton","Exoskeleton","Chitin + Calcium","Holoplanktonic","No","Copepods"
"1446","Eukaryota","Arthropoda","Copepoda","Calanoida","Mecynoceridae","Mecynocera","Mecynocera clausi","Variable","Variable","Variable","Exoskeleton","Exoskeleton","Chitin + Calcium","Holoplanktonic","No","Copepods"
"1448","Eukaryota","Arthropoda","Copepoda","Calanoida","Calanidae","Calanus","Calanus pacificus","Variable","Variable","Variable","Exoskeleton","Exoskeleton","Chitin + Calcium","Holoplanktonic","No","Copepods"
"1450","Eukaryota","Arthropoda","Copepoda","Calanoida","Eucalanidae","Eucalanus","Eucalanus californicus","Variable","Variable","Variable","Exoskeleton","Exoskeleton","Chitin + Calcium","Holoplanktonic","No","Copepods"
"1451","Eukaryota","Mollusca","Gastropoda","Nudibranchia","Glaucidae","Hermissenda","Hermissenda opalescens","Variable","Variable","No","External shell","None","Aragonite","Meroplanktonic","No","Shell-less sea slugs"
"1453","Eukaryota","Chordata","Actinopteri","Sphyraenidae","Sphyraenidae","Sphyraena","Sphyraena argentea","No","No","No","None","None","None","Benthic + Meroplanktonic","No","Barracudas (predatory fish)"
"1455","Eukaryota","Echinodermata","Ophiuroidea","Amphilepidida","Amphiuridae","Amphiodia",NA,"Yes","Yes","Yes","Internal skeleton","Internal skeleton","Calcite","Meroplanktonic","No","Brittle stars"
"1456","Eukaryota","Arthropoda","Ostracoda","Halocyprida","Halocyprididae","Porroecia",NA,"Variable","No","Variable","None","Exoskeleton","Chitin + Calcium","Holoplanktonic","No","Ostracods (seed shrimp)"
"1457","Eukaryota","Mollusca","Gastropoda","Pteropoda","Creseidae","Styliola","Styliola sp.","Yes","Yes","Yes","External shell","External shell","Aragonite","Holoplanktonic","No","Sea butterflies"
"1459","Eukaryota","Arthropoda","Copepoda","Calanoida","Calanidae","Calanus","Calanus pacificus","Variable","Variable","Variable","Exoskeleton","Exoskeleton","Chitin + Calcium","Holoplanktonic","No","Copepods"
"1460","Eukaryota","Mollusca","Gastropoda","Pteropoda","Creseidae","Creseis","Creseis conica","Yes","Yes","Yes","External shell","External shell","Aragonite","Holoplanktonic","No","Sea butterflies"
"1461","Eukaryota","Arthropoda","Ostracoda","Halocyprida","Halocyprididae",NA,NA,"Variable","No","Variable","None","Exoskeleton","Chitin + Calcium","Holoplanktonic","No","Ostracods (seed shrimp)"
"1462","Eukaryota","Chordata","Actinopteri","Argentiniformes","Bathylagidae","Leuroglossus","Leuroglossus stilbius","No","No","No","None","None","None","Meroplanktonic","No","Deep-sea smelts and related fish"
"1464","Eukaryota","Annelida","Polychaeta","Phyllodocida","Phyllodocidae",NA,NA,"No","No","No","None","None","None","Benthic + Meroplanktonic","No","Active marine polychaetes"
"1465","Eukaryota","Arthropoda","Copepoda","Poecilostomatoida","Oncaeidae","Oncaea","Oncaea sp.","Variable","Variable","Variable","Exoskeleton","Exoskeleton","Chitin + Calcium","Holoplanktonic","No","Parasitic or predatory copepods"
"1466","Eukaryota","Arthropoda","Copepoda","Calanoida","Calanidae","Calanus","Calanus pacificus","Variable","Variable","Variable","Exoskeleton","Exoskeleton","Chitin + Calcium","Holoplanktonic","No","Copepods"
"1467","Eukaryota","Chordata","Actinopteri","Argentiniformes","Bathylagidae","Leuroglossus","Leuroglossus stilbius","No","No","No","None","None","None","Meroplanktonic","No","Deep-sea smelts and related fish"
"1468","Eukaryota","Mollusca","Gastropoda","Nudibranchia","Glaucidae","Hermissenda","Hermissenda opalescens","Variable","Variable","No","External shell","None","Aragonite","Meroplanktonic","No","Shell-less sea slugs"
"1469","Eukaryota","Arthropoda","Copepoda","Calanoida","Calanidae","Calanus","Calanus pacificus","Variable","Variable","Variable","Exoskeleton","Exoskeleton","Chitin + Calcium","Holoplanktonic","No","Copepods"
"1470","Eukaryota","Arthropoda","Malacostraca","Decapoda","Cancridae",NA,NA,"Variable","No","Variable","None","Exoskeleton","Calcite","Meroplanktonic","No","Crabs, lobsters, shrimp"
"1472","Eukaryota","Arthropoda","Copepoda","Calanoida","Calanidae","Calanus","Calanus pacificus","Variable","Variable","Variable","Exoskeleton","Exoskeleton","Chitin + Calcium","Holoplanktonic","No","Copepods"
"1473","Eukaryota","Mollusca","Gastropoda","Nudibranchia","Glaucidae","Hermissenda",NA,"Variable","Variable","No","External shell","None","Aragonite","Meroplanktonic","No","Shell-less sea slugs"
"1474","Eukaryota","Arthropoda","Copepoda","Calanoida","Pontellidae","Labidocera","Labidocera trispinosa","Variable","Variable","Variable","Exoskeleton","Exoskeleton","Chitin + Calcium","Holoplanktonic","No","Copepods"
"1476","Eukaryota","Arthropoda","Copepoda","Calanoida","Eucalanidae","Eucalanus","Eucalanus californicus","Variable","Variable","Variable","Exoskeleton","Exoskeleton","Chitin + Calcium","Holoplanktonic","No","Copepods"
"1478","Eukaryota","Arthropoda","Copepoda","Calanoida","Clausocalanidae","Clausocalanus","Clausocalanus jobei","Variable","Variable","Variable","Exoskeleton","Exoskeleton","Chitin + Calcium","Holoplanktonic","No","Copepods"
"1479","Eukaryota","Echinodermata","Asteroidea","Paxillosida","Luidiidae","Luidia","Luidia foliolata","Variable","No","Yes","None","Internal skeleton","Calcite","Meroplanktonic","No","Starfish without suckers"
"1480","Eukaryota","Arthropoda","Copepoda","Calanoida","Calanidae","Calanus","Calanus pacificus","Variable","Variable","Variable","Exoskeleton","Exoskeleton","Chitin + Calcium","Holoplanktonic","No","Copepods"
"1481","Eukaryota","Arthropoda","Copepoda","Calanoida","Calanidae","Calanus","Calanus pacificus","Variable","Variable","Variable","Exoskeleton","Exoskeleton","Chitin + Calcium","Holoplanktonic","No","Copepods"
"1482","Eukaryota","Chordata","Actinopteri","Argentiniformes","Bathylagidae","Leuroglossus","Leuroglossus stilbius","No","No","No","None","None","None","Meroplanktonic","No","Deep-sea smelts and related fish"
"1483","Eukaryota","Arthropoda","Copepoda","Calanoida","Pontellidae","Labidocera","Labidocera trispinosa","Variable","Variable","Variable","Exoskeleton","Exoskeleton","Chitin + Calcium","Holoplanktonic","No","Copepods"
"1485","Eukaryota","Arthropoda","Copepoda","Calanoida","Eucalanidae","Eucalanus","Eucalanus californicus","Variable","Variable","Variable","Exoskeleton","Exoskeleton","Chitin + Calcium","Holoplanktonic","No","Copepods"
"1489","Eukaryota","Mollusca","Gastropoda","Cephalaspidea","Philinidae","Philine",NA,"Variable","Yes","Yes","External shell","External shell","Aragonite","Meroplanktonic","No","Bubble snails"
"1492","Eukaryota","Bryozoa","Gymnolaemata","Cheilostomatida","Membraniporidae","Membranipora","Membranipora villosa","Yes","Yes","Yes","External shell","External shell","Calcite","Meroplanktonic","No","Encrusting bryozoans"
"1493","Eukaryota","Chordata","Actinopteri","Sciaenidae","Sciaenidae","Seriphus","Seriphus politus","No","No","No","None","None","None","Meroplanktonic","No","Drums and croakers (marine fish)"
"1494","Eukaryota","Bryozoa","Gymnolaemata","Cheilostomatida","Membraniporidae",NA,NA,"Yes","Yes","Yes","External shell","External shell","Calcite","Meroplanktonic","No","Encrusting bryozoans"
"1495","Eukaryota","Mollusca","Gastropoda","Nudibranchia","Glaucidae","Hermissenda",NA,"Variable","Variable","No","External shell","None","Aragonite","Meroplanktonic","No","Shell-less sea slugs"
"1496","Eukaryota","Arthropoda","Copepoda","Calanoida","Calanidae","Calanus","Calanus pacificus","Variable","Variable","Variable","Exoskeleton","Exoskeleton","Chitin + Calcium","Holoplanktonic","No","Copepods"
"1497","Eukaryota","Arthropoda","Copepoda","Calanoida","Eucalanidae","Eucalanus","Eucalanus californicus","Variable","Variable","Variable","Exoskeleton","Exoskeleton","Chitin + Calcium","Holoplanktonic","No","Copepods"
"1498","Eukaryota","Arthropoda","Copepoda","Calanoida","Eucalanidae","Eucalanus","Eucalanus californicus","Variable","Variable","Variable","Exoskeleton","Exoskeleton","Chitin + Calcium","Holoplanktonic","No","Copepods"
"1499","Eukaryota","Arthropoda","Copepoda","Calanoida","Pontellidae","Labidocera","Labidocera trispinosa","Variable","Variable","Variable","Exoskeleton","Exoskeleton","Chitin + Calcium","Holoplanktonic","No","Copepods"
"1500","Eukaryota","Mollusca","Cephalopoda","Octopoda","Octopodidae","Octopus",NA,"Variable","Yes","No","Statoliths","None","Aragonite","Meroplanktonic","No","Octopi"
"1503","Eukaryota","Arthropoda","Copepoda","Calanoida","Clausocalanidae","Clausocalanus","Clausocalanus parapergens","Variable","Variable","Variable","Exoskeleton","Exoskeleton","Chitin + Calcium","Holoplanktonic","No","Copepods"
"1505","Eukaryota","Mollusca","Gastropoda","Nudibranchia","Glaucidae","Hermissenda","Hermissenda opalescens","Variable","Variable","No","External shell","None","Aragonite","Meroplanktonic","No","Shell-less sea slugs"
"1506","Eukaryota","Echinodermata","Ophiuroidea","Amphilepidida","Amphiuridae","Amphiodia",NA,"Yes","Yes","Yes","Internal skeleton","Internal skeleton","Calcite","Meroplanktonic","No","Brittle stars"
"1510","Eukaryota","Echinodermata","Asteroidea","Valvatida","Asterinidae","Patiria","Patiria miniata","Variable","No","Yes","None","Internal skeleton","Calcite","Meroplanktonic","No","Sea stars"
"1512","Eukaryota","Cnidaria","Hydrozoa","Anthoathecata","Pandeidae","Leuckartiara","Leuckartiara longicalcar","No","No","No","None","None","None","Benthic + Holoplanktonic","No","Colonial hydroids and small medusae"
"1514","Eukaryota","Arthropoda","Copepoda","Calanoida","Eucalanidae","Eucalanus","Eucalanus californicus","Variable","Variable","Variable","Exoskeleton","Exoskeleton","Chitin + Calcium","Holoplanktonic","No","Copepods"
"1515","Eukaryota","Arthropoda","Copepoda","Calanoida","Eucalanidae","Eucalanus","Eucalanus californicus","Variable","Variable","Variable","Exoskeleton","Exoskeleton","Chitin + Calcium","Holoplanktonic","No","Copepods"
"1517","Eukaryota","Arthropoda","Copepoda","Calanoida","Eucalanidae","Eucalanus","Eucalanus californicus","Variable","Variable","Variable","Exoskeleton","Exoskeleton","Chitin + Calcium","Holoplanktonic","No","Copepods"
"1519","Eukaryota","Arthropoda","Copepoda","Calanoida","Eucalanidae","Eucalanus","Eucalanus californicus","Variable","Variable","Variable","Exoskeleton","Exoskeleton","Chitin + Calcium","Holoplanktonic","No","Copepods"
"1520","Eukaryota","Mollusca","Gastropoda","Nudibranchia","Glaucidae","Hermissenda","Hermissenda opalescens","Variable","Variable","No","External shell","None","Aragonite","Meroplanktonic","No","Shell-less sea slugs"
"1521","Eukaryota","Arthropoda","Malacostraca","Euphausiacea","Euphausiidae","Euphausia","Euphausia pacifica","Variable","No","Variable","None","Exoskeleton","Chitin + Calcium","Holoplanktonic","No","Krill"
"1523","Eukaryota","Arthropoda","Copepoda","Calanoida","Pontellidae","Labidocera",NA,"Variable","Variable","Variable","Exoskeleton","Exoskeleton","Chitin + Calcium","Holoplanktonic","No","Copepods"
"1524","Eukaryota","Arthropoda","Copepoda","Calanoida","Pontellidae","Labidocera","Labidocera trispinosa","Variable","Variable","Variable","Exoskeleton","Exoskeleton","Chitin + Calcium","Holoplanktonic","No","Copepods"
"1528","Eukaryota","Arthropoda","Copepoda","Calanoida","Calanidae","Calanus","Calanus pacificus","Variable","Variable","Variable","Exoskeleton","Exoskeleton","Chitin + Calcium","Holoplanktonic","No","Copepods"
"1530","Eukaryota","Arthropoda","Copepoda","Calanoida","Pontellidae","Labidocera","Labidocera trispinosa","Variable","Variable","Variable","Exoskeleton","Exoskeleton","Chitin + Calcium","Holoplanktonic","No","Copepods"
"1531","Eukaryota","Arthropoda","Copepoda","Poecilostomatoida","Oncaeidae","Oncaea","Oncaea sp.","Variable","Variable","Variable","Exoskeleton","Exoskeleton","Chitin + Calcium","Holoplanktonic","No","Parasitic or predatory copepods"
"1532","Eukaryota","Mollusca","Gastropoda","Pteropoda","Creseidae","Styliola","Styliola sp.","Yes","Yes","Yes","External shell","External shell","Aragonite","Holoplanktonic","No","Sea butterflies"
"1533","Eukaryota","Arthropoda","Ostracoda","Halocyprida","Halocyprididae","Proceroecia","Proceroecia procera","Variable","No","Variable","None","Exoskeleton","Chitin + Calcium","Holoplanktonic","No","Ostracods (seed shrimp)"
"1535","Eukaryota","Echinodermata","Echinoidea","Temnopleuroida","Toxopneustidae","Lytechinus","Lytechinus pictus","Yes","Yes","Yes","Internal skeleton","Exoskeleton","Calcite","Meroplanktonic","No","Short-spined sea urchins"
"1536","Eukaryota","Arthropoda","Copepoda","Calanoida","Eucalanidae","Eucalanus","Eucalanus californicus","Variable","Variable","Variable","Exoskeleton","Exoskeleton","Chitin + Calcium","Holoplanktonic","No","Copepods"
"1537","Eukaryota","Mollusca","Gastropoda","Nudibranchia","Glaucidae","Hermissenda","Hermissenda opalescens","Variable","Variable","No","External shell","None","Aragonite","Meroplanktonic","No","Shell-less sea slugs"
"1538","Eukaryota","Arthropoda","Copepoda","Calanoida","Aetideidae",NA,NA,"Variable","Variable","Variable","Exoskeleton","Exoskeleton","Chitin + Calcium","Holoplanktonic","No","Copepods"
"1539","Eukaryota","Arthropoda","Ostracoda","Halocyprida","Halocyprididae","Proceroecia","Proceroecia procera","Variable","No","Variable","None","Exoskeleton","Chitin + Calcium","Holoplanktonic","No","Ostracods (seed shrimp)"
"1540","Eukaryota","Arthropoda","Copepoda","Calanoida","Scolecitrichidae","Scolecithricella","Scolecithricella dentata","Variable","Variable","Variable","Exoskeleton","Exoskeleton","Chitin + Calcium","Holoplanktonic","No","Copepods"
"1541","Eukaryota","Arthropoda","Copepoda","Calanoida","Clausocalanidae","Clausocalanus","Clausocalanus jobei","Variable","Variable","Variable","Exoskeleton","Exoskeleton","Chitin + Calcium","Holoplanktonic","No","Copepods"
"1542","Eukaryota","Echinodermata","Echinoidea","Temnopleuroida","Toxopneustidae","Lytechinus","Lytechinus pictus","Yes","Yes","Yes","Internal skeleton","Exoskeleton","Calcite","Meroplanktonic","No","Short-spined sea urchins"
"1543","Eukaryota","Arthropoda","Copepoda","Calanoida","Eucalanidae","Eucalanus","Eucalanus californicus","Variable","Variable","Variable","Exoskeleton","Exoskeleton","Chitin + Calcium","Holoplanktonic","No","Copepods"
"1545","Eukaryota","Arthropoda","Copepoda","Calanoida","Pontellidae","Labidocera","Labidocera trispinosa","Variable","Variable","Variable","Exoskeleton","Exoskeleton","Chitin + Calcium","Holoplanktonic","No","Copepods"
"1549","Eukaryota","Arthropoda","Ostracoda","Halocyprida","Halocyprididae","Conchoecia","Conchoecia magna","Variable","No","Variable","None","Exoskeleton","Chitin + Calcium","Holoplanktonic","No","Ostracods (seed shrimp)"
"1551","Eukaryota","Arthropoda","Copepoda","Poecilostomatoida","Oncaeidae","Oncaea","Oncaea sp.","Variable","Variable","Variable","Exoskeleton","Exoskeleton","Chitin + Calcium","Holoplanktonic","No","Parasitic or predatory copepods"
"1552","Eukaryota","Arthropoda","Copepoda","Calanoida","Eucalanidae","Eucalanus","Eucalanus californicus","Variable","Variable","Variable","Exoskeleton","Exoskeleton","Chitin + Calcium","Holoplanktonic","No","Copepods"
"1553","Eukaryota","Mollusca","Gastropoda","Nudibranchia","Glaucidae","Hermissenda","Hermissenda opalescens","Variable","Variable","No","External shell","None","Aragonite","Meroplanktonic","No","Shell-less sea slugs"
"1554","Eukaryota","Arthropoda","Malacostraca","Decapoda","Diogenidae","Isocheles","Isocheles pilosus","Variable","No","Variable","None","Exoskeleton","Calcite","Meroplanktonic","No","Crabs, lobsters, shrimp"
"1559","Eukaryota","Mollusca","Gastropoda","Nudibranchia","Glaucidae","Hermissenda","Hermissenda opalescens","Variable","Variable","No","External shell","None","Aragonite","Meroplanktonic","No","Shell-less sea slugs"
"1561","Eukaryota","Arthropoda","Copepoda","Calanoida","Pontellidae","Labidocera","Labidocera trispinosa","Variable","Variable","Variable","Exoskeleton","Exoskeleton","Chitin + Calcium","Holoplanktonic","No","Copepods"
"1562","Eukaryota","Arthropoda","Copepoda","Calanoida","Pontellidae","Labidocera","Labidocera trispinosa","Variable","Variable","Variable","Exoskeleton","Exoskeleton","Chitin + Calcium","Holoplanktonic","No","Copepods"
"1565","Eukaryota","Mollusca","Gastropoda","Pteropoda","Cliidae","Clio","Clio pyramidata","Yes","Yes","Yes","External shell","External shell","Aragonite","Holoplanktonic","No","Sea butterflies"
"1567","Eukaryota","Chordata","Actinopteri","Argentiniformes","Bathylagidae","Leuroglossus","Leuroglossus stilbius","No","No","No","None","None","None","Meroplanktonic","No","Deep-sea smelts and related fish"
"1568","Eukaryota","Arthropoda","Copepoda","Calanoida","Pontellidae","Labidocera","Labidocera trispinosa","Variable","Variable","Variable","Exoskeleton","Exoskeleton","Chitin + Calcium","Holoplanktonic","No","Copepods"
"1569","Eukaryota","Arthropoda","Copepoda","Calanoida","Pontellidae","Labidocera","Labidocera trispinosa","Variable","Variable","Variable","Exoskeleton","Exoskeleton","Chitin + Calcium","Holoplanktonic","No","Copepods"
"1573","Eukaryota","Arthropoda","Copepoda","Calanoida","Scolecitrichidae","Scolecithricella","Scolecithricella dentata","Variable","Variable","Variable","Exoskeleton","Exoskeleton","Chitin + Calcium","Holoplanktonic","No","Copepods"
"1575","Eukaryota","Arthropoda","Copepoda","Calanoida","Scolecitrichidae","Scolecithricella","Scolecithricella dentata","Variable","Variable","Variable","Exoskeleton","Exoskeleton","Chitin + Calcium","Holoplanktonic","No","Copepods"
"1576","Eukaryota","Arthropoda","Copepoda","Calanoida","Calanidae","Calanus","Calanus pacificus","Variable","Variable","Variable","Exoskeleton","Exoskeleton","Chitin + Calcium","Holoplanktonic","No","Copepods"
"1579","Eukaryota","Arthropoda","Copepoda","Calanoida","Eucalanidae","Eucalanus","Eucalanus californicus","Variable","Variable","Variable","Exoskeleton","Exoskeleton","Chitin + Calcium","Holoplanktonic","No","Copepods"
"1580","Eukaryota","Arthropoda","Copepoda","Calanoida","Pontellidae","Labidocera","Labidocera trispinosa","Variable","Variable","Variable","Exoskeleton","Exoskeleton","Chitin + Calcium","Holoplanktonic","No","Copepods"
"1581","Eukaryota","Arthropoda","Copepoda","Calanoida","Calanidae","Calanus","Calanus pacificus","Variable","Variable","Variable","Exoskeleton","Exoskeleton","Chitin + Calcium","Holoplanktonic","No","Copepods"
"1582","Eukaryota","Arthropoda","Copepoda","Calanoida","Pontellidae","Labidocera","Labidocera trispinosa","Variable","Variable","Variable","Exoskeleton","Exoskeleton","Chitin + Calcium","Holoplanktonic","No","Copepods"
"1583","Eukaryota","Arthropoda","Copepoda","Calanoida","Pontellidae","Labidocera","Labidocera trispinosa","Variable","Variable","Variable","Exoskeleton","Exoskeleton","Chitin + Calcium","Holoplanktonic","No","Copepods"
"1585","Eukaryota","Arthropoda","Copepoda","Calanoida","Eucalanidae","Eucalanus","Eucalanus californicus","Variable","Variable","Variable","Exoskeleton","Exoskeleton","Chitin + Calcium","Holoplanktonic","No","Copepods"
"1588","Eukaryota","Arthropoda","Copepoda","Calanoida","Calanidae","Calanus","Calanus pacificus","Variable","Variable","Variable","Exoskeleton","Exoskeleton","Chitin + Calcium","Holoplanktonic","No","Copepods"
"1590","Eukaryota","Chordata","Actinopteri","Myctophiformes","Myctophidae","Triphoturus","Triphoturus mexicanus","No","No","No","None","None","None","Meroplanktonic","No","Lanternfishes"
"1592","Eukaryota","Arthropoda","Copepoda","Calanoida","Euchaetidae","Euchaeta","Euchaeta marina","Variable","Variable","Variable","Exoskeleton","Exoskeleton","Chitin + Calcium","Holoplanktonic","No","Copepods"
"1593","Eukaryota","Arthropoda","Copepoda","Calanoida","Clausocalanidae","Clausocalanus","Clausocalanus parapergens","Variable","Variable","Variable","Exoskeleton","Exoskeleton","Chitin + Calcium","Holoplanktonic","No","Copepods"
"1594","Eukaryota","Arthropoda","Copepoda","Calanoida","Metridinidae","Pleuromamma","Pleuromamma xiphias","Variable","Variable","Variable","Exoskeleton","Exoskeleton","Chitin + Calcium","Holoplanktonic","No","Copepods"
"1597","Eukaryota","Arthropoda","Copepoda","Calanoida","Eucalanidae","Eucalanus","Eucalanus californicus","Variable","Variable","Variable","Exoskeleton","Exoskeleton","Chitin + Calcium","Holoplanktonic","No","Copepods"
"1601","Eukaryota","Annelida","Polychaeta","Phyllodocida","Phyllodocidae",NA,NA,"No","No","No","None","None","None","Benthic + Meroplanktonic","No","Active marine polychaetes"
"1604","Eukaryota","Chordata","Actinopteri","Argentiniformes","Argentinidae","Argentina","Argentina sialis","No","No","No","None","None","None","Meroplanktonic","No","Deep-sea smelts and related fish"
"1606","Eukaryota","Echinodermata","Echinoidea","Temnopleuroida","Toxopneustidae","Lytechinus","Lytechinus pictus","Yes","Yes","Yes","Internal skeleton","Exoskeleton","Calcite","Meroplanktonic","No","Short-spined sea urchins"
"1607","Eukaryota","Arthropoda","Copepoda","Calanoida","Pontellidae","Labidocera","Labidocera trispinosa","Variable","Variable","Variable","Exoskeleton","Exoskeleton","Chitin + Calcium","Holoplanktonic","No","Copepods"
"1608","Eukaryota","Mollusca","Gastropoda","Nudibranchia","Glaucidae","Hermissenda","Hermissenda opalescens","Variable","Variable","No","External shell","None","Aragonite","Meroplanktonic","No","Shell-less sea slugs"
"1609","Eukaryota","Arthropoda","Copepoda","Calanoida","Calanidae","Calanus","Calanus pacificus","Variable","Variable","Variable","Exoskeleton","Exoskeleton","Chitin + Calcium","Holoplanktonic","No","Copepods"
"1611","Eukaryota","Arthropoda","Copepoda","Calanoida","Clausocalanidae","Clausocalanus","Clausocalanus furcatus","Variable","Variable","Variable","Exoskeleton","Exoskeleton","Chitin + Calcium","Holoplanktonic","No","Copepods"
"1612","Eukaryota","Arthropoda","Copepoda","Calanoida","Eucalanidae","Eucalanus","Eucalanus californicus","Variable","Variable","Variable","Exoskeleton","Exoskeleton","Chitin + Calcium","Holoplanktonic","No","Copepods"
"1613","Eukaryota","Arthropoda","Copepoda","Calanoida","Paracalanidae","Paracalanus","Paracalanus tropicus","Variable","Variable","Variable","Exoskeleton","Exoskeleton","Chitin + Calcium","Holoplanktonic","No","Copepods"
"1614","Eukaryota","Arthropoda","Ostracoda","Halocyprida","Halocyprididae",NA,NA,"Variable","No","Variable","None","Exoskeleton","Chitin + Calcium","Holoplanktonic","No","Ostracods (seed shrimp)"
"1617","Eukaryota","Chordata","Actinopteri","Argentiniformes","Bathylagidae","Leuroglossus","Leuroglossus stilbius","No","No","No","None","None","None","Meroplanktonic","No","Deep-sea smelts and related fish"
"1618","Eukaryota","Arthropoda","Copepoda","Calanoida","Pontellidae","Labidocera","Labidocera trispinosa","Variable","Variable","Variable","Exoskeleton","Exoskeleton","Chitin + Calcium","Holoplanktonic","No","Copepods"
"1619","Eukaryota","Arthropoda","Copepoda","Calanoida","Pontellidae","Labidocera","Labidocera trispinosa","Variable","Variable","Variable","Exoskeleton","Exoskeleton","Chitin + Calcium","Holoplanktonic","No","Copepods"
"1620","Eukaryota","Arthropoda","Copepoda","Calanoida","Pontellidae","Labidocera","Labidocera trispinosa","Variable","Variable","Variable","Exoskeleton","Exoskeleton","Chitin + Calcium","Holoplanktonic","No","Copepods"
"1621","Eukaryota","Arthropoda","Copepoda","Calanoida","Eucalanidae","Eucalanus","Eucalanus californicus","Variable","Variable","Variable","Exoskeleton","Exoskeleton","Chitin + Calcium","Holoplanktonic","No","Copepods"
"1622","Eukaryota","Arthropoda","Copepoda","Calanoida","Pontellidae","Labidocera","Labidocera trispinosa","Variable","Variable","Variable","Exoskeleton","Exoskeleton","Chitin + Calcium","Holoplanktonic","No","Copepods"
"1623","Eukaryota","Mollusca","Gastropoda","Nudibranchia","Glaucidae","Hermissenda","Hermissenda opalescens","Variable","Variable","No","External shell","None","Aragonite","Meroplanktonic","No","Shell-less sea slugs"
"1624","Eukaryota","Arthropoda","Copepoda","Calanoida","Eucalanidae","Eucalanus","Eucalanus californicus","Variable","Variable","Variable","Exoskeleton","Exoskeleton","Chitin + Calcium","Holoplanktonic","No","Copepods"
"1625","Eukaryota","Arthropoda","Ostracoda","Halocyprida","Halocyprididae","Proceroecia","Proceroecia procera","Variable","No","Variable","None","Exoskeleton","Chitin + Calcium","Holoplanktonic","No","Ostracods (seed shrimp)"
"1626","Eukaryota","Arthropoda","Copepoda","Calanoida","Eucalanidae","Eucalanus",NA,"Variable","Variable","Variable","Exoskeleton","Exoskeleton","Chitin + Calcium","Holoplanktonic","No","Copepods"
"1627","Eukaryota","Cnidaria","Hydrozoa","Siphonophorae","Resomiidae","Resomia","Resomia ornicephala","No","No","No","None","None","None","Holoplanktonic","No","Colonial hydrozoans (e.g., Portuguese man o' war)"
"1628","Eukaryota","Mollusca","Gastropoda","Nudibranchia","Glaucidae","Hermissenda","Hermissenda opalescens","Variable","Variable","No","External shell","None","Aragonite","Meroplanktonic","No","Shell-less sea slugs"
"1629","Eukaryota","Arthropoda","Copepoda","Calanoida","Pontellidae","Labidocera","Labidocera trispinosa","Variable","Variable","Variable","Exoskeleton","Exoskeleton","Chitin + Calcium","Holoplanktonic","No","Copepods"
"1633","Eukaryota","Arthropoda","Copepoda","Calanoida","Clausocalanidae","Clausocalanus","Clausocalanus jobei","Variable","Variable","Variable","Exoskeleton","Exoskeleton","Chitin + Calcium","Holoplanktonic","No","Copepods"
"1634","Eukaryota","Arthropoda","Malacostraca","Euphausiacea","Euphausiidae","Hansarsia",NA,"Variable","No","Variable","None","Exoskeleton","Chitin + Calcium","Holoplanktonic","No","Krill"
"1635","Eukaryota","Arthropoda","Ostracoda","Halocyprida","Halocyprididae",NA,NA,"Variable","No","Variable","None","Exoskeleton","Chitin + Calcium","Holoplanktonic","No","Ostracods (seed shrimp)"
"1636","Eukaryota","Mollusca","Gastropoda","Pteropoda","Creseidae","Creseis","Creseis conica","Yes","Yes","Yes","External shell","External shell","Aragonite","Holoplanktonic","No","Sea butterflies"
"1637","Eukaryota","Arthropoda","Copepoda","Calanoida","Pontellidae","Labidocera","Labidocera trispinosa","Variable","Variable","Variable","Exoskeleton","Exoskeleton","Chitin + Calcium","Holoplanktonic","No","Copepods"
"1639","Eukaryota","Arthropoda","Copepoda","Calanoida","Paracalanidae","Paracalanus","Paracalanus tropicus","Variable","Variable","Variable","Exoskeleton","Exoskeleton","Chitin + Calcium","Holoplanktonic","No","Copepods"
"1640","Eukaryota","Arthropoda","Copepoda","Calanoida","Mecynoceridae","Mecynocera","Mecynocera clausi","Variable","Variable","Variable","Exoskeleton","Exoskeleton","Chitin + Calcium","Holoplanktonic","No","Copepods"
"1641","Eukaryota","Arthropoda","Copepoda","Calanoida","Calanidae","Calanus","Calanus pacificus","Variable","Variable","Variable","Exoskeleton","Exoskeleton","Chitin + Calcium","Holoplanktonic","No","Copepods"
"1645","Eukaryota","Mollusca","Gastropoda","Nudibranchia","Glaucidae","Hermissenda","Hermissenda opalescens","Variable","Variable","No","External shell","None","Aragonite","Meroplanktonic","No","Shell-less sea slugs"
"1646","Eukaryota","Mollusca","Gastropoda","Nudibranchia","Glaucidae","Hermissenda","Hermissenda opalescens","Variable","Variable","No","External shell","None","Aragonite","Meroplanktonic","No","Shell-less sea slugs"
"1647","Eukaryota","Arthropoda","Copepoda","Calanoida","Eucalanidae","Eucalanus","Eucalanus californicus","Variable","Variable","Variable","Exoskeleton","Exoskeleton","Chitin + Calcium","Holoplanktonic","No","Copepods"
"1648","Eukaryota","Echinodermata","Echinoidea","Camarodonta","Strongylocentrotidae","Strongylocentrotus","Strongylocentrotus purpuratus","Yes","Yes","Yes","Internal skeleton","Exoskeleton","Calcite","Meroplanktonic","No","Sea urchins"
"1650","Eukaryota","Arthropoda","Malacostraca","Euphausiacea","Euphausiidae","Hansarsia",NA,"Variable","No","Variable","None","Exoskeleton","Chitin + Calcium","Holoplanktonic","No","Krill"
"1654","Eukaryota","Mollusca","Gastropoda","Nudibranchia","Glaucidae","Hermissenda","Hermissenda opalescens","Variable","Variable","No","External shell","None","Aragonite","Meroplanktonic","No","Shell-less sea slugs"
"1656","Eukaryota","Echinodermata","Echinoidea","Temnopleuroida","Toxopneustidae","Lytechinus","Lytechinus pictus","Yes","Yes","Yes","Internal skeleton","Exoskeleton","Calcite","Meroplanktonic","No","Short-spined sea urchins"
"1658","Eukaryota","Arthropoda","Ostracoda","Halocyprida","Halocyprididae","Discoconchoecia","Discoconchoecia sp. S8_D6","Variable","No","Variable","None","Exoskeleton","Chitin + Calcium","Holoplanktonic","No","Ostracods (seed shrimp)"
"1660","Eukaryota","Arthropoda","Ostracoda","Halocyprida","Halocyprididae","Discoconchoecia",NA,"Variable","No","Variable","None","Exoskeleton","Chitin + Calcium","Holoplanktonic","No","Ostracods (seed shrimp)"
"1661","Eukaryota","Arthropoda","Copepoda","Calanoida","Scolecitrichidae","Scolecithricella","Scolecithricella dentata","Variable","Variable","Variable","Exoskeleton","Exoskeleton","Chitin + Calcium","Holoplanktonic","No","Copepods"
"1663","Eukaryota","Arthropoda","Copepoda","Calanoida","Calanidae","Calanus","Calanus pacificus","Variable","Variable","Variable","Exoskeleton","Exoskeleton","Chitin + Calcium","Holoplanktonic","No","Copepods"
"1664","Eukaryota","Arthropoda","Copepoda","Calanoida","Eucalanidae","Eucalanus","Eucalanus californicus","Variable","Variable","Variable","Exoskeleton","Exoskeleton","Chitin + Calcium","Holoplanktonic","No","Copepods"
"1665","Eukaryota","Arthropoda","Copepoda","Calanoida","Calanidae","Calanus","Calanus pacificus","Variable","Variable","Variable","Exoskeleton","Exoskeleton","Chitin + Calcium","Holoplanktonic","No","Copepods"
"1666","Eukaryota","Arthropoda","Copepoda","Poecilostomatoida","Oncaeidae","Oncaea","Oncaea sp.","Variable","Variable","Variable","Exoskeleton","Exoskeleton","Chitin + Calcium","Holoplanktonic","No","Parasitic or predatory copepods"
"1667","Eukaryota","Arthropoda","Ostracoda","Halocyprida","Halocyprididae","Conchoecetta","Conchoecetta giesbrechti","Variable","No","Variable","None","Exoskeleton","Chitin + Calcium","Holoplanktonic","No","Ostracods (seed shrimp)"
"1668","Eukaryota","Arthropoda","Copepoda","Calanoida","Eucalanidae","Eucalanus","Eucalanus californicus","Variable","Variable","Variable","Exoskeleton","Exoskeleton","Chitin + Calcium","Holoplanktonic","No","Copepods"
"1670","Eukaryota","Arthropoda","Copepoda","Calanoida","Eucalanidae","Rhincalanus","Rhincalanus nasutus","Variable","Variable","Variable","Exoskeleton","Exoskeleton","Chitin + Calcium","Holoplanktonic","No","Copepods"
"1672","Eukaryota","Arthropoda","Copepoda","Poecilostomatoida","Corycaeidae","Farranula",NA,"Variable","Variable","Variable","Exoskeleton","Exoskeleton","Chitin + Calcium","Holoplanktonic","No","Parasitic or predatory copepods"
"1675","Eukaryota","Chordata","Actinopteri","Gadiformes","Merlucciidae","Merluccius","Merluccius productus","No","No","No","None","None","None","Meroplanktonic","No","Cods and grenadiers"
"1676","Eukaryota","Bryozoa","Gymnolaemata","Cheilostomatida","Membraniporidae",NA,NA,"Yes","Yes","Yes","External shell","External shell","Calcite","Meroplanktonic","No","Encrusting bryozoans"
"1678","Eukaryota","Arthropoda","Copepoda","Calanoida","Eucalanidae","Eucalanus","Eucalanus californicus","Variable","Variable","Variable","Exoskeleton","Exoskeleton","Chitin + Calcium","Holoplanktonic","No","Copepods"
"1679","Eukaryota","Arthropoda","Copepoda","Calanoida","Eucalanidae","Eucalanus","Eucalanus californicus","Variable","Variable","Variable","Exoskeleton","Exoskeleton","Chitin + Calcium","Holoplanktonic","No","Copepods"
"1680","Eukaryota","Arthropoda","Copepoda","Calanoida","Eucalanidae","Eucalanus","Eucalanus californicus","Variable","Variable","Variable","Exoskeleton","Exoskeleton","Chitin + Calcium","Holoplanktonic","No","Copepods"
"1681","Eukaryota","Arthropoda","Copepoda","Calanoida","Eucalanidae","Eucalanus","Eucalanus californicus","Variable","Variable","Variable","Exoskeleton","Exoskeleton","Chitin + Calcium","Holoplanktonic","No","Copepods"
"1682","Eukaryota","Echinodermata","Echinoidea","Camarodonta","Strongylocentrotidae","Mesocentrotus","Mesocentrotus franciscanus","Yes","Yes","Yes","Internal skeleton","Exoskeleton","Calcite","Meroplanktonic","No","Sea urchins"
"1683","Eukaryota","Arthropoda","Copepoda","Calanoida","Scolecitrichidae","Scolecithricella","Scolecithricella dentata","Variable","Variable","Variable","Exoskeleton","Exoskeleton","Chitin + Calcium","Holoplanktonic","No","Copepods"
"1684","Eukaryota","Arthropoda","Ostracoda","Halocyprida","Halocyprididae","Discoconchoecia",NA,"Variable","No","Variable","None","Exoskeleton","Chitin + Calcium","Holoplanktonic","No","Ostracods (seed shrimp)"
"1685","Eukaryota","Chordata","Actinopteri","Argentiniformes","Bathylagidae","Leuroglossus","Leuroglossus stilbius","No","No","No","None","None","None","Meroplanktonic","No","Deep-sea smelts and related fish"
"1686","Eukaryota","Arthropoda","Copepoda","Calanoida","Eucalanidae","Eucalanus","Eucalanus californicus","Variable","Variable","Variable","Exoskeleton","Exoskeleton","Chitin + Calcium","Holoplanktonic","No","Copepods"
"1688","Eukaryota","Arthropoda","Copepoda","Calanoida","Calanidae","Calanus","Calanus pacificus","Variable","Variable","Variable","Exoskeleton","Exoskeleton","Chitin + Calcium","Holoplanktonic","No","Copepods"
"1689","Eukaryota","Arthropoda","Copepoda","Calanoida","Pontellidae","Labidocera","Labidocera trispinosa","Variable","Variable","Variable","Exoskeleton","Exoskeleton","Chitin + Calcium","Holoplanktonic","No","Copepods"
"1691","Eukaryota","Mollusca","Gastropoda","Nudibranchia","Glaucidae","Hermissenda",NA,"Variable","Variable","No","External shell","None","Aragonite","Meroplanktonic","No","Shell-less sea slugs"
"1692","Eukaryota","Arthropoda","Copepoda","Calanoida","Eucalanidae","Eucalanus","Eucalanus californicus","Variable","Variable","Variable","Exoskeleton","Exoskeleton","Chitin + Calcium","Holoplanktonic","No","Copepods"
"1693","Eukaryota","Echinodermata","Echinoidea","Camarodonta","Strongylocentrotidae","Strongylocentrotus","Strongylocentrotus sp. 17_FA_006","Yes","Yes","Yes","Internal skeleton","Exoskeleton","Calcite","Meroplanktonic","No","Sea urchins"
"1696","Eukaryota","Arthropoda","Copepoda","Calanoida","Candaciidae","Candacia","Candacia bipinnata","Variable","Variable","Variable","Exoskeleton","Exoskeleton","Chitin + Calcium","Holoplanktonic","No","Copepods"
"1697","Eukaryota","Cnidaria","Hydrozoa","Siphonophorae","Diphyidae","Lensia","Lensia campanella","No","No","No","None","None","None","Holoplanktonic","No","Colonial hydrozoans (e.g., Portuguese man o' war)"
"1699","Eukaryota","Arthropoda","Copepoda","Calanoida","Calanidae","Calanus","Calanus pacificus","Variable","Variable","Variable","Exoskeleton","Exoskeleton","Chitin + Calcium","Holoplanktonic","No","Copepods"
"1701","Eukaryota","Bryozoa","Gymnolaemata","Cheilostomatida","Membraniporidae","Membranipora","Membranipora villosa","Yes","Yes","Yes","External shell","External shell","Calcite","Meroplanktonic","No","Encrusting bryozoans"
"1702","Eukaryota","Arthropoda","Copepoda","Calanoida","Eucalanidae","Eucalanus","Eucalanus californicus","Variable","Variable","Variable","Exoskeleton","Exoskeleton","Chitin + Calcium","Holoplanktonic","No","Copepods"
"1704","Eukaryota","Arthropoda","Copepoda","Calanoida","Pontellidae","Labidocera","Labidocera trispinosa","Variable","Variable","Variable","Exoskeleton","Exoskeleton","Chitin + Calcium","Holoplanktonic","No","Copepods"
"1705","Eukaryota","Arthropoda","Copepoda","Calanoida","Calanidae","Calanus","Calanus pacificus","Variable","Variable","Variable","Exoskeleton","Exoskeleton","Chitin + Calcium","Holoplanktonic","No","Copepods"
"1706","Eukaryota","Arthropoda","Ostracoda","Halocyprida","Halocyprididae","Halocypris","Halocypris inflata","Variable","No","Variable","None","Exoskeleton","Chitin + Calcium","Holoplanktonic","No","Ostracods (seed shrimp)"
"1707","Eukaryota","Arthropoda","Malacostraca","Euphausiacea","Euphausiidae","Euphausia","Euphausia pacifica","Variable","No","Variable","None","Exoskeleton","Chitin + Calcium","Holoplanktonic","No","Krill"
"1708","Eukaryota","Arthropoda","Copepoda","Calanoida","Eucalanidae","Eucalanus","Eucalanus californicus","Variable","Variable","Variable","Exoskeleton","Exoskeleton","Chitin + Calcium","Holoplanktonic","No","Copepods"
"1711","Eukaryota","Bryozoa","Gymnolaemata","Cheilostomatida","Membraniporidae","Membranipora","Membranipora villosa","Yes","Yes","Yes","External shell","External shell","Calcite","Meroplanktonic","No","Encrusting bryozoans"
"1712","Eukaryota","Arthropoda","Copepoda","Calanoida","Euchaetidae","Euchaeta","Euchaeta marina","Variable","Variable","Variable","Exoskeleton","Exoskeleton","Chitin + Calcium","Holoplanktonic","No","Copepods"
"1713","Eukaryota","Mollusca","Gastropoda","Nudibranchia","Glaucidae","Hermissenda",NA,"Variable","Variable","No","External shell","None","Aragonite","Meroplanktonic","No","Shell-less sea slugs"
"1715","Eukaryota","Arthropoda","Copepoda","Calanoida","Calanidae","Calanus","Calanus pacificus","Variable","Variable","Variable","Exoskeleton","Exoskeleton","Chitin + Calcium","Holoplanktonic","No","Copepods"
"1718","Eukaryota","Arthropoda","Copepoda","Calanoida","Pontellidae","Labidocera","Labidocera trispinosa","Variable","Variable","Variable","Exoskeleton","Exoskeleton","Chitin + Calcium","Holoplanktonic","No","Copepods"
"1720","Eukaryota","Arthropoda","Copepoda","Calanoida","Pontellidae","Labidocera","Labidocera trispinosa","Variable","Variable","Variable","Exoskeleton","Exoskeleton","Chitin + Calcium","Holoplanktonic","No","Copepods"
"1721","Eukaryota","Bryozoa","Gymnolaemata","Cheilostomatida","Membraniporidae","Membranipora","Membranipora villosa","Yes","Yes","Yes","External shell","External shell","Calcite","Meroplanktonic","No","Encrusting bryozoans"
"1722","Eukaryota","Mollusca","Gastropoda","Neogastropoda","Olividae","Callianax","Callianax biplicata","Yes","Yes","Yes","External shell","External shell","Aragonite/Calcite","Meroplanktonic","No","Whelks and predatory snails"
"1723","Eukaryota","Arthropoda","Copepoda","Calanoida","Pontellidae","Labidocera","Labidocera trispinosa","Variable","Variable","Variable","Exoskeleton","Exoskeleton","Chitin + Calcium","Holoplanktonic","No","Copepods"
"1725","Eukaryota","Arthropoda","Copepoda","Calanoida","Pontellidae","Labidocera","Labidocera trispinosa","Variable","Variable","Variable","Exoskeleton","Exoskeleton","Chitin + Calcium","Holoplanktonic","No","Copepods"
"1729","Eukaryota","Arthropoda","Copepoda","Calanoida","Calanidae","Calanus","Calanus pacificus","Variable","Variable","Variable","Exoskeleton","Exoskeleton","Chitin + Calcium","Holoplanktonic","No","Copepods"
"1730","Eukaryota","Arthropoda","Copepoda","Calanoida","Pontellidae","Labidocera","Labidocera trispinosa","Variable","Variable","Variable","Exoskeleton","Exoskeleton","Chitin + Calcium","Holoplanktonic","No","Copepods"
"1731","Eukaryota","Arthropoda","Malacostraca","Decapoda","Cancridae","Romaleon","Romaleon antennarium","Variable","No","Variable","None","Exoskeleton","Calcite","Meroplanktonic","No","Crabs, lobsters, shrimp"
"1734","Eukaryota","Chordata","Actinopteri","Perciformes","Serranidae","Paralabrax","Paralabrax nebulifer","No","No","No","None","None","None","Meroplanktonic","No","Perch-like fishes (most diverse fish group)"
"1735","Eukaryota","Mollusca","Cephalopoda","Oegopsida","Enoploteuthidae",NA,NA,"Variable","Yes","No","Statoliths","None","Aragonite","Meroplanktonic","No","Squid"
"1736","Eukaryota","Arthropoda","Copepoda","Calanoida","Eucalanidae","Eucalanus","Eucalanus californicus","Variable","Variable","Variable","Exoskeleton","Exoskeleton","Chitin + Calcium","Holoplanktonic","No","Copepods"
"1737","Eukaryota","Arthropoda","Copepoda","Calanoida","Pontellidae","Labidocera","Labidocera trispinosa","Variable","Variable","Variable","Exoskeleton","Exoskeleton","Chitin + Calcium","Holoplanktonic","No","Copepods"
"1738","Eukaryota","Arthropoda","Copepoda","Calanoida","Pontellidae","Labidocera","Labidocera trispinosa","Variable","Variable","Variable","Exoskeleton","Exoskeleton","Chitin + Calcium","Holoplanktonic","No","Copepods"
"1740","Eukaryota","Arthropoda","Copepoda","Calanoida","Eucalanidae","Eucalanus","Eucalanus californicus","Variable","Variable","Variable","Exoskeleton","Exoskeleton","Chitin + Calcium","Holoplanktonic","No","Copepods"
"1741","Eukaryota","Arthropoda","Copepoda","Calanoida","Eucalanidae","Eucalanus","Eucalanus californicus","Variable","Variable","Variable","Exoskeleton","Exoskeleton","Chitin + Calcium","Holoplanktonic","No","Copepods"
"1743","Eukaryota","Cnidaria","Hydrozoa","Siphonophorae","Agalmatidae","Nanomia",NA,"No","No","No","None","None","None","Holoplanktonic","No","Colonial hydrozoans (e.g., Portuguese man o' war)"
"1745","Eukaryota","Arthropoda","Malacostraca","Decapoda","Hippolytidae","Lysmata","Lysmata californica","Variable","No","Variable","None","Exoskeleton","Calcite","Meroplanktonic","No","Crabs, lobsters, shrimp"
"1747","Eukaryota","Arthropoda","Copepoda","Calanoida","Mecynoceridae","Mecynocera","Mecynocera clausi","Variable","Variable","Variable","Exoskeleton","Exoskeleton","Chitin + Calcium","Holoplanktonic","No","Copepods"
"1749","Eukaryota","Arthropoda","Ostracoda","Halocyprida","Halocyprididae","Proceroecia","Proceroecia procera","Variable","No","Variable","None","Exoskeleton","Chitin + Calcium","Holoplanktonic","No","Ostracods (seed shrimp)"
"1750","Eukaryota","Arthropoda","Copepoda","Calanoida","Eucalanidae","Eucalanus","Eucalanus californicus","Variable","Variable","Variable","Exoskeleton","Exoskeleton","Chitin + Calcium","Holoplanktonic","No","Copepods"
"1752","Eukaryota","Arthropoda","Copepoda","Calanoida","Pontellidae","Labidocera","Labidocera trispinosa","Variable","Variable","Variable","Exoskeleton","Exoskeleton","Chitin + Calcium","Holoplanktonic","No","Copepods"
"1753","Eukaryota","Arthropoda","Copepoda","Calanoida","Pontellidae","Labidocera","Labidocera trispinosa","Variable","Variable","Variable","Exoskeleton","Exoskeleton","Chitin + Calcium","Holoplanktonic","No","Copepods"
"1754","Eukaryota","Arthropoda","Copepoda","Calanoida","Calanidae","Calanus","Calanus pacificus","Variable","Variable","Variable","Exoskeleton","Exoskeleton","Chitin + Calcium","Holoplanktonic","No","Copepods"
"1755","Eukaryota","Arthropoda","Copepoda","Calanoida","Calanidae","Calanus","Calanus pacificus","Variable","Variable","Variable","Exoskeleton","Exoskeleton","Chitin + Calcium","Holoplanktonic","No","Copepods"
"1756","Eukaryota","Arthropoda","Copepoda","Calanoida","Eucalanidae","Eucalanus","Eucalanus californicus","Variable","Variable","Variable","Exoskeleton","Exoskeleton","Chitin + Calcium","Holoplanktonic","No","Copepods"
"1758","Eukaryota","Echinodermata","Ophiuroidea","Amphilepidida","Amphiuridae",NA,NA,"Yes","Yes","Yes","Internal skeleton","Internal skeleton","Calcite","Meroplanktonic","No","Brittle stars"
"1759","Eukaryota","Arthropoda","Copepoda","Calanoida","Clausocalanidae","Clausocalanus","Clausocalanus arcuicornis","Variable","Variable","Variable","Exoskeleton","Exoskeleton","Chitin + Calcium","Holoplanktonic","No","Copepods"
"1760","Eukaryota","Arthropoda","Copepoda","Calanoida","Calanidae","Calanus","Calanus pacificus","Variable","Variable","Variable","Exoskeleton","Exoskeleton","Chitin + Calcium","Holoplanktonic","No","Copepods"
"1761","Eukaryota","Mollusca","Gastropoda","Nudibranchia","Glaucidae","Hermissenda","Hermissenda opalescens","Variable","Variable","No","External shell","None","Aragonite","Meroplanktonic","No","Shell-less sea slugs"
"1762","Eukaryota","Chordata","Actinopteri","Argentiniformes","Bathylagidae","Leuroglossus","Leuroglossus stilbius","No","No","No","None","None","None","Meroplanktonic","No","Deep-sea smelts and related fish"
"1763","Eukaryota","Arthropoda","Copepoda","Calanoida","Pontellidae","Labidocera","Labidocera trispinosa","Variable","Variable","Variable","Exoskeleton","Exoskeleton","Chitin + Calcium","Holoplanktonic","No","Copepods"
"1764","Eukaryota","Arthropoda","Copepoda","Calanoida","Calanidae","Calanus","Calanus pacificus","Variable","Variable","Variable","Exoskeleton","Exoskeleton","Chitin + Calcium","Holoplanktonic","No","Copepods"
"1766","Eukaryota","Arthropoda","Copepoda","Calanoida","Eucalanidae","Eucalanus","Eucalanus californicus","Variable","Variable","Variable","Exoskeleton","Exoskeleton","Chitin + Calcium","Holoplanktonic","No","Copepods"
"1768","Eukaryota","Arthropoda","Copepoda","Calanoida","Calanidae","Calanus","Calanus pacificus","Variable","Variable","Variable","Exoskeleton","Exoskeleton","Chitin + Calcium","Holoplanktonic","No","Copepods"
"1769","Eukaryota","Mollusca","Gastropoda","Nudibranchia","Glaucidae","Hermissenda","Hermissenda opalescens","Variable","Variable","No","External shell","None","Aragonite","Meroplanktonic","No","Shell-less sea slugs"
"1771","Eukaryota","Arthropoda","Copepoda","Calanoida","Pontellidae","Labidocera","Labidocera trispinosa","Variable","Variable","Variable","Exoskeleton","Exoskeleton","Chitin + Calcium","Holoplanktonic","No","Copepods"
"1772","Eukaryota","Bryozoa","Gymnolaemata","Cheilostomatida","Membraniporidae","Membranipora",NA,"Yes","Yes","Yes","External shell","External shell","Calcite","Meroplanktonic","No","Encrusting bryozoans"
"1773","Eukaryota","Arthropoda","Copepoda","Calanoida","Eucalanidae","Eucalanus","Eucalanus californicus","Variable","Variable","Variable","Exoskeleton","Exoskeleton","Chitin + Calcium","Holoplanktonic","No","Copepods"
"1774","Eukaryota","Arthropoda","Copepoda","Calanoida","Eucalanidae","Eucalanus","Eucalanus californicus","Variable","Variable","Variable","Exoskeleton","Exoskeleton","Chitin + Calcium","Holoplanktonic","No","Copepods"
"1775","Eukaryota","Arthropoda","Copepoda","Calanoida","Eucalanidae","Eucalanus","Eucalanus californicus","Variable","Variable","Variable","Exoskeleton","Exoskeleton","Chitin + Calcium","Holoplanktonic","No","Copepods"
"1776","Eukaryota","Arthropoda","Ostracoda","Halocyprida","Halocyprididae","Discoconchoecia",NA,"Variable","No","Variable","None","Exoskeleton","Chitin + Calcium","Holoplanktonic","No","Ostracods (seed shrimp)"
"1777","Eukaryota","Arthropoda","Copepoda","Calanoida","Eucalanidae","Eucalanus","Eucalanus californicus","Variable","Variable","Variable","Exoskeleton","Exoskeleton","Chitin + Calcium","Holoplanktonic","No","Copepods"
"1778","Eukaryota","Chordata","Actinopteri","Myctophiformes","Myctophidae","Triphoturus","Triphoturus mexicanus","No","No","No","None","None","None","Meroplanktonic","No","Lanternfishes"
"1779","Eukaryota","Bryozoa","Gymnolaemata","Cheilostomatida","Membraniporidae","Membranipora",NA,"Yes","Yes","Yes","External shell","External shell","Calcite","Meroplanktonic","No","Encrusting bryozoans"
"1780","Eukaryota","Mollusca","Gastropoda","Nudibranchia","Glaucidae","Hermissenda","Hermissenda opalescens","Variable","Variable","No","External shell","None","Aragonite","Meroplanktonic","No","Shell-less sea slugs"
"1782","Eukaryota","Bryozoa","Gymnolaemata","Cheilostomatida","Membraniporidae",NA,NA,"Yes","Yes","Yes","External shell","External shell","Calcite","Meroplanktonic","No","Encrusting bryozoans"
"1783","Eukaryota","Arthropoda","Copepoda","Calanoida","Clausocalanidae","Clausocalanus","Clausocalanus arcuicornis","Variable","Variable","Variable","Exoskeleton","Exoskeleton","Chitin + Calcium","Holoplanktonic","No","Copepods"
"1785","Eukaryota","Chordata","Actinopteri","Argentiniformes","Bathylagidae","Leuroglossus","Leuroglossus stilbius","No","No","No","None","None","None","Meroplanktonic","No","Deep-sea smelts and related fish"
"1786","Eukaryota","Mollusca","Gastropoda","Nudibranchia","Glaucidae","Hermissenda","Hermissenda opalescens","Variable","Variable","No","External shell","None","Aragonite","Meroplanktonic","No","Shell-less sea slugs"
"1787","Eukaryota","Arthropoda","Copepoda","Calanoida","Calanidae","Calanus","Calanus pacificus","Variable","Variable","Variable","Exoskeleton","Exoskeleton","Chitin + Calcium","Holoplanktonic","No","Copepods"
"1788","Eukaryota","Arthropoda","Copepoda","Calanoida","Pontellidae","Labidocera","Labidocera trispinosa","Variable","Variable","Variable","Exoskeleton","Exoskeleton","Chitin + Calcium","Holoplanktonic","No","Copepods"
"1790","Eukaryota","Arthropoda","Copepoda","Calanoida","Pontellidae","Labidocera","Labidocera trispinosa","Variable","Variable","Variable","Exoskeleton","Exoskeleton","Chitin + Calcium","Holoplanktonic","No","Copepods"
"1791","Eukaryota","Arthropoda","Ostracoda","Halocyprida","Halocyprididae","Halocypris","Halocypris inflata","Variable","No","Variable","None","Exoskeleton","Chitin + Calcium","Holoplanktonic","No","Ostracods (seed shrimp)"
"1793","Eukaryota","Bryozoa","Gymnolaemata","Cheilostomatida","Membraniporidae","Membranipora","Membranipora villosa","Yes","Yes","Yes","External shell","External shell","Calcite","Meroplanktonic","No","Encrusting bryozoans"
"1794","Eukaryota","Arthropoda","Copepoda","Calanoida","Eucalanidae","Eucalanus","Eucalanus californicus","Variable","Variable","Variable","Exoskeleton","Exoskeleton","Chitin + Calcium","Holoplanktonic","No","Copepods"
"1795","Eukaryota","Arthropoda","Copepoda","Calanoida","Eucalanidae","Eucalanus","Eucalanus californicus","Variable","Variable","Variable","Exoskeleton","Exoskeleton","Chitin + Calcium","Holoplanktonic","No","Copepods"
"1796","Eukaryota","Arthropoda","Copepoda","Calanoida","Eucalanidae","Eucalanus","Eucalanus californicus","Variable","Variable","Variable","Exoskeleton","Exoskeleton","Chitin + Calcium","Holoplanktonic","No","Copepods"
"1800","Eukaryota","Arthropoda","Ostracoda","Halocyprida","Halocyprididae","Mikroconchoecia","Mikroconchoecia sp. Os099_1_3","Variable","No","Variable","None","Exoskeleton","Chitin + Calcium","Holoplanktonic","No","Ostracods (seed shrimp)"
"1802","Eukaryota","Arthropoda","Copepoda","Calanoida","Candaciidae","Candacia","Candacia bipinnata","Variable","Variable","Variable","Exoskeleton","Exoskeleton","Chitin + Calcium","Holoplanktonic","No","Copepods"
"1803","Eukaryota","Arthropoda","Copepoda","Calanoida","Clausocalanidae","Clausocalanus","Clausocalanus furcatus","Variable","Variable","Variable","Exoskeleton","Exoskeleton","Chitin + Calcium","Holoplanktonic","No","Copepods"
"1804","Eukaryota","Arthropoda","Copepoda","Calanoida","Calanidae","Calanus","Calanus pacificus","Variable","Variable","Variable","Exoskeleton","Exoskeleton","Chitin + Calcium","Holoplanktonic","No","Copepods"
"1805","Eukaryota","Arthropoda","Copepoda","Calanoida","Calanidae","Calanus","Calanus pacificus","Variable","Variable","Variable","Exoskeleton","Exoskeleton","Chitin + Calcium","Holoplanktonic","No","Copepods"
"1807","Eukaryota","Arthropoda","Copepoda","Calanoida","Calanidae","Calanus","Calanus pacificus","Variable","Variable","Variable","Exoskeleton","Exoskeleton","Chitin + Calcium","Holoplanktonic","No","Copepods"
"1808","Eukaryota","Arthropoda","Copepoda","Calanoida","Calanidae","Calanus","Calanus pacificus","Variable","Variable","Variable","Exoskeleton","Exoskeleton","Chitin + Calcium","Holoplanktonic","No","Copepods"
"1809","Eukaryota","Arthropoda","Copepoda","Calanoida","Eucalanidae","Eucalanus","Eucalanus californicus","Variable","Variable","Variable","Exoskeleton","Exoskeleton","Chitin + Calcium","Holoplanktonic","No","Copepods"
"1810","Eukaryota","Mollusca","Gastropoda","Nudibranchia","Glaucidae","Hermissenda","Hermissenda opalescens","Variable","Variable","No","External shell","None","Aragonite","Meroplanktonic","No","Shell-less sea slugs"
"1811","Eukaryota","Arthropoda","Copepoda","Calanoida","Pontellidae","Labidocera","Labidocera trispinosa","Variable","Variable","Variable","Exoskeleton","Exoskeleton","Chitin + Calcium","Holoplanktonic","No","Copepods"
"1813","Eukaryota","Mollusca","Gastropoda","Nudibranchia","Glaucidae","Hermissenda","Hermissenda opalescens","Variable","Variable","No","External shell","None","Aragonite","Meroplanktonic","No","Shell-less sea slugs"
"1814","Eukaryota","Arthropoda","Copepoda","Calanoida","Pontellidae","Labidocera","Labidocera trispinosa","Variable","Variable","Variable","Exoskeleton","Exoskeleton","Chitin + Calcium","Holoplanktonic","No","Copepods"
"1815","Eukaryota","Arthropoda","Copepoda","Calanoida","Mecynoceridae","Mecynocera","Mecynocera clausi","Variable","Variable","Variable","Exoskeleton","Exoskeleton","Chitin + Calcium","Holoplanktonic","No","Copepods"
"1816","Eukaryota","Arthropoda","Copepoda","Calanoida","Pontellidae","Labidocera","Labidocera trispinosa","Variable","Variable","Variable","Exoskeleton","Exoskeleton","Chitin + Calcium","Holoplanktonic","No","Copepods"
"1817","Eukaryota","Mollusca","Gastropoda","Pteropoda","Creseidae","Styliola","Styliola sp.","Yes","Yes","Yes","External shell","External shell","Aragonite","Holoplanktonic","No","Sea butterflies"
"1818","Eukaryota","Arthropoda","Copepoda","Calanoida","Eucalanidae","Eucalanus","Eucalanus californicus","Variable","Variable","Variable","Exoskeleton","Exoskeleton","Chitin + Calcium","Holoplanktonic","No","Copepods"
"1819","Eukaryota","Chordata","Actinopteri","Argentiniformes","Bathylagidae","Leuroglossus","Leuroglossus stilbius","No","No","No","None","None","None","Meroplanktonic","No","Deep-sea smelts and related fish"
"1820","Eukaryota","Arthropoda","Copepoda","Calanoida","Pontellidae","Labidocera","Labidocera trispinosa","Variable","Variable","Variable","Exoskeleton","Exoskeleton","Chitin + Calcium","Holoplanktonic","No","Copepods"
"1821","Eukaryota","Arthropoda","Copepoda","Calanoida","Eucalanidae","Eucalanus","Eucalanus californicus","Variable","Variable","Variable","Exoskeleton","Exoskeleton","Chitin + Calcium","Holoplanktonic","No","Copepods"
"1822","Eukaryota","Mollusca","Gastropoda","Nudibranchia","Glaucidae","Hermissenda","Hermissenda opalescens","Variable","Variable","No","External shell","None","Aragonite","Meroplanktonic","No","Shell-less sea slugs"
"1824","Eukaryota","Arthropoda","Thecostraca","Balanomorpha","Balanidae","Balanus","Balanus trigonus","Yes","Yes","Yes","External shell","External shell","Calcite","Meroplanktonic","No","Barnacles"
"1825","Eukaryota","Mollusca","Gastropoda","Nudibranchia","Glaucidae","Hermissenda",NA,"Variable","Variable","No","External shell","None","Aragonite","Meroplanktonic","No","Shell-less sea slugs"
"1827","Eukaryota","Mollusca","Gastropoda","Nudibranchia","Glaucidae","Hermissenda","Hermissenda opalescens","Variable","Variable","No","External shell","None","Aragonite","Meroplanktonic","No","Shell-less sea slugs"
"1828","Eukaryota","Arthropoda","Copepoda","Calanoida","Euchaetidae","Euchaeta",NA,"Variable","Variable","Variable","Exoskeleton","Exoskeleton","Chitin + Calcium","Holoplanktonic","No","Copepods"
"1829","Eukaryota","Arthropoda","Ostracoda","Halocyprida","Halocyprididae","Proceroecia","Proceroecia procera","Variable","No","Variable","None","Exoskeleton","Chitin + Calcium","Holoplanktonic","No","Ostracods (seed shrimp)"
"1830","Eukaryota","Echinodermata","Echinoidea","Temnopleuroida","Toxopneustidae","Lytechinus","Lytechinus pictus","Yes","Yes","Yes","Internal skeleton","Exoskeleton","Calcite","Meroplanktonic","No","Short-spined sea urchins"
"1833","Eukaryota","Arthropoda","Copepoda","Calanoida","Eucalanidae","Eucalanus","Eucalanus californicus","Variable","Variable","Variable","Exoskeleton","Exoskeleton","Chitin + Calcium","Holoplanktonic","No","Copepods"
"1834","Eukaryota","Arthropoda","Copepoda","Calanoida","Pontellidae","Labidocera","Labidocera trispinosa","Variable","Variable","Variable","Exoskeleton","Exoskeleton","Chitin + Calcium","Holoplanktonic","No","Copepods"
"1835","Eukaryota","Arthropoda","Copepoda","Calanoida","Pontellidae","Labidocera","Labidocera trispinosa","Variable","Variable","Variable","Exoskeleton","Exoskeleton","Chitin + Calcium","Holoplanktonic","No","Copepods"
"1837","Eukaryota","Bryozoa","Gymnolaemata","Cheilostomatida","Membraniporidae","Membranipora","Membranipora villosa","Yes","Yes","Yes","External shell","External shell","Calcite","Meroplanktonic","No","Encrusting bryozoans"
"1838","Eukaryota","Mollusca","Gastropoda","Nudibranchia","Glaucidae","Hermissenda","Hermissenda opalescens","Variable","Variable","No","External shell","None","Aragonite","Meroplanktonic","No","Shell-less sea slugs"
"1840","Eukaryota","Arthropoda","Copepoda","Calanoida","Eucalanidae","Eucalanus","Eucalanus californicus","Variable","Variable","Variable","Exoskeleton","Exoskeleton","Chitin + Calcium","Holoplanktonic","No","Copepods"
"1842","Eukaryota","Arthropoda","Ostracoda","Halocyprida","Halocyprididae","Conchoecia","Conchoecia magna","Variable","No","Variable","None","Exoskeleton","Chitin + Calcium","Holoplanktonic","No","Ostracods (seed shrimp)"
"1844","Eukaryota","Chordata","Actinopteri","Argentiniformes","Bathylagidae","Leuroglossus","Leuroglossus stilbius","No","No","No","None","None","None","Meroplanktonic","No","Deep-sea smelts and related fish"
"1845","Eukaryota","Arthropoda","Copepoda","Calanoida","Pontellidae","Labidocera","Labidocera trispinosa","Variable","Variable","Variable","Exoskeleton","Exoskeleton","Chitin + Calcium","Holoplanktonic","No","Copepods"
"1848","Eukaryota","Arthropoda","Thecostraca","Balanomorpha","Balanidae","Balanus","Balanus trigonus","Yes","Yes","Yes","External shell","External shell","Calcite","Meroplanktonic","No","Barnacles"
"1850","Eukaryota","Arthropoda","Copepoda","Poecilostomatoida","Corycaeidae","Farranula",NA,"Variable","Variable","Variable","Exoskeleton","Exoskeleton","Chitin + Calcium","Holoplanktonic","No","Parasitic or predatory copepods"
"1851","Eukaryota","Arthropoda","Copepoda","Calanoida","Calanidae","Neocalanus","Neocalanus gracilis","Variable","Variable","Variable","Exoskeleton","Exoskeleton","Chitin + Calcium","Holoplanktonic","No","Copepods"
"1853","Eukaryota","Mollusca","Gastropoda","Nudibranchia","Glaucidae","Hermissenda",NA,"Variable","Variable","No","External shell","None","Aragonite","Meroplanktonic","No","Shell-less sea slugs"
"1855","Eukaryota","Arthropoda","Copepoda","Calanoida","Calanidae","Calanus","Calanus pacificus","Variable","Variable","Variable","Exoskeleton","Exoskeleton","Chitin + Calcium","Holoplanktonic","No","Copepods"
"1856","Eukaryota","Chordata","Actinopteri","Clupeiformes","Clupeidae","Sardinops","Sardinops sagax","No","No","No","None","None","None","Meroplanktonic","No","Anchovies and herrings"
"1858","Eukaryota","Mollusca","Gastropoda","Pteropoda","Peraclidae",NA,NA,"Yes","Yes","Yes","External shell","External shell","Aragonite","Holoplanktonic","No","Sea butterflies"
"1859","Eukaryota","Arthropoda","Ostracoda","Halocyprida","Halocyprididae","Halocypris","Halocypris inflata","Variable","No","Variable","None","Exoskeleton","Chitin + Calcium","Holoplanktonic","No","Ostracods (seed shrimp)"
"1860","Eukaryota","Annelida","Polychaeta","Phyllodocida","Phyllodocidae",NA,NA,"No","No","No","None","None","None","Benthic + Meroplanktonic","No","Active marine polychaetes"
"1862","Eukaryota","Arthropoda","Copepoda","Calanoida","Scolecitrichidae","Scolecithricella","Scolecithricella dentata","Variable","Variable","Variable","Exoskeleton","Exoskeleton","Chitin + Calcium","Holoplanktonic","No","Copepods"
"1863","Eukaryota","Arthropoda","Copepoda","Calanoida","Calanidae","Calanus","Calanus pacificus","Variable","Variable","Variable","Exoskeleton","Exoskeleton","Chitin + Calcium","Holoplanktonic","No","Copepods"
"1870","Eukaryota","Annelida","Polychaeta","Spionida","Spionidae",NA,NA,"No","No","No","None","None","None","Benthic + Meroplanktonic","No","Marine worms (sediment burrowers)"
"1872","Eukaryota","Arthropoda","Copepoda","Calanoida","Mecynoceridae","Mecynocera","Mecynocera clausi","Variable","Variable","Variable","Exoskeleton","Exoskeleton","Chitin + Calcium","Holoplanktonic","No","Copepods"
"1873","Eukaryota","Arthropoda","Copepoda","Calanoida","Scolecitrichidae","Scolecithricella","Scolecithricella dentata","Variable","Variable","Variable","Exoskeleton","Exoskeleton","Chitin + Calcium","Holoplanktonic","No","Copepods"
"1875","Eukaryota","Arthropoda","Copepoda","Calanoida","Eucalanidae","Eucalanus","Eucalanus californicus","Variable","Variable","Variable","Exoskeleton","Exoskeleton","Chitin + Calcium","Holoplanktonic","No","Copepods"
"1878","Eukaryota","Arthropoda","Ostracoda","Halocyprida","Halocyprididae","Halocypris","Halocypris inflata","Variable","No","Variable","None","Exoskeleton","Chitin + Calcium","Holoplanktonic","No","Ostracods (seed shrimp)"
"1879","Eukaryota","Arthropoda","Malacostraca","Euphausiacea","Euphausiidae","Nyctiphanes","Nyctiphanes simplex","Variable","No","Variable","None","Exoskeleton","Chitin + Calcium","Holoplanktonic","No","Krill"
"1881","Eukaryota","Mollusca","Gastropoda","Nudibranchia","Glaucidae","Hermissenda","Hermissenda opalescens","Variable","Variable","No","External shell","None","Aragonite","Meroplanktonic","No","Shell-less sea slugs"
"1882","Eukaryota","Arthropoda","Copepoda","Calanoida","Pontellidae","Labidocera","Labidocera trispinosa","Variable","Variable","Variable","Exoskeleton","Exoskeleton","Chitin + Calcium","Holoplanktonic","No","Copepods"
"1885","Eukaryota","Arthropoda","Copepoda","Calanoida","Pontellidae","Labidocera","Labidocera trispinosa","Variable","Variable","Variable","Exoskeleton","Exoskeleton","Chitin + Calcium","Holoplanktonic","No","Copepods"
"1886","Eukaryota","Arthropoda","Malacostraca","Euphausiacea","Euphausiidae","Euphausia","Euphausia gibboides","Variable","No","Variable","None","Exoskeleton","Chitin + Calcium","Holoplanktonic","No","Krill"
"1887","Eukaryota","Arthropoda","Copepoda","Calanoida","Aetideidae",NA,NA,"Variable","Variable","Variable","Exoskeleton","Exoskeleton","Chitin + Calcium","Holoplanktonic","No","Copepods"
"1889","Eukaryota","Arthropoda","Copepoda","Calanoida","Scolecitrichidae","Scolecithrix","Scolecithrix bradyi","Variable","Variable","Variable","Exoskeleton","Exoskeleton","Chitin + Calcium","Holoplanktonic","No","Copepods"
"1891","Eukaryota","Arthropoda","Malacostraca","Decapoda","Callianassidae",NA,NA,"Variable","No","Variable","None","Exoskeleton","Calcite","Meroplanktonic","No","Crabs, lobsters, shrimp"
"1893","Eukaryota","Arthropoda","Copepoda","Calanoida","Calocalanidae","Calocalanus","Calocalanus tenuis","Variable","Variable","Variable","Exoskeleton","Exoskeleton","Chitin + Calcium","Holoplanktonic","No","Copepods"
"1894","Eukaryota","Arthropoda","Copepoda","Calanoida","Calanidae","Calanus","Calanus pacificus","Variable","Variable","Variable","Exoskeleton","Exoskeleton","Chitin + Calcium","Holoplanktonic","No","Copepods"
"1896","Eukaryota","Arthropoda","Ostracoda","Halocyprida","Halocyprididae","Archiconchoecia","Archiconchoecia striata","Variable","No","Variable","None","Exoskeleton","Chitin + Calcium","Holoplanktonic","No","Ostracods (seed shrimp)"
"1897","Eukaryota","Arthropoda","Copepoda","Calanoida","Mecynoceridae","Mecynocera","Mecynocera clausi","Variable","Variable","Variable","Exoskeleton","Exoskeleton","Chitin + Calcium","Holoplanktonic","No","Copepods"
"1899","Eukaryota","Arthropoda","Ostracoda","Halocyprida","Halocyprididae","Proceroecia","Proceroecia procera","Variable","No","Variable","None","Exoskeleton","Chitin + Calcium","Holoplanktonic","No","Ostracods (seed shrimp)"
"1900","Eukaryota","Arthropoda","Copepoda","Poecilostomatoida","Oncaeidae","Oncaea","Oncaea sp.","Variable","Variable","Variable","Exoskeleton","Exoskeleton","Chitin + Calcium","Holoplanktonic","No","Parasitic or predatory copepods"
"1901","Eukaryota","Arthropoda","Copepoda","Calanoida","Clausocalanidae","Clausocalanus","Clausocalanus parapergens","Variable","Variable","Variable","Exoskeleton","Exoskeleton","Chitin + Calcium","Holoplanktonic","No","Copepods"
"1902","Eukaryota","Arthropoda","Copepoda","Calanoida","Mecynoceridae","Mecynocera","Mecynocera clausi","Variable","Variable","Variable","Exoskeleton","Exoskeleton","Chitin + Calcium","Holoplanktonic","No","Copepods"
"1905","Eukaryota","Arthropoda","Copepoda","Calanoida","Eucalanidae","Eucalanus","Eucalanus californicus","Variable","Variable","Variable","Exoskeleton","Exoskeleton","Chitin + Calcium","Holoplanktonic","No","Copepods"
"1906","Eukaryota","Arthropoda","Copepoda","Calanoida","Pontellidae","Labidocera",NA,"Variable","Variable","Variable","Exoskeleton","Exoskeleton","Chitin + Calcium","Holoplanktonic","No","Copepods"
"1907","Eukaryota","Mollusca","Gastropoda","Nudibranchia","Glaucidae","Hermissenda",NA,"Variable","Variable","No","External shell","None","Aragonite","Meroplanktonic","No","Shell-less sea slugs"
"1908","Eukaryota","Mollusca","Gastropoda","Nudibranchia","Glaucidae","Hermissenda","Hermissenda opalescens","Variable","Variable","No","External shell","None","Aragonite","Meroplanktonic","No","Shell-less sea slugs"
"1909","Eukaryota","Mollusca","Gastropoda","Nudibranchia","Glaucidae","Hermissenda","Hermissenda opalescens","Variable","Variable","No","External shell","None","Aragonite","Meroplanktonic","No","Shell-less sea slugs"
"1910","Eukaryota","Arthropoda","Copepoda","Calanoida","Calanidae","Calanus","Calanus pacificus","Variable","Variable","Variable","Exoskeleton","Exoskeleton","Chitin + Calcium","Holoplanktonic","No","Copepods"
"1913","Eukaryota","Arthropoda","Malacostraca","Euphausiacea","Euphausiidae","Nyctiphanes","Nyctiphanes simplex","Variable","No","Variable","None","Exoskeleton","Chitin + Calcium","Holoplanktonic","No","Krill"
"1914","Eukaryota","Arthropoda","Malacostraca","Euphausiacea","Euphausiidae","Nyctiphanes","Nyctiphanes simplex","Variable","No","Variable","None","Exoskeleton","Chitin + Calcium","Holoplanktonic","No","Krill"
"1917","Eukaryota","Arthropoda","Copepoda","Calanoida","Calanidae","Calanus","Calanus pacificus","Variable","Variable","Variable","Exoskeleton","Exoskeleton","Chitin + Calcium","Holoplanktonic","No","Copepods"
"1918","Eukaryota","Arthropoda","Copepoda","Calanoida","Eucalanidae","Eucalanus","Eucalanus californicus","Variable","Variable","Variable","Exoskeleton","Exoskeleton","Chitin + Calcium","Holoplanktonic","No","Copepods"
"1919","Eukaryota","Mollusca","Gastropoda","Nudibranchia","Glaucidae","Hermissenda","Hermissenda opalescens","Variable","Variable","No","External shell","None","Aragonite","Meroplanktonic","No","Shell-less sea slugs"
"1920","Eukaryota","Arthropoda","Copepoda","Calanoida","Metridinidae","Pleuromamma","Pleuromamma abdominalis","Variable","Variable","Variable","Exoskeleton","Exoskeleton","Chitin + Calcium","Holoplanktonic","No","Copepods"
"1921","Eukaryota","Arthropoda","Copepoda","Calanoida","Pontellidae","Labidocera","Labidocera trispinosa","Variable","Variable","Variable","Exoskeleton","Exoskeleton","Chitin + Calcium","Holoplanktonic","No","Copepods"
"1923","Eukaryota","Bryozoa","Gymnolaemata","Cheilostomatida","Membraniporidae","Membranipora","Membranipora villosa","Yes","Yes","Yes","External shell","External shell","Calcite","Meroplanktonic","No","Encrusting bryozoans"
"1925","Eukaryota","Arthropoda","Copepoda","Calanoida","Mecynoceridae","Mecynocera","Mecynocera clausi","Variable","Variable","Variable","Exoskeleton","Exoskeleton","Chitin + Calcium","Holoplanktonic","No","Copepods"
"1926","Eukaryota","Arthropoda","Copepoda","Calanoida","Eucalanidae","Eucalanus","Eucalanus californicus","Variable","Variable","Variable","Exoskeleton","Exoskeleton","Chitin + Calcium","Holoplanktonic","No","Copepods"
"1927","Eukaryota","Arthropoda","Copepoda","Calanoida","Eucalanidae","Eucalanus","Eucalanus californicus","Variable","Variable","Variable","Exoskeleton","Exoskeleton","Chitin + Calcium","Holoplanktonic","No","Copepods"
"1928","Eukaryota","Arthropoda","Copepoda","Calanoida","Pontellidae","Labidocera","Labidocera trispinosa","Variable","Variable","Variable","Exoskeleton","Exoskeleton","Chitin + Calcium","Holoplanktonic","No","Copepods"
"1929","Eukaryota","Mollusca","Gastropoda","Nudibranchia","Glaucidae","Hermissenda","Hermissenda opalescens","Variable","Variable","No","External shell","None","Aragonite","Meroplanktonic","No","Shell-less sea slugs"
"1932","Eukaryota","Arthropoda","Copepoda","Calanoida","Clausocalanidae","Clausocalanus","Clausocalanus furcatus","Variable","Variable","Variable","Exoskeleton","Exoskeleton","Chitin + Calcium","Holoplanktonic","No","Copepods"
"1933","Eukaryota","Chordata","Actinopteri","Myctophiformes","Myctophidae","Nannobrachium","Nannobrachium ritteri","No","No","No","None","None","None","Meroplanktonic","No","Lanternfishes"
"1934","Eukaryota","Arthropoda","Ostracoda","Halocyprida","Halocyprididae","Proceroecia","Proceroecia procera","Variable","No","Variable","None","Exoskeleton","Chitin + Calcium","Holoplanktonic","No","Ostracods (seed shrimp)"
"1937","Eukaryota","Arthropoda","Copepoda","Calanoida","Eucalanidae","Eucalanus","Eucalanus californicus","Variable","Variable","Variable","Exoskeleton","Exoskeleton","Chitin + Calcium","Holoplanktonic","No","Copepods"
"1938","Eukaryota","Arthropoda","Copepoda","Calanoida","Clausocalanidae","Clausocalanus","Clausocalanus jobei","Variable","Variable","Variable","Exoskeleton","Exoskeleton","Chitin + Calcium","Holoplanktonic","No","Copepods"
"1939","Eukaryota","Arthropoda","Copepoda","Calanoida","Eucalanidae","Eucalanus","Eucalanus californicus","Variable","Variable","Variable","Exoskeleton","Exoskeleton","Chitin + Calcium","Holoplanktonic","No","Copepods"
"1940","Eukaryota","Arthropoda","Copepoda","Calanoida","Eucalanidae","Eucalanus","Eucalanus californicus","Variable","Variable","Variable","Exoskeleton","Exoskeleton","Chitin + Calcium","Holoplanktonic","No","Copepods"
"1941","Eukaryota","Chordata","Actinopteri","Argentiniformes","Bathylagidae","Leuroglossus","Leuroglossus stilbius","No","No","No","None","None","None","Meroplanktonic","No","Deep-sea smelts and related fish"
"1942","Eukaryota","Arthropoda","Copepoda","Calanoida","Calanidae","Calanus","Calanus pacificus","Variable","Variable","Variable","Exoskeleton","Exoskeleton","Chitin + Calcium","Holoplanktonic","No","Copepods"
"1943","Eukaryota","Arthropoda","Copepoda","Calanoida","Pontellidae","Labidocera","Labidocera trispinosa","Variable","Variable","Variable","Exoskeleton","Exoskeleton","Chitin + Calcium","Holoplanktonic","No","Copepods"
"1944","Eukaryota","Arthropoda","Copepoda","Calanoida","Calanidae","Calanus","Calanus pacificus","Variable","Variable","Variable","Exoskeleton","Exoskeleton","Chitin + Calcium","Holoplanktonic","No","Copepods"
"1945","Eukaryota","Mollusca","Gastropoda","Pteropoda","Creseidae","Creseis","Creseis conica","Yes","Yes","Yes","External shell","External shell","Aragonite","Holoplanktonic","No","Sea butterflies"
"1947","Eukaryota","Arthropoda","Copepoda","Calanoida","Eucalanidae","Eucalanus","Eucalanus californicus","Variable","Variable","Variable","Exoskeleton","Exoskeleton","Chitin + Calcium","Holoplanktonic","No","Copepods"
"1948","Eukaryota","Arthropoda","Copepoda","Calanoida","Heterorhabdidae",NA,NA,"Variable","Variable","Variable","Exoskeleton","Exoskeleton","Chitin + Calcium","Holoplanktonic","No","Copepods"
"1949","Eukaryota","Bryozoa","Gymnolaemata","Cheilostomatida","Membraniporidae","Membranipora","Membranipora villosa","Yes","Yes","Yes","External shell","External shell","Calcite","Meroplanktonic","No","Encrusting bryozoans"
"1950","Eukaryota","Arthropoda","Malacostraca","Euphausiacea","Euphausiidae","Nyctiphanes","Nyctiphanes simplex","Variable","No","Variable","None","Exoskeleton","Chitin + Calcium","Holoplanktonic","No","Krill"
"1952","Eukaryota","Arthropoda","Copepoda","Calanoida","Eucalanidae","Eucalanus","Eucalanus californicus","Variable","Variable","Variable","Exoskeleton","Exoskeleton","Chitin + Calcium","Holoplanktonic","No","Copepods"
"1953","Eukaryota","Mollusca","Gastropoda","Nudibranchia","Glaucidae","Hermissenda","Hermissenda opalescens","Variable","Variable","No","External shell","None","Aragonite","Meroplanktonic","No","Shell-less sea slugs"
"1954","Eukaryota","Arthropoda","Copepoda","Calanoida","Pontellidae","Labidocera","Labidocera trispinosa","Variable","Variable","Variable","Exoskeleton","Exoskeleton","Chitin + Calcium","Holoplanktonic","No","Copepods"
"1955","Eukaryota","Bryozoa","Gymnolaemata","Cheilostomatida","Membraniporidae","Membranipora","Membranipora villosa","Yes","Yes","Yes","External shell","External shell","Calcite","Meroplanktonic","No","Encrusting bryozoans"
"1956","Eukaryota","Arthropoda","Copepoda","Calanoida","Calanidae","Calanus","Calanus pacificus","Variable","Variable","Variable","Exoskeleton","Exoskeleton","Chitin + Calcium","Holoplanktonic","No","Copepods"
"1958","Eukaryota","Arthropoda","Copepoda","Calanoida","Eucalanidae","Eucalanus","Eucalanus californicus","Variable","Variable","Variable","Exoskeleton","Exoskeleton","Chitin + Calcium","Holoplanktonic","No","Copepods"
"1959","Eukaryota","Arthropoda","Copepoda","Calanoida","Eucalanidae","Eucalanus","Eucalanus californicus","Variable","Variable","Variable","Exoskeleton","Exoskeleton","Chitin + Calcium","Holoplanktonic","No","Copepods"
"1960","Eukaryota","Mollusca","Gastropoda","Nudibranchia","Glaucidae","Hermissenda","Hermissenda opalescens","Variable","Variable","No","External shell","None","Aragonite","Meroplanktonic","No","Shell-less sea slugs"
"1962","Eukaryota","Mollusca","Gastropoda","Pteropoda","Creseidae","Styliola","Styliola sp.","Yes","Yes","Yes","External shell","External shell","Aragonite","Holoplanktonic","No","Sea butterflies"
"1963","Eukaryota","Arthropoda","Copepoda","Calanoida","Eucalanidae","Eucalanus","Eucalanus californicus","Variable","Variable","Variable","Exoskeleton","Exoskeleton","Chitin + Calcium","Holoplanktonic","No","Copepods"
"1964","Eukaryota","Arthropoda","Copepoda","Calanoida","Pontellidae","Labidocera","Labidocera trispinosa","Variable","Variable","Variable","Exoskeleton","Exoskeleton","Chitin + Calcium","Holoplanktonic","No","Copepods"
"1966","Eukaryota","Arthropoda","Copepoda","Calanoida","Clausocalanidae",NA,NA,"Variable","Variable","Variable","Exoskeleton","Exoskeleton","Chitin + Calcium","Holoplanktonic","No","Copepods"
"1968","Eukaryota","Arthropoda","Malacostraca","Decapoda","Panopeidae","Lophopanopeus","Lophopanopeus bellus","Variable","No","Variable","None","Exoskeleton","Calcite","Meroplanktonic","No","Crabs, lobsters, shrimp"
"1969","Eukaryota","Arthropoda","Copepoda","Calanoida","Calanidae","Calanus","Calanus pacificus","Variable","Variable","Variable","Exoskeleton","Exoskeleton","Chitin + Calcium","Holoplanktonic","No","Copepods"
"1972","Eukaryota","Arthropoda","Copepoda","Poecilostomatoida","Oncaeidae","Oncaea","Oncaea sp.","Variable","Variable","Variable","Exoskeleton","Exoskeleton","Chitin + Calcium","Holoplanktonic","No","Parasitic or predatory copepods"
"1973","Eukaryota","Mollusca","Gastropoda","Nudibranchia","Glaucidae","Hermissenda","Hermissenda opalescens","Variable","Variable","No","External shell","None","Aragonite","Meroplanktonic","No","Shell-less sea slugs"
"1974","Eukaryota","Arthropoda","Copepoda","Calanoida","Candaciidae","Candacia","Candacia curta","Variable","Variable","Variable","Exoskeleton","Exoskeleton","Chitin + Calcium","Holoplanktonic","No","Copepods"
"1981","Eukaryota","Arthropoda","Malacostraca","Euphausiacea","Euphausiidae","Thysanoessa","Thysanoessa gregaria","Variable","No","Variable","None","Exoskeleton","Chitin + Calcium","Holoplanktonic","No","Krill"
"1986","Eukaryota","Chordata","Actinopteri","Argentiniformes","Bathylagidae","Leuroglossus","Leuroglossus stilbius","No","No","No","None","None","None","Meroplanktonic","No","Deep-sea smelts and related fish"
"1987","Eukaryota","Arthropoda","Copepoda","Calanoida","Eucalanidae","Eucalanus","Eucalanus californicus","Variable","Variable","Variable","Exoskeleton","Exoskeleton","Chitin + Calcium","Holoplanktonic","No","Copepods"
"1989","Eukaryota","Mollusca","Gastropoda","Nudibranchia","Glaucidae","Hermissenda",NA,"Variable","Variable","No","External shell","None","Aragonite","Meroplanktonic","No","Shell-less sea slugs"
"1990","Eukaryota","Cnidaria","Hydrozoa","Siphonophorae","Diphyidae","Lensia","Lensia campanella","No","No","No","None","None","None","Holoplanktonic","No","Colonial hydrozoans (e.g., Portuguese man o' war)"
"1991","Eukaryota","Arthropoda","Copepoda","Calanoida","Pontellidae","Labidocera","Labidocera trispinosa","Variable","Variable","Variable","Exoskeleton","Exoskeleton","Chitin + Calcium","Holoplanktonic","No","Copepods"
"1992","Eukaryota","Mollusca","Gastropoda","Nudibranchia","Glaucidae","Hermissenda","Hermissenda opalescens","Variable","Variable","No","External shell","None","Aragonite","Meroplanktonic","No","Shell-less sea slugs"
"1993","Eukaryota","Arthropoda","Copepoda","Calanoida","Eucalanidae","Eucalanus","Eucalanus californicus","Variable","Variable","Variable","Exoskeleton","Exoskeleton","Chitin + Calcium","Holoplanktonic","No","Copepods"
"1994","Eukaryota","Arthropoda","Copepoda","Calanoida","Pontellidae","Labidocera","Labidocera trispinosa","Variable","Variable","Variable","Exoskeleton","Exoskeleton","Chitin + Calcium","Holoplanktonic","No","Copepods"
"1995","Eukaryota","Arthropoda","Malacostraca","Euphausiacea","Euphausiidae","Euphausia","Euphausia pacifica","Variable","No","Variable","None","Exoskeleton","Chitin + Calcium","Holoplanktonic","No","Krill"
"1996","Eukaryota","Arthropoda","Copepoda","Calanoida","Eucalanidae","Eucalanus","Eucalanus californicus","Variable","Variable","Variable","Exoskeleton","Exoskeleton","Chitin + Calcium","Holoplanktonic","No","Copepods"
"1997","Eukaryota","Chordata","Actinopteri","Myctophiformes","Myctophidae","Triphoturus","Triphoturus mexicanus","No","No","No","None","None","None","Meroplanktonic","No","Lanternfishes"
"1998","Eukaryota","Arthropoda","Ostracoda","Halocyprida","Halocyprididae","Discoconchoecia",NA,"Variable","No","Variable","None","Exoskeleton","Chitin + Calcium","Holoplanktonic","No","Ostracods (seed shrimp)"
"2000","Eukaryota","Arthropoda","Copepoda","Calanoida","Scolecitrichidae","Scolecithricella","Scolecithricella dentata","Variable","Variable","Variable","Exoskeleton","Exoskeleton","Chitin + Calcium","Holoplanktonic","No","Copepods"
"2001","Eukaryota","Arthropoda","Copepoda","Calanoida","Calanidae","Calanus","Calanus pacificus","Variable","Variable","Variable","Exoskeleton","Exoskeleton","Chitin + Calcium","Holoplanktonic","No","Copepods"
"2004","Eukaryota","Arthropoda","Malacostraca","Euphausiacea","Euphausiidae","Hansarsia","Hansarsia difficilis","Variable","No","Variable","None","Exoskeleton","Chitin + Calcium","Holoplanktonic","No","Krill"
"2005","Eukaryota","Arthropoda","Copepoda","Calanoida","Calanidae","Calanus","Calanus pacificus","Variable","Variable","Variable","Exoskeleton","Exoskeleton","Chitin + Calcium","Holoplanktonic","No","Copepods"
"2006","Eukaryota","Arthropoda","Copepoda","Calanoida","Pontellidae","Labidocera","Labidocera trispinosa","Variable","Variable","Variable","Exoskeleton","Exoskeleton","Chitin + Calcium","Holoplanktonic","No","Copepods"
"2007","Eukaryota","Arthropoda","Copepoda","Calanoida","Pontellidae","Labidocera","Labidocera trispinosa","Variable","Variable","Variable","Exoskeleton","Exoskeleton","Chitin + Calcium","Holoplanktonic","No","Copepods"
"2008","Eukaryota","Mollusca","Gastropoda","Nudibranchia","Glaucidae","Hermissenda",NA,"Variable","Variable","No","External shell","None","Aragonite","Meroplanktonic","No","Shell-less sea slugs"
"2009","Eukaryota","Arthropoda","Copepoda","Calanoida","Eucalanidae","Eucalanus","Eucalanus californicus","Variable","Variable","Variable","Exoskeleton","Exoskeleton","Chitin + Calcium","Holoplanktonic","No","Copepods"
"2010","Eukaryota","Arthropoda","Copepoda","Calanoida","Pontellidae","Labidocera","Labidocera trispinosa","Variable","Variable","Variable","Exoskeleton","Exoskeleton","Chitin + Calcium","Holoplanktonic","No","Copepods"
"2011","Eukaryota","Arthropoda","Copepoda","Calanoida","Eucalanidae","Eucalanus","Eucalanus californicus","Variable","Variable","Variable","Exoskeleton","Exoskeleton","Chitin + Calcium","Holoplanktonic","No","Copepods"
"2012","Eukaryota","Arthropoda","Copepoda","Calanoida","Eucalanidae","Eucalanus","Eucalanus californicus","Variable","Variable","Variable","Exoskeleton","Exoskeleton","Chitin + Calcium","Holoplanktonic","No","Copepods"
"2013","Eukaryota","Arthropoda","Thecostraca","Balanomorpha","Balanidae","Balanus","Balanus trigonus","Yes","Yes","Yes","External shell","External shell","Calcite","Meroplanktonic","No","Barnacles"
"2014","Eukaryota","Arthropoda","Copepoda","Calanoida","Calocalanidae","Calocalanus",NA,"Variable","Variable","Variable","Exoskeleton","Exoskeleton","Chitin + Calcium","Holoplanktonic","No","Copepods"
"2015","Eukaryota","Mollusca","Gastropoda","Nudibranchia","Glaucidae","Hermissenda","Hermissenda opalescens","Variable","Variable","No","External shell","None","Aragonite","Meroplanktonic","No","Shell-less sea slugs"
"2021","Eukaryota","Arthropoda","Copepoda","Calanoida","Eucalanidae","Eucalanus","Eucalanus californicus","Variable","Variable","Variable","Exoskeleton","Exoskeleton","Chitin + Calcium","Holoplanktonic","No","Copepods"
"2022","Eukaryota","Arthropoda","Copepoda","Calanoida","Pontellidae","Labidocera","Labidocera trispinosa","Variable","Variable","Variable","Exoskeleton","Exoskeleton","Chitin + Calcium","Holoplanktonic","No","Copepods"
"2027","Eukaryota","Arthropoda","Copepoda","Poecilostomatoida","Oncaeidae","Oncaea","Oncaea sp.","Variable","Variable","Variable","Exoskeleton","Exoskeleton","Chitin + Calcium","Holoplanktonic","No","Parasitic or predatory copepods"
"2028","Eukaryota","Mollusca","Gastropoda","Nudibranchia","Glaucidae","Hermissenda","Hermissenda opalescens","Variable","Variable","No","External shell","None","Aragonite","Meroplanktonic","No","Shell-less sea slugs"
"2029","Eukaryota","Arthropoda","Copepoda","Calanoida","Pontellidae","Labidocera","Labidocera trispinosa","Variable","Variable","Variable","Exoskeleton","Exoskeleton","Chitin + Calcium","Holoplanktonic","No","Copepods"
"2035","Eukaryota","Arthropoda","Copepoda","Calanoida","Metridinidae","Pleuromamma","Pleuromamma borealis","Variable","Variable","Variable","Exoskeleton","Exoskeleton","Chitin + Calcium","Holoplanktonic","No","Copepods"
"2037","Eukaryota","Arthropoda","Copepoda","Poecilostomatoida","Oncaeidae","Oncaea","Oncaea sp.","Variable","Variable","Variable","Exoskeleton","Exoskeleton","Chitin + Calcium","Holoplanktonic","No","Parasitic or predatory copepods"
"2039","Eukaryota","Arthropoda","Copepoda","Calanoida","Clausocalanidae","Clausocalanus","Clausocalanus jobei","Variable","Variable","Variable","Exoskeleton","Exoskeleton","Chitin + Calcium","Holoplanktonic","No","Copepods"
"2040","Eukaryota","Mollusca","Gastropoda","Nudibranchia","Glaucidae","Hermissenda","Hermissenda opalescens","Variable","Variable","No","External shell","None","Aragonite","Meroplanktonic","No","Shell-less sea slugs"
"2041","Eukaryota","Arthropoda","Copepoda","Calanoida","Mecynoceridae","Mecynocera","Mecynocera clausi","Variable","Variable","Variable","Exoskeleton","Exoskeleton","Chitin + Calcium","Holoplanktonic","No","Copepods"
"2044","Eukaryota","Arthropoda","Malacostraca","Euphausiacea","Euphausiidae","Euphausia","Euphausia pacifica","Variable","No","Variable","None","Exoskeleton","Chitin + Calcium","Holoplanktonic","No","Krill"
"2050","Eukaryota","Bryozoa","Gymnolaemata","Cheilostomatida","Membraniporidae","Membranipora","Membranipora villosa","Yes","Yes","Yes","External shell","External shell","Calcite","Meroplanktonic","No","Encrusting bryozoans"
"2051","Eukaryota","Mollusca","Gastropoda","Nudibranchia","Glaucidae","Hermissenda","Hermissenda opalescens","Variable","Variable","No","External shell","None","Aragonite","Meroplanktonic","No","Shell-less sea slugs"
"2052","Eukaryota","Arthropoda","Copepoda","Calanoida","Eucalanidae","Eucalanus","Eucalanus californicus","Variable","Variable","Variable","Exoskeleton","Exoskeleton","Chitin + Calcium","Holoplanktonic","No","Copepods"
"2053","Eukaryota","Cnidaria","Hydrozoa","Siphonophorae","Diphyidae","Lensia","Lensia campanella","No","No","No","None","None","None","Holoplanktonic","No","Colonial hydrozoans (e.g., Portuguese man o' war)"
"2055","Eukaryota","Arthropoda","Copepoda","Calanoida","Eucalanidae","Eucalanus","Eucalanus californicus","Variable","Variable","Variable","Exoskeleton","Exoskeleton","Chitin + Calcium","Holoplanktonic","No","Copepods"
"2056","Eukaryota","Arthropoda","Copepoda","Calanoida","Eucalanidae","Eucalanus","Eucalanus californicus","Variable","Variable","Variable","Exoskeleton","Exoskeleton","Chitin + Calcium","Holoplanktonic","No","Copepods"
"2057","Eukaryota","Arthropoda","Copepoda","Calanoida","Eucalanidae","Eucalanus","Eucalanus californicus","Variable","Variable","Variable","Exoskeleton","Exoskeleton","Chitin + Calcium","Holoplanktonic","No","Copepods"
"2058","Eukaryota","Arthropoda","Copepoda","Calanoida","Candaciidae","Candacia","Candacia curta","Variable","Variable","Variable","Exoskeleton","Exoskeleton","Chitin + Calcium","Holoplanktonic","No","Copepods"
"2059","Eukaryota","Bryozoa","Gymnolaemata","Cheilostomatida","Membraniporidae","Membranipora","Membranipora villosa","Yes","Yes","Yes","External shell","External shell","Calcite","Meroplanktonic","No","Encrusting bryozoans"
"2063","Eukaryota","Arthropoda","Ostracoda","Halocyprida","Halocyprididae","Conchoecetta","Conchoecetta giesbrechti","Variable","No","Variable","None","Exoskeleton","Chitin + Calcium","Holoplanktonic","No","Ostracods (seed shrimp)"
"2065","Eukaryota","Mollusca","Gastropoda","Pteropoda","Cliidae","Clio","Clio pyramidata","Yes","Yes","Yes","External shell","External shell","Aragonite","Holoplanktonic","No","Sea butterflies"
"2067","Eukaryota","Arthropoda","Malacostraca","Euphausiacea","Euphausiidae","Hansarsia",NA,"Variable","No","Variable","None","Exoskeleton","Chitin + Calcium","Holoplanktonic","No","Krill"
"2069","Eukaryota","Arthropoda","Copepoda","Calanoida","Eucalanidae","Eucalanus","Eucalanus californicus","Variable","Variable","Variable","Exoskeleton","Exoskeleton","Chitin + Calcium","Holoplanktonic","No","Copepods"
"2070","Eukaryota","Arthropoda","Copepoda","Calanoida","Eucalanidae","Eucalanus","Eucalanus californicus","Variable","Variable","Variable","Exoskeleton","Exoskeleton","Chitin + Calcium","Holoplanktonic","No","Copepods"
"2073","Eukaryota","Arthropoda","Copepoda","Calanoida","Eucalanidae","Eucalanus","Eucalanus californicus","Variable","Variable","Variable","Exoskeleton","Exoskeleton","Chitin + Calcium","Holoplanktonic","No","Copepods"
"2074","Eukaryota","Arthropoda","Copepoda","Calanoida","Pontellidae","Labidocera","Labidocera trispinosa","Variable","Variable","Variable","Exoskeleton","Exoskeleton","Chitin + Calcium","Holoplanktonic","No","Copepods"
"2078","Eukaryota","Arthropoda","Copepoda","Poecilostomatoida","Oncaeidae","Oncaea",NA,"Variable","Variable","Variable","Exoskeleton","Exoskeleton","Chitin + Calcium","Holoplanktonic","No","Parasitic or predatory copepods"
"2080","Eukaryota","Echinodermata","Asteroidea","Paxillosida","Luidiidae","Luidia","Luidia sp. NSMT E_14364","Variable","No","Yes","None","Internal skeleton","Calcite","Meroplanktonic","No","Starfish without suckers"
"2081","Eukaryota","Arthropoda","Malacostraca","Decapoda","Hippolytidae","Lysmata","Lysmata californica","Variable","No","Variable","None","Exoskeleton","Calcite","Meroplanktonic","No","Crabs, lobsters, shrimp"
"2083","Eukaryota","Arthropoda","Copepoda","Calanoida","Calanidae","Calanus","Calanus pacificus","Variable","Variable","Variable","Exoskeleton","Exoskeleton","Chitin + Calcium","Holoplanktonic","No","Copepods"
"2084","Eukaryota","Chordata","Actinopteri","Argentiniformes","Bathylagidae","Leuroglossus","Leuroglossus stilbius","No","No","No","None","None","None","Meroplanktonic","No","Deep-sea smelts and related fish"
"2086","Eukaryota","Arthropoda","Copepoda","Calanoida","Eucalanidae","Eucalanus","Eucalanus californicus","Variable","Variable","Variable","Exoskeleton","Exoskeleton","Chitin + Calcium","Holoplanktonic","No","Copepods"
"2087","Eukaryota","Arthropoda","Copepoda","Calanoida","Pontellidae","Labidocera","Labidocera trispinosa","Variable","Variable","Variable","Exoskeleton","Exoskeleton","Chitin + Calcium","Holoplanktonic","No","Copepods"
"2088","Eukaryota","Arthropoda","Copepoda","Calanoida","Pontellidae","Labidocera","Labidocera trispinosa","Variable","Variable","Variable","Exoskeleton","Exoskeleton","Chitin + Calcium","Holoplanktonic","No","Copepods"
"2089","Eukaryota","Arthropoda","Copepoda","Calanoida","Pontellidae","Labidocera","Labidocera trispinosa","Variable","Variable","Variable","Exoskeleton","Exoskeleton","Chitin + Calcium","Holoplanktonic","No","Copepods"
"2091","Eukaryota","Arthropoda","Copepoda","Calanoida","Pontellidae","Labidocera","Labidocera trispinosa","Variable","Variable","Variable","Exoskeleton","Exoskeleton","Chitin + Calcium","Holoplanktonic","No","Copepods"
"2092","Eukaryota","Arthropoda","Copepoda","Calanoida","Calanidae","Calanus","Calanus pacificus","Variable","Variable","Variable","Exoskeleton","Exoskeleton","Chitin + Calcium","Holoplanktonic","No","Copepods"
"2093","Eukaryota","Arthropoda","Copepoda","Calanoida","Pontellidae","Labidocera","Labidocera trispinosa","Variable","Variable","Variable","Exoskeleton","Exoskeleton","Chitin + Calcium","Holoplanktonic","No","Copepods"
"2094","Eukaryota","Arthropoda","Copepoda","Calanoida","Pontellidae","Labidocera","Labidocera trispinosa","Variable","Variable","Variable","Exoskeleton","Exoskeleton","Chitin + Calcium","Holoplanktonic","No","Copepods"
"2098","Eukaryota","Arthropoda","Copepoda","Calanoida","Eucalanidae","Eucalanus","Eucalanus californicus","Variable","Variable","Variable","Exoskeleton","Exoskeleton","Chitin + Calcium","Holoplanktonic","No","Copepods"
"2101","Eukaryota","Arthropoda","Ostracoda","Halocyprida","Halocyprididae","Discoconchoecia","Discoconchoecia sp. S8_D6","Variable","No","Variable","None","Exoskeleton","Chitin + Calcium","Holoplanktonic","No","Ostracods (seed shrimp)"
"2103","Eukaryota","Arthropoda","Copepoda","Calanoida","Eucalanidae","Eucalanus","Eucalanus californicus","Variable","Variable","Variable","Exoskeleton","Exoskeleton","Chitin + Calcium","Holoplanktonic","No","Copepods"
"2104","Eukaryota","Echinodermata","Ophiuroidea","Amphilepidida","Ophiactidae","Ophiopholis",NA,"Yes","Yes","Yes","Internal skeleton","Internal skeleton","Calcite","Meroplanktonic","No","Brittle stars"
"2105","Eukaryota","Arthropoda","Copepoda","Calanoida","Calanidae","Calanus","Calanus pacificus","Variable","Variable","Variable","Exoskeleton","Exoskeleton","Chitin + Calcium","Holoplanktonic","No","Copepods"
"2106","Eukaryota","Arthropoda","Copepoda","Calanoida","Pontellidae","Labidocera","Labidocera trispinosa","Variable","Variable","Variable","Exoskeleton","Exoskeleton","Chitin + Calcium","Holoplanktonic","No","Copepods"
"2108","Eukaryota","Arthropoda","Copepoda","Calanoida","Calanidae","Calanus","Calanus pacificus","Variable","Variable","Variable","Exoskeleton","Exoskeleton","Chitin + Calcium","Holoplanktonic","No","Copepods"
"2111","Eukaryota","Bryozoa","Gymnolaemata","Cheilostomatida","Membraniporidae","Membranipora","Membranipora villosa","Yes","Yes","Yes","External shell","External shell","Calcite","Meroplanktonic","No","Encrusting bryozoans"
"2112","Eukaryota","Arthropoda","Copepoda","Calanoida","Eucalanidae","Eucalanus","Eucalanus californicus","Variable","Variable","Variable","Exoskeleton","Exoskeleton","Chitin + Calcium","Holoplanktonic","No","Copepods"
"2113","Eukaryota","Arthropoda","Copepoda","Calanoida","Pontellidae","Labidocera","Labidocera trispinosa","Variable","Variable","Variable","Exoskeleton","Exoskeleton","Chitin + Calcium","Holoplanktonic","No","Copepods"
"2115","Eukaryota","Bryozoa","Gymnolaemata","Cheilostomatida","Membraniporidae","Membranipora","Membranipora villosa","Yes","Yes","Yes","External shell","External shell","Calcite","Meroplanktonic","No","Encrusting bryozoans"
"2116","Eukaryota","Arthropoda","Copepoda","Calanoida","Candaciidae","Candacia","Candacia curta","Variable","Variable","Variable","Exoskeleton","Exoskeleton","Chitin + Calcium","Holoplanktonic","No","Copepods"
"2117","Eukaryota","Arthropoda","Copepoda","Calanoida","Clausocalanidae","Clausocalanus","Clausocalanus jobei","Variable","Variable","Variable","Exoskeleton","Exoskeleton","Chitin + Calcium","Holoplanktonic","No","Copepods"
"2118","Eukaryota","Arthropoda","Copepoda","Calanoida","Pontellidae","Labidocera","Labidocera trispinosa","Variable","Variable","Variable","Exoskeleton","Exoskeleton","Chitin + Calcium","Holoplanktonic","No","Copepods"
"2119","Eukaryota","Arthropoda","Copepoda","Calanoida","Calanidae","Calanus","Calanus pacificus","Variable","Variable","Variable","Exoskeleton","Exoskeleton","Chitin + Calcium","Holoplanktonic","No","Copepods"
"2121","Eukaryota","Bryozoa","Gymnolaemata","Cheilostomatida","Membraniporidae","Membranipora",NA,"Yes","Yes","Yes","External shell","External shell","Calcite","Meroplanktonic","No","Encrusting bryozoans"
"2122","Eukaryota","Arthropoda","Copepoda","Calanoida","Eucalanidae","Eucalanus","Eucalanus californicus","Variable","Variable","Variable","Exoskeleton","Exoskeleton","Chitin + Calcium","Holoplanktonic","No","Copepods"
"2124","Eukaryota","Arthropoda","Copepoda","Calanoida","Scolecitrichidae","Scolecithricella","Scolecithricella dentata","Variable","Variable","Variable","Exoskeleton","Exoskeleton","Chitin + Calcium","Holoplanktonic","No","Copepods"
"2128","Eukaryota","Arthropoda","Copepoda","Calanoida","Euchaetidae","Euchaeta","Euchaeta marina","Variable","Variable","Variable","Exoskeleton","Exoskeleton","Chitin + Calcium","Holoplanktonic","No","Copepods"
"2131","Eukaryota","Chordata","Actinopteri","Argentiniformes","Bathylagidae","Leuroglossus","Leuroglossus stilbius","No","No","No","None","None","None","Meroplanktonic","No","Deep-sea smelts and related fish"
"2132","Eukaryota","Arthropoda","Copepoda","Calanoida","Eucalanidae","Eucalanus","Eucalanus californicus","Variable","Variable","Variable","Exoskeleton","Exoskeleton","Chitin + Calcium","Holoplanktonic","No","Copepods"
"2134","Eukaryota","Arthropoda","Copepoda","Calanoida","Eucalanidae","Eucalanus","Eucalanus californicus","Variable","Variable","Variable","Exoskeleton","Exoskeleton","Chitin + Calcium","Holoplanktonic","No","Copepods"
"2135","Eukaryota","Mollusca","Gastropoda","Nudibranchia","Glaucidae","Hermissenda","Hermissenda opalescens","Variable","Variable","No","External shell","None","Aragonite","Meroplanktonic","No","Shell-less sea slugs"
"2136","Eukaryota","Arthropoda","Copepoda","Calanoida","Pontellidae","Labidocera","Labidocera trispinosa","Variable","Variable","Variable","Exoskeleton","Exoskeleton","Chitin + Calcium","Holoplanktonic","No","Copepods"
"2137","Eukaryota","Arthropoda","Copepoda","Calanoida","Mecynoceridae","Mecynocera","Mecynocera clausi","Variable","Variable","Variable","Exoskeleton","Exoskeleton","Chitin + Calcium","Holoplanktonic","No","Copepods"
"2138","Eukaryota","Arthropoda","Ostracoda","Halocyprida","Halocyprididae",NA,NA,"Variable","No","Variable","None","Exoskeleton","Chitin + Calcium","Holoplanktonic","No","Ostracods (seed shrimp)"
"2140","Eukaryota","Arthropoda","Malacostraca","Euphausiacea","Euphausiidae","Euphausia","Euphausia pacifica","Variable","No","Variable","None","Exoskeleton","Chitin + Calcium","Holoplanktonic","No","Krill"
"2143","Eukaryota","Arthropoda","Copepoda","Calanoida","Calanidae","Calanus","Calanus pacificus","Variable","Variable","Variable","Exoskeleton","Exoskeleton","Chitin + Calcium","Holoplanktonic","No","Copepods"
"2148","Eukaryota","Mollusca","Gastropoda","Nudibranchia","Glaucidae","Hermissenda","Hermissenda opalescens","Variable","Variable","No","External shell","None","Aragonite","Meroplanktonic","No","Shell-less sea slugs"
"2149","Eukaryota","Arthropoda","Copepoda","Calanoida","Calanidae","Calanus","Calanus pacificus","Variable","Variable","Variable","Exoskeleton","Exoskeleton","Chitin + Calcium","Holoplanktonic","No","Copepods"
"2150","Eukaryota","Arthropoda","Malacostraca","Euphausiacea","Euphausiidae","Hansarsia","Hansarsia difficilis","Variable","No","Variable","None","Exoskeleton","Chitin + Calcium","Holoplanktonic","No","Krill"
"2151","Eukaryota","Arthropoda","Copepoda","Calanoida","Pontellidae","Labidocera","Labidocera trispinosa","Variable","Variable","Variable","Exoskeleton","Exoskeleton","Chitin + Calcium","Holoplanktonic","No","Copepods"
"2152","Eukaryota","Arthropoda","Copepoda","Calanoida","Calanidae","Calanus","Calanus pacificus","Variable","Variable","Variable","Exoskeleton","Exoskeleton","Chitin + Calcium","Holoplanktonic","No","Copepods"
"2153","Eukaryota","Arthropoda","Copepoda","Calanoida","Calanidae","Calanus","Calanus pacificus","Variable","Variable","Variable","Exoskeleton","Exoskeleton","Chitin + Calcium","Holoplanktonic","No","Copepods"
"2155","Eukaryota","Arthropoda","Copepoda","Calanoida","Eucalanidae","Eucalanus","Eucalanus californicus","Variable","Variable","Variable","Exoskeleton","Exoskeleton","Chitin + Calcium","Holoplanktonic","No","Copepods"
"2156","Eukaryota","Arthropoda","Copepoda","Calanoida","Eucalanidae","Eucalanus","Eucalanus californicus","Variable","Variable","Variable","Exoskeleton","Exoskeleton","Chitin + Calcium","Holoplanktonic","No","Copepods"
"2158","Eukaryota","Mollusca","Gastropoda","Nudibranchia","Paracoryphellidae",NA,NA,"Variable","Variable","No","External shell","None","Aragonite","Meroplanktonic","No","Shell-less sea slugs"
"2160","Eukaryota","Echinodermata","Ophiuroidea","Amphilepidida","Amphiuridae",NA,NA,"Yes","Yes","Yes","Internal skeleton","Internal skeleton","Calcite","Meroplanktonic","No","Brittle stars"
"2165","Eukaryota","Arthropoda","Copepoda","Calanoida","Candaciidae","Candacia","Candacia bipinnata","Variable","Variable","Variable","Exoskeleton","Exoskeleton","Chitin + Calcium","Holoplanktonic","No","Copepods"
"2166","Eukaryota","Bryozoa","Gymnolaemata","Cheilostomatida","Membraniporidae","Membranipora","Membranipora villosa","Yes","Yes","Yes","External shell","External shell","Calcite","Meroplanktonic","No","Encrusting bryozoans"
"2171","Eukaryota","Arthropoda","Copepoda","Calanoida","Eucalanidae","Eucalanus","Eucalanus californicus","Variable","Variable","Variable","Exoskeleton","Exoskeleton","Chitin + Calcium","Holoplanktonic","No","Copepods"
"2172","Eukaryota","Arthropoda","Ostracoda","Halocyprida","Halocyprididae","Discoconchoecia",NA,"Variable","No","Variable","None","Exoskeleton","Chitin + Calcium","Holoplanktonic","No","Ostracods (seed shrimp)"
"2173","Eukaryota","Mollusca","Gastropoda","Neogastropoda","Olividae","Olivella","Olivella baetica","Yes","Yes","Yes","External shell","External shell","Aragonite/Calcite","Meroplanktonic","No","Whelks and predatory snails"
"2174","Eukaryota","Arthropoda","Copepoda","Calanoida","Eucalanidae","Eucalanus","Eucalanus californicus","Variable","Variable","Variable","Exoskeleton","Exoskeleton","Chitin + Calcium","Holoplanktonic","No","Copepods"
"2175","Eukaryota","Echinodermata","Asteroidea","Forcipulatida","Asteriidae","Pisaster","Pisaster giganteus","Yes","Yes","Yes","Internal skeleton","Internal skeleton","Calcite","Meroplanktonic","No","Starfish"
"2176","Eukaryota","Arthropoda","Copepoda","Calanoida","Eucalanidae","Eucalanus","Eucalanus californicus","Variable","Variable","Variable","Exoskeleton","Exoskeleton","Chitin + Calcium","Holoplanktonic","No","Copepods"
"2177","Eukaryota","Annelida","Polychaeta","Chaetopteridae","Chaetopteridae","Phyllochaetopterus","Phyllochaetopterus sp. 5 JM_2017","No","No","No","None","None","None","Benthic + Meroplanktonic","No","Tube-dwelling marine polychaetes"
"2178","Eukaryota","Arthropoda","Copepoda","Calanoida","Pontellidae","Labidocera","Labidocera trispinosa","Variable","Variable","Variable","Exoskeleton","Exoskeleton","Chitin + Calcium","Holoplanktonic","No","Copepods"
"2180","Eukaryota","Chordata","Actinopteri","Sciaenidae","Sciaenidae","Seriphus","Seriphus politus","No","No","No","None","None","None","Meroplanktonic","No","Drums and croakers (marine fish)"
"2181","Eukaryota","Mollusca","Gastropoda","Littorinimorpha","Atlantidae","Atlanta","Atlanta sp. USNM IZ 1230636","Yes","Yes","Yes","External shell","External shell","Aragonite/Calcite","Meroplanktonic","No","Periwinkles and related snails"
"2182","Eukaryota","Arthropoda","Copepoda","Calanoida","Eucalanidae","Eucalanus","Eucalanus californicus","Variable","Variable","Variable","Exoskeleton","Exoskeleton","Chitin + Calcium","Holoplanktonic","No","Copepods"
"2183","Eukaryota","Arthropoda","Copepoda","Calanoida","Eucalanidae","Eucalanus","Eucalanus californicus","Variable","Variable","Variable","Exoskeleton","Exoskeleton","Chitin + Calcium","Holoplanktonic","No","Copepods"
"2184","Eukaryota","Bryozoa","Gymnolaemata","Cheilostomatida","Membraniporidae","Membranipora",NA,"Yes","Yes","Yes","External shell","External shell","Calcite","Meroplanktonic","No","Encrusting bryozoans"
"2185","Eukaryota","Arthropoda","Copepoda","Poecilostomatoida","Oncaeidae","Oncaea","Oncaea sp.","Variable","Variable","Variable","Exoskeleton","Exoskeleton","Chitin + Calcium","Holoplanktonic","No","Parasitic or predatory copepods"
"2187","Eukaryota","Arthropoda","Copepoda","Calanoida","Eucalanidae","Eucalanus","Eucalanus californicus","Variable","Variable","Variable","Exoskeleton","Exoskeleton","Chitin + Calcium","Holoplanktonic","No","Copepods"
"2189","Eukaryota","Arthropoda","Copepoda","Calanoida","Metridinidae","Pleuromamma","Pleuromamma borealis","Variable","Variable","Variable","Exoskeleton","Exoskeleton","Chitin + Calcium","Holoplanktonic","No","Copepods"
"2193","Eukaryota","Arthropoda","Copepoda","Calanoida","Aetideidae",NA,NA,"Variable","Variable","Variable","Exoskeleton","Exoskeleton","Chitin + Calcium","Holoplanktonic","No","Copepods"
"2194","Eukaryota","Arthropoda","Copepoda","Calanoida","Eucalanidae","Eucalanus","Eucalanus californicus","Variable","Variable","Variable","Exoskeleton","Exoskeleton","Chitin + Calcium","Holoplanktonic","No","Copepods"
"2195","Eukaryota","Chordata","Actinopteri","Argentiniformes","Bathylagidae","Leuroglossus","Leuroglossus stilbius","No","No","No","None","None","None","Meroplanktonic","No","Deep-sea smelts and related fish"
"2196","Eukaryota","Arthropoda","Copepoda","Calanoida","Eucalanidae","Eucalanus","Eucalanus californicus","Variable","Variable","Variable","Exoskeleton","Exoskeleton","Chitin + Calcium","Holoplanktonic","No","Copepods"
"2198","Eukaryota","Arthropoda","Copepoda","Calanoida","Eucalanidae","Eucalanus","Eucalanus californicus","Variable","Variable","Variable","Exoskeleton","Exoskeleton","Chitin + Calcium","Holoplanktonic","No","Copepods"
"2199","Eukaryota","Arthropoda","Copepoda","Calanoida","Calanidae","Calanus","Calanus pacificus","Variable","Variable","Variable","Exoskeleton","Exoskeleton","Chitin + Calcium","Holoplanktonic","No","Copepods"
"2200","Eukaryota","Arthropoda","Copepoda","Calanoida","Pontellidae","Labidocera","Labidocera trispinosa","Variable","Variable","Variable","Exoskeleton","Exoskeleton","Chitin + Calcium","Holoplanktonic","No","Copepods"
"2201","Eukaryota","Arthropoda","Copepoda","Calanoida","Pontellidae","Labidocera","Labidocera trispinosa","Variable","Variable","Variable","Exoskeleton","Exoskeleton","Chitin + Calcium","Holoplanktonic","No","Copepods"
"2203","Eukaryota","Arthropoda","Copepoda","Calanoida","Eucalanidae","Eucalanus","Eucalanus californicus","Variable","Variable","Variable","Exoskeleton","Exoskeleton","Chitin + Calcium","Holoplanktonic","No","Copepods"
"2205","Eukaryota","Arthropoda","Malacostraca","Decapoda","Hippolytidae","Lysmata","Lysmata californica","Variable","No","Variable","None","Exoskeleton","Calcite","Meroplanktonic","No","Crabs, lobsters, shrimp"
"2206","Eukaryota","Arthropoda","Copepoda","Calanoida","Eucalanidae","Eucalanus","Eucalanus californicus","Variable","Variable","Variable","Exoskeleton","Exoskeleton","Chitin + Calcium","Holoplanktonic","No","Copepods"
"2208","Eukaryota","Echinodermata","Echinoidea","Camarodonta","Strongylocentrotidae","Strongylocentrotus","Strongylocentrotus purpuratus","Yes","Yes","Yes","Internal skeleton","Exoskeleton","Calcite","Meroplanktonic","No","Sea urchins"
"2209","Eukaryota","Mollusca","Gastropoda","Pteropoda","Limacinidae",NA,NA,"Yes","Yes","Yes","External shell","External shell","Aragonite","Holoplanktonic","No","Sea butterflies"
"2210","Eukaryota","Mollusca","Gastropoda","Littorinimorpha","Atlantidae","Atlanta","Atlanta sp. USNM IZ 1230636","Yes","Yes","Yes","External shell","External shell","Aragonite/Calcite","Meroplanktonic","No","Periwinkles and related snails"
"2211","Eukaryota","Arthropoda","Copepoda","Calanoida","Calanidae","Mesocalanus",NA,"Variable","Variable","Variable","Exoskeleton","Exoskeleton","Chitin + Calcium","Holoplanktonic","No","Copepods"
"2212","Eukaryota","Bryozoa","Gymnolaemata","Cheilostomatida","Membraniporidae","Membranipora","Membranipora villosa","Yes","Yes","Yes","External shell","External shell","Calcite","Meroplanktonic","No","Encrusting bryozoans"
"2214","Eukaryota","Arthropoda","Ostracoda","Halocyprida","Halocyprididae","Discoconchoecia","Discoconchoecia sp. S15_D2","Variable","No","Variable","None","Exoskeleton","Chitin + Calcium","Holoplanktonic","No","Ostracods (seed shrimp)"
"2215","Eukaryota","Bryozoa","Gymnolaemata","Cheilostomatida","Membraniporidae","Membranipora","Membranipora villosa","Yes","Yes","Yes","External shell","External shell","Calcite","Meroplanktonic","No","Encrusting bryozoans"
"2217","Eukaryota","Arthropoda","Copepoda","Calanoida","Acartiidae","Acartia","Acartia tonsa","Variable","Variable","Variable","Exoskeleton","Exoskeleton","Chitin + Calcium","Holoplanktonic","No","Copepods"
"2218","Eukaryota","Arthropoda","Malacostraca","Euphausiacea","Euphausiidae","Thysanoessa","Thysanoessa gregaria","Variable","No","Variable","None","Exoskeleton","Chitin + Calcium","Holoplanktonic","No","Krill"
"2219","Eukaryota","Arthropoda","Copepoda","Calanoida","Pontellidae","Labidocera","Labidocera trispinosa","Variable","Variable","Variable","Exoskeleton","Exoskeleton","Chitin + Calcium","Holoplanktonic","No","Copepods"
"2220","Eukaryota","Arthropoda","Copepoda","Calanoida","Pontellidae","Labidocera","Labidocera trispinosa","Variable","Variable","Variable","Exoskeleton","Exoskeleton","Chitin + Calcium","Holoplanktonic","No","Copepods"
"2221","Eukaryota","Mollusca","Gastropoda","Nudibranchia","Glaucidae","Hermissenda","Hermissenda opalescens","Variable","Variable","No","External shell","None","Aragonite","Meroplanktonic","No","Shell-less sea slugs"
"2222","Eukaryota","Arthropoda","Copepoda","Poecilostomatoida","Corycaeidae","Farranula",NA,"Variable","Variable","Variable","Exoskeleton","Exoskeleton","Chitin + Calcium","Holoplanktonic","No","Parasitic or predatory copepods"
"2223","Eukaryota","Arthropoda","Malacostraca","Amphipoda","Paraphronimidae","Paraphronima",NA,"Variable","Yes","Yes","Exoskeleton","Exoskeleton","Chitin + Calcium","Benthic + Holoplanktonic","No","Amphipods"
"2224","Eukaryota","Mollusca","Cephalopoda","Myopsida","Loliginidae",NA,NA,"Variable","Yes","No","Statoliths","None","Aragonite","Meroplanktonic","No","Coastal squid"
"2229","Eukaryota","Arthropoda","Copepoda","Calanoida","Metridinidae","Pleuromamma","Pleuromamma abdominalis","Variable","Variable","Variable","Exoskeleton","Exoskeleton","Chitin + Calcium","Holoplanktonic","No","Copepods"
"2230","Eukaryota","Arthropoda","Ostracoda","Halocyprida","Halocyprididae","Conchoecetta","Conchoecetta giesbrechti","Variable","No","Variable","None","Exoskeleton","Chitin + Calcium","Holoplanktonic","No","Ostracods (seed shrimp)"
"2231","Eukaryota","Arthropoda","Copepoda","Calanoida","Scolecitrichidae","Scolecithricella","Scolecithricella dentata","Variable","Variable","Variable","Exoskeleton","Exoskeleton","Chitin + Calcium","Holoplanktonic","No","Copepods"
"2237","Eukaryota","Chordata","Actinopteri","Argentiniformes","Bathylagidae","Leuroglossus","Leuroglossus stilbius","No","No","No","None","None","None","Meroplanktonic","No","Deep-sea smelts and related fish"
"2238","Eukaryota","Arthropoda","Copepoda","Calanoida","Calanidae","Calanus","Calanus pacificus","Variable","Variable","Variable","Exoskeleton","Exoskeleton","Chitin + Calcium","Holoplanktonic","No","Copepods"
"2239","Eukaryota","Cnidaria","Hydrozoa","Leptothecata","Campanulariidae",NA,NA,"No","No","No","None","None","None","Benthic + Holoplanktonic","No","Hydroids"
"2240","Eukaryota","Arthropoda","Copepoda","Calanoida","Pontellidae","Labidocera","Labidocera trispinosa","Variable","Variable","Variable","Exoskeleton","Exoskeleton","Chitin + Calcium","Holoplanktonic","No","Copepods"
"2241","Eukaryota","Arthropoda","Malacostraca","Amphipoda","Vibiliidae","Vibilia","Vibilia armata","Variable","Yes","Yes","Exoskeleton","Exoskeleton","Chitin + Calcium","Benthic + Holoplanktonic","No","Amphipods"
"2244","Eukaryota","Arthropoda","Malacostraca","Decapoda","Hippolytidae","Spirontocaris","Spirontocaris snyderi","Variable","No","Variable","None","Exoskeleton","Calcite","Meroplanktonic","No","Crabs, lobsters, shrimp"
"2245","Eukaryota","Arthropoda","Copepoda","Calanoida","Eucalanidae","Eucalanus","Eucalanus californicus","Variable","Variable","Variable","Exoskeleton","Exoskeleton","Chitin + Calcium","Holoplanktonic","No","Copepods"
"2246","Eukaryota","Arthropoda","Copepoda","Calanoida","Eucalanidae","Eucalanus","Eucalanus californicus","Variable","Variable","Variable","Exoskeleton","Exoskeleton","Chitin + Calcium","Holoplanktonic","No","Copepods"
"2247","Eukaryota","Arthropoda","Copepoda","Calanoida","Scolecitrichidae","Scolecithricella","Scolecithricella dentata","Variable","Variable","Variable","Exoskeleton","Exoskeleton","Chitin + Calcium","Holoplanktonic","No","Copepods"
"2248","Eukaryota","Arthropoda","Copepoda","Calanoida","Euchaetidae","Euchaeta","Euchaeta marina","Variable","Variable","Variable","Exoskeleton","Exoskeleton","Chitin + Calcium","Holoplanktonic","No","Copepods"
"2249","Eukaryota","Arthropoda","Copepoda","Calanoida","Calanidae","Neocalanus","Neocalanus gracilis","Variable","Variable","Variable","Exoskeleton","Exoskeleton","Chitin + Calcium","Holoplanktonic","No","Copepods"
"2251","Eukaryota","Arthropoda","Copepoda","Calanoida","Mecynoceridae","Mecynocera","Mecynocera clausi","Variable","Variable","Variable","Exoskeleton","Exoskeleton","Chitin + Calcium","Holoplanktonic","No","Copepods"
"2253","Eukaryota","Arthropoda","Copepoda","Calanoida","Eucalanidae","Eucalanus","Eucalanus californicus","Variable","Variable","Variable","Exoskeleton","Exoskeleton","Chitin + Calcium","Holoplanktonic","No","Copepods"
"2255","Eukaryota","Arthropoda","Copepoda","Calanoida","Eucalanidae","Eucalanus","Eucalanus californicus","Variable","Variable","Variable","Exoskeleton","Exoskeleton","Chitin + Calcium","Holoplanktonic","No","Copepods"
"2258","Eukaryota","Arthropoda","Copepoda","Calanoida","Pontellidae","Labidocera","Labidocera trispinosa","Variable","Variable","Variable","Exoskeleton","Exoskeleton","Chitin + Calcium","Holoplanktonic","No","Copepods"
"2259","Eukaryota","Mollusca","Gastropoda","Nudibranchia","Glaucidae","Hermissenda","Hermissenda opalescens","Variable","Variable","No","External shell","None","Aragonite","Meroplanktonic","No","Shell-less sea slugs"
"2261","Eukaryota","Arthropoda","Ostracoda","Halocyprida","Halocyprididae","Conchoecetta","Conchoecetta giesbrechti","Variable","No","Variable","None","Exoskeleton","Chitin + Calcium","Holoplanktonic","No","Ostracods (seed shrimp)"
"2262","Eukaryota","Bryozoa","Gymnolaemata","Cheilostomatida","Membraniporidae","Membranipora","Membranipora villosa","Yes","Yes","Yes","External shell","External shell","Calcite","Meroplanktonic","No","Encrusting bryozoans"
"2263","Eukaryota","Mollusca","Gastropoda","Nudibranchia","Glaucidae","Hermissenda",NA,"Variable","Variable","No","External shell","None","Aragonite","Meroplanktonic","No","Shell-less sea slugs"
"2264","Eukaryota","Chordata","Actinopteri","Blenniiformes","Labrisomidae",NA,NA,"No","No","No","None","None","None","Meroplanktonic","No","Blennies and combtooth fishes"
"2266","Eukaryota","Echinodermata","Echinoidea","Spatangoida","Brissidae","Brissopsis",NA,"Yes","Yes","Yes","Internal skeleton","Exoskeleton","Calcite","Meroplanktonic","No","Heart urchins"
"2270","Eukaryota","Mollusca","Gastropoda","Nudibranchia","Glaucidae","Hermissenda","Hermissenda opalescens","Variable","Variable","No","External shell","None","Aragonite","Meroplanktonic","No","Shell-less sea slugs"
"2272","Eukaryota","Arthropoda","Copepoda","Calanoida","Mecynoceridae","Mecynocera","Mecynocera clausi","Variable","Variable","Variable","Exoskeleton","Exoskeleton","Chitin + Calcium","Holoplanktonic","No","Copepods"
"2273","Eukaryota","Arthropoda","Copepoda","Calanoida","Eucalanidae","Eucalanus","Eucalanus californicus","Variable","Variable","Variable","Exoskeleton","Exoskeleton","Chitin + Calcium","Holoplanktonic","No","Copepods"
"2274","Eukaryota","Arthropoda","Copepoda","Calanoida","Eucalanidae","Eucalanus","Eucalanus californicus","Variable","Variable","Variable","Exoskeleton","Exoskeleton","Chitin + Calcium","Holoplanktonic","No","Copepods"
"2275","Eukaryota","Arthropoda","Malacostraca","Decapoda","Cancridae","Romaleon",NA,"Variable","No","Variable","None","Exoskeleton","Calcite","Meroplanktonic","No","Crabs, lobsters, shrimp"
"2276","Eukaryota","Arthropoda","Malacostraca","Euphausiacea","Euphausiidae","Euphausia","Euphausia pacifica","Variable","No","Variable","None","Exoskeleton","Chitin + Calcium","Holoplanktonic","No","Krill"
"2279","Eukaryota","Arthropoda","Copepoda","Calanoida","Pontellidae","Labidocera","Labidocera trispinosa","Variable","Variable","Variable","Exoskeleton","Exoskeleton","Chitin + Calcium","Holoplanktonic","No","Copepods"
"2280","Eukaryota","Arthropoda","Copepoda","Calanoida","Pontellidae","Labidocera","Labidocera trispinosa","Variable","Variable","Variable","Exoskeleton","Exoskeleton","Chitin + Calcium","Holoplanktonic","No","Copepods"
"2283","Eukaryota","Arthropoda","Malacostraca","Decapoda","Hippidae","Emerita","Emerita analoga","Variable","No","Variable","None","Exoskeleton","Calcite","Meroplanktonic","No","Crabs, lobsters, shrimp"
"2284","Eukaryota","Echinodermata","Echinoidea","Temnopleuroida","Toxopneustidae","Lytechinus","Lytechinus pictus","Yes","Yes","Yes","Internal skeleton","Exoskeleton","Calcite","Meroplanktonic","No","Short-spined sea urchins"
"2285","Eukaryota","Arthropoda","Copepoda","Calanoida","Clausocalanidae","Clausocalanus","Clausocalanus jobei","Variable","Variable","Variable","Exoskeleton","Exoskeleton","Chitin + Calcium","Holoplanktonic","No","Copepods"
"2288","Eukaryota","Chordata","Actinopteri","Pleuronectiformes","Pleuronectidae","Pleuronichthys","Pleuronichthys verticalis","No","No","No","None","None","None","Meroplanktonic","No","Flatfishes (flounders, soles, halibut)"
"2289","Eukaryota","Arthropoda","Copepoda","Calanoida","Eucalanidae","Eucalanus","Eucalanus californicus","Variable","Variable","Variable","Exoskeleton","Exoskeleton","Chitin + Calcium","Holoplanktonic","No","Copepods"
"2291","Eukaryota","Arthropoda","Copepoda","Calanoida","Pontellidae","Labidocera","Labidocera trispinosa","Variable","Variable","Variable","Exoskeleton","Exoskeleton","Chitin + Calcium","Holoplanktonic","No","Copepods"
"2293","Eukaryota","Arthropoda","Copepoda","Poecilostomatoida","Oncaeidae","Oncaea","Oncaea sp.","Variable","Variable","Variable","Exoskeleton","Exoskeleton","Chitin + Calcium","Holoplanktonic","No","Parasitic or predatory copepods"
"2294","Eukaryota","Arthropoda","Malacostraca","Euphausiacea","Euphausiidae","Nyctiphanes","Nyctiphanes simplex","Variable","No","Variable","None","Exoskeleton","Chitin + Calcium","Holoplanktonic","No","Krill"
"2295","Eukaryota","Arthropoda","Copepoda","Calanoida","Eucalanidae","Eucalanus","Eucalanus californicus","Variable","Variable","Variable","Exoskeleton","Exoskeleton","Chitin + Calcium","Holoplanktonic","No","Copepods"
"2296","Eukaryota","Arthropoda","Copepoda","Calanoida","Calanidae","Calanus","Calanus pacificus","Variable","Variable","Variable","Exoskeleton","Exoskeleton","Chitin + Calcium","Holoplanktonic","No","Copepods"
"2297","Eukaryota","Bryozoa","Gymnolaemata","Cheilostomatida","Membraniporidae","Membranipora","Membranipora villosa","Yes","Yes","Yes","External shell","External shell","Calcite","Meroplanktonic","No","Encrusting bryozoans"
"2299","Eukaryota","Arthropoda","Copepoda","Calanoida","Calanidae","Calanus","Calanus pacificus","Variable","Variable","Variable","Exoskeleton","Exoskeleton","Chitin + Calcium","Holoplanktonic","No","Copepods"
"2300","Eukaryota","Arthropoda","Copepoda","Calanoida","Eucalanidae","Eucalanus","Eucalanus californicus","Variable","Variable","Variable","Exoskeleton","Exoskeleton","Chitin + Calcium","Holoplanktonic","No","Copepods"
"2303","Eukaryota","Arthropoda","Copepoda","Calanoida","Eucalanidae","Eucalanus","Eucalanus californicus","Variable","Variable","Variable","Exoskeleton","Exoskeleton","Chitin + Calcium","Holoplanktonic","No","Copepods"
"2306","Eukaryota","Arthropoda","Copepoda","Calanoida","Calanidae","Calanus","Calanus pacificus","Variable","Variable","Variable","Exoskeleton","Exoskeleton","Chitin + Calcium","Holoplanktonic","No","Copepods"
"2307","Eukaryota","Mollusca","Gastropoda","Nudibranchia","Glaucidae","Hermissenda","Hermissenda opalescens","Variable","Variable","No","External shell","None","Aragonite","Meroplanktonic","No","Shell-less sea slugs"
"2308","Eukaryota","Arthropoda","Copepoda","Calanoida","Pontellidae","Labidocera","Labidocera trispinosa","Variable","Variable","Variable","Exoskeleton","Exoskeleton","Chitin + Calcium","Holoplanktonic","No","Copepods"
"2309","Eukaryota","Arthropoda","Copepoda","Calanoida","Lucicutiidae","Lucicutia","Lucicutia flavicornis","Variable","Variable","Variable","Exoskeleton","Exoskeleton","Chitin + Calcium","Holoplanktonic","No","Copepods"
"2311","Eukaryota","Arthropoda","Malacostraca","Decapoda","Blepharipodidae",NA,NA,"Variable","No","Variable","None","Exoskeleton","Calcite","Meroplanktonic","No","Crabs, lobsters, shrimp"
"2312","Eukaryota","Arthropoda","Copepoda","Calanoida","Eucalanidae","Eucalanus","Eucalanus californicus","Variable","Variable","Variable","Exoskeleton","Exoskeleton","Chitin + Calcium","Holoplanktonic","No","Copepods"
"2315","Eukaryota","Arthropoda","Copepoda","Calanoida","Calanidae","Calanus","Calanus pacificus","Variable","Variable","Variable","Exoskeleton","Exoskeleton","Chitin + Calcium","Holoplanktonic","No","Copepods"
"2316","Eukaryota","Arthropoda","Copepoda","Calanoida","Eucalanidae","Eucalanus","Eucalanus californicus","Variable","Variable","Variable","Exoskeleton","Exoskeleton","Chitin + Calcium","Holoplanktonic","No","Copepods"
"2317","Eukaryota","Arthropoda","Ostracoda","Halocyprida","Halocyprididae","Proceroecia","Proceroecia procera","Variable","No","Variable","None","Exoskeleton","Chitin + Calcium","Holoplanktonic","No","Ostracods (seed shrimp)"
"2318","Eukaryota","Arthropoda","Copepoda","Calanoida","Calanidae","Calanus","Calanus pacificus","Variable","Variable","Variable","Exoskeleton","Exoskeleton","Chitin + Calcium","Holoplanktonic","No","Copepods"
"2319","Eukaryota","Chordata","Actinopteri","Pleuronectiformes","Paralichthyidae","Paralichthys","Paralichthys californicus","No","No","No","None","None","None","Meroplanktonic","No","Flatfishes (flounders, soles, halibut)"
"2320","Eukaryota","Arthropoda","Copepoda","Calanoida","Calanidae","Calanus","Calanus pacificus","Variable","Variable","Variable","Exoskeleton","Exoskeleton","Chitin + Calcium","Holoplanktonic","No","Copepods"
"2321","Eukaryota","Mollusca","Gastropoda","Pteropoda","Creseidae","Styliola","Styliola sp.","Yes","Yes","Yes","External shell","External shell","Aragonite","Holoplanktonic","No","Sea butterflies"
"2323","Eukaryota","Mollusca","Gastropoda","Nudibranchia","Glaucidae","Hermissenda",NA,"Variable","Variable","No","External shell","None","Aragonite","Meroplanktonic","No","Shell-less sea slugs"
"2324","Eukaryota","Arthropoda","Ostracoda","Halocyprida","Halocyprididae","Discoconchoecia",NA,"Variable","No","Variable","None","Exoskeleton","Chitin + Calcium","Holoplanktonic","No","Ostracods (seed shrimp)"
"2325","Eukaryota","Bryozoa","Gymnolaemata","Cheilostomatida","Membraniporidae","Membranipora",NA,"Yes","Yes","Yes","External shell","External shell","Calcite","Meroplanktonic","No","Encrusting bryozoans"
"2326","Eukaryota","Bryozoa","Gymnolaemata","Cheilostomatida","Membraniporidae","Membranipora","Membranipora villosa","Yes","Yes","Yes","External shell","External shell","Calcite","Meroplanktonic","No","Encrusting bryozoans"
"2328","Eukaryota","Arthropoda","Malacostraca","Decapoda","Cancridae","Cancer","Cancer antennarius","Variable","No","Variable","None","Exoskeleton","Calcite","Meroplanktonic","No","Crabs, lobsters, shrimp"
"2331","Eukaryota","Arthropoda","Malacostraca","Decapoda","Pinnotheridae","Pinnixa","Pinnixa franciscana","Variable","No","Variable","None","Exoskeleton","Calcite","Meroplanktonic","No","Crabs, lobsters, shrimp"
"2332","Eukaryota","Arthropoda","Copepoda","Calanoida","Calanidae","Calanus","Calanus pacificus","Variable","Variable","Variable","Exoskeleton","Exoskeleton","Chitin + Calcium","Holoplanktonic","No","Copepods"
"2333","Eukaryota","Arthropoda","Copepoda","Calanoida","Pontellidae","Labidocera","Labidocera trispinosa","Variable","Variable","Variable","Exoskeleton","Exoskeleton","Chitin + Calcium","Holoplanktonic","No","Copepods"
"2334","Eukaryota","Cnidaria","Hydrozoa","Siphonophorae","Diphyidae","Lensia","Lensia conoidea","No","No","No","None","None","None","Holoplanktonic","No","Colonial hydrozoans (e.g., Portuguese man o' war)"
"2335","Eukaryota","Arthropoda","Malacostraca","Euphausiacea","Euphausiidae","Nyctiphanes","Nyctiphanes simplex","Variable","No","Variable","None","Exoskeleton","Chitin + Calcium","Holoplanktonic","No","Krill"
"2336","Eukaryota","Bryozoa","Gymnolaemata","Cheilostomatida","Membraniporidae","Membranipora","Membranipora villosa","Yes","Yes","Yes","External shell","External shell","Calcite","Meroplanktonic","No","Encrusting bryozoans"
"2337","Eukaryota","Arthropoda","Malacostraca","Decapoda","Pinnotheridae",NA,NA,"Variable","No","Variable","None","Exoskeleton","Calcite","Meroplanktonic","No","Crabs, lobsters, shrimp"
"2338","Eukaryota","Bryozoa","Gymnolaemata","Cheilostomatida","Membraniporidae","Membranipora","Membranipora villosa","Yes","Yes","Yes","External shell","External shell","Calcite","Meroplanktonic","No","Encrusting bryozoans"
"2340","Eukaryota","Cnidaria","Hydrozoa","Siphonophorae","Diphyidae","Diphyes","Diphyes sp. HAW01","No","No","No","None","None","None","Holoplanktonic","No","Colonial hydrozoans (e.g., Portuguese man o' war)"
"2341","Eukaryota","Mollusca","Gastropoda","Nudibranchia","Glaucidae","Hermissenda","Hermissenda opalescens","Variable","Variable","No","External shell","None","Aragonite","Meroplanktonic","No","Shell-less sea slugs"
"2342","Eukaryota","Mollusca","Gastropoda","Nudibranchia","Glaucidae","Hermissenda","Hermissenda opalescens","Variable","Variable","No","External shell","None","Aragonite","Meroplanktonic","No","Shell-less sea slugs"
"2343","Eukaryota","Arthropoda","Copepoda","Poecilostomatoida","Oncaeidae","Oncaea","Oncaea sp.","Variable","Variable","Variable","Exoskeleton","Exoskeleton","Chitin + Calcium","Holoplanktonic","No","Parasitic or predatory copepods"
"2344","Eukaryota","Arthropoda","Malacostraca","Decapoda","Portunidae",NA,NA,"Variable","No","Variable","None","Exoskeleton","Calcite","Meroplanktonic","No","Crabs, lobsters, shrimp"
"2345","Eukaryota","Arthropoda","Copepoda","Calanoida","Eucalanidae","Eucalanus","Eucalanus californicus","Variable","Variable","Variable","Exoskeleton","Exoskeleton","Chitin + Calcium","Holoplanktonic","No","Copepods"
"2346","Eukaryota","Arthropoda","Copepoda","Calanoida","Eucalanidae","Eucalanus","Eucalanus californicus","Variable","Variable","Variable","Exoskeleton","Exoskeleton","Chitin + Calcium","Holoplanktonic","No","Copepods"
"2347","Eukaryota","Echinodermata","Echinoidea","Temnopleuroida","Toxopneustidae","Lytechinus","Lytechinus pictus","Yes","Yes","Yes","Internal skeleton","Exoskeleton","Calcite","Meroplanktonic","No","Short-spined sea urchins"
"2348","Eukaryota","Mollusca","Gastropoda","Nudibranchia","Glaucidae","Hermissenda","Hermissenda opalescens","Variable","Variable","No","External shell","None","Aragonite","Meroplanktonic","No","Shell-less sea slugs"
"2351","Eukaryota","Arthropoda","Copepoda","Calanoida","Metridinidae","Pleuromamma","Pleuromamma borealis","Variable","Variable","Variable","Exoskeleton","Exoskeleton","Chitin + Calcium","Holoplanktonic","No","Copepods"
"2356","Eukaryota","Arthropoda","Copepoda","Calanoida","Clausocalanidae","Clausocalanus","Clausocalanus parapergens","Variable","Variable","Variable","Exoskeleton","Exoskeleton","Chitin + Calcium","Holoplanktonic","No","Copepods"
"2357","Eukaryota","Echinodermata","Ophiuroidea","Amphilepidida","Ophionereidae","Ophionereis",NA,"Yes","Yes","Yes","Internal skeleton","Internal skeleton","Calcite","Meroplanktonic","No","Brittle stars"
"2358","Eukaryota","Arthropoda","Copepoda","Calanoida","Eucalanidae","Eucalanus","Eucalanus californicus","Variable","Variable","Variable","Exoskeleton","Exoskeleton","Chitin + Calcium","Holoplanktonic","No","Copepods"
"2359","Eukaryota","Arthropoda","Copepoda","Calanoida","Calanidae",NA,NA,"Variable","Variable","Variable","Exoskeleton","Exoskeleton","Chitin + Calcium","Holoplanktonic","No","Copepods"
"2360","Eukaryota","Arthropoda","Copepoda","Calanoida","Clausocalanidae","Clausocalanus","Clausocalanus jobei","Variable","Variable","Variable","Exoskeleton","Exoskeleton","Chitin + Calcium","Holoplanktonic","No","Copepods"
"2362","Eukaryota","Arthropoda","Copepoda","Calanoida","Pontellidae","Labidocera","Labidocera trispinosa","Variable","Variable","Variable","Exoskeleton","Exoskeleton","Chitin + Calcium","Holoplanktonic","No","Copepods"
"2363","Eukaryota","Arthropoda","Copepoda","Poecilostomatoida","Oncaeidae","Oncaea","Oncaea sp.","Variable","Variable","Variable","Exoskeleton","Exoskeleton","Chitin + Calcium","Holoplanktonic","No","Parasitic or predatory copepods"
"2364","Eukaryota","Arthropoda","Malacostraca","Euphausiacea","Euphausiidae","Nyctiphanes","Nyctiphanes simplex","Variable","No","Variable","None","Exoskeleton","Chitin + Calcium","Holoplanktonic","No","Krill"
"2367","Eukaryota","Bryozoa","Gymnolaemata","Cheilostomatida","Membraniporidae","Membranipora","Membranipora villosa","Yes","Yes","Yes","External shell","External shell","Calcite","Meroplanktonic","No","Encrusting bryozoans"
"2369","Eukaryota","Arthropoda","Copepoda","Calanoida","Pontellidae","Labidocera","Labidocera trispinosa","Variable","Variable","Variable","Exoskeleton","Exoskeleton","Chitin + Calcium","Holoplanktonic","No","Copepods"
"2370","Eukaryota","Arthropoda","Copepoda","Calanoida","Pontellidae","Labidocera",NA,"Variable","Variable","Variable","Exoskeleton","Exoskeleton","Chitin + Calcium","Holoplanktonic","No","Copepods"
"2371","Eukaryota","Arthropoda","Malacostraca","Decapoda","Hippolytidae","Lysmata","Lysmata californica","Variable","No","Variable","None","Exoskeleton","Calcite","Meroplanktonic","No","Crabs, lobsters, shrimp"
"2372","Eukaryota","Arthropoda","Copepoda","Calanoida","Mecynoceridae","Mecynocera","Mecynocera clausi","Variable","Variable","Variable","Exoskeleton","Exoskeleton","Chitin + Calcium","Holoplanktonic","No","Copepods"
"2374","Eukaryota","Arthropoda","Copepoda","Calanoida","Scolecitrichidae","Scolecithricella","Scolecithricella dentata","Variable","Variable","Variable","Exoskeleton","Exoskeleton","Chitin + Calcium","Holoplanktonic","No","Copepods"
"2375","Eukaryota","Mollusca","Gastropoda","Nudibranchia","Glaucidae","Hermissenda","Hermissenda opalescens","Variable","Variable","No","External shell","None","Aragonite","Meroplanktonic","No","Shell-less sea slugs"
"2376","Eukaryota","Arthropoda","Ostracoda","Halocyprida","Halocyprididae","Discoconchoecia",NA,"Variable","No","Variable","None","Exoskeleton","Chitin + Calcium","Holoplanktonic","No","Ostracods (seed shrimp)"
"2377","Eukaryota","Arthropoda","Copepoda","Calanoida","Calanidae","Calanus","Calanus pacificus","Variable","Variable","Variable","Exoskeleton","Exoskeleton","Chitin + Calcium","Holoplanktonic","No","Copepods"
"2380","Eukaryota","Echinodermata","Asteroidea","Forcipulatida","Asteriidae","Pisaster","Pisaster giganteus","Yes","Yes","Yes","Internal skeleton","Internal skeleton","Calcite","Meroplanktonic","No","Starfish"
"2382","Eukaryota","Arthropoda","Copepoda","Calanoida","Eucalanidae","Eucalanus","Eucalanus californicus","Variable","Variable","Variable","Exoskeleton","Exoskeleton","Chitin + Calcium","Holoplanktonic","No","Copepods"
"2383","Eukaryota","Arthropoda","Copepoda","Calanoida","Eucalanidae","Eucalanus","Eucalanus californicus","Variable","Variable","Variable","Exoskeleton","Exoskeleton","Chitin + Calcium","Holoplanktonic","No","Copepods"
"2384","Eukaryota","Arthropoda","Copepoda","Calanoida","Pontellidae","Labidocera","Labidocera trispinosa","Variable","Variable","Variable","Exoskeleton","Exoskeleton","Chitin + Calcium","Holoplanktonic","No","Copepods"
"2386","Eukaryota","Arthropoda","Copepoda","Calanoida","Pontellidae","Labidocera","Labidocera trispinosa","Variable","Variable","Variable","Exoskeleton","Exoskeleton","Chitin + Calcium","Holoplanktonic","No","Copepods"
"2388","Eukaryota","Arthropoda","Copepoda","Calanoida","Pontellidae","Labidocera","Labidocera trispinosa","Variable","Variable","Variable","Exoskeleton","Exoskeleton","Chitin + Calcium","Holoplanktonic","No","Copepods"
"2389","Eukaryota","Arthropoda","Copepoda","Poecilostomatoida","Oncaeidae","Oncaea","Oncaea sp.","Variable","Variable","Variable","Exoskeleton","Exoskeleton","Chitin + Calcium","Holoplanktonic","No","Parasitic or predatory copepods"
"2391","Eukaryota","Arthropoda","Copepoda","Calanoida","Pontellidae","Labidocera","Labidocera trispinosa","Variable","Variable","Variable","Exoskeleton","Exoskeleton","Chitin + Calcium","Holoplanktonic","No","Copepods"
"2393","Eukaryota","Arthropoda","Copepoda","Calanoida","Eucalanidae","Eucalanus","Eucalanus californicus","Variable","Variable","Variable","Exoskeleton","Exoskeleton","Chitin + Calcium","Holoplanktonic","No","Copepods"
"2394","Eukaryota","Arthropoda","Copepoda","Calanoida","Eucalanidae","Eucalanus","Eucalanus californicus","Variable","Variable","Variable","Exoskeleton","Exoskeleton","Chitin + Calcium","Holoplanktonic","No","Copepods"
"2395","Eukaryota","Arthropoda","Copepoda","Calanoida","Eucalanidae","Eucalanus","Eucalanus californicus","Variable","Variable","Variable","Exoskeleton","Exoskeleton","Chitin + Calcium","Holoplanktonic","No","Copepods"
"2397","Eukaryota","Arthropoda","Copepoda","Calanoida","Eucalanidae","Eucalanus","Eucalanus californicus","Variable","Variable","Variable","Exoskeleton","Exoskeleton","Chitin + Calcium","Holoplanktonic","No","Copepods"
"2398","Eukaryota","Arthropoda","Copepoda","Calanoida","Eucalanidae","Eucalanus","Eucalanus californicus","Variable","Variable","Variable","Exoskeleton","Exoskeleton","Chitin + Calcium","Holoplanktonic","No","Copepods"
"2400","Eukaryota","Arthropoda","Copepoda","Calanoida","Eucalanidae","Eucalanus","Eucalanus californicus","Variable","Variable","Variable","Exoskeleton","Exoskeleton","Chitin + Calcium","Holoplanktonic","No","Copepods"
"2401","Eukaryota","Arthropoda","Copepoda","Calanoida","Eucalanidae","Eucalanus","Eucalanus californicus","Variable","Variable","Variable","Exoskeleton","Exoskeleton","Chitin + Calcium","Holoplanktonic","No","Copepods"
"2403","Eukaryota","Arthropoda","Ostracoda","Halocyprida","Halocyprididae","Proceroecia","Proceroecia procera","Variable","No","Variable","None","Exoskeleton","Chitin + Calcium","Holoplanktonic","No","Ostracods (seed shrimp)"
"2404","Eukaryota","Arthropoda","Copepoda","Calanoida","Paracalanidae","Paracalanus","Paracalanus tropicus","Variable","Variable","Variable","Exoskeleton","Exoskeleton","Chitin + Calcium","Holoplanktonic","No","Copepods"
"2406","Eukaryota","Arthropoda","Copepoda","Calanoida","Clausocalanidae","Clausocalanus",NA,"Variable","Variable","Variable","Exoskeleton","Exoskeleton","Chitin + Calcium","Holoplanktonic","No","Copepods"
"2407","Eukaryota","Arthropoda","Copepoda","Calanoida","Pontellidae","Labidocera","Labidocera trispinosa","Variable","Variable","Variable","Exoskeleton","Exoskeleton","Chitin + Calcium","Holoplanktonic","No","Copepods"
"2408","Eukaryota","Arthropoda","Copepoda","Calanoida","Eucalanidae","Eucalanus","Eucalanus californicus","Variable","Variable","Variable","Exoskeleton","Exoskeleton","Chitin + Calcium","Holoplanktonic","No","Copepods"
"2409","Eukaryota","Chordata","Actinopteri","Myctophiformes","Myctophidae","Stenobrachius","Stenobrachius leucopsarus","No","No","No","None","None","None","Meroplanktonic","No","Lanternfishes"
"2410","Eukaryota","Arthropoda","Copepoda","Calanoida","Pontellidae","Labidocera","Labidocera trispinosa","Variable","Variable","Variable","Exoskeleton","Exoskeleton","Chitin + Calcium","Holoplanktonic","No","Copepods"
"2412","Eukaryota","Bryozoa","Gymnolaemata","Cheilostomatida","Membraniporidae","Membranipora","Membranipora villosa","Yes","Yes","Yes","External shell","External shell","Calcite","Meroplanktonic","No","Encrusting bryozoans"
"2413","Eukaryota","Arthropoda","Malacostraca","Decapoda","Callianassidae",NA,NA,"Variable","No","Variable","None","Exoskeleton","Calcite","Meroplanktonic","No","Crabs, lobsters, shrimp"
"2414","Eukaryota","Arthropoda","Malacostraca","Euphausiacea","Euphausiidae","Nyctiphanes","Nyctiphanes simplex","Variable","No","Variable","None","Exoskeleton","Chitin + Calcium","Holoplanktonic","No","Krill"
"2419","Eukaryota","Arthropoda","Copepoda","Calanoida","Temoridae","Temora","Temora discaudata","Variable","Variable","Variable","Exoskeleton","Exoskeleton","Chitin + Calcium","Holoplanktonic","No","Copepods"
"2421","Eukaryota","Arthropoda","Copepoda","Calanoida","Eucalanidae","Eucalanus","Eucalanus californicus","Variable","Variable","Variable","Exoskeleton","Exoskeleton","Chitin + Calcium","Holoplanktonic","No","Copepods"
"2422","Eukaryota","Arthropoda","Copepoda","Calanoida","Eucalanidae","Eucalanus","Eucalanus californicus","Variable","Variable","Variable","Exoskeleton","Exoskeleton","Chitin + Calcium","Holoplanktonic","No","Copepods"
"2425","Eukaryota","Echinodermata","Echinoidea","Temnopleuroida","Toxopneustidae","Lytechinus","Lytechinus pictus","Yes","Yes","Yes","Internal skeleton","Exoskeleton","Calcite","Meroplanktonic","No","Short-spined sea urchins"
"2427","Eukaryota","Arthropoda","Copepoda","Calanoida","Pontellidae","Labidocera","Labidocera trispinosa","Variable","Variable","Variable","Exoskeleton","Exoskeleton","Chitin + Calcium","Holoplanktonic","No","Copepods"
"2428","Eukaryota","Arthropoda","Ostracoda","Halocyprida","Halocyprididae","Discoconchoecia",NA,"Variable","No","Variable","None","Exoskeleton","Chitin + Calcium","Holoplanktonic","No","Ostracods (seed shrimp)"
"2429","Eukaryota","Arthropoda","Copepoda","Calanoida","Clausocalanidae","Clausocalanus","Clausocalanus arcuicornis","Variable","Variable","Variable","Exoskeleton","Exoskeleton","Chitin + Calcium","Holoplanktonic","No","Copepods"
"2430","Eukaryota","Arthropoda","Ostracoda","Halocyprida","Halocyprididae","Porroecia",NA,"Variable","No","Variable","None","Exoskeleton","Chitin + Calcium","Holoplanktonic","No","Ostracods (seed shrimp)"
"2431","Eukaryota","Arthropoda","Copepoda","Calanoida","Eucalanidae","Eucalanus","Eucalanus californicus","Variable","Variable","Variable","Exoskeleton","Exoskeleton","Chitin + Calcium","Holoplanktonic","No","Copepods"
"2434","Eukaryota","Arthropoda","Copepoda","Calanoida","Calanidae","Calanus","Calanus pacificus","Variable","Variable","Variable","Exoskeleton","Exoskeleton","Chitin + Calcium","Holoplanktonic","No","Copepods"
"2438","Eukaryota","Arthropoda","Copepoda","Calanoida","Eucalanidae","Eucalanus","Eucalanus californicus","Variable","Variable","Variable","Exoskeleton","Exoskeleton","Chitin + Calcium","Holoplanktonic","No","Copepods"
"2439","Eukaryota","Arthropoda","Copepoda","Calanoida","Pontellidae","Labidocera","Labidocera trispinosa","Variable","Variable","Variable","Exoskeleton","Exoskeleton","Chitin + Calcium","Holoplanktonic","No","Copepods"
"2440","Eukaryota","Arthropoda","Copepoda","Calanoida","Candaciidae","Candacia","Candacia bipinnata","Variable","Variable","Variable","Exoskeleton","Exoskeleton","Chitin + Calcium","Holoplanktonic","No","Copepods"
"2441","Eukaryota","Arthropoda","Copepoda","Calanoida","Calanidae","Calanus","Calanus pacificus","Variable","Variable","Variable","Exoskeleton","Exoskeleton","Chitin + Calcium","Holoplanktonic","No","Copepods"
"2442","Eukaryota","Arthropoda","Copepoda","Calanoida","Heterorhabdidae",NA,NA,"Variable","Variable","Variable","Exoskeleton","Exoskeleton","Chitin + Calcium","Holoplanktonic","No","Copepods"
"2443","Eukaryota","Echinodermata","Echinoidea","Camarodonta","Strongylocentrotidae","Allocentrotus","Allocentrotus fragilis","Yes","Yes","Yes","Internal skeleton","Exoskeleton","Calcite","Meroplanktonic","No","Sea urchins"
"2444","Eukaryota","Arthropoda","Copepoda","Calanoida","Pontellidae","Labidocera","Labidocera trispinosa","Variable","Variable","Variable","Exoskeleton","Exoskeleton","Chitin + Calcium","Holoplanktonic","No","Copepods"
"2445","Eukaryota","Arthropoda","Copepoda","Calanoida","Eucalanidae","Eucalanus","Eucalanus californicus","Variable","Variable","Variable","Exoskeleton","Exoskeleton","Chitin + Calcium","Holoplanktonic","No","Copepods"
"2446","Eukaryota","Arthropoda","Malacostraca","Euphausiacea","Euphausiidae","Nyctiphanes","Nyctiphanes simplex","Variable","No","Variable","None","Exoskeleton","Chitin + Calcium","Holoplanktonic","No","Krill"
"2447","Eukaryota","Arthropoda","Copepoda","Calanoida","Clausocalanidae","Clausocalanus","Clausocalanus jobei","Variable","Variable","Variable","Exoskeleton","Exoskeleton","Chitin + Calcium","Holoplanktonic","No","Copepods"
"2448","Eukaryota","Arthropoda","Copepoda","Poecilostomatoida","Oncaeidae","Oncaea","Oncaea sp.","Variable","Variable","Variable","Exoskeleton","Exoskeleton","Chitin + Calcium","Holoplanktonic","No","Parasitic or predatory copepods"
"2449","Eukaryota","Arthropoda","Copepoda","Calanoida","Eucalanidae","Eucalanus","Eucalanus californicus","Variable","Variable","Variable","Exoskeleton","Exoskeleton","Chitin + Calcium","Holoplanktonic","No","Copepods"
"2450","Eukaryota","Arthropoda","Copepoda","Calanoida","Calanidae","Calanus","Calanus pacificus","Variable","Variable","Variable","Exoskeleton","Exoskeleton","Chitin + Calcium","Holoplanktonic","No","Copepods"
"2451","Eukaryota","Arthropoda","Copepoda","Calanoida","Calanidae","Calanus","Calanus pacificus","Variable","Variable","Variable","Exoskeleton","Exoskeleton","Chitin + Calcium","Holoplanktonic","No","Copepods"
"2453","Eukaryota","Mollusca","Gastropoda","Pteropoda","Cliidae","Clio","Clio pyramidata","Yes","Yes","Yes","External shell","External shell","Aragonite","Holoplanktonic","No","Sea butterflies"
"2454","Eukaryota","Mollusca","Gastropoda","Pteropoda","Creseidae","Styliola","Styliola sp.","Yes","Yes","Yes","External shell","External shell","Aragonite","Holoplanktonic","No","Sea butterflies"
"2455","Eukaryota","Arthropoda","Copepoda","Calanoida","Eucalanidae","Eucalanus","Eucalanus californicus","Variable","Variable","Variable","Exoskeleton","Exoskeleton","Chitin + Calcium","Holoplanktonic","No","Copepods"
"2456","Eukaryota","Arthropoda","Copepoda","Calanoida","Eucalanidae","Eucalanus","Eucalanus californicus","Variable","Variable","Variable","Exoskeleton","Exoskeleton","Chitin + Calcium","Holoplanktonic","No","Copepods"
"2457","Eukaryota","Arthropoda","Copepoda","Calanoida","Eucalanidae","Eucalanus","Eucalanus californicus","Variable","Variable","Variable","Exoskeleton","Exoskeleton","Chitin + Calcium","Holoplanktonic","No","Copepods"
"2458","Eukaryota","Mollusca","Gastropoda","Littorinimorpha","Atlantidae","Atlanta","Atlanta sp. USNM IZ 1230636","Yes","Yes","Yes","External shell","External shell","Aragonite/Calcite","Meroplanktonic","No","Periwinkles and related snails"
"2459","Eukaryota","Arthropoda","Copepoda","Calanoida","Eucalanidae","Eucalanus","Eucalanus californicus","Variable","Variable","Variable","Exoskeleton","Exoskeleton","Chitin + Calcium","Holoplanktonic","No","Copepods"
"2461","Eukaryota","Arthropoda","Malacostraca","Amphipoda","Paraphronimidae","Paraphronima",NA,"Variable","Yes","Yes","Exoskeleton","Exoskeleton","Chitin + Calcium","Benthic + Holoplanktonic","No","Amphipods"
"2463","Eukaryota","Arthropoda","Ostracoda","Halocyprida","Halocyprididae","Paraconchoecia","Paraconchoecia oblonga","Variable","No","Variable","None","Exoskeleton","Chitin + Calcium","Holoplanktonic","No","Ostracods (seed shrimp)"
"2464","Eukaryota","Arthropoda","Copepoda","Calanoida","Lucicutiidae","Lucicutia","Lucicutia flavicornis","Variable","Variable","Variable","Exoskeleton","Exoskeleton","Chitin + Calcium","Holoplanktonic","No","Copepods"
"2465","Eukaryota","Arthropoda","Copepoda","Calanoida","Pontellidae","Labidocera","Labidocera trispinosa","Variable","Variable","Variable","Exoskeleton","Exoskeleton","Chitin + Calcium","Holoplanktonic","No","Copepods"
"2466","Eukaryota","Chordata","Actinopteri","Myctophiformes","Myctophidae","Nannobrachium","Nannobrachium ritteri","No","No","No","None","None","None","Meroplanktonic","No","Lanternfishes"
"2468","Eukaryota","Arthropoda","Copepoda","Calanoida","Eucalanidae","Eucalanus","Eucalanus californicus","Variable","Variable","Variable","Exoskeleton","Exoskeleton","Chitin + Calcium","Holoplanktonic","No","Copepods"
"2469","Eukaryota","Arthropoda","Copepoda","Calanoida","Eucalanidae","Eucalanus","Eucalanus californicus","Variable","Variable","Variable","Exoskeleton","Exoskeleton","Chitin + Calcium","Holoplanktonic","No","Copepods"
"2470","Eukaryota","Arthropoda","Copepoda","Calanoida","Eucalanidae","Eucalanus","Eucalanus californicus","Variable","Variable","Variable","Exoskeleton","Exoskeleton","Chitin + Calcium","Holoplanktonic","No","Copepods"
"2471","Eukaryota","Arthropoda","Copepoda","Calanoida","Eucalanidae","Eucalanus","Eucalanus californicus","Variable","Variable","Variable","Exoskeleton","Exoskeleton","Chitin + Calcium","Holoplanktonic","No","Copepods"
"2472","Eukaryota","Arthropoda","Copepoda","Calanoida","Eucalanidae","Eucalanus","Eucalanus californicus","Variable","Variable","Variable","Exoskeleton","Exoskeleton","Chitin + Calcium","Holoplanktonic","No","Copepods"
"2474","Eukaryota","Arthropoda","Copepoda","Calanoida","Pontellidae",NA,NA,"Variable","Variable","Variable","Exoskeleton","Exoskeleton","Chitin + Calcium","Holoplanktonic","No","Copepods"
"2476","Eukaryota","Arthropoda","Copepoda","Calanoida","Pontellidae","Labidocera","Labidocera trispinosa","Variable","Variable","Variable","Exoskeleton","Exoskeleton","Chitin + Calcium","Holoplanktonic","No","Copepods"
"2477","Eukaryota","Arthropoda","Copepoda","Calanoida","Calanidae","Calanus","Calanus pacificus","Variable","Variable","Variable","Exoskeleton","Exoskeleton","Chitin + Calcium","Holoplanktonic","No","Copepods"
"2478","Eukaryota","Mollusca","Gastropoda","Nudibranchia","Glaucidae","Hermissenda","Hermissenda opalescens","Variable","Variable","No","External shell","None","Aragonite","Meroplanktonic","No","Shell-less sea slugs"
"2479","Eukaryota","Mollusca","Gastropoda","Nudibranchia","Glaucidae","Hermissenda","Hermissenda opalescens","Variable","Variable","No","External shell","None","Aragonite","Meroplanktonic","No","Shell-less sea slugs"
"2480","Eukaryota","Arthropoda","Copepoda","Calanoida","Calanidae","Calanus","Calanus pacificus","Variable","Variable","Variable","Exoskeleton","Exoskeleton","Chitin + Calcium","Holoplanktonic","No","Copepods"
"2481","Eukaryota","Cnidaria","Hydrozoa","Siphonophorae","Diphyidae","Chelophyes","Chelophyes appendiculata","No","No","No","None","None","None","Holoplanktonic","No","Colonial hydrozoans (e.g., Portuguese man o' war)"
"2482","Eukaryota","Arthropoda","Copepoda","Calanoida","Mecynoceridae","Mecynocera","Mecynocera clausi","Variable","Variable","Variable","Exoskeleton","Exoskeleton","Chitin + Calcium","Holoplanktonic","No","Copepods"
"2483","Eukaryota","Arthropoda","Copepoda","Poecilostomatoida","Oncaeidae","Oncaea","Oncaea sp.","Variable","Variable","Variable","Exoskeleton","Exoskeleton","Chitin + Calcium","Holoplanktonic","No","Parasitic or predatory copepods"
"2486","Eukaryota","Arthropoda","Copepoda","Calanoida","Eucalanidae","Eucalanus","Eucalanus californicus","Variable","Variable","Variable","Exoskeleton","Exoskeleton","Chitin + Calcium","Holoplanktonic","No","Copepods"
"2488","Eukaryota","Echinodermata","Ophiuroidea","Amphilepidida","Amphiuridae","Amphipholis","Amphipholis pugetana","Yes","Yes","Yes","Internal skeleton","Internal skeleton","Calcite","Meroplanktonic","No","Brittle stars"
"2489","Eukaryota","Arthropoda","Copepoda","Calanoida","Pontellidae","Labidocera","Labidocera trispinosa","Variable","Variable","Variable","Exoskeleton","Exoskeleton","Chitin + Calcium","Holoplanktonic","No","Copepods"
"2490","Eukaryota","Arthropoda","Copepoda","Calanoida","Pontellidae","Labidocera","Labidocera trispinosa","Variable","Variable","Variable","Exoskeleton","Exoskeleton","Chitin + Calcium","Holoplanktonic","No","Copepods"
"2491","Eukaryota","Arthropoda","Copepoda","Calanoida","Eucalanidae","Eucalanus","Eucalanus californicus","Variable","Variable","Variable","Exoskeleton","Exoskeleton","Chitin + Calcium","Holoplanktonic","No","Copepods"
"2493","Eukaryota","Mollusca","Gastropoda","Nudibranchia","Glaucidae","Hermissenda","Hermissenda opalescens","Variable","Variable","No","External shell","None","Aragonite","Meroplanktonic","No","Shell-less sea slugs"
"2494","Eukaryota","Bryozoa","Gymnolaemata","Cheilostomatida","Membraniporidae","Membranipora",NA,"Yes","Yes","Yes","External shell","External shell","Calcite","Meroplanktonic","No","Encrusting bryozoans"
"2497","Eukaryota","Chordata","Actinopteri","Myctophiformes","Myctophidae","Diogenichthys","Diogenichthys laternatus","No","No","No","None","None","None","Meroplanktonic","No","Lanternfishes"
"2499","Eukaryota","Arthropoda","Copepoda","Poecilostomatoida","Oncaeidae","Oncaea","Oncaea sp.","Variable","Variable","Variable","Exoskeleton","Exoskeleton","Chitin + Calcium","Holoplanktonic","No","Parasitic or predatory copepods"
"2500","Eukaryota","Arthropoda","Copepoda","Poecilostomatoida","Oncaeidae","Oncaea","Oncaea sp.","Variable","Variable","Variable","Exoskeleton","Exoskeleton","Chitin + Calcium","Holoplanktonic","No","Parasitic or predatory copepods"
"2501","Eukaryota","Mollusca","Gastropoda","Nudibranchia","Glaucidae","Hermissenda","Hermissenda opalescens","Variable","Variable","No","External shell","None","Aragonite","Meroplanktonic","No","Shell-less sea slugs"
"2504","Eukaryota","Arthropoda","Copepoda","Calanoida","Clausocalanidae","Clausocalanus","Clausocalanus jobei","Variable","Variable","Variable","Exoskeleton","Exoskeleton","Chitin + Calcium","Holoplanktonic","No","Copepods"
"2505","Eukaryota","Arthropoda","Malacostraca","Euphausiacea","Euphausiidae","Euphausia","Euphausia pacifica","Variable","No","Variable","None","Exoskeleton","Chitin + Calcium","Holoplanktonic","No","Krill"
"2506","Eukaryota","Arthropoda","Copepoda","Calanoida","Mecynoceridae","Mecynocera","Mecynocera clausi","Variable","Variable","Variable","Exoskeleton","Exoskeleton","Chitin + Calcium","Holoplanktonic","No","Copepods"
"2507","Eukaryota","Arthropoda","Ostracoda","Halocyprida","Halocyprididae","Discoconchoecia",NA,"Variable","No","Variable","None","Exoskeleton","Chitin + Calcium","Holoplanktonic","No","Ostracods (seed shrimp)"
"2508","Eukaryota","Arthropoda","Malacostraca","Amphipoda","Scinidae",NA,NA,"Variable","Yes","Yes","Exoskeleton","Exoskeleton","Chitin + Calcium","Benthic + Holoplanktonic","No","Amphipods"
"2509","Eukaryota","Arthropoda","Copepoda","Calanoida","Eucalanidae","Eucalanus","Eucalanus californicus","Variable","Variable","Variable","Exoskeleton","Exoskeleton","Chitin + Calcium","Holoplanktonic","No","Copepods"
"2511","Eukaryota","Arthropoda","Malacostraca","Euphausiacea","Euphausiidae","Nyctiphanes","Nyctiphanes simplex","Variable","No","Variable","None","Exoskeleton","Chitin + Calcium","Holoplanktonic","No","Krill"
"2512","Eukaryota","Arthropoda","Copepoda","Calanoida","Eucalanidae","Eucalanus","Eucalanus californicus","Variable","Variable","Variable","Exoskeleton","Exoskeleton","Chitin + Calcium","Holoplanktonic","No","Copepods"
"2514","Eukaryota","Bryozoa","Gymnolaemata","Cheilostomatida","Membraniporidae","Membranipora","Membranipora villosa","Yes","Yes","Yes","External shell","External shell","Calcite","Meroplanktonic","No","Encrusting bryozoans"
"2516","Eukaryota","Arthropoda","Copepoda","Calanoida","Scolecitrichidae","Scolecithricella","Scolecithricella dentata","Variable","Variable","Variable","Exoskeleton","Exoskeleton","Chitin + Calcium","Holoplanktonic","No","Copepods"
"2518","Eukaryota","Arthropoda","Copepoda","Calanoida","Calanidae","Calanus","Calanus pacificus","Variable","Variable","Variable","Exoskeleton","Exoskeleton","Chitin + Calcium","Holoplanktonic","No","Copepods"
"2519","Eukaryota","Arthropoda","Copepoda","Calanoida","Calanidae","Calanus","Calanus pacificus","Variable","Variable","Variable","Exoskeleton","Exoskeleton","Chitin + Calcium","Holoplanktonic","No","Copepods"
"2522","Eukaryota","Arthropoda","Ostracoda","Halocyprida","Halocyprididae","Paraconchoecia","Paraconchoecia allotherium","Variable","No","Variable","None","Exoskeleton","Chitin + Calcium","Holoplanktonic","No","Ostracods (seed shrimp)"
"2523","Eukaryota","Mollusca","Gastropoda","Nudibranchia","Glaucidae","Hermissenda","Hermissenda opalescens","Variable","Variable","No","External shell","None","Aragonite","Meroplanktonic","No","Shell-less sea slugs"
"2525","Eukaryota","Arthropoda","Copepoda","Calanoida","Pontellidae","Labidocera","Labidocera trispinosa","Variable","Variable","Variable","Exoskeleton","Exoskeleton","Chitin + Calcium","Holoplanktonic","No","Copepods"
"2526","Eukaryota","Nemertea","Palaeonemertea","Tubulaniformes","Tubulanidae",NA,NA,"No","No","No","None","None","None","Benthic + Meroplanktonic","No","Unsegmented ribbon worms (nemerteans)"
"2528","Eukaryota","Mollusca","Gastropoda","Pteropoda","Creseidae","Creseis","Creseis conica","Yes","Yes","Yes","External shell","External shell","Aragonite","Holoplanktonic","No","Sea butterflies"
"2531","Eukaryota","Arthropoda","Copepoda","Calanoida","Clausocalanidae","Clausocalanus","Clausocalanus parapergens","Variable","Variable","Variable","Exoskeleton","Exoskeleton","Chitin + Calcium","Holoplanktonic","No","Copepods"
"2532","Eukaryota","Arthropoda","Copepoda","Calanoida","Aetideidae",NA,NA,"Variable","Variable","Variable","Exoskeleton","Exoskeleton","Chitin + Calcium","Holoplanktonic","No","Copepods"
"2533","Eukaryota","Arthropoda","Copepoda","Calanoida","Eucalanidae","Eucalanus","Eucalanus californicus","Variable","Variable","Variable","Exoskeleton","Exoskeleton","Chitin + Calcium","Holoplanktonic","No","Copepods"
"2535","Eukaryota","Echinodermata","Echinoidea","Camarodonta","Strongylocentrotidae","Allocentrotus","Allocentrotus fragilis","Yes","Yes","Yes","Internal skeleton","Exoskeleton","Calcite","Meroplanktonic","No","Sea urchins"
"2539","Eukaryota","Arthropoda","Copepoda","Calanoida","Eucalanidae","Eucalanus","Eucalanus californicus","Variable","Variable","Variable","Exoskeleton","Exoskeleton","Chitin + Calcium","Holoplanktonic","No","Copepods"
"2540","Eukaryota","Arthropoda","Copepoda","Calanoida","Eucalanidae","Eucalanus","Eucalanus californicus","Variable","Variable","Variable","Exoskeleton","Exoskeleton","Chitin + Calcium","Holoplanktonic","No","Copepods"
"2541","Eukaryota","Arthropoda","Malacostraca","Decapoda","Sergestidae","Eusergestes","Eusergestes similis","Variable","No","Variable","None","Exoskeleton","Calcite","Meroplanktonic","No","Crabs, lobsters, shrimp"
"2542","Eukaryota","Arthropoda","Copepoda","Calanoida","Eucalanidae","Eucalanus","Eucalanus californicus","Variable","Variable","Variable","Exoskeleton","Exoskeleton","Chitin + Calcium","Holoplanktonic","No","Copepods"
"2543","Eukaryota","Echinodermata","Echinoidea","Temnopleuroida","Toxopneustidae","Lytechinus","Lytechinus pictus","Yes","Yes","Yes","Internal skeleton","Exoskeleton","Calcite","Meroplanktonic","No","Short-spined sea urchins"
"2544","Eukaryota","Arthropoda","Copepoda","Calanoida","Pontellidae","Labidocera","Labidocera trispinosa","Variable","Variable","Variable","Exoskeleton","Exoskeleton","Chitin + Calcium","Holoplanktonic","No","Copepods"
"2545","Eukaryota","Arthropoda","Copepoda","Calanoida","Eucalanidae","Eucalanus","Eucalanus californicus","Variable","Variable","Variable","Exoskeleton","Exoskeleton","Chitin + Calcium","Holoplanktonic","No","Copepods"
"2546","Eukaryota","Arthropoda","Copepoda","Calanoida","Pontellidae","Labidocera","Labidocera trispinosa","Variable","Variable","Variable","Exoskeleton","Exoskeleton","Chitin + Calcium","Holoplanktonic","No","Copepods"
"2547","Eukaryota","Arthropoda","Copepoda","Calanoida","Eucalanidae","Eucalanus","Eucalanus californicus","Variable","Variable","Variable","Exoskeleton","Exoskeleton","Chitin + Calcium","Holoplanktonic","No","Copepods"
"2549","Eukaryota","Arthropoda","Copepoda","Calanoida","Eucalanidae","Eucalanus","Eucalanus californicus","Variable","Variable","Variable","Exoskeleton","Exoskeleton","Chitin + Calcium","Holoplanktonic","No","Copepods"
"2550","Eukaryota","Arthropoda","Ostracoda","Halocyprida","Halocyprididae","Discoconchoecia",NA,"Variable","No","Variable","None","Exoskeleton","Chitin + Calcium","Holoplanktonic","No","Ostracods (seed shrimp)"
"2551","Eukaryota","Arthropoda","Copepoda","Calanoida","Calanidae","Calanus","Calanus pacificus","Variable","Variable","Variable","Exoskeleton","Exoskeleton","Chitin + Calcium","Holoplanktonic","No","Copepods"
"2552","Eukaryota","Arthropoda","Copepoda","Calanoida","Candaciidae","Candacia","Candacia curta","Variable","Variable","Variable","Exoskeleton","Exoskeleton","Chitin + Calcium","Holoplanktonic","No","Copepods"
"2553","Eukaryota","Arthropoda","Copepoda","Calanoida","Clausocalanidae",NA,NA,"Variable","Variable","Variable","Exoskeleton","Exoskeleton","Chitin + Calcium","Holoplanktonic","No","Copepods"
"2554","Eukaryota","Arthropoda","Copepoda","Calanoida","Paracalanidae",NA,NA,"Variable","Variable","Variable","Exoskeleton","Exoskeleton","Chitin + Calcium","Holoplanktonic","No","Copepods"
"2555","Eukaryota","Arthropoda","Copepoda","Calanoida","Eucalanidae","Eucalanus","Eucalanus californicus","Variable","Variable","Variable","Exoskeleton","Exoskeleton","Chitin + Calcium","Holoplanktonic","No","Copepods"
"2556","Eukaryota","Arthropoda","Copepoda","Calanoida","Eucalanidae","Eucalanus","Eucalanus californicus","Variable","Variable","Variable","Exoskeleton","Exoskeleton","Chitin + Calcium","Holoplanktonic","No","Copepods"
"2557","Eukaryota","Arthropoda","Copepoda","Calanoida","Eucalanidae","Eucalanus","Eucalanus californicus","Variable","Variable","Variable","Exoskeleton","Exoskeleton","Chitin + Calcium","Holoplanktonic","No","Copepods"
"2558","Eukaryota","Arthropoda","Copepoda","Calanoida","Eucalanidae","Eucalanus","Eucalanus californicus","Variable","Variable","Variable","Exoskeleton","Exoskeleton","Chitin + Calcium","Holoplanktonic","No","Copepods"
"2559","Eukaryota","Arthropoda","Copepoda","Calanoida","Mecynoceridae","Mecynocera","Mecynocera clausi","Variable","Variable","Variable","Exoskeleton","Exoskeleton","Chitin + Calcium","Holoplanktonic","No","Copepods"
"2560","Eukaryota","Arthropoda","Copepoda","Calanoida","Eucalanidae","Eucalanus","Eucalanus californicus","Variable","Variable","Variable","Exoskeleton","Exoskeleton","Chitin + Calcium","Holoplanktonic","No","Copepods"
"2562","Eukaryota","Arthropoda","Malacostraca","Decapoda","Hippolytidae","Lysmata",NA,"Variable","No","Variable","None","Exoskeleton","Calcite","Meroplanktonic","No","Crabs, lobsters, shrimp"
"2564","Eukaryota","Arthropoda","Ostracoda","Halocyprida","Halocyprididae","Discoconchoecia",NA,"Variable","No","Variable","None","Exoskeleton","Chitin + Calcium","Holoplanktonic","No","Ostracods (seed shrimp)"
"2565","Eukaryota","Arthropoda","Copepoda","Calanoida","Pontellidae","Labidocera","Labidocera trispinosa","Variable","Variable","Variable","Exoskeleton","Exoskeleton","Chitin + Calcium","Holoplanktonic","No","Copepods"
"2569","Eukaryota","Arthropoda","Copepoda","Calanoida","Eucalanidae","Eucalanus","Eucalanus californicus","Variable","Variable","Variable","Exoskeleton","Exoskeleton","Chitin + Calcium","Holoplanktonic","No","Copepods"
"2570","Eukaryota","Arthropoda","Copepoda","Calanoida","Pontellidae","Labidocera","Labidocera trispinosa","Variable","Variable","Variable","Exoskeleton","Exoskeleton","Chitin + Calcium","Holoplanktonic","No","Copepods"
"2571","Eukaryota","Arthropoda","Copepoda","Calanoida","Pontellidae","Labidocera","Labidocera trispinosa","Variable","Variable","Variable","Exoskeleton","Exoskeleton","Chitin + Calcium","Holoplanktonic","No","Copepods"
"2574","Eukaryota","Arthropoda","Copepoda","Calanoida","Acartiidae","Acartia","Acartia californiensis","Variable","Variable","Variable","Exoskeleton","Exoskeleton","Chitin + Calcium","Holoplanktonic","No","Copepods"
"2577","Eukaryota","Arthropoda","Copepoda","Calanoida","Clausocalanidae","Clausocalanus","Clausocalanus jobei","Variable","Variable","Variable","Exoskeleton","Exoskeleton","Chitin + Calcium","Holoplanktonic","No","Copepods"
"2579","Eukaryota","Arthropoda","Copepoda","Calanoida","Eucalanidae","Eucalanus","Eucalanus californicus","Variable","Variable","Variable","Exoskeleton","Exoskeleton","Chitin + Calcium","Holoplanktonic","No","Copepods"
"2585","Eukaryota","Arthropoda","Copepoda","Calanoida","Paracalanidae","Paracalanus","Paracalanus tropicus","Variable","Variable","Variable","Exoskeleton","Exoskeleton","Chitin + Calcium","Holoplanktonic","No","Copepods"
"2588","Eukaryota","Arthropoda","Ostracoda","Halocyprida","Halocyprididae","Proceroecia","Proceroecia procera","Variable","No","Variable","None","Exoskeleton","Chitin + Calcium","Holoplanktonic","No","Ostracods (seed shrimp)"
"2589","Eukaryota","Arthropoda","Copepoda","Calanoida","Calanidae","Calanus","Calanus pacificus","Variable","Variable","Variable","Exoskeleton","Exoskeleton","Chitin + Calcium","Holoplanktonic","No","Copepods"
"2592","Eukaryota","Arthropoda","Copepoda","Calanoida","Clausocalanidae","Clausocalanus","Clausocalanus jobei","Variable","Variable","Variable","Exoskeleton","Exoskeleton","Chitin + Calcium","Holoplanktonic","No","Copepods"
"2593","Eukaryota","Chordata","Actinopteri","Sciaenidae","Sciaenidae","Genyonemus","Genyonemus lineatus","No","No","No","None","None","None","Meroplanktonic","No","Drums and croakers (marine fish)"
"2597","Eukaryota","Cnidaria","Hydrozoa","Siphonophorae","Apolemiidae","Apolemia","Apolemia sp.","No","No","No","None","None","None","Holoplanktonic","No","Colonial hydrozoans (e.g., Portuguese man o' war)"
"2599","Eukaryota","Bryozoa","Gymnolaemata","Cheilostomatida","Membraniporidae","Membranipora","Membranipora villosa","Yes","Yes","Yes","External shell","External shell","Calcite","Meroplanktonic","No","Encrusting bryozoans"
"2600","Eukaryota","Arthropoda","Malacostraca","Euphausiacea","Euphausiidae","Nyctiphanes","Nyctiphanes simplex","Variable","No","Variable","None","Exoskeleton","Chitin + Calcium","Holoplanktonic","No","Krill"
"2601","Eukaryota","Arthropoda","Copepoda","Calanoida","Calanidae","Calanus","Calanus pacificus","Variable","Variable","Variable","Exoskeleton","Exoskeleton","Chitin + Calcium","Holoplanktonic","No","Copepods"
"2602","Eukaryota","Arthropoda","Copepoda","Calanoida","Pontellidae","Labidocera","Labidocera trispinosa","Variable","Variable","Variable","Exoskeleton","Exoskeleton","Chitin + Calcium","Holoplanktonic","No","Copepods"
"2603","Eukaryota","Arthropoda","Copepoda","Calanoida","Pontellidae","Labidocera","Labidocera trispinosa","Variable","Variable","Variable","Exoskeleton","Exoskeleton","Chitin + Calcium","Holoplanktonic","No","Copepods"
"2604","Eukaryota","Arthropoda","Copepoda","Calanoida","Clausocalanidae","Clausocalanus","Clausocalanus parapergens","Variable","Variable","Variable","Exoskeleton","Exoskeleton","Chitin + Calcium","Holoplanktonic","No","Copepods"
"2605","Eukaryota","Arthropoda","Copepoda","Calanoida","Clausocalanidae","Clausocalanus","Clausocalanus jobei","Variable","Variable","Variable","Exoskeleton","Exoskeleton","Chitin + Calcium","Holoplanktonic","No","Copepods"
"2607","Eukaryota","Arthropoda","Copepoda","Calanoida","Calanidae","Calanus","Calanus pacificus","Variable","Variable","Variable","Exoskeleton","Exoskeleton","Chitin + Calcium","Holoplanktonic","No","Copepods"
"2610","Eukaryota","Arthropoda","Malacostraca","Decapoda","Cancridae","Romaleon","Romaleon antennarium","Variable","No","Variable","None","Exoskeleton","Calcite","Meroplanktonic","No","Crabs, lobsters, shrimp"
"2611","Eukaryota","Arthropoda","Copepoda","Poecilostomatoida","Oncaeidae","Oncaea","Oncaea sp.","Variable","Variable","Variable","Exoskeleton","Exoskeleton","Chitin + Calcium","Holoplanktonic","No","Parasitic or predatory copepods"
"2612","Eukaryota","Arthropoda","Copepoda","Poecilostomatoida","Corycaeidae","Farranula",NA,"Variable","Variable","Variable","Exoskeleton","Exoskeleton","Chitin + Calcium","Holoplanktonic","No","Parasitic or predatory copepods"
"2614","Eukaryota","Mollusca","Gastropoda","Pteropoda","Creseidae",NA,NA,"Yes","Yes","Yes","External shell","External shell","Aragonite","Holoplanktonic","No","Sea butterflies"
"2615","Eukaryota","Arthropoda","Copepoda","Calanoida","Eucalanidae","Eucalanus","Eucalanus californicus","Variable","Variable","Variable","Exoskeleton","Exoskeleton","Chitin + Calcium","Holoplanktonic","No","Copepods"
"2616","Eukaryota","Arthropoda","Copepoda","Calanoida","Clausocalanidae","Clausocalanus","Clausocalanus arcuicornis","Variable","Variable","Variable","Exoskeleton","Exoskeleton","Chitin + Calcium","Holoplanktonic","No","Copepods"
"2618","Eukaryota","Arthropoda","Copepoda","Calanoida","Eucalanidae","Eucalanus","Eucalanus californicus","Variable","Variable","Variable","Exoskeleton","Exoskeleton","Chitin + Calcium","Holoplanktonic","No","Copepods"
"2620","Eukaryota","Arthropoda","Thecostraca","Balanomorpha","Balanidae","Balanus","Balanus trigonus","Yes","Yes","Yes","External shell","External shell","Calcite","Meroplanktonic","No","Barnacles"
"2622","Eukaryota","Arthropoda","Copepoda","Calanoida","Eucalanidae","Eucalanus","Eucalanus californicus","Variable","Variable","Variable","Exoskeleton","Exoskeleton","Chitin + Calcium","Holoplanktonic","No","Copepods"
"2623","Eukaryota","Echinodermata","Ophiuroidea","Amphilepidida","Ophiotrichidae","Ophiothrix","Ophiothrix spiculata","Yes","Yes","Yes","Internal skeleton","Internal skeleton","Calcite","Meroplanktonic","No","Brittle stars"
"2624","Eukaryota","Arthropoda","Copepoda","Calanoida","Eucalanidae","Eucalanus","Eucalanus californicus","Variable","Variable","Variable","Exoskeleton","Exoskeleton","Chitin + Calcium","Holoplanktonic","No","Copepods"
"2625","Eukaryota","Arthropoda","Copepoda","Calanoida","Eucalanidae","Eucalanus","Eucalanus californicus","Variable","Variable","Variable","Exoskeleton","Exoskeleton","Chitin + Calcium","Holoplanktonic","No","Copepods"
"2626","Eukaryota","Arthropoda","Copepoda","Calanoida","Lucicutiidae","Lucicutia","Lucicutia flavicornis","Variable","Variable","Variable","Exoskeleton","Exoskeleton","Chitin + Calcium","Holoplanktonic","No","Copepods"
"2629","Eukaryota","Arthropoda","Copepoda","Calanoida","Pontellidae","Labidocera","Labidocera trispinosa","Variable","Variable","Variable","Exoskeleton","Exoskeleton","Chitin + Calcium","Holoplanktonic","No","Copepods"
"2630","Eukaryota","Arthropoda","Copepoda","Poecilostomatoida","Oncaeidae","Oncaea","Oncaea sp.","Variable","Variable","Variable","Exoskeleton","Exoskeleton","Chitin + Calcium","Holoplanktonic","No","Parasitic or predatory copepods"
"2635","Eukaryota","Bryozoa","Gymnolaemata","Cheilostomatida","Membraniporidae","Membranipora","Membranipora villosa","Yes","Yes","Yes","External shell","External shell","Calcite","Meroplanktonic","No","Encrusting bryozoans"
"2636","Eukaryota","Mollusca","Gastropoda","Nudibranchia","Glaucidae","Hermissenda","Hermissenda opalescens","Variable","Variable","No","External shell","None","Aragonite","Meroplanktonic","No","Shell-less sea slugs"
"2638","Eukaryota","Arthropoda","Malacostraca","Euphausiacea","Euphausiidae","Nyctiphanes","Nyctiphanes simplex","Variable","No","Variable","None","Exoskeleton","Chitin + Calcium","Holoplanktonic","No","Krill"
"2640","Eukaryota","Arthropoda","Copepoda","Calanoida","Eucalanidae","Eucalanus","Eucalanus californicus","Variable","Variable","Variable","Exoskeleton","Exoskeleton","Chitin + Calcium","Holoplanktonic","No","Copepods"
"2642","Eukaryota","Annelida","Polychaeta","Chaetopteridae","Chaetopteridae","Phyllochaetopterus","Phyllochaetopterus sp. 5 JM_2017","No","No","No","None","None","None","Benthic + Meroplanktonic","No","Tube-dwelling marine polychaetes"
"2643","Eukaryota","Arthropoda","Copepoda","Calanoida","Eucalanidae","Eucalanus","Eucalanus californicus","Variable","Variable","Variable","Exoskeleton","Exoskeleton","Chitin + Calcium","Holoplanktonic","No","Copepods"
"2644","Eukaryota","Mollusca","Gastropoda","Nudibranchia","Glaucidae","Hermissenda","Hermissenda opalescens","Variable","Variable","No","External shell","None","Aragonite","Meroplanktonic","No","Shell-less sea slugs"
"2645","Eukaryota","Arthropoda","Copepoda","Calanoida","Acartiidae","Acartia","Acartia tonsa","Variable","Variable","Variable","Exoskeleton","Exoskeleton","Chitin + Calcium","Holoplanktonic","No","Copepods"
"2646","Eukaryota","Echinodermata","Ophiuroidea","Amphilepidida","Amphiuridae",NA,NA,"Yes","Yes","Yes","Internal skeleton","Internal skeleton","Calcite","Meroplanktonic","No","Brittle stars"
"2648","Eukaryota","Mollusca","Gastropoda","Nudibranchia","Triopha","Triopha","Triopha maculata","Variable","Variable","No","External shell","None","Aragonite","Meroplanktonic","No","Shell-less sea slugs"
"2653","Eukaryota","Arthropoda","Copepoda","Calanoida","Metridinidae","Pleuromamma","Pleuromamma abdominalis","Variable","Variable","Variable","Exoskeleton","Exoskeleton","Chitin + Calcium","Holoplanktonic","No","Copepods"
"2656","Eukaryota","Arthropoda","Copepoda","Calanoida","Pontellidae","Labidocera","Labidocera trispinosa","Variable","Variable","Variable","Exoskeleton","Exoskeleton","Chitin + Calcium","Holoplanktonic","No","Copepods"
"2658","Eukaryota","Arthropoda","Malacostraca","Euphausiacea","Euphausiidae","Hansarsia","Hansarsia difficilis","Variable","No","Variable","None","Exoskeleton","Chitin + Calcium","Holoplanktonic","No","Krill"
"2659","Eukaryota","Arthropoda","Copepoda","Calanoida","Eucalanidae","Eucalanus","Eucalanus californicus","Variable","Variable","Variable","Exoskeleton","Exoskeleton","Chitin + Calcium","Holoplanktonic","No","Copepods"
"2661","Eukaryota","Arthropoda","Copepoda","Calanoida","Pontellidae","Labidocera","Labidocera trispinosa","Variable","Variable","Variable","Exoskeleton","Exoskeleton","Chitin + Calcium","Holoplanktonic","No","Copepods"
"2662","Eukaryota","Arthropoda","Copepoda","Calanoida","Eucalanidae","Eucalanus","Eucalanus californicus","Variable","Variable","Variable","Exoskeleton","Exoskeleton","Chitin + Calcium","Holoplanktonic","No","Copepods"
"2663","Eukaryota","Chordata","Actinopteri","Myctophiformes","Myctophidae","Triphoturus","Triphoturus mexicanus","No","No","No","None","None","None","Meroplanktonic","No","Lanternfishes"
"2664","Eukaryota","Arthropoda","Copepoda","Calanoida","Calanidae","Calanus","Calanus pacificus","Variable","Variable","Variable","Exoskeleton","Exoskeleton","Chitin + Calcium","Holoplanktonic","No","Copepods"
"2665","Eukaryota","Arthropoda","Malacostraca","Euphausiacea","Euphausiidae","Euphausia","Euphausia pacifica","Variable","No","Variable","None","Exoskeleton","Chitin + Calcium","Holoplanktonic","No","Krill"
"2666","Eukaryota","Bryozoa","Gymnolaemata","Cheilostomatida","Membraniporidae","Membranipora","Membranipora villosa","Yes","Yes","Yes","External shell","External shell","Calcite","Meroplanktonic","No","Encrusting bryozoans"
"2668","Eukaryota","Bryozoa","Gymnolaemata","Cheilostomatida","Membraniporidae","Membranipora","Membranipora villosa","Yes","Yes","Yes","External shell","External shell","Calcite","Meroplanktonic","No","Encrusting bryozoans"
"2669","Eukaryota","Echinodermata","Ophiuroidea","Amphilepidida","Ophiuridae","Ophiura","Ophiura luetkenii","Yes","Yes","Yes","Internal skeleton","Internal skeleton","Calcite","Meroplanktonic","No","Brittle stars"
"2671","Eukaryota","Arthropoda","Copepoda","Calanoida","Clausocalanidae",NA,NA,"Variable","Variable","Variable","Exoskeleton","Exoskeleton","Chitin + Calcium","Holoplanktonic","No","Copepods"
"2672","Eukaryota","Echinodermata","Ophiuroidea","Amphilepidida","Ophiocomidae","Ophiopteris","Ophiopteris papillosa","Yes","Yes","Yes","Internal skeleton","Internal skeleton","Calcite","Meroplanktonic","No","Brittle stars"
"2674","Eukaryota","Bryozoa","Gymnolaemata","Cheilostomatida","Membraniporidae","Membranipora","Membranipora villosa","Yes","Yes","Yes","External shell","External shell","Calcite","Meroplanktonic","No","Encrusting bryozoans"
"2675","Eukaryota","Arthropoda","Copepoda","Calanoida","Euchaetidae","Paraeuchaeta","Paraeuchaeta media","Variable","Variable","Variable","Exoskeleton","Exoskeleton","Chitin + Calcium","Holoplanktonic","No","Copepods"
"2678","Eukaryota","Arthropoda","Copepoda","Calanoida","Eucalanidae","Eucalanus","Eucalanus californicus","Variable","Variable","Variable","Exoskeleton","Exoskeleton","Chitin + Calcium","Holoplanktonic","No","Copepods"
"2679","Eukaryota","Arthropoda","Copepoda","Calanoida","Pontellidae","Labidocera","Labidocera trispinosa","Variable","Variable","Variable","Exoskeleton","Exoskeleton","Chitin + Calcium","Holoplanktonic","No","Copepods"
"2680","Eukaryota","Arthropoda","Copepoda","Calanoida","Eucalanidae","Eucalanus","Eucalanus californicus","Variable","Variable","Variable","Exoskeleton","Exoskeleton","Chitin + Calcium","Holoplanktonic","No","Copepods"
"2681","Eukaryota","Arthropoda","Copepoda","Calanoida","Calanidae","Calanus","Calanus pacificus","Variable","Variable","Variable","Exoskeleton","Exoskeleton","Chitin + Calcium","Holoplanktonic","No","Copepods"
"2683","Eukaryota","Arthropoda","Copepoda","Calanoida","Eucalanidae","Eucalanus","Eucalanus californicus","Variable","Variable","Variable","Exoskeleton","Exoskeleton","Chitin + Calcium","Holoplanktonic","No","Copepods"
"2684","Eukaryota","Arthropoda","Malacostraca","Euphausiacea","Euphausiidae","Stylocheiron",NA,"Variable","No","Variable","None","Exoskeleton","Chitin + Calcium","Holoplanktonic","No","Krill"
"2687","Eukaryota","Arthropoda","Malacostraca","Decapoda","Blepharipodidae",NA,NA,"Variable","No","Variable","None","Exoskeleton","Calcite","Meroplanktonic","No","Crabs, lobsters, shrimp"
"2688","Eukaryota","Arthropoda","Malacostraca","Decapoda","Grapsidae","Pachygrapsus","Pachygrapsus crassipes","Variable","No","Variable","None","Exoskeleton","Calcite","Meroplanktonic","No","Crabs, lobsters, shrimp"
"2691","Eukaryota","Arthropoda","Copepoda","Calanoida","Pontellidae","Labidocera","Labidocera trispinosa","Variable","Variable","Variable","Exoskeleton","Exoskeleton","Chitin + Calcium","Holoplanktonic","No","Copepods"
"2692","Eukaryota","Arthropoda","Copepoda","Calanoida","Calanidae","Calanus","Calanus pacificus","Variable","Variable","Variable","Exoskeleton","Exoskeleton","Chitin + Calcium","Holoplanktonic","No","Copepods"
"2693","Eukaryota","Mollusca","Gastropoda","Nudibranchia","Glaucidae","Hermissenda","Hermissenda opalescens","Variable","Variable","No","External shell","None","Aragonite","Meroplanktonic","No","Shell-less sea slugs"
"2696","Eukaryota","Mollusca","Gastropoda","Nudibranchia","Glaucidae","Hermissenda","Hermissenda opalescens","Variable","Variable","No","External shell","None","Aragonite","Meroplanktonic","No","Shell-less sea slugs"
"2697","Eukaryota","Arthropoda","Copepoda","Calanoida","Calanidae","Calanus","Calanus pacificus","Variable","Variable","Variable","Exoskeleton","Exoskeleton","Chitin + Calcium","Holoplanktonic","No","Copepods"
"2698","Eukaryota","Arthropoda","Copepoda","Calanoida","Eucalanidae","Eucalanus","Eucalanus californicus","Variable","Variable","Variable","Exoskeleton","Exoskeleton","Chitin + Calcium","Holoplanktonic","No","Copepods"
"2699","Eukaryota","Arthropoda","Copepoda","Calanoida","Eucalanidae","Eucalanus","Eucalanus californicus","Variable","Variable","Variable","Exoskeleton","Exoskeleton","Chitin + Calcium","Holoplanktonic","No","Copepods"
"2700","Eukaryota","Arthropoda","Copepoda","Calanoida","Eucalanidae","Eucalanus","Eucalanus californicus","Variable","Variable","Variable","Exoskeleton","Exoskeleton","Chitin + Calcium","Holoplanktonic","No","Copepods"
"2706","Eukaryota","Cnidaria","Hydrozoa","Siphonophorae","Diphyidae","Chelophyes","Chelophyes appendiculata","No","No","No","None","None","None","Holoplanktonic","No","Colonial hydrozoans (e.g., Portuguese man o' war)"
"2707","Eukaryota","Arthropoda","Copepoda","Calanoida","Eucalanidae","Eucalanus","Eucalanus californicus","Variable","Variable","Variable","Exoskeleton","Exoskeleton","Chitin + Calcium","Holoplanktonic","No","Copepods"
"2709","Eukaryota","Arthropoda","Copepoda","Calanoida","Calanidae",NA,NA,"Variable","Variable","Variable","Exoskeleton","Exoskeleton","Chitin + Calcium","Holoplanktonic","No","Copepods"
"2712","Eukaryota","Arthropoda","Copepoda","Calanoida","Eucalanidae","Eucalanus","Eucalanus californicus","Variable","Variable","Variable","Exoskeleton","Exoskeleton","Chitin + Calcium","Holoplanktonic","No","Copepods"
"2713","Eukaryota","Chordata","Actinopteri","Myctophiformes","Myctophidae","Stenobrachius","Stenobrachius leucopsarus","No","No","No","None","None","None","Meroplanktonic","No","Lanternfishes"
"2714","Eukaryota","Arthropoda","Copepoda","Calanoida","Eucalanidae","Eucalanus","Eucalanus californicus","Variable","Variable","Variable","Exoskeleton","Exoskeleton","Chitin + Calcium","Holoplanktonic","No","Copepods"
"2715","Eukaryota","Arthropoda","Copepoda","Calanoida","Eucalanidae","Eucalanus","Eucalanus californicus","Variable","Variable","Variable","Exoskeleton","Exoskeleton","Chitin + Calcium","Holoplanktonic","No","Copepods"
"2716","Eukaryota","Chordata","Actinopteri","Argentiniformes","Bathylagidae","Leuroglossus","Leuroglossus stilbius","No","No","No","None","None","None","Meroplanktonic","No","Deep-sea smelts and related fish"
"2719","Eukaryota","Arthropoda","Copepoda","Calanoida","Pontellidae","Labidocera","Labidocera trispinosa","Variable","Variable","Variable","Exoskeleton","Exoskeleton","Chitin + Calcium","Holoplanktonic","No","Copepods"
"2721","Eukaryota","Arthropoda","Copepoda","Calanoida","Calanidae","Calanus","Calanus pacificus","Variable","Variable","Variable","Exoskeleton","Exoskeleton","Chitin + Calcium","Holoplanktonic","No","Copepods"
"2722","Eukaryota","Chordata","Actinopteri","Pleuronectiformes","Paralichthyidae","Paralichthys","Paralichthys californicus","No","No","No","None","None","None","Meroplanktonic","No","Flatfishes (flounders, soles, halibut)"
"2723","Eukaryota","Arthropoda","Copepoda","Calanoida","Pontellidae","Labidocera","Labidocera trispinosa","Variable","Variable","Variable","Exoskeleton","Exoskeleton","Chitin + Calcium","Holoplanktonic","No","Copepods"
"2725","Eukaryota","Chordata","Actinopteri","Pleuronectiformes","Pleuronectidae","Pleuronichthys","Pleuronichthys verticalis","No","No","No","None","None","None","Meroplanktonic","No","Flatfishes (flounders, soles, halibut)"
"2726","Eukaryota","Arthropoda","Malacostraca","Euphausiacea","Euphausiidae","Euphausia","Euphausia eximia","Variable","No","Variable","None","Exoskeleton","Chitin + Calcium","Holoplanktonic","No","Krill"
"2727","Eukaryota","Arthropoda","Copepoda","Poecilostomatoida","Oncaeidae","Oncaea","Oncaea sp.","Variable","Variable","Variable","Exoskeleton","Exoskeleton","Chitin + Calcium","Holoplanktonic","No","Parasitic or predatory copepods"
"2728","Eukaryota","Arthropoda","Ostracoda","Halocyprida","Halocyprididae","Conchoecia","Conchoecia magna","Variable","No","Variable","None","Exoskeleton","Chitin + Calcium","Holoplanktonic","No","Ostracods (seed shrimp)"
"2733","Eukaryota","Arthropoda","Malacostraca","Decapoda","Xanthidae",NA,NA,"Variable","No","Variable","None","Exoskeleton","Calcite","Meroplanktonic","No","Crabs, lobsters, shrimp"
"2734","Eukaryota","Arthropoda","Copepoda","Calanoida","Eucalanidae","Eucalanus","Eucalanus californicus","Variable","Variable","Variable","Exoskeleton","Exoskeleton","Chitin + Calcium","Holoplanktonic","No","Copepods"
"2736","Eukaryota","Arthropoda","Copepoda","Calanoida","Calanidae","Calanus","Calanus pacificus","Variable","Variable","Variable","Exoskeleton","Exoskeleton","Chitin + Calcium","Holoplanktonic","No","Copepods"
"2737","Eukaryota","Echinodermata","Ophiuroidea","Amphilepidida","Amphiuridae",NA,NA,"Yes","Yes","Yes","Internal skeleton","Internal skeleton","Calcite","Meroplanktonic","No","Brittle stars"
"2741","Eukaryota","Arthropoda","Malacostraca","Decapoda","Inachoididae",NA,NA,"Variable","No","Variable","None","Exoskeleton","Calcite","Meroplanktonic","No","Crabs, lobsters, shrimp"
"2742","Eukaryota","Arthropoda","Copepoda","Poecilostomatoida","Oncaeidae","Oncaea","Oncaea sp.","Variable","Variable","Variable","Exoskeleton","Exoskeleton","Chitin + Calcium","Holoplanktonic","No","Parasitic or predatory copepods"
"2743","Eukaryota","Arthropoda","Malacostraca","Decapoda","Hippidae","Emerita","Emerita analoga","Variable","No","Variable","None","Exoskeleton","Calcite","Meroplanktonic","No","Crabs, lobsters, shrimp"
"2746","Eukaryota","Arthropoda","Copepoda","Calanoida","Metridinidae","Pleuromamma","Pleuromamma borealis","Variable","Variable","Variable","Exoskeleton","Exoskeleton","Chitin + Calcium","Holoplanktonic","No","Copepods"
"2747","Eukaryota","Arthropoda","Malacostraca","Euphausiacea","Euphausiidae","Hansarsia","Hansarsia difficilis","Variable","No","Variable","None","Exoskeleton","Chitin + Calcium","Holoplanktonic","No","Krill"
"2748","Eukaryota","Arthropoda","Copepoda","Calanoida","Eucalanidae","Eucalanus","Eucalanus californicus","Variable","Variable","Variable","Exoskeleton","Exoskeleton","Chitin + Calcium","Holoplanktonic","No","Copepods"
"2750","Eukaryota","Echinodermata","Asteroidea","Forcipulatida","Asteriidae","Pisaster","Pisaster giganteus","Yes","Yes","Yes","Internal skeleton","Internal skeleton","Calcite","Meroplanktonic","No","Starfish"
"2751","Eukaryota","Arthropoda","Malacostraca","Euphausiacea","Euphausiidae","Euphausia","Euphausia pacifica","Variable","No","Variable","None","Exoskeleton","Chitin + Calcium","Holoplanktonic","No","Krill"
"2752","Eukaryota","Arthropoda","Copepoda","Calanoida","Euchaetidae",NA,NA,"Variable","Variable","Variable","Exoskeleton","Exoskeleton","Chitin + Calcium","Holoplanktonic","No","Copepods"
"2756","Eukaryota","Arthropoda","Copepoda","Calanoida","Calanidae","Calanus","Calanus pacificus","Variable","Variable","Variable","Exoskeleton","Exoskeleton","Chitin + Calcium","Holoplanktonic","No","Copepods"
"2758","Eukaryota","Arthropoda","Copepoda","Calanoida","Eucalanidae","Eucalanus","Eucalanus californicus","Variable","Variable","Variable","Exoskeleton","Exoskeleton","Chitin + Calcium","Holoplanktonic","No","Copepods"
"2759","Eukaryota","Arthropoda","Malacostraca","Euphausiacea","Euphausiidae","Nyctiphanes","Nyctiphanes simplex","Variable","No","Variable","None","Exoskeleton","Chitin + Calcium","Holoplanktonic","No","Krill"
"2761","Eukaryota","Arthropoda","Copepoda","Calanoida","Calanidae","Calanus","Calanus pacificus","Variable","Variable","Variable","Exoskeleton","Exoskeleton","Chitin + Calcium","Holoplanktonic","No","Copepods"
"2762","Eukaryota","Arthropoda","Copepoda","Calanoida","Pontellidae","Labidocera","Labidocera trispinosa","Variable","Variable","Variable","Exoskeleton","Exoskeleton","Chitin + Calcium","Holoplanktonic","No","Copepods"
"2763","Eukaryota","Arthropoda","Ostracoda","Halocyprida","Halocyprididae","Proceroecia","Proceroecia procera","Variable","No","Variable","None","Exoskeleton","Chitin + Calcium","Holoplanktonic","No","Ostracods (seed shrimp)"
"2764","Eukaryota","Arthropoda","Thecostraca","Balanomorpha","Balanidae","Balanus","Balanus trigonus","Yes","Yes","Yes","External shell","External shell","Calcite","Meroplanktonic","No","Barnacles"
"2765","Eukaryota","Arthropoda","Copepoda","Calanoida","Eucalanidae","Eucalanus","Eucalanus californicus","Variable","Variable","Variable","Exoskeleton","Exoskeleton","Chitin + Calcium","Holoplanktonic","No","Copepods"
"2766","Eukaryota","Arthropoda","Copepoda","Calanoida","Calanidae","Calanus","Calanus pacificus","Variable","Variable","Variable","Exoskeleton","Exoskeleton","Chitin + Calcium","Holoplanktonic","No","Copepods"
"2770","Eukaryota","Arthropoda","Copepoda","Calanoida","Pontellidae","Labidocera","Labidocera trispinosa","Variable","Variable","Variable","Exoskeleton","Exoskeleton","Chitin + Calcium","Holoplanktonic","No","Copepods"
"2771","Eukaryota","Arthropoda","Copepoda","Calanoida","Pontellidae","Labidocera","Labidocera trispinosa","Variable","Variable","Variable","Exoskeleton","Exoskeleton","Chitin + Calcium","Holoplanktonic","No","Copepods"
"2773","Eukaryota","Mollusca","Gastropoda","Nudibranchia","Glaucidae","Hermissenda","Hermissenda opalescens","Variable","Variable","No","External shell","None","Aragonite","Meroplanktonic","No","Shell-less sea slugs"
"2774","Eukaryota","Arthropoda","Copepoda","Calanoida","Pontellidae","Labidocera","Labidocera trispinosa","Variable","Variable","Variable","Exoskeleton","Exoskeleton","Chitin + Calcium","Holoplanktonic","No","Copepods"
"2775","Eukaryota","Bryozoa","Gymnolaemata","Cheilostomatida","Membraniporidae","Membranipora",NA,"Yes","Yes","Yes","External shell","External shell","Calcite","Meroplanktonic","No","Encrusting bryozoans"
"2778","Eukaryota","Arthropoda","Copepoda","Calanoida","Pontellidae","Labidocera","Labidocera trispinosa","Variable","Variable","Variable","Exoskeleton","Exoskeleton","Chitin + Calcium","Holoplanktonic","No","Copepods"
"2780","Eukaryota","Arthropoda","Copepoda","Calanoida","Eucalanidae","Eucalanus","Eucalanus californicus","Variable","Variable","Variable","Exoskeleton","Exoskeleton","Chitin + Calcium","Holoplanktonic","No","Copepods"
"2782","Eukaryota","Arthropoda","Copepoda","Calanoida","Calanidae","Calanus","Calanus pacificus","Variable","Variable","Variable","Exoskeleton","Exoskeleton","Chitin + Calcium","Holoplanktonic","No","Copepods"
"2783","Eukaryota","Arthropoda","Copepoda","Calanoida","Pontellidae","Labidocera","Labidocera trispinosa","Variable","Variable","Variable","Exoskeleton","Exoskeleton","Chitin + Calcium","Holoplanktonic","No","Copepods"
"2785","Eukaryota","Arthropoda","Copepoda","Calanoida","Metridinidae","Pleuromamma","Pleuromamma abdominalis","Variable","Variable","Variable","Exoskeleton","Exoskeleton","Chitin + Calcium","Holoplanktonic","No","Copepods"
"2787","Eukaryota","Arthropoda","Thecostraca","Balanomorpha","Balanidae",NA,NA,"Yes","Yes","Yes","External shell","External shell","Calcite","Meroplanktonic","No","Barnacles"
"2788","Eukaryota","Annelida","Polychaeta","Phyllodocida","Phyllodocidae",NA,NA,"No","No","No","None","None","None","Benthic + Meroplanktonic","No","Active marine polychaetes"
"2789","Eukaryota","Arthropoda","Malacostraca","Decapoda","Galatheidae","Janetogalathea","Janetogalathea californiensis","Variable","No","Variable","None","Exoskeleton","Calcite","Meroplanktonic","No","Crabs, lobsters, shrimp"
"2791","Eukaryota","Arthropoda","Copepoda","Calanoida","Pontellidae","Labidocera","Labidocera trispinosa","Variable","Variable","Variable","Exoskeleton","Exoskeleton","Chitin + Calcium","Holoplanktonic","No","Copepods"
"2792","Eukaryota","Arthropoda","Malacostraca","Decapoda","Cancridae","Cancer","Cancer productus","Variable","No","Variable","None","Exoskeleton","Calcite","Meroplanktonic","No","Crabs, lobsters, shrimp"
"2797","Eukaryota","Arthropoda","Copepoda","Calanoida","Eucalanidae","Eucalanus","Eucalanus californicus","Variable","Variable","Variable","Exoskeleton","Exoskeleton","Chitin + Calcium","Holoplanktonic","No","Copepods"
"2798","Eukaryota","Bryozoa","Gymnolaemata","Cheilostomatida","Membraniporidae","Membranipora","Membranipora villosa","Yes","Yes","Yes","External shell","External shell","Calcite","Meroplanktonic","No","Encrusting bryozoans"
"2799","Eukaryota","Arthropoda","Malacostraca","Decapoda","Pisidae","Chorilia","Chorilia longipes","Variable","No","Variable","None","Exoskeleton","Calcite","Meroplanktonic","No","Crabs, lobsters, shrimp"
"2800","Eukaryota","Arthropoda","Copepoda","Calanoida","Eucalanidae","Eucalanus","Eucalanus californicus","Variable","Variable","Variable","Exoskeleton","Exoskeleton","Chitin + Calcium","Holoplanktonic","No","Copepods"
"2803","Eukaryota","Arthropoda","Copepoda","Calanoida","Pontellidae","Labidocera","Labidocera trispinosa","Variable","Variable","Variable","Exoskeleton","Exoskeleton","Chitin + Calcium","Holoplanktonic","No","Copepods"
"2804","Eukaryota","Arthropoda","Copepoda","Calanoida","Pontellidae","Labidocera","Labidocera trispinosa","Variable","Variable","Variable","Exoskeleton","Exoskeleton","Chitin + Calcium","Holoplanktonic","No","Copepods"
"2806","Eukaryota","Arthropoda","Copepoda","Calanoida","Pontellidae","Labidocera","Labidocera trispinosa","Variable","Variable","Variable","Exoskeleton","Exoskeleton","Chitin + Calcium","Holoplanktonic","No","Copepods"
"2807","Eukaryota","Arthropoda","Copepoda","Calanoida","Eucalanidae","Eucalanus","Eucalanus californicus","Variable","Variable","Variable","Exoskeleton","Exoskeleton","Chitin + Calcium","Holoplanktonic","No","Copepods"
"2808","Eukaryota","Arthropoda","Copepoda","Poecilostomatoida","Oncaeidae","Oncaea","Oncaea sp.","Variable","Variable","Variable","Exoskeleton","Exoskeleton","Chitin + Calcium","Holoplanktonic","No","Parasitic or predatory copepods"
"2809","Eukaryota","Arthropoda","Copepoda","Calanoida","Calanidae","Calanus","Calanus pacificus","Variable","Variable","Variable","Exoskeleton","Exoskeleton","Chitin + Calcium","Holoplanktonic","No","Copepods"
"2810","Eukaryota","Bryozoa","Gymnolaemata","Cheilostomatida","Membraniporidae","Membranipora","Membranipora villosa","Yes","Yes","Yes","External shell","External shell","Calcite","Meroplanktonic","No","Encrusting bryozoans"
"2811","Eukaryota","Arthropoda","Copepoda","Calanoida","Aetideidae","Undeuchaeta",NA,"Variable","Variable","Variable","Exoskeleton","Exoskeleton","Chitin + Calcium","Holoplanktonic","No","Copepods"
"2813","Eukaryota","Mollusca","Gastropoda","Nudibranchia","Glaucidae","Hermissenda","Hermissenda opalescens","Variable","Variable","No","External shell","None","Aragonite","Meroplanktonic","No","Shell-less sea slugs"
"2814","Eukaryota","Arthropoda","Ostracoda","Halocyprida","Halocyprididae","Macrochoecilla","Macrochoecilla macrocheira","Variable","No","Variable","None","Exoskeleton","Chitin + Calcium","Holoplanktonic","No","Ostracods (seed shrimp)"
"2815","Eukaryota","Echinodermata","Ophiuroidea","Amphilepidida","Amphiuridae",NA,NA,"Yes","Yes","Yes","Internal skeleton","Internal skeleton","Calcite","Meroplanktonic","No","Brittle stars"
"2816","Eukaryota","Arthropoda","Copepoda","Poecilostomatoida","Corycaeidae","Farranula",NA,"Variable","Variable","Variable","Exoskeleton","Exoskeleton","Chitin + Calcium","Holoplanktonic","No","Parasitic or predatory copepods"
"2817","Eukaryota","Chordata","Actinopteri","Labriformes","Labridae","Halichoeres","Halichoeres semicinctus","No","No","No","None","None","None","Benthic + Meroplanktonic","No","Wrasses and parrotfishes"
"2819","Eukaryota","Arthropoda","Malacostraca","Decapoda","Hippolytidae","Lysmata","Lysmata californica","Variable","No","Variable","None","Exoskeleton","Calcite","Meroplanktonic","No","Crabs, lobsters, shrimp"
"2820","Eukaryota","Arthropoda","Copepoda","Calanoida","Eucalanidae","Eucalanus","Eucalanus californicus","Variable","Variable","Variable","Exoskeleton","Exoskeleton","Chitin + Calcium","Holoplanktonic","No","Copepods"
"2821","Eukaryota","Mollusca","Gastropoda","Pteropoda","Creseidae","Styliola",NA,"Yes","Yes","Yes","External shell","External shell","Aragonite","Holoplanktonic","No","Sea butterflies"
"2822","Eukaryota","Arthropoda","Copepoda","Calanoida","Eucalanidae","Eucalanus","Eucalanus californicus","Variable","Variable","Variable","Exoskeleton","Exoskeleton","Chitin + Calcium","Holoplanktonic","No","Copepods"
"2823","Eukaryota","Arthropoda","Copepoda","Calanoida","Eucalanidae","Eucalanus","Eucalanus californicus","Variable","Variable","Variable","Exoskeleton","Exoskeleton","Chitin + Calcium","Holoplanktonic","No","Copepods"
"2824","Eukaryota","Arthropoda","Copepoda","Calanoida","Eucalanidae","Eucalanus","Eucalanus californicus","Variable","Variable","Variable","Exoskeleton","Exoskeleton","Chitin + Calcium","Holoplanktonic","No","Copepods"
"2826","Eukaryota","Arthropoda","Copepoda","Calanoida","Mecynoceridae","Mecynocera","Mecynocera clausi","Variable","Variable","Variable","Exoskeleton","Exoskeleton","Chitin + Calcium","Holoplanktonic","No","Copepods"
"2829","Eukaryota","Arthropoda","Malacostraca","Decapoda","Hippolytidae",NA,NA,"Variable","No","Variable","None","Exoskeleton","Calcite","Meroplanktonic","No","Crabs, lobsters, shrimp"
"2831","Eukaryota","Mollusca","Gastropoda","Acteonidae","Acteonidae","Rictaxis","Rictaxis punctocaelatus","Yes","Yes","Yes","External shell","External shell","Aragonite","Benthic + Meroplanktonic","No","Bubble snails (Acteon and Rictaxis)"
"2832","Eukaryota","Arthropoda","Copepoda","Calanoida","Pontellidae","Labidocera","Labidocera trispinosa","Variable","Variable","Variable","Exoskeleton","Exoskeleton","Chitin + Calcium","Holoplanktonic","No","Copepods"
"2833","Eukaryota","Arthropoda","Malacostraca","Euphausiacea","Euphausiidae","Hansarsia","Hansarsia difficilis","Variable","No","Variable","None","Exoskeleton","Chitin + Calcium","Holoplanktonic","No","Krill"
"2834","Eukaryota","Arthropoda","Copepoda","Calanoida","Eucalanidae","Eucalanus","Eucalanus californicus","Variable","Variable","Variable","Exoskeleton","Exoskeleton","Chitin + Calcium","Holoplanktonic","No","Copepods"
"2836","Eukaryota","Arthropoda","Copepoda","Calanoida","Calanidae","Calanus","Calanus pacificus","Variable","Variable","Variable","Exoskeleton","Exoskeleton","Chitin + Calcium","Holoplanktonic","No","Copepods"
"2837","Eukaryota","Arthropoda","Copepoda","Calanoida","Eucalanidae","Eucalanus","Eucalanus californicus","Variable","Variable","Variable","Exoskeleton","Exoskeleton","Chitin + Calcium","Holoplanktonic","No","Copepods"
"2838","Eukaryota","Mollusca","Gastropoda","Littorinimorpha","Calyptraeidae","Crepipatella","Crepipatella lingulata","Yes","Yes","Yes","External shell","External shell","Aragonite/Calcite","Meroplanktonic","No","Periwinkles and related snails"
"2839","Eukaryota","Arthropoda","Copepoda","Calanoida","Calocalanidae",NA,NA,"Variable","Variable","Variable","Exoskeleton","Exoskeleton","Chitin + Calcium","Holoplanktonic","No","Copepods"
"2840","Eukaryota","Arthropoda","Copepoda","Calanoida","Calanidae","Calanus","Calanus pacificus","Variable","Variable","Variable","Exoskeleton","Exoskeleton","Chitin + Calcium","Holoplanktonic","No","Copepods"
"2841","Eukaryota","Arthropoda","Copepoda","Calanoida","Eucalanidae","Eucalanus","Eucalanus californicus","Variable","Variable","Variable","Exoskeleton","Exoskeleton","Chitin + Calcium","Holoplanktonic","No","Copepods"
"2842","Eukaryota","Arthropoda","Copepoda","Calanoida","Eucalanidae","Rhincalanus",NA,"Variable","Variable","Variable","Exoskeleton","Exoskeleton","Chitin + Calcium","Holoplanktonic","No","Copepods"
"2843","Eukaryota","Arthropoda","Copepoda","Calanoida","Clausocalanidae","Clausocalanus","Clausocalanus furcatus","Variable","Variable","Variable","Exoskeleton","Exoskeleton","Chitin + Calcium","Holoplanktonic","No","Copepods"
"2844","Eukaryota","Arthropoda","Copepoda","Calanoida","Scolecitrichidae","Scolecithricella","Scolecithricella dentata","Variable","Variable","Variable","Exoskeleton","Exoskeleton","Chitin + Calcium","Holoplanktonic","No","Copepods"
"2845","Eukaryota","Bryozoa","Gymnolaemata","Cheilostomatida","Membraniporidae","Membranipora","Membranipora villosa","Yes","Yes","Yes","External shell","External shell","Calcite","Meroplanktonic","No","Encrusting bryozoans"
"2847","Eukaryota","Mollusca","Gastropoda","Pteropoda","Cymbuliidae","Corolla","Corolla spectabilis","Yes","Yes","Yes","External shell","External shell","Aragonite","Holoplanktonic","No","Sea butterflies"
"2848","Eukaryota","Bryozoa","Gymnolaemata","Cheilostomatida","Membraniporidae","Membranipora","Membranipora villosa","Yes","Yes","Yes","External shell","External shell","Calcite","Meroplanktonic","No","Encrusting bryozoans"
"2849","Eukaryota","Arthropoda","Copepoda","Calanoida","Eucalanidae","Eucalanus","Eucalanus californicus","Variable","Variable","Variable","Exoskeleton","Exoskeleton","Chitin + Calcium","Holoplanktonic","No","Copepods"
"2850","Eukaryota","Bryozoa","Gymnolaemata","Cheilostomatida","Membraniporidae","Membranipora","Membranipora villosa","Yes","Yes","Yes","External shell","External shell","Calcite","Meroplanktonic","No","Encrusting bryozoans"
"2851","Eukaryota","Arthropoda","Copepoda","Calanoida","Calanidae","Calanus","Calanus pacificus","Variable","Variable","Variable","Exoskeleton","Exoskeleton","Chitin + Calcium","Holoplanktonic","No","Copepods"
"2852","Eukaryota","Arthropoda","Copepoda","Calanoida","Eucalanidae","Eucalanus","Eucalanus californicus","Variable","Variable","Variable","Exoskeleton","Exoskeleton","Chitin + Calcium","Holoplanktonic","No","Copepods"
"2853","Eukaryota","Arthropoda","Copepoda","Calanoida","Metridinidae","Pleuromamma","Pleuromamma borealis","Variable","Variable","Variable","Exoskeleton","Exoskeleton","Chitin + Calcium","Holoplanktonic","No","Copepods"
"2855","Eukaryota","Echinodermata","Ophiuroidea","Amphilepidida","Ophiocomidae",NA,NA,"Yes","Yes","Yes","Internal skeleton","Internal skeleton","Calcite","Meroplanktonic","No","Brittle stars"
"2857","Eukaryota","Arthropoda","Copepoda","Calanoida","Calanidae","Calanus","Calanus pacificus","Variable","Variable","Variable","Exoskeleton","Exoskeleton","Chitin + Calcium","Holoplanktonic","No","Copepods"
"2858","Eukaryota","Arthropoda","Copepoda","Calanoida","Eucalanidae",NA,NA,"Variable","Variable","Variable","Exoskeleton","Exoskeleton","Chitin + Calcium","Holoplanktonic","No","Copepods"
"2859","Eukaryota","Bryozoa","Gymnolaemata","Cheilostomatida","Membraniporidae","Membranipora","Membranipora villosa","Yes","Yes","Yes","External shell","External shell","Calcite","Meroplanktonic","No","Encrusting bryozoans"
"2860","Eukaryota","Arthropoda","Copepoda","Calanoida","Calocalanidae","Calocalanus",NA,"Variable","Variable","Variable","Exoskeleton","Exoskeleton","Chitin + Calcium","Holoplanktonic","No","Copepods"
"2865","Eukaryota","Arthropoda","Copepoda","Calanoida","Eucalanidae","Eucalanus","Eucalanus californicus","Variable","Variable","Variable","Exoskeleton","Exoskeleton","Chitin + Calcium","Holoplanktonic","No","Copepods"
"2866","Eukaryota","Arthropoda","Copepoda","Calanoida","Eucalanidae","Eucalanus","Eucalanus californicus","Variable","Variable","Variable","Exoskeleton","Exoskeleton","Chitin + Calcium","Holoplanktonic","No","Copepods"
"2867","Eukaryota","Arthropoda","Copepoda","Calanoida","Eucalanidae","Eucalanus",NA,"Variable","Variable","Variable","Exoskeleton","Exoskeleton","Chitin + Calcium","Holoplanktonic","No","Copepods"
"2869","Eukaryota","Arthropoda","Copepoda","Calanoida","Eucalanidae","Eucalanus","Eucalanus californicus","Variable","Variable","Variable","Exoskeleton","Exoskeleton","Chitin + Calcium","Holoplanktonic","No","Copepods"
"2870","Eukaryota","Arthropoda","Copepoda","Calanoida","Scolecitrichidae","Scolecithricella","Scolecithricella dentata","Variable","Variable","Variable","Exoskeleton","Exoskeleton","Chitin + Calcium","Holoplanktonic","No","Copepods"
"2871","Eukaryota","Arthropoda","Copepoda","Calanoida","Calanidae","Calanus","Calanus pacificus","Variable","Variable","Variable","Exoskeleton","Exoskeleton","Chitin + Calcium","Holoplanktonic","No","Copepods"
"2874","Eukaryota","Arthropoda","Copepoda","Calanoida","Eucalanidae","Eucalanus","Eucalanus californicus","Variable","Variable","Variable","Exoskeleton","Exoskeleton","Chitin + Calcium","Holoplanktonic","No","Copepods"
"2876","Eukaryota","Mollusca","Gastropoda","Nudibranchia","Glaucidae","Hermissenda","Hermissenda opalescens","Variable","Variable","No","External shell","None","Aragonite","Meroplanktonic","No","Shell-less sea slugs"
"2878","Eukaryota","Chordata","Actinopteri","Stomiiformes","Sternoptychidae","Danaphos","Danaphos oculatus","No","No","No","None","None","None","Meroplanktonic","No","Deep-sea fishes (e.g., dragonfishes)"
"2880","Eukaryota","Arthropoda","Malacostraca","Euphausiacea","Euphausiidae","Stylocheiron",NA,"Variable","No","Variable","None","Exoskeleton","Chitin + Calcium","Holoplanktonic","No","Krill"
"2881","Eukaryota","Arthropoda","Copepoda","Poecilostomatoida","Corycaeidae","Farranula",NA,"Variable","Variable","Variable","Exoskeleton","Exoskeleton","Chitin + Calcium","Holoplanktonic","No","Parasitic or predatory copepods"
"2884","Eukaryota","Arthropoda","Copepoda","Calanoida","Eucalanidae","Eucalanus","Eucalanus californicus","Variable","Variable","Variable","Exoskeleton","Exoskeleton","Chitin + Calcium","Holoplanktonic","No","Copepods"
"2885","Eukaryota","Arthropoda","Malacostraca","Decapoda","Hippolytidae","Lysmata","Lysmata californica","Variable","No","Variable","None","Exoskeleton","Calcite","Meroplanktonic","No","Crabs, lobsters, shrimp"
"2886","Eukaryota","Arthropoda","Copepoda","Calanoida","Eucalanidae","Eucalanus","Eucalanus californicus","Variable","Variable","Variable","Exoskeleton","Exoskeleton","Chitin + Calcium","Holoplanktonic","No","Copepods"
"2887","Eukaryota","Mollusca","Gastropoda","Nudibranchia","Glaucidae","Hermissenda","Hermissenda opalescens","Variable","Variable","No","External shell","None","Aragonite","Meroplanktonic","No","Shell-less sea slugs"
"2888","Eukaryota","Arthropoda","Copepoda","Poecilostomatoida","Oncaeidae","Oncaea","Oncaea sp.","Variable","Variable","Variable","Exoskeleton","Exoskeleton","Chitin + Calcium","Holoplanktonic","No","Parasitic or predatory copepods"
"2890","Eukaryota","Arthropoda","Copepoda","Calanoida","Clausocalanidae","Clausocalanus","Clausocalanus furcatus","Variable","Variable","Variable","Exoskeleton","Exoskeleton","Chitin + Calcium","Holoplanktonic","No","Copepods"
"2892","Eukaryota","Arthropoda","Malacostraca","Euphausiacea","Euphausiidae","Hansarsia","Hansarsia difficilis","Variable","No","Variable","None","Exoskeleton","Chitin + Calcium","Holoplanktonic","No","Krill"
"2898","Eukaryota","Arthropoda","Copepoda","Calanoida","Eucalanidae","Eucalanus","Eucalanus californicus","Variable","Variable","Variable","Exoskeleton","Exoskeleton","Chitin + Calcium","Holoplanktonic","No","Copepods"
"2899","Eukaryota","Arthropoda","Copepoda","Calanoida","Calanidae","Calanus","Calanus pacificus","Variable","Variable","Variable","Exoskeleton","Exoskeleton","Chitin + Calcium","Holoplanktonic","No","Copepods"
"2900","Eukaryota","Echinodermata","Ophiuroidea","Amphilepidida","Amphiuridae","Amphiodia",NA,"Yes","Yes","Yes","Internal skeleton","Internal skeleton","Calcite","Meroplanktonic","No","Brittle stars"
"2903","Eukaryota","Mollusca","Gastropoda","Nudibranchia","Glaucidae","Hermissenda",NA,"Variable","Variable","No","External shell","None","Aragonite","Meroplanktonic","No","Shell-less sea slugs"
"2905","Eukaryota","Bryozoa","Gymnolaemata","Cheilostomatida","Membraniporidae","Membranipora","Membranipora villosa","Yes","Yes","Yes","External shell","External shell","Calcite","Meroplanktonic","No","Encrusting bryozoans"
"2906","Eukaryota","Arthropoda","Copepoda","Calanoida","Scolecitrichidae","Scolecithricella","Scolecithricella dentata","Variable","Variable","Variable","Exoskeleton","Exoskeleton","Chitin + Calcium","Holoplanktonic","No","Copepods"
"2907","Eukaryota","Arthropoda","Copepoda","Calanoida","Eucalanidae","Eucalanus","Eucalanus californicus","Variable","Variable","Variable","Exoskeleton","Exoskeleton","Chitin + Calcium","Holoplanktonic","No","Copepods"
"2908","Eukaryota","Mollusca","Gastropoda","Nudibranchia","Glaucidae","Hermissenda","Hermissenda opalescens","Variable","Variable","No","External shell","None","Aragonite","Meroplanktonic","No","Shell-less sea slugs"
"2909","Eukaryota","Arthropoda","Copepoda","Calanoida","Calanidae","Calanus","Calanus pacificus","Variable","Variable","Variable","Exoskeleton","Exoskeleton","Chitin + Calcium","Holoplanktonic","No","Copepods"
"2910","Eukaryota","Arthropoda","Copepoda","Calanoida","Pontellidae","Labidocera",NA,"Variable","Variable","Variable","Exoskeleton","Exoskeleton","Chitin + Calcium","Holoplanktonic","No","Copepods"
"2911","Eukaryota","Arthropoda","Copepoda","Calanoida","Calanidae","Calanus","Calanus pacificus","Variable","Variable","Variable","Exoskeleton","Exoskeleton","Chitin + Calcium","Holoplanktonic","No","Copepods"
"2912","Eukaryota","Arthropoda","Malacostraca","Euphausiacea","Euphausiidae","Nyctiphanes","Nyctiphanes simplex","Variable","No","Variable","None","Exoskeleton","Chitin + Calcium","Holoplanktonic","No","Krill"
"2914","Eukaryota","Arthropoda","Copepoda","Calanoida","Eucalanidae","Eucalanus","Eucalanus californicus","Variable","Variable","Variable","Exoskeleton","Exoskeleton","Chitin + Calcium","Holoplanktonic","No","Copepods"
"2916","Eukaryota","Arthropoda","Copepoda","Calanoida","Calanidae","Calanus","Calanus pacificus","Variable","Variable","Variable","Exoskeleton","Exoskeleton","Chitin + Calcium","Holoplanktonic","No","Copepods"
"2917","Eukaryota","Arthropoda","Copepoda","Calanoida","Pontellidae",NA,NA,"Variable","Variable","Variable","Exoskeleton","Exoskeleton","Chitin + Calcium","Holoplanktonic","No","Copepods"
"2918","Eukaryota","Mollusca","Gastropoda","Nudibranchia","Glaucidae","Hermissenda","Hermissenda opalescens","Variable","Variable","No","External shell","None","Aragonite","Meroplanktonic","No","Shell-less sea slugs"
"2919","Eukaryota","Mollusca","Gastropoda","Nudibranchia","Glaucidae","Hermissenda","Hermissenda opalescens","Variable","Variable","No","External shell","None","Aragonite","Meroplanktonic","No","Shell-less sea slugs"
"2920","Eukaryota","Mollusca","Gastropoda","Nudibranchia","Glaucidae","Hermissenda","Hermissenda opalescens","Variable","Variable","No","External shell","None","Aragonite","Meroplanktonic","No","Shell-less sea slugs"
"2921","Eukaryota","Mollusca","Gastropoda","Littorinimorpha","Atlantidae","Atlanta","Atlanta sp. USNM IZ 1230636","Yes","Yes","Yes","External shell","External shell","Aragonite/Calcite","Meroplanktonic","No","Periwinkles and related snails"
"2923","Eukaryota","Arthropoda","Copepoda","Calanoida","Calanidae","Calanus","Calanus pacificus","Variable","Variable","Variable","Exoskeleton","Exoskeleton","Chitin + Calcium","Holoplanktonic","No","Copepods"
"2925","Eukaryota","Arthropoda","Copepoda","Calanoida","Eucalanidae","Eucalanus","Eucalanus californicus","Variable","Variable","Variable","Exoskeleton","Exoskeleton","Chitin + Calcium","Holoplanktonic","No","Copepods"
"2926","Eukaryota","Arthropoda","Copepoda","Calanoida","Calanidae","Calanus","Calanus pacificus","Variable","Variable","Variable","Exoskeleton","Exoskeleton","Chitin + Calcium","Holoplanktonic","No","Copepods"
"2927","Eukaryota","Arthropoda","Copepoda","Calanoida","Eucalanidae","Eucalanus","Eucalanus californicus","Variable","Variable","Variable","Exoskeleton","Exoskeleton","Chitin + Calcium","Holoplanktonic","No","Copepods"
"2928","Eukaryota","Arthropoda","Copepoda","Calanoida","Eucalanidae","Eucalanus","Eucalanus californicus","Variable","Variable","Variable","Exoskeleton","Exoskeleton","Chitin + Calcium","Holoplanktonic","No","Copepods"
"2930","Eukaryota","Arthropoda","Copepoda","Calanoida","Clausocalanidae","Clausocalanus","Clausocalanus parapergens","Variable","Variable","Variable","Exoskeleton","Exoskeleton","Chitin + Calcium","Holoplanktonic","No","Copepods"
"2931","Eukaryota","Arthropoda","Copepoda","Calanoida","Mecynoceridae","Mecynocera","Mecynocera clausi","Variable","Variable","Variable","Exoskeleton","Exoskeleton","Chitin + Calcium","Holoplanktonic","No","Copepods"
"2935","Eukaryota","Mollusca","Gastropoda","Pteropoda","Creseidae","Styliola","Styliola sp.","Yes","Yes","Yes","External shell","External shell","Aragonite","Holoplanktonic","No","Sea butterflies"
"2938","Eukaryota","Arthropoda","Thecostraca","Pollicipedomorpha","Pollicipedidae","Pollicipes","Pollicipes polymerus","Variable","Variable","Yes","Exoskeleton","Exoskeleton","Chitin + Calcium","Meroplanktonic","No","Stalked barnacles"
"2939","Eukaryota","Arthropoda","Copepoda","Calanoida","Calanidae","Calanus","Calanus pacificus","Variable","Variable","Variable","Exoskeleton","Exoskeleton","Chitin + Calcium","Holoplanktonic","No","Copepods"
"2941","Eukaryota","Arthropoda","Copepoda","Calanoida","Pontellidae","Labidocera",NA,"Variable","Variable","Variable","Exoskeleton","Exoskeleton","Chitin + Calcium","Holoplanktonic","No","Copepods"
"2942","Eukaryota","Arthropoda","Copepoda","Calanoida","Eucalanidae","Eucalanus","Eucalanus californicus","Variable","Variable","Variable","Exoskeleton","Exoskeleton","Chitin + Calcium","Holoplanktonic","No","Copepods"
"2944","Eukaryota","Arthropoda","Copepoda","Calanoida","Eucalanidae","Eucalanus","Eucalanus californicus","Variable","Variable","Variable","Exoskeleton","Exoskeleton","Chitin + Calcium","Holoplanktonic","No","Copepods"
"2945","Eukaryota","Arthropoda","Copepoda","Calanoida","Eucalanidae","Eucalanus","Eucalanus californicus","Variable","Variable","Variable","Exoskeleton","Exoskeleton","Chitin + Calcium","Holoplanktonic","No","Copepods"
"2947","Eukaryota","Chordata","Actinopteri","Argentiniformes","Bathylagidae","Leuroglossus","Leuroglossus stilbius","No","No","No","None","None","None","Meroplanktonic","No","Deep-sea smelts and related fish"
"2948","Eukaryota","Arthropoda","Copepoda","Calanoida","Eucalanidae","Eucalanus","Eucalanus californicus","Variable","Variable","Variable","Exoskeleton","Exoskeleton","Chitin + Calcium","Holoplanktonic","No","Copepods"
"2951","Eukaryota","Arthropoda","Ostracoda","Halocyprida","Halocyprididae","Discoconchoecia",NA,"Variable","No","Variable","None","Exoskeleton","Chitin + Calcium","Holoplanktonic","No","Ostracods (seed shrimp)"
"2952","Eukaryota","Arthropoda","Ostracoda","Halocyprida","Halocyprididae","Paraconchoecia","Paraconchoecia allotherium","Variable","No","Variable","None","Exoskeleton","Chitin + Calcium","Holoplanktonic","No","Ostracods (seed shrimp)"
"2953","Eukaryota","Arthropoda","Ostracoda","Halocyprida","Halocyprididae","Proceroecia","Proceroecia procera","Variable","No","Variable","None","Exoskeleton","Chitin + Calcium","Holoplanktonic","No","Ostracods (seed shrimp)"
"2954","Eukaryota","Arthropoda","Copepoda","Calanoida","Pontellidae","Labidocera","Labidocera trispinosa","Variable","Variable","Variable","Exoskeleton","Exoskeleton","Chitin + Calcium","Holoplanktonic","No","Copepods"
"2955","Eukaryota","Arthropoda","Ostracoda","Halocyprida","Halocyprididae","Halocypris","Halocypris inflata","Variable","No","Variable","None","Exoskeleton","Chitin + Calcium","Holoplanktonic","No","Ostracods (seed shrimp)"
"2956","Eukaryota","Arthropoda","Copepoda","Calanoida","Calanidae","Calanus","Calanus pacificus","Variable","Variable","Variable","Exoskeleton","Exoskeleton","Chitin + Calcium","Holoplanktonic","No","Copepods"
"2958","Eukaryota","Arthropoda","Copepoda","Calanoida","Eucalanidae","Eucalanus","Eucalanus californicus","Variable","Variable","Variable","Exoskeleton","Exoskeleton","Chitin + Calcium","Holoplanktonic","No","Copepods"
"2959","Eukaryota","Arthropoda","Copepoda","Calanoida","Pontellidae","Labidocera","Labidocera trispinosa","Variable","Variable","Variable","Exoskeleton","Exoskeleton","Chitin + Calcium","Holoplanktonic","No","Copepods"
"2962","Eukaryota","Mollusca","Gastropoda","Nudibranchia","Glaucidae","Hermissenda","Hermissenda opalescens","Variable","Variable","No","External shell","None","Aragonite","Meroplanktonic","No","Shell-less sea slugs"
"2964","Eukaryota","Arthropoda","Copepoda","Poecilostomatoida","Oncaeidae","Oncaea","Oncaea sp.","Variable","Variable","Variable","Exoskeleton","Exoskeleton","Chitin + Calcium","Holoplanktonic","No","Parasitic or predatory copepods"
"2965","Eukaryota","Arthropoda","Copepoda","Calanoida","Paracalanidae",NA,NA,"Variable","Variable","Variable","Exoskeleton","Exoskeleton","Chitin + Calcium","Holoplanktonic","No","Copepods"
"2966","Eukaryota","Arthropoda","Copepoda","Calanoida","Eucalanidae","Eucalanus","Eucalanus californicus","Variable","Variable","Variable","Exoskeleton","Exoskeleton","Chitin + Calcium","Holoplanktonic","No","Copepods"
"2969","Eukaryota","Arthropoda","Copepoda","Calanoida","Eucalanidae","Eucalanus","Eucalanus californicus","Variable","Variable","Variable","Exoskeleton","Exoskeleton","Chitin + Calcium","Holoplanktonic","No","Copepods"
"2970","Eukaryota","Mollusca","Gastropoda","Nudibranchia","Glaucidae","Hermissenda","Hermissenda opalescens","Variable","Variable","No","External shell","None","Aragonite","Meroplanktonic","No","Shell-less sea slugs"
"2971","Eukaryota","Mollusca","Gastropoda","Pteropoda","Creseidae","Styliola","Styliola sp.","Yes","Yes","Yes","External shell","External shell","Aragonite","Holoplanktonic","No","Sea butterflies"
"2972","Eukaryota","Arthropoda","Copepoda","Calanoida","Mecynoceridae","Mecynocera","Mecynocera clausi","Variable","Variable","Variable","Exoskeleton","Exoskeleton","Chitin + Calcium","Holoplanktonic","No","Copepods"
"2973","Eukaryota","Arthropoda","Copepoda","Calanoida","Calanidae","Calanus","Calanus pacificus","Variable","Variable","Variable","Exoskeleton","Exoskeleton","Chitin + Calcium","Holoplanktonic","No","Copepods"
"2974","Eukaryota","Arthropoda","Copepoda","Poecilostomatoida","Oncaeidae","Oncaea","Oncaea sp.","Variable","Variable","Variable","Exoskeleton","Exoskeleton","Chitin + Calcium","Holoplanktonic","No","Parasitic or predatory copepods"
"2978","Eukaryota","Arthropoda","Copepoda","Poecilostomatoida","Oncaeidae","Oncaea","Oncaea sp.","Variable","Variable","Variable","Exoskeleton","Exoskeleton","Chitin + Calcium","Holoplanktonic","No","Parasitic or predatory copepods"
"2979","Eukaryota","Arthropoda","Copepoda","Poecilostomatoida","Oncaeidae","Oncaea","Oncaea sp.","Variable","Variable","Variable","Exoskeleton","Exoskeleton","Chitin + Calcium","Holoplanktonic","No","Parasitic or predatory copepods"
"2980","Eukaryota","Arthropoda","Copepoda","Calanoida","Calanidae","Calanus","Calanus pacificus","Variable","Variable","Variable","Exoskeleton","Exoskeleton","Chitin + Calcium","Holoplanktonic","No","Copepods"
"2981","Eukaryota","Arthropoda","Malacostraca","Euphausiacea","Euphausiidae","Nyctiphanes","Nyctiphanes simplex","Variable","No","Variable","None","Exoskeleton","Chitin + Calcium","Holoplanktonic","No","Krill"
"2982","Eukaryota","Arthropoda","Copepoda","Calanoida","Metridinidae","Pleuromamma","Pleuromamma abdominalis","Variable","Variable","Variable","Exoskeleton","Exoskeleton","Chitin + Calcium","Holoplanktonic","No","Copepods"
"2987","Eukaryota","Arthropoda","Malacostraca","Euphausiacea","Euphausiidae","Nyctiphanes","Nyctiphanes simplex","Variable","No","Variable","None","Exoskeleton","Chitin + Calcium","Holoplanktonic","No","Krill"
"2989","Eukaryota","Arthropoda","Copepoda","Calanoida","Calanidae","Calanus","Calanus pacificus","Variable","Variable","Variable","Exoskeleton","Exoskeleton","Chitin + Calcium","Holoplanktonic","No","Copepods"
"2991","Eukaryota","Arthropoda","Copepoda","Calanoida","Pontellidae","Labidocera",NA,"Variable","Variable","Variable","Exoskeleton","Exoskeleton","Chitin + Calcium","Holoplanktonic","No","Copepods"
"2995","Eukaryota","Mollusca","Gastropoda","Pteropoda","Cuvierinidae","Cuvierina","Cuvierina pacifica","Yes","Yes","Yes","External shell","External shell","Aragonite","Holoplanktonic","No","Sea butterflies"
"2996","Eukaryota","Bryozoa","Gymnolaemata","Cheilostomatida","Membraniporidae","Membranipora","Membranipora villosa","Yes","Yes","Yes","External shell","External shell","Calcite","Meroplanktonic","No","Encrusting bryozoans"
"2998","Eukaryota","Bryozoa","Gymnolaemata","Cheilostomatida","Membraniporidae","Membranipora","Membranipora villosa","Yes","Yes","Yes","External shell","External shell","Calcite","Meroplanktonic","No","Encrusting bryozoans"
"2999","Eukaryota","Mollusca","Gastropoda","Littorinimorpha","Atlantidae","Atlanta","Atlanta sp. USNM IZ 1230636","Yes","Yes","Yes","External shell","External shell","Aragonite/Calcite","Meroplanktonic","No","Periwinkles and related snails"
"3000","Eukaryota","Arthropoda","Copepoda","Calanoida","Eucalanidae","Eucalanus","Eucalanus californicus","Variable","Variable","Variable","Exoskeleton","Exoskeleton","Chitin + Calcium","Holoplanktonic","No","Copepods"
"3001","Eukaryota","Mollusca","Gastropoda","Nudibranchia","Glaucidae","Hermissenda",NA,"Variable","Variable","No","External shell","None","Aragonite","Meroplanktonic","No","Shell-less sea slugs"
"3003","Eukaryota","Arthropoda","Copepoda","Calanoida","Eucalanidae","Eucalanus","Eucalanus californicus","Variable","Variable","Variable","Exoskeleton","Exoskeleton","Chitin + Calcium","Holoplanktonic","No","Copepods"
"3004","Eukaryota","Arthropoda","Copepoda","Calanoida","Eucalanidae","Eucalanus","Eucalanus californicus","Variable","Variable","Variable","Exoskeleton","Exoskeleton","Chitin + Calcium","Holoplanktonic","No","Copepods"
"3005","Eukaryota","Arthropoda","Copepoda","Calanoida","Pontellidae","Labidocera","Labidocera trispinosa","Variable","Variable","Variable","Exoskeleton","Exoskeleton","Chitin + Calcium","Holoplanktonic","No","Copepods"
"3007","Eukaryota","Arthropoda","Copepoda","Calanoida","Calanidae","Calanus","Calanus pacificus","Variable","Variable","Variable","Exoskeleton","Exoskeleton","Chitin + Calcium","Holoplanktonic","No","Copepods"
"3008","Eukaryota","Arthropoda","Copepoda","Poecilostomatoida","Oncaeidae","Oncaea","Oncaea scottodicarloi","Variable","Variable","Variable","Exoskeleton","Exoskeleton","Chitin + Calcium","Holoplanktonic","No","Parasitic or predatory copepods"
"3009","Eukaryota","Echinodermata","Echinoidea","Camarodonta","Strongylocentrotidae","Strongylocentrotus","Strongylocentrotus purpuratus","Yes","Yes","Yes","Internal skeleton","Exoskeleton","Calcite","Meroplanktonic","No","Sea urchins"
"3011","Eukaryota","Arthropoda","Malacostraca","Euphausiacea","Euphausiidae","Thysanoessa","Thysanoessa gregaria","Variable","No","Variable","None","Exoskeleton","Chitin + Calcium","Holoplanktonic","No","Krill"
"3013","Eukaryota","Arthropoda","Copepoda","Calanoida","Pontellidae","Labidocera","Labidocera trispinosa","Variable","Variable","Variable","Exoskeleton","Exoskeleton","Chitin + Calcium","Holoplanktonic","No","Copepods"
"3016","Eukaryota","Arthropoda","Malacostraca","Decapoda","Munididae","Pleuroncodes","Pleuroncodes planipes","Variable","No","Variable","None","Exoskeleton","Calcite","Meroplanktonic","No","Crabs, lobsters, shrimp"
"3017","Eukaryota","Arthropoda","Malacostraca","Euphausiacea","Euphausiidae","Nyctiphanes","Nyctiphanes simplex","Variable","No","Variable","None","Exoskeleton","Chitin + Calcium","Holoplanktonic","No","Krill"
"3018","Eukaryota","Mollusca","Gastropoda","Nudibranchia","Discodorididae","Diaulula","Diaulula sandiegensis","Variable","Variable","No","External shell","None","Aragonite","Meroplanktonic","No","Shell-less sea slugs"
"3023","Eukaryota","Arthropoda","Thecostraca","Balanomorpha","Chthamalidae","Chthamalus","Chthamalus fissus","Yes","Yes","Yes","External shell","External shell","Calcite","Meroplanktonic","No","Barnacles"
"3024","Eukaryota","Arthropoda","Malacostraca","Euphausiacea","Euphausiidae","Nyctiphanes","Nyctiphanes simplex","Variable","No","Variable","None","Exoskeleton","Chitin + Calcium","Holoplanktonic","No","Krill"
"3029","Eukaryota","Arthropoda","Copepoda","Calanoida","Eucalanidae","Eucalanus","Eucalanus californicus","Variable","Variable","Variable","Exoskeleton","Exoskeleton","Chitin + Calcium","Holoplanktonic","No","Copepods"
"3030","Eukaryota","Arthropoda","Copepoda","Calanoida","Eucalanidae","Eucalanus","Eucalanus californicus","Variable","Variable","Variable","Exoskeleton","Exoskeleton","Chitin + Calcium","Holoplanktonic","No","Copepods"
"3031","Eukaryota","Arthropoda","Ostracoda","Halocyprida","Halocyprididae","Proceroecia","Proceroecia procera","Variable","No","Variable","None","Exoskeleton","Chitin + Calcium","Holoplanktonic","No","Ostracods (seed shrimp)"
"3035","Eukaryota","Mollusca","Gastropoda","Nudibranchia","Glaucidae","Hermissenda","Hermissenda opalescens","Variable","Variable","No","External shell","None","Aragonite","Meroplanktonic","No","Shell-less sea slugs"
"3036","Eukaryota","Chordata","Actinopteri","Argentiniformes","Bathylagidae","Bathylagus","Bathylagus pacificus","No","No","No","None","None","None","Meroplanktonic","No","Deep-sea smelts and related fish"
"3037","Eukaryota","Chordata","Actinopteri","Perciformes","Bathymasteridae","Rathbunella","Rathbunella hypoplecta","No","No","No","None","None","None","Meroplanktonic","No","Perch-like fishes (most diverse fish group)"
"3038","Eukaryota","Arthropoda","Malacostraca","Decapoda","Cancridae","Metacarcinus","Metacarcinus gracilis","Variable","No","Variable","None","Exoskeleton","Calcite","Meroplanktonic","No","Crabs, lobsters, shrimp"
"3039","Eukaryota","Arthropoda","Malacostraca","Euphausiacea","Euphausiidae","Nyctiphanes","Nyctiphanes simplex","Variable","No","Variable","None","Exoskeleton","Chitin + Calcium","Holoplanktonic","No","Krill"
"3040","Eukaryota","Echinodermata","Echinoidea","Clypeasteroida","Dendrasteridae","Dendraster","Dendraster excentricus","Yes","Yes","Yes","Exoskeleton","Exoskeleton","Calcite","Meroplanktonic","No","Sand dollars"
"3041","Eukaryota","Arthropoda","Copepoda","Poecilostomatoida","Oncaeidae","Oncaea","Oncaea scottodicarloi","Variable","Variable","Variable","Exoskeleton","Exoskeleton","Chitin + Calcium","Holoplanktonic","No","Parasitic or predatory copepods"
"3043","Eukaryota","Arthropoda","Copepoda","Calanoida","Eucalanidae","Eucalanus","Eucalanus californicus","Variable","Variable","Variable","Exoskeleton","Exoskeleton","Chitin + Calcium","Holoplanktonic","No","Copepods"
"3044","Eukaryota","Arthropoda","Copepoda","Calanoida","Eucalanidae","Eucalanus","Eucalanus californicus","Variable","Variable","Variable","Exoskeleton","Exoskeleton","Chitin + Calcium","Holoplanktonic","No","Copepods"
"3047","Eukaryota","Arthropoda","Copepoda","Calanoida","Eucalanidae","Eucalanus","Eucalanus californicus","Variable","Variable","Variable","Exoskeleton","Exoskeleton","Chitin + Calcium","Holoplanktonic","No","Copepods"
"3050","Eukaryota","Mollusca","Gastropoda","Nudibranchia","Glaucidae","Hermissenda","Hermissenda opalescens","Variable","Variable","No","External shell","None","Aragonite","Meroplanktonic","No","Shell-less sea slugs"
"3055","Eukaryota","Mollusca","Gastropoda","Pteropoda","Creseidae","Styliola","Styliola sp.","Yes","Yes","Yes","External shell","External shell","Aragonite","Holoplanktonic","No","Sea butterflies"
"3056","Eukaryota","Arthropoda","Copepoda","Calanoida","Eucalanidae","Eucalanus","Eucalanus californicus","Variable","Variable","Variable","Exoskeleton","Exoskeleton","Chitin + Calcium","Holoplanktonic","No","Copepods"
"3057","Eukaryota","Arthropoda","Copepoda","Calanoida","Eucalanidae","Eucalanus","Eucalanus californicus","Variable","Variable","Variable","Exoskeleton","Exoskeleton","Chitin + Calcium","Holoplanktonic","No","Copepods"
"3058","Eukaryota","Arthropoda","Copepoda","Calanoida","Eucalanidae","Eucalanus","Eucalanus californicus","Variable","Variable","Variable","Exoskeleton","Exoskeleton","Chitin + Calcium","Holoplanktonic","No","Copepods"
"3059","Eukaryota","Bryozoa","Gymnolaemata","Cheilostomatida","Membraniporidae","Membranipora",NA,"Yes","Yes","Yes","External shell","External shell","Calcite","Meroplanktonic","No","Encrusting bryozoans"
"3060","Eukaryota","Arthropoda","Copepoda","Calanoida","Eucalanidae","Eucalanus","Eucalanus californicus","Variable","Variable","Variable","Exoskeleton","Exoskeleton","Chitin + Calcium","Holoplanktonic","No","Copepods"
"3061","Eukaryota","Arthropoda","Copepoda","Calanoida","Eucalanidae","Eucalanus","Eucalanus californicus","Variable","Variable","Variable","Exoskeleton","Exoskeleton","Chitin + Calcium","Holoplanktonic","No","Copepods"
"3062","Eukaryota","Arthropoda","Copepoda","Calanoida","Eucalanidae","Eucalanus","Eucalanus californicus","Variable","Variable","Variable","Exoskeleton","Exoskeleton","Chitin + Calcium","Holoplanktonic","No","Copepods"
"3063","Eukaryota","Arthropoda","Copepoda","Calanoida","Clausocalanidae","Clausocalanus","Clausocalanus parapergens","Variable","Variable","Variable","Exoskeleton","Exoskeleton","Chitin + Calcium","Holoplanktonic","No","Copepods"
"3064","Eukaryota","Arthropoda","Copepoda","Calanoida","Mecynoceridae","Mecynocera","Mecynocera clausi","Variable","Variable","Variable","Exoskeleton","Exoskeleton","Chitin + Calcium","Holoplanktonic","No","Copepods"
"3066","Eukaryota","Arthropoda","Copepoda","Calanoida","Eucalanidae","Eucalanus","Eucalanus californicus","Variable","Variable","Variable","Exoskeleton","Exoskeleton","Chitin + Calcium","Holoplanktonic","No","Copepods"
"3069","Eukaryota","Arthropoda","Copepoda","Calanoida","Clausocalanidae","Clausocalanus","Clausocalanus pergens","Variable","Variable","Variable","Exoskeleton","Exoskeleton","Chitin + Calcium","Holoplanktonic","No","Copepods"
"3071","Eukaryota","Arthropoda","Ostracoda","Halocyprida","Halocyprididae","Paraconchoecia","Paraconchoecia oblonga","Variable","No","Variable","None","Exoskeleton","Chitin + Calcium","Holoplanktonic","No","Ostracods (seed shrimp)"
"3072","Eukaryota","Arthropoda","Copepoda","Calanoida","Calanidae","Calanus","Calanus pacificus","Variable","Variable","Variable","Exoskeleton","Exoskeleton","Chitin + Calcium","Holoplanktonic","No","Copepods"
"3077","Eukaryota","Bryozoa","Gymnolaemata","Cheilostomatida","Membraniporidae","Membranipora","Membranipora villosa","Yes","Yes","Yes","External shell","External shell","Calcite","Meroplanktonic","No","Encrusting bryozoans"
"3078","Eukaryota","Arthropoda","Copepoda","Calanoida","Eucalanidae","Eucalanus","Eucalanus californicus","Variable","Variable","Variable","Exoskeleton","Exoskeleton","Chitin + Calcium","Holoplanktonic","No","Copepods"
"3079","Eukaryota","Arthropoda","Copepoda","Calanoida","Eucalanidae","Eucalanus","Eucalanus californicus","Variable","Variable","Variable","Exoskeleton","Exoskeleton","Chitin + Calcium","Holoplanktonic","No","Copepods"
"3081","Eukaryota","Arthropoda","Ostracoda","Halocyprida","Halocyprididae","Archiconchoecia","Archiconchoecia striata","Variable","No","Variable","None","Exoskeleton","Chitin + Calcium","Holoplanktonic","No","Ostracods (seed shrimp)"
"3082","Eukaryota","Arthropoda","Thecostraca","Balanomorpha","Chthamalidae","Chthamalus","Chthamalus fissus","Yes","Yes","Yes","External shell","External shell","Calcite","Meroplanktonic","No","Barnacles"
"3083","Eukaryota","Arthropoda","Copepoda","Calanoida","Calanidae","Calanus","Calanus pacificus","Variable","Variable","Variable","Exoskeleton","Exoskeleton","Chitin + Calcium","Holoplanktonic","No","Copepods"
"3084","Eukaryota","Mollusca","Gastropoda","Nudibranchia","Glaucidae","Hermissenda","Hermissenda opalescens","Variable","Variable","No","External shell","None","Aragonite","Meroplanktonic","No","Shell-less sea slugs"
"3087","Eukaryota","Arthropoda","Copepoda","Calanoida","Eucalanidae","Eucalanus","Eucalanus californicus","Variable","Variable","Variable","Exoskeleton","Exoskeleton","Chitin + Calcium","Holoplanktonic","No","Copepods"
"3090","Eukaryota","Arthropoda","Copepoda","Calanoida","Pontellidae","Labidocera",NA,"Variable","Variable","Variable","Exoskeleton","Exoskeleton","Chitin + Calcium","Holoplanktonic","No","Copepods"
"3093","Eukaryota","Bryozoa","Gymnolaemata","Cheilostomatida","Membraniporidae","Membranipora","Membranipora villosa","Yes","Yes","Yes","External shell","External shell","Calcite","Meroplanktonic","No","Encrusting bryozoans"
"3094","Eukaryota","Arthropoda","Copepoda","Calanoida","Mecynoceridae","Mecynocera","Mecynocera clausi","Variable","Variable","Variable","Exoskeleton","Exoskeleton","Chitin + Calcium","Holoplanktonic","No","Copepods"
"3096","Eukaryota","Arthropoda","Copepoda","Calanoida","Eucalanidae","Eucalanus","Eucalanus californicus","Variable","Variable","Variable","Exoskeleton","Exoskeleton","Chitin + Calcium","Holoplanktonic","No","Copepods"
"3097","Eukaryota","Mollusca","Gastropoda","Nudibranchia","Glaucidae","Hermissenda",NA,"Variable","Variable","No","External shell","None","Aragonite","Meroplanktonic","No","Shell-less sea slugs"
"3098","Eukaryota","Arthropoda","Copepoda","Calanoida","Eucalanidae","Eucalanus","Eucalanus californicus","Variable","Variable","Variable","Exoskeleton","Exoskeleton","Chitin + Calcium","Holoplanktonic","No","Copepods"
"3099","Eukaryota","Arthropoda","Copepoda","Calanoida","Eucalanidae","Eucalanus","Eucalanus californicus","Variable","Variable","Variable","Exoskeleton","Exoskeleton","Chitin + Calcium","Holoplanktonic","No","Copepods"
"3102","Eukaryota","Arthropoda","Copepoda","Poecilostomatoida","Oncaeidae","Oncaea","Oncaea sp.","Variable","Variable","Variable","Exoskeleton","Exoskeleton","Chitin + Calcium","Holoplanktonic","No","Parasitic or predatory copepods"
"3103","Eukaryota","Arthropoda","Copepoda","Calanoida","Calanidae","Calanus","Calanus pacificus","Variable","Variable","Variable","Exoskeleton","Exoskeleton","Chitin + Calcium","Holoplanktonic","No","Copepods"
"3104","Eukaryota","Arthropoda","Copepoda","Calanoida","Clausocalanidae","Clausocalanus","Clausocalanus parapergens","Variable","Variable","Variable","Exoskeleton","Exoskeleton","Chitin + Calcium","Holoplanktonic","No","Copepods"
"3105","Eukaryota","Arthropoda","Copepoda","Calanoida","Clausocalanidae","Clausocalanus","Clausocalanus parapergens","Variable","Variable","Variable","Exoskeleton","Exoskeleton","Chitin + Calcium","Holoplanktonic","No","Copepods"
"3108","Eukaryota","Arthropoda","Ostracoda","Halocyprida","Halocyprididae",NA,NA,"Variable","No","Variable","None","Exoskeleton","Chitin + Calcium","Holoplanktonic","No","Ostracods (seed shrimp)"
"3109","Eukaryota","Arthropoda","Copepoda","Calanoida","Eucalanidae","Eucalanus","Eucalanus californicus","Variable","Variable","Variable","Exoskeleton","Exoskeleton","Chitin + Calcium","Holoplanktonic","No","Copepods"
"3110","Eukaryota","Arthropoda","Copepoda","Calanoida","Metridinidae","Pleuromamma","Pleuromamma borealis","Variable","Variable","Variable","Exoskeleton","Exoskeleton","Chitin + Calcium","Holoplanktonic","No","Copepods"
"3111","Eukaryota","Mollusca","Gastropoda","Pteropoda","Creseidae","Styliola","Styliola sp.","Yes","Yes","Yes","External shell","External shell","Aragonite","Holoplanktonic","No","Sea butterflies"
"3112","Eukaryota","Arthropoda","Copepoda","Calanoida","Metridinidae","Pleuromamma","Pleuromamma abdominalis","Variable","Variable","Variable","Exoskeleton","Exoskeleton","Chitin + Calcium","Holoplanktonic","No","Copepods"
"3114","Eukaryota","Arthropoda","Copepoda","Calanoida","Eucalanidae","Rhincalanus",NA,"Variable","Variable","Variable","Exoskeleton","Exoskeleton","Chitin + Calcium","Holoplanktonic","No","Copepods"
"3115","Eukaryota","Bryozoa","Gymnolaemata","Cheilostomatida","Membraniporidae","Membranipora","Membranipora villosa","Yes","Yes","Yes","External shell","External shell","Calcite","Meroplanktonic","No","Encrusting bryozoans"
"3120","Eukaryota","Annelida","Polychaeta","Phyllodocida","Polynoidae",NA,NA,"No","No","No","None","None","None","Benthic + Meroplanktonic","No","Active marine polychaetes"
"3122","Eukaryota","Arthropoda","Copepoda","Calanoida","Metridinidae","Pleuromamma","Pleuromamma abdominalis","Variable","Variable","Variable","Exoskeleton","Exoskeleton","Chitin + Calcium","Holoplanktonic","No","Copepods"
"3123","Eukaryota","Phoronida","Phoronidae","Phoronidae","Phoronidae","Phoronopsis",NA,"Yes","Yes","Yes","External tube","External tube","Chitin + Calcium","Meroplanktonic","No","Horseshoe worms (tube-dwelling lophophorates)"
"3124","Eukaryota","Arthropoda","Copepoda","Calanoida","Pontellidae","Labidocera","Labidocera trispinosa","Variable","Variable","Variable","Exoskeleton","Exoskeleton","Chitin + Calcium","Holoplanktonic","No","Copepods"
"3125","Eukaryota","Arthropoda","Copepoda","Calanoida","Eucalanidae","Eucalanus","Eucalanus californicus","Variable","Variable","Variable","Exoskeleton","Exoskeleton","Chitin + Calcium","Holoplanktonic","No","Copepods"
"3126","Eukaryota","Arthropoda","Copepoda","Calanoida","Eucalanidae","Eucalanus","Eucalanus californicus","Variable","Variable","Variable","Exoskeleton","Exoskeleton","Chitin + Calcium","Holoplanktonic","No","Copepods"
"3127","Eukaryota","Arthropoda","Copepoda","Calanoida","Eucalanidae","Eucalanus","Eucalanus californicus","Variable","Variable","Variable","Exoskeleton","Exoskeleton","Chitin + Calcium","Holoplanktonic","No","Copepods"
"3131","Eukaryota","Echinodermata","Echinoidea","Clypeasteroida","Dendrasteridae","Dendraster","Dendraster excentricus","Yes","Yes","Yes","Exoskeleton","Exoskeleton","Calcite","Meroplanktonic","No","Sand dollars"
"3132","Eukaryota","Arthropoda","Malacostraca","Decapoda","Hippolytidae","Eualus","Eualus subtilis","Variable","No","Variable","None","Exoskeleton","Calcite","Meroplanktonic","No","Crabs, lobsters, shrimp"
"3133","Eukaryota","Arthropoda","Copepoda","Calanoida","Pontellidae","Labidocera","Labidocera trispinosa","Variable","Variable","Variable","Exoskeleton","Exoskeleton","Chitin + Calcium","Holoplanktonic","No","Copepods"
"3136","Eukaryota","Arthropoda","Copepoda","Calanoida","Pontellidae","Labidocera","Labidocera trispinosa","Variable","Variable","Variable","Exoskeleton","Exoskeleton","Chitin + Calcium","Holoplanktonic","No","Copepods"
"3137","Eukaryota","Arthropoda","Copepoda","Calanoida","Eucalanidae","Eucalanus","Eucalanus californicus","Variable","Variable","Variable","Exoskeleton","Exoskeleton","Chitin + Calcium","Holoplanktonic","No","Copepods"
"3138","Eukaryota","Arthropoda","Copepoda","Calanoida","Pontellidae","Labidocera","Labidocera trispinosa","Variable","Variable","Variable","Exoskeleton","Exoskeleton","Chitin + Calcium","Holoplanktonic","No","Copepods"
"3139","Eukaryota","Mollusca","Gastropoda","Nudibranchia","Glaucidae","Hermissenda","Hermissenda opalescens","Variable","Variable","No","External shell","None","Aragonite","Meroplanktonic","No","Shell-less sea slugs"
"3140","Eukaryota","Bryozoa","Gymnolaemata","Cheilostomatida","Membraniporidae","Membranipora","Membranipora villosa","Yes","Yes","Yes","External shell","External shell","Calcite","Meroplanktonic","No","Encrusting bryozoans"
"3141","Eukaryota","Arthropoda","Malacostraca","Decapoda","Munididae","Antillimunida","Antillimunida bapensis","Variable","No","Variable","None","Exoskeleton","Calcite","Meroplanktonic","No","Crabs, lobsters, shrimp"
"3143","Eukaryota","Arthropoda","Copepoda","Calanoida","Candaciidae","Candacia","Candacia curta","Variable","Variable","Variable","Exoskeleton","Exoskeleton","Chitin + Calcium","Holoplanktonic","No","Copepods"
"3144","Eukaryota","Mollusca","Gastropoda","Nudibranchia","Glaucidae","Hermissenda","Hermissenda opalescens","Variable","Variable","No","External shell","None","Aragonite","Meroplanktonic","No","Shell-less sea slugs"
"3145","Eukaryota","Mollusca","Gastropoda","Pteropoda","Cuvierinidae","Cuvierina","Cuvierina pacifica","Yes","Yes","Yes","External shell","External shell","Aragonite","Holoplanktonic","No","Sea butterflies"
"3146","Eukaryota","Bryozoa","Gymnolaemata","Cheilostomatida","Membraniporidae","Membranipora","Membranipora villosa","Yes","Yes","Yes","External shell","External shell","Calcite","Meroplanktonic","No","Encrusting bryozoans"
"3147","Eukaryota","Mollusca","Gastropoda","Nudibranchia","Glaucidae","Hermissenda","Hermissenda opalescens","Variable","Variable","No","External shell","None","Aragonite","Meroplanktonic","No","Shell-less sea slugs"
"3148","Eukaryota","Arthropoda","Copepoda","Poecilostomatoida","Oncaeidae","Oncaea","Oncaea sp.","Variable","Variable","Variable","Exoskeleton","Exoskeleton","Chitin + Calcium","Holoplanktonic","No","Parasitic or predatory copepods"
"3149","Eukaryota","Cnidaria","Hydrozoa","Anthoathecata","Pandeidae",NA,NA,"No","No","No","None","None","None","Benthic + Holoplanktonic","No","Colonial hydroids and small medusae"
"3151","Eukaryota","Echinodermata","Ophiuroidea","Amphilepidida","Ophiotrichidae","Ophiothrix",NA,"Yes","Yes","Yes","Internal skeleton","Internal skeleton","Calcite","Meroplanktonic","No","Brittle stars"
"3153","Eukaryota","Arthropoda","Copepoda","Calanoida","Eucalanidae","Eucalanus","Eucalanus californicus","Variable","Variable","Variable","Exoskeleton","Exoskeleton","Chitin + Calcium","Holoplanktonic","No","Copepods"
"3154","Eukaryota","Mollusca","Gastropoda","Nudibranchia","Glaucidae","Hermissenda","Hermissenda opalescens","Variable","Variable","No","External shell","None","Aragonite","Meroplanktonic","No","Shell-less sea slugs"
"3156","Eukaryota","Arthropoda","Copepoda","Poecilostomatoida","Oncaeidae","Oncaea","Oncaea sp.","Variable","Variable","Variable","Exoskeleton","Exoskeleton","Chitin + Calcium","Holoplanktonic","No","Parasitic or predatory copepods"
"3157","Eukaryota","Arthropoda","Copepoda","Calanoida","Scolecitrichidae","Scolecithricella","Scolecithricella dentata","Variable","Variable","Variable","Exoskeleton","Exoskeleton","Chitin + Calcium","Holoplanktonic","No","Copepods"
"3159","Eukaryota","Arthropoda","Copepoda","Calanoida","Mecynoceridae","Mecynocera","Mecynocera clausi","Variable","Variable","Variable","Exoskeleton","Exoskeleton","Chitin + Calcium","Holoplanktonic","No","Copepods"
"3161","Eukaryota","Bryozoa","Gymnolaemata","Cheilostomatida","Membraniporidae","Membranipora","Membranipora villosa","Yes","Yes","Yes","External shell","External shell","Calcite","Meroplanktonic","No","Encrusting bryozoans"
"3165","Eukaryota","Arthropoda","Copepoda","Calanoida","Clausocalanidae","Clausocalanus","Clausocalanus arcuicornis","Variable","Variable","Variable","Exoskeleton","Exoskeleton","Chitin + Calcium","Holoplanktonic","No","Copepods"
"3169","Eukaryota","Mollusca","Gastropoda","Pteropoda","Creseidae","Creseis","Creseis conica","Yes","Yes","Yes","External shell","External shell","Aragonite","Holoplanktonic","No","Sea butterflies"
"3170","Eukaryota","Arthropoda","Copepoda","Poecilostomatoida","Oncaeidae","Oncaea","Oncaea sp.","Variable","Variable","Variable","Exoskeleton","Exoskeleton","Chitin + Calcium","Holoplanktonic","No","Parasitic or predatory copepods"
"3172","Eukaryota","Arthropoda","Copepoda","Calanoida","Eucalanidae","Eucalanus","Eucalanus californicus","Variable","Variable","Variable","Exoskeleton","Exoskeleton","Chitin + Calcium","Holoplanktonic","No","Copepods"
"3173","Eukaryota","Bryozoa","Gymnolaemata","Cheilostomatida","Membraniporidae","Membranipora","Membranipora villosa","Yes","Yes","Yes","External shell","External shell","Calcite","Meroplanktonic","No","Encrusting bryozoans"
"3174","Eukaryota","Arthropoda","Copepoda","Poecilostomatoida","Oncaeidae","Oncaea","Oncaea sp.","Variable","Variable","Variable","Exoskeleton","Exoskeleton","Chitin + Calcium","Holoplanktonic","No","Parasitic or predatory copepods"
"3175","Eukaryota","Arthropoda","Malacostraca","Decapoda","Epialtidae","Pugettia","Pugettia producta","Variable","No","Variable","None","Exoskeleton","Calcite","Meroplanktonic","No","Crabs, lobsters, shrimp"
"3176","Eukaryota","Arthropoda","Ostracoda","Halocyprida","Halocyprididae","Conchoecia","Conchoecia magna","Variable","No","Variable","None","Exoskeleton","Chitin + Calcium","Holoplanktonic","No","Ostracods (seed shrimp)"
"3178","Eukaryota","Arthropoda","Copepoda","Calanoida","Eucalanidae","Eucalanus","Eucalanus californicus","Variable","Variable","Variable","Exoskeleton","Exoskeleton","Chitin + Calcium","Holoplanktonic","No","Copepods"
"3179","Eukaryota","Arthropoda","Copepoda","Calanoida","Eucalanidae","Eucalanus","Eucalanus californicus","Variable","Variable","Variable","Exoskeleton","Exoskeleton","Chitin + Calcium","Holoplanktonic","No","Copepods"
"3182","Eukaryota","Mollusca","Gastropoda","Nudibranchia","Glaucidae","Hermissenda","Hermissenda opalescens","Variable","Variable","No","External shell","None","Aragonite","Meroplanktonic","No","Shell-less sea slugs"
"3183","Eukaryota","Arthropoda","Copepoda","Calanoida","Eucalanidae","Eucalanus","Eucalanus californicus","Variable","Variable","Variable","Exoskeleton","Exoskeleton","Chitin + Calcium","Holoplanktonic","No","Copepods"
"3185","Eukaryota","Chordata","Actinopteri","Pleuronectiformes","Cynoglossidae","Symphurus","Symphurus atricaudus","No","No","No","None","None","None","Meroplanktonic","No","Flatfishes (flounders, soles, halibut)"
"3186","Eukaryota","Arthropoda","Copepoda","Calanoida","Eucalanidae","Eucalanus","Eucalanus californicus","Variable","Variable","Variable","Exoskeleton","Exoskeleton","Chitin + Calcium","Holoplanktonic","No","Copepods"
"3188","Eukaryota","Arthropoda","Copepoda","Calanoida","Pontellidae","Labidocera","Labidocera trispinosa","Variable","Variable","Variable","Exoskeleton","Exoskeleton","Chitin + Calcium","Holoplanktonic","No","Copepods"
"3192","Eukaryota","Arthropoda","Copepoda","Calanoida","Eucalanidae","Eucalanus","Eucalanus californicus","Variable","Variable","Variable","Exoskeleton","Exoskeleton","Chitin + Calcium","Holoplanktonic","No","Copepods"
"3194","Eukaryota","Arthropoda","Copepoda","Calanoida","Eucalanidae","Eucalanus","Eucalanus californicus","Variable","Variable","Variable","Exoskeleton","Exoskeleton","Chitin + Calcium","Holoplanktonic","No","Copepods"
"3195","Eukaryota","Arthropoda","Copepoda","Calanoida","Pontellidae","Labidocera","Labidocera trispinosa","Variable","Variable","Variable","Exoskeleton","Exoskeleton","Chitin + Calcium","Holoplanktonic","No","Copepods"
"3196","Eukaryota","Arthropoda","Malacostraca","Euphausiacea","Euphausiidae","Euphausia","Euphausia pacifica","Variable","No","Variable","None","Exoskeleton","Chitin + Calcium","Holoplanktonic","No","Krill"
"3198","Eukaryota","Mollusca","Gastropoda","Nudibranchia","Glaucidae","Hermissenda","Hermissenda opalescens","Variable","Variable","No","External shell","None","Aragonite","Meroplanktonic","No","Shell-less sea slugs"
"3199","Eukaryota","Bryozoa","Gymnolaemata","Cheilostomatida","Membraniporidae","Membranipora","Membranipora villosa","Yes","Yes","Yes","External shell","External shell","Calcite","Meroplanktonic","No","Encrusting bryozoans"
"3200","Eukaryota","Arthropoda","Copepoda","Poecilostomatoida","Oncaeidae","Oncaea","Oncaea sp.","Variable","Variable","Variable","Exoskeleton","Exoskeleton","Chitin + Calcium","Holoplanktonic","No","Parasitic or predatory copepods"
"3201","Eukaryota","Arthropoda","Ostracoda","Halocyprida","Halocyprididae","Proceroecia","Proceroecia procera","Variable","No","Variable","None","Exoskeleton","Chitin + Calcium","Holoplanktonic","No","Ostracods (seed shrimp)"
"3202","Eukaryota","Arthropoda","Ostracoda","Halocyprida","Halocyprididae","Halocypris","Halocypris inflata","Variable","No","Variable","None","Exoskeleton","Chitin + Calcium","Holoplanktonic","No","Ostracods (seed shrimp)"
"3203","Eukaryota","Arthropoda","Copepoda","Calanoida","Calanidae","Calanus","Calanus pacificus","Variable","Variable","Variable","Exoskeleton","Exoskeleton","Chitin + Calcium","Holoplanktonic","No","Copepods"
"3204","Eukaryota","Mollusca","Gastropoda","Nudibranchia","Glaucidae","Hermissenda","Hermissenda opalescens","Variable","Variable","No","External shell","None","Aragonite","Meroplanktonic","No","Shell-less sea slugs"
"3205","Eukaryota","Arthropoda","Copepoda","Calanoida","Eucalanidae","Eucalanus","Eucalanus californicus","Variable","Variable","Variable","Exoskeleton","Exoskeleton","Chitin + Calcium","Holoplanktonic","No","Copepods"
"3207","Eukaryota","Arthropoda","Copepoda","Calanoida","Scolecitrichidae","Scolecithricella","Scolecithricella dentata","Variable","Variable","Variable","Exoskeleton","Exoskeleton","Chitin + Calcium","Holoplanktonic","No","Copepods"
"3210","Eukaryota","Arthropoda","Ostracoda","Halocyprida","Halocyprididae","Conchoecia","Conchoecia magna","Variable","No","Variable","None","Exoskeleton","Chitin + Calcium","Holoplanktonic","No","Ostracods (seed shrimp)"
"3211","Eukaryota","Arthropoda","Copepoda","Calanoida","Clausocalanidae","Clausocalanus","Clausocalanus paululus","Variable","Variable","Variable","Exoskeleton","Exoskeleton","Chitin + Calcium","Holoplanktonic","No","Copepods"
"3213","Eukaryota","Mollusca","Gastropoda","Nudibranchia","Glaucidae","Hermissenda","Hermissenda opalescens","Variable","Variable","No","External shell","None","Aragonite","Meroplanktonic","No","Shell-less sea slugs"
"3216","Eukaryota","Bryozoa","Gymnolaemata","Cheilostomatida","Membraniporidae","Membranipora","Membranipora villosa","Yes","Yes","Yes","External shell","External shell","Calcite","Meroplanktonic","No","Encrusting bryozoans"
"3218","Eukaryota","Echinodermata","Asteroidea","Paxillosida","Luidiidae","Luidia","Luidia foliolata","Variable","No","Yes","None","Internal skeleton","Calcite","Meroplanktonic","No","Starfish without suckers"
"3219","Eukaryota","Mollusca","Gastropoda","Littorinimorpha","Atlantidae","Atlanta","Atlanta sp. USNM IZ 1230636","Yes","Yes","Yes","External shell","External shell","Aragonite/Calcite","Meroplanktonic","No","Periwinkles and related snails"
"3221","Eukaryota","Echinodermata","Ophiuroidea","Amphilepidida","Ophionereidae","Ophionereis",NA,"Yes","Yes","Yes","Internal skeleton","Internal skeleton","Calcite","Meroplanktonic","No","Brittle stars"
"3222","Eukaryota","Arthropoda","Malacostraca","Euphausiacea","Euphausiidae","Hansarsia",NA,"Variable","No","Variable","None","Exoskeleton","Chitin + Calcium","Holoplanktonic","No","Krill"
"3223","Eukaryota","Arthropoda","Copepoda","Calanoida","Pontellidae","Labidocera","Labidocera trispinosa","Variable","Variable","Variable","Exoskeleton","Exoskeleton","Chitin + Calcium","Holoplanktonic","No","Copepods"
"3224","Eukaryota","Arthropoda","Copepoda","Calanoida","Eucalanidae","Eucalanus","Eucalanus californicus","Variable","Variable","Variable","Exoskeleton","Exoskeleton","Chitin + Calcium","Holoplanktonic","No","Copepods"
"3225","Eukaryota","Mollusca","Gastropoda","Pteropoda","Limacinidae",NA,NA,"Yes","Yes","Yes","External shell","External shell","Aragonite","Holoplanktonic","No","Sea butterflies"
"3227","Eukaryota","Arthropoda","Malacostraca","Euphausiacea","Euphausiidae","Euphausia","Euphausia pacifica","Variable","No","Variable","None","Exoskeleton","Chitin + Calcium","Holoplanktonic","No","Krill"
"3228","Eukaryota","Arthropoda","Copepoda","Poecilostomatoida","Oncaeidae","Oncaea","Oncaea sp.","Variable","Variable","Variable","Exoskeleton","Exoskeleton","Chitin + Calcium","Holoplanktonic","No","Parasitic or predatory copepods"
"3229","Eukaryota","Arthropoda","Copepoda","Calanoida","Calanidae","Calanus","Calanus pacificus","Variable","Variable","Variable","Exoskeleton","Exoskeleton","Chitin + Calcium","Holoplanktonic","No","Copepods"
"3230","Eukaryota","Arthropoda","Copepoda","Calanoida","Eucalanidae","Eucalanus","Eucalanus californicus","Variable","Variable","Variable","Exoskeleton","Exoskeleton","Chitin + Calcium","Holoplanktonic","No","Copepods"
"3232","Eukaryota","Arthropoda","Copepoda","Calanoida","Eucalanidae","Eucalanus","Eucalanus californicus","Variable","Variable","Variable","Exoskeleton","Exoskeleton","Chitin + Calcium","Holoplanktonic","No","Copepods"
"3233","Eukaryota","Arthropoda","Copepoda","Calanoida","Eucalanidae","Eucalanus","Eucalanus californicus","Variable","Variable","Variable","Exoskeleton","Exoskeleton","Chitin + Calcium","Holoplanktonic","No","Copepods"
"3234","Eukaryota","Arthropoda","Copepoda","Calanoida","Eucalanidae","Eucalanus","Eucalanus californicus","Variable","Variable","Variable","Exoskeleton","Exoskeleton","Chitin + Calcium","Holoplanktonic","No","Copepods"
"3236","Eukaryota","Echinodermata","Ophiuroidea","Amphilepidida","Amphiuridae","Amphipholis","Amphipholis pugetana","Yes","Yes","Yes","Internal skeleton","Internal skeleton","Calcite","Meroplanktonic","No","Brittle stars"
"3237","Eukaryota","Mollusca","Gastropoda","Neogastropoda","Nassariidae",NA,NA,"Yes","Yes","Yes","External shell","External shell","Aragonite/Calcite","Meroplanktonic","No","Whelks and predatory snails"
"3238","Eukaryota","Arthropoda","Copepoda","Calanoida","Calanidae","Calanus","Calanus pacificus","Variable","Variable","Variable","Exoskeleton","Exoskeleton","Chitin + Calcium","Holoplanktonic","No","Copepods"
"3240","Eukaryota","Arthropoda","Copepoda","Calanoida","Calanidae","Calanus","Calanus pacificus","Variable","Variable","Variable","Exoskeleton","Exoskeleton","Chitin + Calcium","Holoplanktonic","No","Copepods"
"3241","Eukaryota","Arthropoda","Copepoda","Calanoida","Eucalanidae","Eucalanus","Eucalanus californicus","Variable","Variable","Variable","Exoskeleton","Exoskeleton","Chitin + Calcium","Holoplanktonic","No","Copepods"
"3243","Eukaryota","Arthropoda","Copepoda","Calanoida","Pontellidae","Labidocera","Labidocera trispinosa","Variable","Variable","Variable","Exoskeleton","Exoskeleton","Chitin + Calcium","Holoplanktonic","No","Copepods"
"3245","Eukaryota","Bryozoa","Gymnolaemata","Cheilostomatida","Membraniporidae","Membranipora",NA,"Yes","Yes","Yes","External shell","External shell","Calcite","Meroplanktonic","No","Encrusting bryozoans"
"3246","Eukaryota","Arthropoda","Copepoda","Calanoida","Pontellidae","Labidocera","Labidocera trispinosa","Variable","Variable","Variable","Exoskeleton","Exoskeleton","Chitin + Calcium","Holoplanktonic","No","Copepods"
"3249","Eukaryota","Arthropoda","Thecostraca","Lepadidae","Lepadidae",NA,NA,"Yes","Variable","Yes","External shell","External shell","Chitin + Calcium","Meroplanktonic","No","Goose barnacles"
"3250","Eukaryota","Arthropoda","Copepoda","Calanoida","Eucalanidae","Eucalanus","Eucalanus californicus","Variable","Variable","Variable","Exoskeleton","Exoskeleton","Chitin + Calcium","Holoplanktonic","No","Copepods"
"3251","Eukaryota","Arthropoda","Copepoda","Calanoida","Candaciidae","Candacia","Candacia curta","Variable","Variable","Variable","Exoskeleton","Exoskeleton","Chitin + Calcium","Holoplanktonic","No","Copepods"
"3254","Eukaryota","Arthropoda","Copepoda","Poecilostomatoida","Oncaeidae","Oncaea","Oncaea sp.","Variable","Variable","Variable","Exoskeleton","Exoskeleton","Chitin + Calcium","Holoplanktonic","No","Parasitic or predatory copepods"
"3260","Eukaryota","Echinodermata","Ophiuroidea","Amphilepidida","Amphiuridae","Amphiodia",NA,"Yes","Yes","Yes","Internal skeleton","Internal skeleton","Calcite","Meroplanktonic","No","Brittle stars"
"3261","Eukaryota","Arthropoda","Copepoda","Calanoida","Pontellidae","Labidocera","Labidocera trispinosa","Variable","Variable","Variable","Exoskeleton","Exoskeleton","Chitin + Calcium","Holoplanktonic","No","Copepods"
"3264","Eukaryota","Arthropoda","Copepoda","Calanoida","Scolecitrichidae","Scolecithricella","Scolecithricella dentata","Variable","Variable","Variable","Exoskeleton","Exoskeleton","Chitin + Calcium","Holoplanktonic","No","Copepods"
"3266","Eukaryota","Arthropoda","Copepoda","Calanoida","Lucicutiidae","Lucicutia","Lucicutia flavicornis","Variable","Variable","Variable","Exoskeleton","Exoskeleton","Chitin + Calcium","Holoplanktonic","No","Copepods"
"3267","Eukaryota","Echinodermata","Ophiuroidea","Amphilepidida","Ophiocomidae","Ophiopteris","Ophiopteris papillosa","Yes","Yes","Yes","Internal skeleton","Internal skeleton","Calcite","Meroplanktonic","No","Brittle stars"
"3268","Eukaryota","Arthropoda","Copepoda","Calanoida","Pontellidae","Labidocera","Labidocera trispinosa","Variable","Variable","Variable","Exoskeleton","Exoskeleton","Chitin + Calcium","Holoplanktonic","No","Copepods"
"3269","Eukaryota","Arthropoda","Copepoda","Calanoida","Acartiidae","Acartia","Acartia tonsa","Variable","Variable","Variable","Exoskeleton","Exoskeleton","Chitin + Calcium","Holoplanktonic","No","Copepods"
"3270","Eukaryota","Arthropoda","Copepoda","Poecilostomatoida","Oncaeidae","Oncaea","Oncaea sp.","Variable","Variable","Variable","Exoskeleton","Exoskeleton","Chitin + Calcium","Holoplanktonic","No","Parasitic or predatory copepods"
"3274","Eukaryota","Arthropoda","Malacostraca","Decapoda","Hippolytidae","Lysmata","Lysmata californica","Variable","No","Variable","None","Exoskeleton","Calcite","Meroplanktonic","No","Crabs, lobsters, shrimp"
"3275","Eukaryota","Mollusca","Gastropoda","Pteropoda","Creseidae","Styliola","Styliola sp.","Yes","Yes","Yes","External shell","External shell","Aragonite","Holoplanktonic","No","Sea butterflies"
"3276","Eukaryota","Arthropoda","Malacostraca","Amphipoda","Phrosinidae","Primno","Primno brevidens","Variable","Yes","Yes","Exoskeleton","Exoskeleton","Chitin + Calcium","Benthic + Holoplanktonic","No","Amphipods"
"3277","Eukaryota","Arthropoda","Copepoda","Calanoida","Eucalanidae","Eucalanus","Eucalanus californicus","Variable","Variable","Variable","Exoskeleton","Exoskeleton","Chitin + Calcium","Holoplanktonic","No","Copepods"
"3278","Eukaryota","Arthropoda","Copepoda","Calanoida","Eucalanidae","Eucalanus","Eucalanus californicus","Variable","Variable","Variable","Exoskeleton","Exoskeleton","Chitin + Calcium","Holoplanktonic","No","Copepods"
"3281","Eukaryota","Echinodermata","Ophiuroidea","Amphilepidida","Ophiactidae","Ophiopholis","Ophiopholis sp. EAC01","Yes","Yes","Yes","Internal skeleton","Internal skeleton","Calcite","Meroplanktonic","No","Brittle stars"
"3282","Eukaryota","Mollusca","Gastropoda","Pteropoda","Limacinidae",NA,NA,"Yes","Yes","Yes","External shell","External shell","Aragonite","Holoplanktonic","No","Sea butterflies"
"3285","Eukaryota","Arthropoda","Copepoda","Calanoida","Eucalanidae","Eucalanus","Eucalanus californicus","Variable","Variable","Variable","Exoskeleton","Exoskeleton","Chitin + Calcium","Holoplanktonic","No","Copepods"
"3287","Eukaryota","Arthropoda","Copepoda","Calanoida","Pontellidae","Labidocera","Labidocera trispinosa","Variable","Variable","Variable","Exoskeleton","Exoskeleton","Chitin + Calcium","Holoplanktonic","No","Copepods"
"3289","Eukaryota","Arthropoda","Malacostraca","Euphausiacea","Euphausiidae","Nyctiphanes","Nyctiphanes simplex","Variable","No","Variable","None","Exoskeleton","Chitin + Calcium","Holoplanktonic","No","Krill"
"3290","Eukaryota","Arthropoda","Copepoda","Calanoida","Eucalanidae","Eucalanus","Eucalanus californicus","Variable","Variable","Variable","Exoskeleton","Exoskeleton","Chitin + Calcium","Holoplanktonic","No","Copepods"
"3291","Eukaryota","Arthropoda","Copepoda","Calanoida","Eucalanidae","Eucalanus","Eucalanus californicus","Variable","Variable","Variable","Exoskeleton","Exoskeleton","Chitin + Calcium","Holoplanktonic","No","Copepods"
"3292","Eukaryota","Arthropoda","Ostracoda","Halocyprida","Halocyprididae","Proceroecia","Proceroecia procera","Variable","No","Variable","None","Exoskeleton","Chitin + Calcium","Holoplanktonic","No","Ostracods (seed shrimp)"
"3293","Eukaryota","Arthropoda","Copepoda","Calanoida","Clausocalanidae","Clausocalanus","Clausocalanus furcatus","Variable","Variable","Variable","Exoskeleton","Exoskeleton","Chitin + Calcium","Holoplanktonic","No","Copepods"
"3294","Eukaryota","Arthropoda","Copepoda","Calanoida","Metridinidae","Pleuromamma","Pleuromamma abdominalis","Variable","Variable","Variable","Exoskeleton","Exoskeleton","Chitin + Calcium","Holoplanktonic","No","Copepods"
"3295","Eukaryota","Arthropoda","Copepoda","Calanoida","Pontellidae","Labidocera","Labidocera trispinosa","Variable","Variable","Variable","Exoskeleton","Exoskeleton","Chitin + Calcium","Holoplanktonic","No","Copepods"
"3297","Eukaryota","Chordata","Actinopteri","Aulopiformes","Synodontidae","Synodus","Synodus lucioceps","No","No","No","None","None","None","Meroplanktonic","No","Lizardfish and deep-sea teleosts"
"3299","Eukaryota","Echinodermata","Ophiuroidea","Amphilepidida","Amphiuridae",NA,NA,"Yes","Yes","Yes","Internal skeleton","Internal skeleton","Calcite","Meroplanktonic","No","Brittle stars"
"3300","Eukaryota","Arthropoda","Copepoda","Calanoida","Calocalanidae",NA,NA,"Variable","Variable","Variable","Exoskeleton","Exoskeleton","Chitin + Calcium","Holoplanktonic","No","Copepods"
"3302","Eukaryota","Arthropoda","Copepoda","Calanoida","Clausocalanidae","Clausocalanus",NA,"Variable","Variable","Variable","Exoskeleton","Exoskeleton","Chitin + Calcium","Holoplanktonic","No","Copepods"
"3305","Eukaryota","Arthropoda","Copepoda","Calanoida","Mecynoceridae","Mecynocera","Mecynocera clausi","Variable","Variable","Variable","Exoskeleton","Exoskeleton","Chitin + Calcium","Holoplanktonic","No","Copepods"
"3306","Eukaryota","Arthropoda","Copepoda","Calanoida","Candaciidae","Candacia","Candacia bipinnata","Variable","Variable","Variable","Exoskeleton","Exoskeleton","Chitin + Calcium","Holoplanktonic","No","Copepods"
"3308","Eukaryota","Arthropoda","Copepoda","Calanoida","Eucalanidae","Eucalanus","Eucalanus californicus","Variable","Variable","Variable","Exoskeleton","Exoskeleton","Chitin + Calcium","Holoplanktonic","No","Copepods"
"3309","Eukaryota","Arthropoda","Malacostraca","Decapoda","Callianassidae",NA,NA,"Variable","No","Variable","None","Exoskeleton","Calcite","Meroplanktonic","No","Crabs, lobsters, shrimp"
"3312","Eukaryota","Arthropoda","Copepoda","Calanoida","Pontellidae","Labidocera","Labidocera trispinosa","Variable","Variable","Variable","Exoskeleton","Exoskeleton","Chitin + Calcium","Holoplanktonic","No","Copepods"
"3313","Eukaryota","Arthropoda","Copepoda","Calanoida","Clausocalanidae","Clausocalanus","Clausocalanus jobei","Variable","Variable","Variable","Exoskeleton","Exoskeleton","Chitin + Calcium","Holoplanktonic","No","Copepods"
"3314","Eukaryota","Nemertea","Enopla","Monostilifera","Poseidonemertidae","Poseidonemertes","Poseidonemertes sp.","No","No","No","None","None","None","Benthic + Meroplanktonic","No","Ribbon worms (with a single stylet)"
"3318","Eukaryota","Mollusca","Bivalvia","Adapedonta","Hiatellidae",NA,NA,"Yes","Yes","Yes","External shell","External shell","Aragonite/Calcite","Meroplanktonic","No","Burrowing clams"
"3321","Eukaryota","Arthropoda","Copepoda","Calanoida","Calanidae","Calanus","Calanus pacificus","Variable","Variable","Variable","Exoskeleton","Exoskeleton","Chitin + Calcium","Holoplanktonic","No","Copepods"
"3322","Eukaryota","Arthropoda","Copepoda","Calanoida","Clausocalanidae","Microcalanus","Microcalanus sp. D AC_2021","Variable","Variable","Variable","Exoskeleton","Exoskeleton","Chitin + Calcium","Holoplanktonic","No","Copepods"
"3323","Eukaryota","Arthropoda","Ostracoda","Halocyprida","Halocyprididae","Conchoecia","Conchoecia magna","Variable","No","Variable","None","Exoskeleton","Chitin + Calcium","Holoplanktonic","No","Ostracods (seed shrimp)"
"3324","Eukaryota","Arthropoda","Malacostraca","Euphausiacea","Euphausiidae","Thysanoessa","Thysanoessa gregaria","Variable","No","Variable","None","Exoskeleton","Chitin + Calcium","Holoplanktonic","No","Krill"
"3326","Eukaryota","Arthropoda","Thecostraca","Balanomorpha","Chthamalidae","Chthamalus","Chthamalus fissus","Yes","Yes","Yes","External shell","External shell","Calcite","Meroplanktonic","No","Barnacles"
"3329","Eukaryota","Arthropoda","Copepoda","Calanoida","Calanidae","Calanus","Calanus pacificus","Variable","Variable","Variable","Exoskeleton","Exoskeleton","Chitin + Calcium","Holoplanktonic","No","Copepods"
"3330","Eukaryota","Arthropoda","Copepoda","Calanoida","Eucalanidae","Eucalanus","Eucalanus californicus","Variable","Variable","Variable","Exoskeleton","Exoskeleton","Chitin + Calcium","Holoplanktonic","No","Copepods"
"3331","Eukaryota","Chordata","Actinopteri","Argentiniformes","Bathylagidae","Leuroglossus","Leuroglossus stilbius","No","No","No","None","None","None","Meroplanktonic","No","Deep-sea smelts and related fish"
"3332","Eukaryota","Arthropoda","Copepoda","Calanoida","Calocalanidae",NA,NA,"Variable","Variable","Variable","Exoskeleton","Exoskeleton","Chitin + Calcium","Holoplanktonic","No","Copepods"
"3336","Eukaryota","Bryozoa","Gymnolaemata","Cheilostomatida","Membraniporidae","Membranipora","Membranipora villosa","Yes","Yes","Yes","External shell","External shell","Calcite","Meroplanktonic","No","Encrusting bryozoans"
"3337","Eukaryota","Mollusca","Gastropoda","Nudibranchia","Glaucidae","Hermissenda","Hermissenda opalescens","Variable","Variable","No","External shell","None","Aragonite","Meroplanktonic","No","Shell-less sea slugs"
"3338","Eukaryota","Bryozoa","Gymnolaemata","Cheilostomatida","Membraniporidae","Membranipora","Membranipora villosa","Yes","Yes","Yes","External shell","External shell","Calcite","Meroplanktonic","No","Encrusting bryozoans"
"3340","Eukaryota","Arthropoda","Copepoda","Poecilostomatoida","Oncaeidae","Oncaea","Oncaea sp.","Variable","Variable","Variable","Exoskeleton","Exoskeleton","Chitin + Calcium","Holoplanktonic","No","Parasitic or predatory copepods"
"3342","Eukaryota","Arthropoda","Copepoda","Calanoida","Eucalanidae","Eucalanus","Eucalanus californicus","Variable","Variable","Variable","Exoskeleton","Exoskeleton","Chitin + Calcium","Holoplanktonic","No","Copepods"
"3344","Eukaryota","Arthropoda","Copepoda","Calanoida","Calanidae","Calanus","Calanus pacificus","Variable","Variable","Variable","Exoskeleton","Exoskeleton","Chitin + Calcium","Holoplanktonic","No","Copepods"
"3346","Eukaryota","Arthropoda","Copepoda","Calanoida","Eucalanidae","Eucalanus","Eucalanus californicus","Variable","Variable","Variable","Exoskeleton","Exoskeleton","Chitin + Calcium","Holoplanktonic","No","Copepods"
"3347","Eukaryota","Annelida","Polychaeta","Phyllodocida","Phyllodocidae","Phyllodoce",NA,"No","No","No","None","None","None","Benthic + Meroplanktonic","No","Active marine polychaetes"
"3348","Eukaryota","Arthropoda","Copepoda","Calanoida","Eucalanidae","Eucalanus",NA,"Variable","Variable","Variable","Exoskeleton","Exoskeleton","Chitin + Calcium","Holoplanktonic","No","Copepods"
"3349","Eukaryota","Arthropoda","Malacostraca","Euphausiacea","Euphausiidae","Hansarsia",NA,"Variable","No","Variable","None","Exoskeleton","Chitin + Calcium","Holoplanktonic","No","Krill"
"3350","Eukaryota","Arthropoda","Malacostraca","Decapoda","Cancridae",NA,NA,"Variable","No","Variable","None","Exoskeleton","Calcite","Meroplanktonic","No","Crabs, lobsters, shrimp"
"3351","Eukaryota","Mollusca","Gastropoda","Nudibranchia","Glaucidae","Hermissenda","Hermissenda opalescens","Variable","Variable","No","External shell","None","Aragonite","Meroplanktonic","No","Shell-less sea slugs"
"3354","Eukaryota","Arthropoda","Copepoda","Poecilostomatoida","Oncaeidae","Oncaea","Oncaea sp.","Variable","Variable","Variable","Exoskeleton","Exoskeleton","Chitin + Calcium","Holoplanktonic","No","Parasitic or predatory copepods"
"3355","Eukaryota","Mollusca","Gastropoda","Nudibranchia","Glaucidae","Hermissenda","Hermissenda opalescens","Variable","Variable","No","External shell","None","Aragonite","Meroplanktonic","No","Shell-less sea slugs"
"3357","Eukaryota","Arthropoda","Copepoda","Calanoida","Temoridae","Temora","Temora discaudata","Variable","Variable","Variable","Exoskeleton","Exoskeleton","Chitin + Calcium","Holoplanktonic","No","Copepods"
"3358","Eukaryota","Echinodermata","Echinoidea","Temnopleuroida","Toxopneustidae","Lytechinus","Lytechinus pictus","Yes","Yes","Yes","Internal skeleton","Exoskeleton","Calcite","Meroplanktonic","No","Short-spined sea urchins"
"3359","Eukaryota","Arthropoda","Copepoda","Calanoida","Eucalanidae","Eucalanus","Eucalanus californicus","Variable","Variable","Variable","Exoskeleton","Exoskeleton","Chitin + Calcium","Holoplanktonic","No","Copepods"
"3360","Eukaryota","Bryozoa","Gymnolaemata","Cheilostomatida","Membraniporidae","Membranipora","Membranipora villosa","Yes","Yes","Yes","External shell","External shell","Calcite","Meroplanktonic","No","Encrusting bryozoans"
"3361","Eukaryota","Arthropoda","Copepoda","Poecilostomatoida","Oncaeidae","Oncaea","Oncaea sp.","Variable","Variable","Variable","Exoskeleton","Exoskeleton","Chitin + Calcium","Holoplanktonic","No","Parasitic or predatory copepods"
"3362","Eukaryota","Mollusca","Gastropoda","Nudibranchia","Glaucidae","Hermissenda","Hermissenda opalescens","Variable","Variable","No","External shell","None","Aragonite","Meroplanktonic","No","Shell-less sea slugs"
"3363","Eukaryota","Arthropoda","Copepoda","Calanoida","Mecynoceridae","Mecynocera","Mecynocera clausi","Variable","Variable","Variable","Exoskeleton","Exoskeleton","Chitin + Calcium","Holoplanktonic","No","Copepods"
"3364","Eukaryota","Mollusca","Gastropoda","Nudibranchia","Glaucidae","Hermissenda","Hermissenda opalescens","Variable","Variable","No","External shell","None","Aragonite","Meroplanktonic","No","Shell-less sea slugs"
"3367","Eukaryota","Arthropoda","Copepoda","Calanoida","Calanidae","Calanus","Calanus pacificus","Variable","Variable","Variable","Exoskeleton","Exoskeleton","Chitin + Calcium","Holoplanktonic","No","Copepods"
"3368","Eukaryota","Arthropoda","Copepoda","Calanoida","Eucalanidae","Eucalanus","Eucalanus californicus","Variable","Variable","Variable","Exoskeleton","Exoskeleton","Chitin + Calcium","Holoplanktonic","No","Copepods"
"3371","Eukaryota","Arthropoda","Ostracoda","Halocyprida","Halocyprididae","Discoconchoecia",NA,"Variable","No","Variable","None","Exoskeleton","Chitin + Calcium","Holoplanktonic","No","Ostracods (seed shrimp)"
"3374","Eukaryota","Echinodermata","Ophiuroidea","Amphilepidida","Ophiocomidae","Ophiopteris","Ophiopteris papillosa","Yes","Yes","Yes","Internal skeleton","Internal skeleton","Calcite","Meroplanktonic","No","Brittle stars"
"3377","Eukaryota","Arthropoda","Copepoda","Poecilostomatoida","Oncaeidae","Oncaea","Oncaea sp.","Variable","Variable","Variable","Exoskeleton","Exoskeleton","Chitin + Calcium","Holoplanktonic","No","Parasitic or predatory copepods"
"3379","Eukaryota","Arthropoda","Copepoda","Poecilostomatoida","Oncaeidae","Oncaea","Oncaea sp.","Variable","Variable","Variable","Exoskeleton","Exoskeleton","Chitin + Calcium","Holoplanktonic","No","Parasitic or predatory copepods"
"3380","Eukaryota","Arthropoda","Copepoda","Calanoida","Calanidae","Calanus","Calanus pacificus","Variable","Variable","Variable","Exoskeleton","Exoskeleton","Chitin + Calcium","Holoplanktonic","No","Copepods"
"3381","Eukaryota","Arthropoda","Copepoda","Calanoida","Pontellidae","Labidocera","Labidocera trispinosa","Variable","Variable","Variable","Exoskeleton","Exoskeleton","Chitin + Calcium","Holoplanktonic","No","Copepods"
"3382","Eukaryota","Arthropoda","Copepoda","Calanoida","Eucalanidae","Eucalanus","Eucalanus californicus","Variable","Variable","Variable","Exoskeleton","Exoskeleton","Chitin + Calcium","Holoplanktonic","No","Copepods"
"3383","Eukaryota","Arthropoda","Copepoda","Calanoida","Eucalanidae","Eucalanus","Eucalanus californicus","Variable","Variable","Variable","Exoskeleton","Exoskeleton","Chitin + Calcium","Holoplanktonic","No","Copepods"
"3384","Eukaryota","Mollusca","Gastropoda","Pteropoda","Cliidae","Clio","Clio pyramidata","Yes","Yes","Yes","External shell","External shell","Aragonite","Holoplanktonic","No","Sea butterflies"
"3385","Eukaryota","Arthropoda","Copepoda","Calanoida","Calanidae","Calanus","Calanus pacificus","Variable","Variable","Variable","Exoskeleton","Exoskeleton","Chitin + Calcium","Holoplanktonic","No","Copepods"
"3386","Eukaryota","Arthropoda","Copepoda","Calanoida","Eucalanidae","Eucalanus","Eucalanus californicus","Variable","Variable","Variable","Exoskeleton","Exoskeleton","Chitin + Calcium","Holoplanktonic","No","Copepods"
"3387","Eukaryota","Arthropoda","Copepoda","Calanoida","Eucalanidae","Eucalanus","Eucalanus californicus","Variable","Variable","Variable","Exoskeleton","Exoskeleton","Chitin + Calcium","Holoplanktonic","No","Copepods"
"3392","Eukaryota","Mollusca","Cephalopoda","Oegopsida","Gonatidae","Gonatus","Gonatus pyros","Variable","Yes","No","Statoliths","None","Aragonite","Meroplanktonic","No","Squid"
"3393","Eukaryota","Arthropoda","Ostracoda","Halocyprida","Halocyprididae","Halocypris","Halocypris sp. USNM IZ 1448950","Variable","No","Variable","None","Exoskeleton","Chitin + Calcium","Holoplanktonic","No","Ostracods (seed shrimp)"
"3395","Eukaryota","Arthropoda","Copepoda","Calanoida","Pontellidae","Labidocera","Labidocera trispinosa","Variable","Variable","Variable","Exoskeleton","Exoskeleton","Chitin + Calcium","Holoplanktonic","No","Copepods"
"3396","Eukaryota","Arthropoda","Copepoda","Calanoida","Eucalanidae","Eucalanus","Eucalanus californicus","Variable","Variable","Variable","Exoskeleton","Exoskeleton","Chitin + Calcium","Holoplanktonic","No","Copepods"
"3397","Eukaryota","Arthropoda","Copepoda","Calanoida","Eucalanidae","Eucalanus","Eucalanus californicus","Variable","Variable","Variable","Exoskeleton","Exoskeleton","Chitin + Calcium","Holoplanktonic","No","Copepods"
"3399","Eukaryota","Arthropoda","Copepoda","Calanoida","Pontellidae","Labidocera","Labidocera trispinosa","Variable","Variable","Variable","Exoskeleton","Exoskeleton","Chitin + Calcium","Holoplanktonic","No","Copepods"
"3400","Eukaryota","Arthropoda","Malacostraca","Isopoda","Munnopsidae","Acanthamunnopsis","Acanthamunnopsis milleri","Variable","No","Variable","None","Exoskeleton","Chitin + Calcium","Benthic + Meroplanktonic","No","Isopods"
"3402","Eukaryota","Arthropoda","Copepoda","Calanoida","Eucalanidae","Eucalanus","Eucalanus californicus","Variable","Variable","Variable","Exoskeleton","Exoskeleton","Chitin + Calcium","Holoplanktonic","No","Copepods"
"3404","Eukaryota","Arthropoda","Copepoda","Calanoida","Eucalanidae","Eucalanus","Eucalanus californicus","Variable","Variable","Variable","Exoskeleton","Exoskeleton","Chitin + Calcium","Holoplanktonic","No","Copepods"
"3405","Eukaryota","Mollusca","Gastropoda","Littorinimorpha","Atlantidae","Atlanta","Atlanta sp. USNM IZ 1230636","Yes","Yes","Yes","External shell","External shell","Aragonite/Calcite","Meroplanktonic","No","Periwinkles and related snails"
"3406","Eukaryota","Arthropoda","Copepoda","Calanoida","Pontellidae","Labidocera",NA,"Variable","Variable","Variable","Exoskeleton","Exoskeleton","Chitin + Calcium","Holoplanktonic","No","Copepods"
"3407","Eukaryota","Arthropoda","Copepoda","Calanoida","Eucalanidae","Eucalanus","Eucalanus californicus","Variable","Variable","Variable","Exoskeleton","Exoskeleton","Chitin + Calcium","Holoplanktonic","No","Copepods"
"3408","Eukaryota","Arthropoda","Copepoda","Calanoida","Pontellidae","Labidocera","Labidocera trispinosa","Variable","Variable","Variable","Exoskeleton","Exoskeleton","Chitin + Calcium","Holoplanktonic","No","Copepods"
"3409","Eukaryota","Arthropoda","Malacostraca","Euphausiacea","Euphausiidae","Nyctiphanes","Nyctiphanes simplex","Variable","No","Variable","None","Exoskeleton","Chitin + Calcium","Holoplanktonic","No","Krill"
"3411","Eukaryota","Mollusca","Gastropoda","Nudibranchia","Glaucidae","Hermissenda","Hermissenda opalescens","Variable","Variable","No","External shell","None","Aragonite","Meroplanktonic","No","Shell-less sea slugs"
"3412","Eukaryota","Mollusca","Gastropoda","Pteropoda","Creseidae","Styliola","Styliola sp.","Yes","Yes","Yes","External shell","External shell","Aragonite","Holoplanktonic","No","Sea butterflies"
"3413","Eukaryota","Mollusca","Gastropoda","Nudibranchia","Glaucidae","Hermissenda","Hermissenda opalescens","Variable","Variable","No","External shell","None","Aragonite","Meroplanktonic","No","Shell-less sea slugs"
"3415","Eukaryota","Arthropoda","Copepoda","Calanoida","Eucalanidae","Eucalanus","Eucalanus californicus","Variable","Variable","Variable","Exoskeleton","Exoskeleton","Chitin + Calcium","Holoplanktonic","No","Copepods"
"3416","Eukaryota","Arthropoda","Copepoda","Calanoida","Eucalanidae","Eucalanus","Eucalanus californicus","Variable","Variable","Variable","Exoskeleton","Exoskeleton","Chitin + Calcium","Holoplanktonic","No","Copepods"
"3417","Eukaryota","Arthropoda","Ostracoda","Halocyprida","Halocyprididae","Halocypris","Halocypris inflata","Variable","No","Variable","None","Exoskeleton","Chitin + Calcium","Holoplanktonic","No","Ostracods (seed shrimp)"
"3418","Eukaryota","Mollusca","Gastropoda","Pteropoda","Creseidae",NA,NA,"Yes","Yes","Yes","External shell","External shell","Aragonite","Holoplanktonic","No","Sea butterflies"
"3419","Eukaryota","Bryozoa","Gymnolaemata","Cheilostomatida","Membraniporidae","Membranipora","Membranipora villosa","Yes","Yes","Yes","External shell","External shell","Calcite","Meroplanktonic","No","Encrusting bryozoans"
"3420","Eukaryota","Arthropoda","Copepoda","Calanoida","Eucalanidae","Eucalanus","Eucalanus californicus","Variable","Variable","Variable","Exoskeleton","Exoskeleton","Chitin + Calcium","Holoplanktonic","No","Copepods"
"3421","Eukaryota","Arthropoda","Malacostraca","Decapoda","Hippolytidae","Lysmata","Lysmata californica","Variable","No","Variable","None","Exoskeleton","Calcite","Meroplanktonic","No","Crabs, lobsters, shrimp"
"3422","Eukaryota","Arthropoda","Copepoda","Calanoida","Eucalanidae","Eucalanus","Eucalanus californicus","Variable","Variable","Variable","Exoskeleton","Exoskeleton","Chitin + Calcium","Holoplanktonic","No","Copepods"
"3423","Eukaryota","Arthropoda","Copepoda","Calanoida","Eucalanidae","Eucalanus","Eucalanus californicus","Variable","Variable","Variable","Exoskeleton","Exoskeleton","Chitin + Calcium","Holoplanktonic","No","Copepods"
"3424","Eukaryota","Bryozoa","Gymnolaemata","Cheilostomatida","Membraniporidae","Membranipora","Membranipora villosa","Yes","Yes","Yes","External shell","External shell","Calcite","Meroplanktonic","No","Encrusting bryozoans"
"3425","Eukaryota","Arthropoda","Copepoda","Poecilostomatoida","Oncaeidae","Oncaea","Oncaea sp.","Variable","Variable","Variable","Exoskeleton","Exoskeleton","Chitin + Calcium","Holoplanktonic","No","Parasitic or predatory copepods"
"3426","Eukaryota","Arthropoda","Copepoda","Calanoida","Calanidae","Calanus","Calanus pacificus","Variable","Variable","Variable","Exoskeleton","Exoskeleton","Chitin + Calcium","Holoplanktonic","No","Copepods"
"3427","Eukaryota","Arthropoda","Copepoda","Calanoida","Mecynoceridae","Mecynocera","Mecynocera clausi","Variable","Variable","Variable","Exoskeleton","Exoskeleton","Chitin + Calcium","Holoplanktonic","No","Copepods"
"3428","Eukaryota","Echinodermata","Echinoidea","Spatangoida","Brissidae","Brissopsis",NA,"Yes","Yes","Yes","Internal skeleton","Exoskeleton","Calcite","Meroplanktonic","No","Heart urchins"
"3429","Eukaryota","Cnidaria","Anthozoa","Scleralcyonacea","Virgulariidae","Stylatula","Stylatula elegans","Variable","No","Variable","None","Internal skeleton","Calcite","Meroplanktonic","No","Sea pens (sampled Scleralcyonacea lineages)"
"3432","Eukaryota","Echinodermata","Ophiuroidea","Amphilepidida","Amphiuridae",NA,NA,"Yes","Yes","Yes","Internal skeleton","Internal skeleton","Calcite","Meroplanktonic","No","Brittle stars"
"3433","Eukaryota","Arthropoda","Copepoda","Calanoida","Euchaetidae","Euchaeta","Euchaeta marina","Variable","Variable","Variable","Exoskeleton","Exoskeleton","Chitin + Calcium","Holoplanktonic","No","Copepods"
"3437","Eukaryota","Arthropoda","Copepoda","Calanoida","Eucalanidae","Eucalanus","Eucalanus californicus","Variable","Variable","Variable","Exoskeleton","Exoskeleton","Chitin + Calcium","Holoplanktonic","No","Copepods"
"3438","Eukaryota","Arthropoda","Copepoda","Calanoida","Eucalanidae","Eucalanus","Eucalanus californicus","Variable","Variable","Variable","Exoskeleton","Exoskeleton","Chitin + Calcium","Holoplanktonic","No","Copepods"
"3439","Eukaryota","Chordata","Actinopteri","Argentiniformes","Bathylagidae","Leuroglossus","Leuroglossus stilbius","No","No","No","None","None","None","Meroplanktonic","No","Deep-sea smelts and related fish"
"3440","Eukaryota","Arthropoda","Copepoda","Calanoida","Calocalanidae","Calocalanus",NA,"Variable","Variable","Variable","Exoskeleton","Exoskeleton","Chitin + Calcium","Holoplanktonic","No","Copepods"
"3441","Eukaryota","Arthropoda","Ostracoda","Halocyprida","Halocyprididae","Conchoecia","Conchoecia magna","Variable","No","Variable","None","Exoskeleton","Chitin + Calcium","Holoplanktonic","No","Ostracods (seed shrimp)"
"3442","Eukaryota","Arthropoda","Malacostraca","Decapoda","Cancridae",NA,NA,"Variable","No","Variable","None","Exoskeleton","Calcite","Meroplanktonic","No","Crabs, lobsters, shrimp"
"3443","Eukaryota","Echinodermata","Ophiuroidea","Amphilepidida","Ophiotrichidae","Ophiothrix","Ophiothrix spiculata","Yes","Yes","Yes","Internal skeleton","Internal skeleton","Calcite","Meroplanktonic","No","Brittle stars"
"3444","Eukaryota","Arthropoda","Copepoda","Calanoida","Eucalanidae","Eucalanus","Eucalanus californicus","Variable","Variable","Variable","Exoskeleton","Exoskeleton","Chitin + Calcium","Holoplanktonic","No","Copepods"
"3445","Eukaryota","Arthropoda","Copepoda","Calanoida","Eucalanidae","Eucalanus","Eucalanus californicus","Variable","Variable","Variable","Exoskeleton","Exoskeleton","Chitin + Calcium","Holoplanktonic","No","Copepods"
"3446","Eukaryota","Arthropoda","Copepoda","Calanoida","Eucalanidae","Eucalanus","Eucalanus californicus","Variable","Variable","Variable","Exoskeleton","Exoskeleton","Chitin + Calcium","Holoplanktonic","No","Copepods"
"3447","Eukaryota","Arthropoda","Ostracoda","Halocyprida","Halocyprididae","Discoconchoecia",NA,"Variable","No","Variable","None","Exoskeleton","Chitin + Calcium","Holoplanktonic","No","Ostracods (seed shrimp)"
"3448","Eukaryota","Arthropoda","Copepoda","Calanoida","Eucalanidae","Eucalanus","Eucalanus californicus","Variable","Variable","Variable","Exoskeleton","Exoskeleton","Chitin + Calcium","Holoplanktonic","No","Copepods"
"3450","Eukaryota","Arthropoda","Copepoda","Calanoida","Lucicutiidae","Lucicutia","Lucicutia flavicornis","Variable","Variable","Variable","Exoskeleton","Exoskeleton","Chitin + Calcium","Holoplanktonic","No","Copepods"
"3451","Eukaryota","Arthropoda","Copepoda","Calanoida","Pontellidae","Labidocera",NA,"Variable","Variable","Variable","Exoskeleton","Exoskeleton","Chitin + Calcium","Holoplanktonic","No","Copepods"
"3452","Eukaryota","Arthropoda","Copepoda","Calanoida","Calanidae","Calanus","Calanus pacificus","Variable","Variable","Variable","Exoskeleton","Exoskeleton","Chitin + Calcium","Holoplanktonic","No","Copepods"
"3453","Eukaryota","Arthropoda","Copepoda","Calanoida","Pontellidae","Labidocera","Labidocera trispinosa","Variable","Variable","Variable","Exoskeleton","Exoskeleton","Chitin + Calcium","Holoplanktonic","No","Copepods"
"3458","Eukaryota","Arthropoda","Copepoda","Calanoida","Pontellidae","Labidocera","Labidocera trispinosa","Variable","Variable","Variable","Exoskeleton","Exoskeleton","Chitin + Calcium","Holoplanktonic","No","Copepods"
"3459","Eukaryota","Arthropoda","Copepoda","Calanoida","Eucalanidae","Eucalanus","Eucalanus californicus","Variable","Variable","Variable","Exoskeleton","Exoskeleton","Chitin + Calcium","Holoplanktonic","No","Copepods"
"3460","Eukaryota","Arthropoda","Copepoda","Calanoida","Pontellidae","Labidocera","Labidocera trispinosa","Variable","Variable","Variable","Exoskeleton","Exoskeleton","Chitin + Calcium","Holoplanktonic","No","Copepods"
"3463","Eukaryota","Arthropoda","Copepoda","Calanoida","Eucalanidae","Eucalanus","Eucalanus californicus","Variable","Variable","Variable","Exoskeleton","Exoskeleton","Chitin + Calcium","Holoplanktonic","No","Copepods"
"3464","Eukaryota","Arthropoda","Ostracoda","Halocyprida","Halocyprididae","Conchoecia","Conchoecia magna","Variable","No","Variable","None","Exoskeleton","Chitin + Calcium","Holoplanktonic","No","Ostracods (seed shrimp)"
"3465","Eukaryota","Arthropoda","Malacostraca","Euphausiacea","Euphausiidae","Hansarsia",NA,"Variable","No","Variable","None","Exoskeleton","Chitin + Calcium","Holoplanktonic","No","Krill"
"3467","Eukaryota","Arthropoda","Copepoda","Calanoida","Eucalanidae","Eucalanus","Eucalanus californicus","Variable","Variable","Variable","Exoskeleton","Exoskeleton","Chitin + Calcium","Holoplanktonic","No","Copepods"
"3468","Eukaryota","Arthropoda","Copepoda","Calanoida","Calanidae","Calanus","Calanus pacificus","Variable","Variable","Variable","Exoskeleton","Exoskeleton","Chitin + Calcium","Holoplanktonic","No","Copepods"
"3471","Eukaryota","Arthropoda","Copepoda","Calanoida","Euchaetidae","Euchaeta","Euchaeta marina","Variable","Variable","Variable","Exoskeleton","Exoskeleton","Chitin + Calcium","Holoplanktonic","No","Copepods"
"3472","Eukaryota","Arthropoda","Copepoda","Calanoida","Acartiidae","Acartia","Acartia tonsa","Variable","Variable","Variable","Exoskeleton","Exoskeleton","Chitin + Calcium","Holoplanktonic","No","Copepods"
"3473","Eukaryota","Bryozoa","Gymnolaemata","Cheilostomatida","Membraniporidae","Membranipora",NA,"Yes","Yes","Yes","External shell","External shell","Calcite","Meroplanktonic","No","Encrusting bryozoans"
"3474","Eukaryota","Arthropoda","Copepoda","Calanoida","Temoridae","Temora","Temora discaudata","Variable","Variable","Variable","Exoskeleton","Exoskeleton","Chitin + Calcium","Holoplanktonic","No","Copepods"
"3475","Eukaryota","Mollusca","Gastropoda","Pteropoda","Creseidae","Styliola","Styliola sp.","Yes","Yes","Yes","External shell","External shell","Aragonite","Holoplanktonic","No","Sea butterflies"
"3476","Eukaryota","Arthropoda","Copepoda","Calanoida","Eucalanidae","Eucalanus","Eucalanus californicus","Variable","Variable","Variable","Exoskeleton","Exoskeleton","Chitin + Calcium","Holoplanktonic","No","Copepods"
"3477","Eukaryota","Arthropoda","Copepoda","Calanoida","Eucalanidae","Eucalanus","Eucalanus californicus","Variable","Variable","Variable","Exoskeleton","Exoskeleton","Chitin + Calcium","Holoplanktonic","No","Copepods"
"3478","Eukaryota","Arthropoda","Copepoda","Calanoida","Eucalanidae","Eucalanus","Eucalanus californicus","Variable","Variable","Variable","Exoskeleton","Exoskeleton","Chitin + Calcium","Holoplanktonic","No","Copepods"
"3480","Eukaryota","Arthropoda","Copepoda","Calanoida","Eucalanidae","Eucalanus","Eucalanus californicus","Variable","Variable","Variable","Exoskeleton","Exoskeleton","Chitin + Calcium","Holoplanktonic","No","Copepods"
"3482","Eukaryota","Arthropoda","Copepoda","Calanoida","Calocalanidae","Calocalanus",NA,"Variable","Variable","Variable","Exoskeleton","Exoskeleton","Chitin + Calcium","Holoplanktonic","No","Copepods"
"3486","Eukaryota","Arthropoda","Copepoda","Calanoida","Eucalanidae","Rhincalanus","Rhincalanus nasutus","Variable","Variable","Variable","Exoskeleton","Exoskeleton","Chitin + Calcium","Holoplanktonic","No","Copepods"
"3487","Eukaryota","Arthropoda","Malacostraca","Decapoda","Hippolytidae","Lysmata",NA,"Variable","No","Variable","None","Exoskeleton","Calcite","Meroplanktonic","No","Crabs, lobsters, shrimp"
"3490","Eukaryota","Mollusca","Gastropoda","Siphonariida","Siphonariidae","Williamia","Williamia peltoides","Variable","Variable","Variable","External shell","External shell","Aragonite","Meroplanktonic","No","False limpets (air-breathing marine snails)"
"3491","Eukaryota","Arthropoda","Copepoda","Calanoida","Acartiidae","Acartia","Acartia tonsa","Variable","Variable","Variable","Exoskeleton","Exoskeleton","Chitin + Calcium","Holoplanktonic","No","Copepods"
"3493","Eukaryota","Mollusca","Gastropoda","Littorinimorpha","Carinariidae",NA,NA,"Yes","Yes","Yes","External shell","External shell","Aragonite/Calcite","Meroplanktonic","No","Periwinkles and related snails"
"3495","Eukaryota","Mollusca","Gastropoda","Littorinimorpha","Atlantidae","Atlanta","Atlanta sp. USNM IZ 1230636","Yes","Yes","Yes","External shell","External shell","Aragonite/Calcite","Meroplanktonic","No","Periwinkles and related snails"
"3496","Eukaryota","Echinodermata","Holothuroidea","Dendrochirotida","Psolidae","Psolus",NA,"Yes","Yes","Yes","Internal skeleton","Internal skeleton","Calcite","Meroplanktonic","No","Sea cucumbers"
"3497","Eukaryota","Arthropoda","Copepoda","Cyclopoida","Oithonidae","Oithona","Oithona similis","Variable","Variable","Variable","Exoskeleton","Exoskeleton","Chitin + Calcium","Holoplanktonic","No","Cyclopoid copepods"
"3499","Eukaryota","Arthropoda","Malacostraca","Decapoda","Panopeidae","Lophopanopeus","Lophopanopeus bellus","Variable","No","Variable","None","Exoskeleton","Calcite","Meroplanktonic","No","Crabs, lobsters, shrimp"
"3502","Eukaryota","Mollusca","Gastropoda","Nudibranchia","Glaucidae","Hermissenda","Hermissenda opalescens","Variable","Variable","No","External shell","None","Aragonite","Meroplanktonic","No","Shell-less sea slugs"
"3503","Eukaryota","Arthropoda","Copepoda","Calanoida","Pontellidae","Labidocera","Labidocera trispinosa","Variable","Variable","Variable","Exoskeleton","Exoskeleton","Chitin + Calcium","Holoplanktonic","No","Copepods"
"3507","Eukaryota","Arthropoda","Copepoda","Calanoida","Eucalanidae","Eucalanus","Eucalanus californicus","Variable","Variable","Variable","Exoskeleton","Exoskeleton","Chitin + Calcium","Holoplanktonic","No","Copepods"
"3508","Eukaryota","Arthropoda","Copepoda","Calanoida","Eucalanidae","Eucalanus","Eucalanus californicus","Variable","Variable","Variable","Exoskeleton","Exoskeleton","Chitin + Calcium","Holoplanktonic","No","Copepods"
"3509","Eukaryota","Arthropoda","Malacostraca","Euphausiacea","Euphausiidae","Thysanoessa","Thysanoessa gregaria","Variable","No","Variable","None","Exoskeleton","Chitin + Calcium","Holoplanktonic","No","Krill"
"3510","Eukaryota","Arthropoda","Copepoda","Calanoida","Calanidae","Calanus","Calanus pacificus","Variable","Variable","Variable","Exoskeleton","Exoskeleton","Chitin + Calcium","Holoplanktonic","No","Copepods"
"3511","Eukaryota","Arthropoda","Copepoda","Calanoida","Eucalanidae","Eucalanus","Eucalanus californicus","Variable","Variable","Variable","Exoskeleton","Exoskeleton","Chitin + Calcium","Holoplanktonic","No","Copepods"
"3513","Eukaryota","Arthropoda","Malacostraca","Decapoda","Panopeidae","Lophopanopeus","Lophopanopeus bellus","Variable","No","Variable","None","Exoskeleton","Calcite","Meroplanktonic","No","Crabs, lobsters, shrimp"
"3516","Eukaryota","Arthropoda","Copepoda","Calanoida","Calanidae","Calanus","Calanus pacificus","Variable","Variable","Variable","Exoskeleton","Exoskeleton","Chitin + Calcium","Holoplanktonic","No","Copepods"
"3517","Eukaryota","Arthropoda","Copepoda","Calanoida","Clausocalanidae","Clausocalanus","Clausocalanus parapergens","Variable","Variable","Variable","Exoskeleton","Exoskeleton","Chitin + Calcium","Holoplanktonic","No","Copepods"
"3518","Eukaryota","Arthropoda","Copepoda","Calanoida","Calanidae",NA,NA,"Variable","Variable","Variable","Exoskeleton","Exoskeleton","Chitin + Calcium","Holoplanktonic","No","Copepods"
"3520","Eukaryota","Arthropoda","Copepoda","Calanoida","Eucalanidae","Eucalanus","Eucalanus californicus","Variable","Variable","Variable","Exoskeleton","Exoskeleton","Chitin + Calcium","Holoplanktonic","No","Copepods"
"3521","Eukaryota","Arthropoda","Copepoda","Calanoida","Pontellidae","Labidocera","Labidocera trispinosa","Variable","Variable","Variable","Exoskeleton","Exoskeleton","Chitin + Calcium","Holoplanktonic","No","Copepods"
"3522","Eukaryota","Arthropoda","Copepoda","Calanoida","Eucalanidae","Eucalanus","Eucalanus californicus","Variable","Variable","Variable","Exoskeleton","Exoskeleton","Chitin + Calcium","Holoplanktonic","No","Copepods"
"3524","Eukaryota","Arthropoda","Ostracoda","Halocyprida","Halocyprididae","Porroecia","Porroecia spinirostris","Variable","No","Variable","None","Exoskeleton","Chitin + Calcium","Holoplanktonic","No","Ostracods (seed shrimp)"
"3525","Eukaryota","Arthropoda","Copepoda","Calanoida","Scolecitrichidae","Scolecithricella","Scolecithricella dentata","Variable","Variable","Variable","Exoskeleton","Exoskeleton","Chitin + Calcium","Holoplanktonic","No","Copepods"
"3526","Eukaryota","Bryozoa","Gymnolaemata","Cheilostomatida","Membraniporidae","Membranipora",NA,"Yes","Yes","Yes","External shell","External shell","Calcite","Meroplanktonic","No","Encrusting bryozoans"
"3527","Eukaryota","Arthropoda","Copepoda","Calanoida","Eucalanidae","Eucalanus","Eucalanus californicus","Variable","Variable","Variable","Exoskeleton","Exoskeleton","Chitin + Calcium","Holoplanktonic","No","Copepods"
"3531","Eukaryota","Annelida","Polychaeta","Spionida","Spionidae","Laonice","Laonice cirrata CMC01","No","No","No","None","None","None","Benthic + Meroplanktonic","No","Marine worms (sediment burrowers)"
"3533","Eukaryota","Arthropoda","Malacostraca","Euphausiacea","Euphausiidae","Nyctiphanes","Nyctiphanes simplex","Variable","No","Variable","None","Exoskeleton","Chitin + Calcium","Holoplanktonic","No","Krill"
"3535","Eukaryota","Arthropoda","Copepoda","Calanoida","Eucalanidae","Eucalanus","Eucalanus californicus","Variable","Variable","Variable","Exoskeleton","Exoskeleton","Chitin + Calcium","Holoplanktonic","No","Copepods"
"3540","Eukaryota","Chordata","Actinopteri","Gadiformes","Moridae","Physiculus","Physiculus rastrelliger","No","No","No","None","None","None","Meroplanktonic","No","Cods and grenadiers"
"3544","Eukaryota","Arthropoda","Malacostraca","Euphausiacea","Euphausiidae","Euphausia","Euphausia pacifica","Variable","No","Variable","None","Exoskeleton","Chitin + Calcium","Holoplanktonic","No","Krill"
"3548","Eukaryota","Mollusca","Gastropoda","Nudibranchia","Glaucidae","Hermissenda","Hermissenda opalescens","Variable","Variable","No","External shell","None","Aragonite","Meroplanktonic","No","Shell-less sea slugs"
"3549","Eukaryota","Arthropoda","Copepoda","Calanoida","Eucalanidae","Eucalanus","Eucalanus californicus","Variable","Variable","Variable","Exoskeleton","Exoskeleton","Chitin + Calcium","Holoplanktonic","No","Copepods"
"3551","Eukaryota","Annelida","Polychaeta","Phyllodocida","Tomopteridae","Tomopteris",NA,"No","No","No","None","None","None","Benthic + Meroplanktonic","No","Active marine polychaetes"
"3552","Eukaryota","Mollusca","Gastropoda","Nudibranchia","Glaucidae","Hermissenda",NA,"Variable","Variable","No","External shell","None","Aragonite","Meroplanktonic","No","Shell-less sea slugs"
"3553","Eukaryota","Bryozoa","Gymnolaemata","Cheilostomatida","Membraniporidae",NA,NA,"Yes","Yes","Yes","External shell","External shell","Calcite","Meroplanktonic","No","Encrusting bryozoans"
"3554","Eukaryota","Arthropoda","Copepoda","Calanoida","Aetideidae",NA,NA,"Variable","Variable","Variable","Exoskeleton","Exoskeleton","Chitin + Calcium","Holoplanktonic","No","Copepods"
"3555","Eukaryota","Arthropoda","Copepoda","Calanoida","Mecynoceridae","Mecynocera","Mecynocera clausi","Variable","Variable","Variable","Exoskeleton","Exoskeleton","Chitin + Calcium","Holoplanktonic","No","Copepods"
"3557","Eukaryota","Arthropoda","Copepoda","Calanoida","Calocalanidae","Calocalanus",NA,"Variable","Variable","Variable","Exoskeleton","Exoskeleton","Chitin + Calcium","Holoplanktonic","No","Copepods"
"3559","Eukaryota","Echinodermata","Ophiuroidea","Amphilepidida","Amphiuridae",NA,NA,"Yes","Yes","Yes","Internal skeleton","Internal skeleton","Calcite","Meroplanktonic","No","Brittle stars"
"3560","Eukaryota","Arthropoda","Copepoda","Calanoida","Calocalanidae","Calocalanus","Calocalanus tenuis","Variable","Variable","Variable","Exoskeleton","Exoskeleton","Chitin + Calcium","Holoplanktonic","No","Copepods"
"3561","Eukaryota","Arthropoda","Malacostraca","Euphausiacea","Euphausiidae","Euphausia","Euphausia pacifica","Variable","No","Variable","None","Exoskeleton","Chitin + Calcium","Holoplanktonic","No","Krill"
"3562","Eukaryota","Arthropoda","Ostracoda","Halocyprida","Halocyprididae","Conchoecetta","Conchoecetta giesbrechti","Variable","No","Variable","None","Exoskeleton","Chitin + Calcium","Holoplanktonic","No","Ostracods (seed shrimp)"
"3565","Eukaryota","Arthropoda","Copepoda","Calanoida","Eucalanidae","Eucalanus","Eucalanus californicus","Variable","Variable","Variable","Exoskeleton","Exoskeleton","Chitin + Calcium","Holoplanktonic","No","Copepods"
"3566","Eukaryota","Arthropoda","Copepoda","Calanoida","Eucalanidae","Eucalanus","Eucalanus californicus","Variable","Variable","Variable","Exoskeleton","Exoskeleton","Chitin + Calcium","Holoplanktonic","No","Copepods"
"3567","Eukaryota","Arthropoda","Malacostraca","Decapoda","Hippolytidae","Spirontocaris","Spirontocaris sica","Variable","No","Variable","None","Exoskeleton","Calcite","Meroplanktonic","No","Crabs, lobsters, shrimp"
"3568","Eukaryota","Arthropoda","Copepoda","Calanoida","Pontellidae","Labidocera","Labidocera trispinosa","Variable","Variable","Variable","Exoskeleton","Exoskeleton","Chitin + Calcium","Holoplanktonic","No","Copepods"
"3569","Eukaryota","Arthropoda","Copepoda","Calanoida","Pontellidae","Labidocera","Labidocera trispinosa","Variable","Variable","Variable","Exoskeleton","Exoskeleton","Chitin + Calcium","Holoplanktonic","No","Copepods"
"3570","Eukaryota","Arthropoda","Copepoda","Calanoida","Eucalanidae","Eucalanus","Eucalanus californicus","Variable","Variable","Variable","Exoskeleton","Exoskeleton","Chitin + Calcium","Holoplanktonic","No","Copepods"
"3571","Eukaryota","Arthropoda","Copepoda","Calanoida","Eucalanidae","Eucalanus","Eucalanus californicus","Variable","Variable","Variable","Exoskeleton","Exoskeleton","Chitin + Calcium","Holoplanktonic","No","Copepods"
"3573","Eukaryota","Arthropoda","Ostracoda","Halocyprida","Halocyprididae","Proceroecia","Proceroecia sp. 1 IK_2020","Variable","No","Variable","None","Exoskeleton","Chitin + Calcium","Holoplanktonic","No","Ostracods (seed shrimp)"
"3574","Eukaryota","Chordata","Actinopteri","Pleuronectiformes","Cyclopsettidae","Citharichthys","Citharichthys stigmaeus","No","No","No","None","None","None","Meroplanktonic","No","Flatfishes (flounders, soles, halibut)"
"3575","Eukaryota","Arthropoda","Malacostraca","Decapoda","Galatheidae","Janetogalathea","Janetogalathea californiensis","Variable","No","Variable","None","Exoskeleton","Calcite","Meroplanktonic","No","Crabs, lobsters, shrimp"
"3577","Eukaryota","Arthropoda","Copepoda","Calanoida","Calanidae","Calanus","Calanus pacificus","Variable","Variable","Variable","Exoskeleton","Exoskeleton","Chitin + Calcium","Holoplanktonic","No","Copepods"
"3578","Eukaryota","Chordata","Actinopteri","Argentiniformes","Bathylagidae","Leuroglossus","Leuroglossus stilbius","No","No","No","None","None","None","Meroplanktonic","No","Deep-sea smelts and related fish"
"3579","Eukaryota","Arthropoda","Copepoda","Calanoida","Eucalanidae","Eucalanus","Eucalanus californicus","Variable","Variable","Variable","Exoskeleton","Exoskeleton","Chitin + Calcium","Holoplanktonic","No","Copepods"
"3580","Eukaryota","Arthropoda","Copepoda","Calanoida","Calanidae","Calanus","Calanus pacificus","Variable","Variable","Variable","Exoskeleton","Exoskeleton","Chitin + Calcium","Holoplanktonic","No","Copepods"
"3581","Eukaryota","Arthropoda","Malacostraca","Euphausiacea","Euphausiidae","Nyctiphanes","Nyctiphanes simplex","Variable","No","Variable","None","Exoskeleton","Chitin + Calcium","Holoplanktonic","No","Krill"
"3582","Eukaryota","Arthropoda","Copepoda","Calanoida","Scolecitrichidae","Scolecithricella","Scolecithricella dentata","Variable","Variable","Variable","Exoskeleton","Exoskeleton","Chitin + Calcium","Holoplanktonic","No","Copepods"
"3585","Eukaryota","Arthropoda","Ostracoda","Halocyprida","Halocyprididae","Conchoecetta",NA,"Variable","No","Variable","None","Exoskeleton","Chitin + Calcium","Holoplanktonic","No","Ostracods (seed shrimp)"
"3587","Eukaryota","Echinodermata","Echinoidea","Temnopleuroida","Toxopneustidae","Lytechinus","Lytechinus pictus","Yes","Yes","Yes","Internal skeleton","Exoskeleton","Calcite","Meroplanktonic","No","Short-spined sea urchins"
"3588","Eukaryota","Arthropoda","Copepoda","Calanoida","Pontellidae","Labidocera",NA,"Variable","Variable","Variable","Exoskeleton","Exoskeleton","Chitin + Calcium","Holoplanktonic","No","Copepods"
"3589","Eukaryota","Annelida","Polychaeta","Chaetopteridae","Chaetopteridae","Chaetopterus","Chaetopterus dewysee","No","No","No","None","None","None","Benthic + Meroplanktonic","No","Tube-dwelling marine polychaetes"
"3590","Eukaryota","Arthropoda","Thecostraca","Balanomorpha","Balanidae","Balanus","Balanus trigonus","Yes","Yes","Yes","External shell","External shell","Calcite","Meroplanktonic","No","Barnacles"
"3591","Eukaryota","Arthropoda","Copepoda","Calanoida","Eucalanidae","Eucalanus","Eucalanus californicus","Variable","Variable","Variable","Exoskeleton","Exoskeleton","Chitin + Calcium","Holoplanktonic","No","Copepods"
"3592","Eukaryota","Arthropoda","Copepoda","Calanoida","Calanidae","Calanus","Calanus pacificus","Variable","Variable","Variable","Exoskeleton","Exoskeleton","Chitin + Calcium","Holoplanktonic","No","Copepods"
"3593","Eukaryota","Arthropoda","Copepoda","Calanoida","Eucalanidae","Eucalanus","Eucalanus californicus","Variable","Variable","Variable","Exoskeleton","Exoskeleton","Chitin + Calcium","Holoplanktonic","No","Copepods"
"3594","Eukaryota","Mollusca","Cephalopoda","Octopoda","Octopodidae","Octopus",NA,"Variable","Yes","No","Statoliths","None","Aragonite","Meroplanktonic","No","Octopi"
"3596","Eukaryota","Arthropoda","Copepoda","Calanoida","Eucalanidae","Eucalanus","Eucalanus californicus","Variable","Variable","Variable","Exoskeleton","Exoskeleton","Chitin + Calcium","Holoplanktonic","No","Copepods"
"3598","Eukaryota","Arthropoda","Copepoda","Calanoida","Eucalanidae","Eucalanus","Eucalanus californicus","Variable","Variable","Variable","Exoskeleton","Exoskeleton","Chitin + Calcium","Holoplanktonic","No","Copepods"
"3599","Eukaryota","Bryozoa","Gymnolaemata","Cheilostomatida","Membraniporidae","Membranipora","Membranipora villosa","Yes","Yes","Yes","External shell","External shell","Calcite","Meroplanktonic","No","Encrusting bryozoans"
"3601","Eukaryota","Arthropoda","Copepoda","Calanoida","Eucalanidae","Eucalanus","Eucalanus californicus","Variable","Variable","Variable","Exoskeleton","Exoskeleton","Chitin + Calcium","Holoplanktonic","No","Copepods"
"3602","Eukaryota","Arthropoda","Copepoda","Calanoida","Eucalanidae","Eucalanus","Eucalanus californicus","Variable","Variable","Variable","Exoskeleton","Exoskeleton","Chitin + Calcium","Holoplanktonic","No","Copepods"
"3607","Eukaryota","Arthropoda","Malacostraca","Euphausiacea","Euphausiidae","Hansarsia","Hansarsia difficilis","Variable","No","Variable","None","Exoskeleton","Chitin + Calcium","Holoplanktonic","No","Krill"
"3608","Eukaryota","Arthropoda","Copepoda","Poecilostomatoida","Corycaeidae","Farranula",NA,"Variable","Variable","Variable","Exoskeleton","Exoskeleton","Chitin + Calcium","Holoplanktonic","No","Parasitic or predatory copepods"
"3609","Eukaryota","Bryozoa","Gymnolaemata","Cheilostomatida","Membraniporidae","Membranipora","Membranipora villosa","Yes","Yes","Yes","External shell","External shell","Calcite","Meroplanktonic","No","Encrusting bryozoans"
"3610","Eukaryota","Arthropoda","Copepoda","Calanoida","Eucalanidae","Eucalanus","Eucalanus californicus","Variable","Variable","Variable","Exoskeleton","Exoskeleton","Chitin + Calcium","Holoplanktonic","No","Copepods"
"3611","Eukaryota","Arthropoda","Copepoda","Calanoida","Eucalanidae","Eucalanus","Eucalanus californicus","Variable","Variable","Variable","Exoskeleton","Exoskeleton","Chitin + Calcium","Holoplanktonic","No","Copepods"
"3612","Eukaryota","Arthropoda","Copepoda","Calanoida","Eucalanidae","Eucalanus","Eucalanus californicus","Variable","Variable","Variable","Exoskeleton","Exoskeleton","Chitin + Calcium","Holoplanktonic","No","Copepods"
"3614","Eukaryota","Chordata","Actinopteri","Scombriformes","Stromateidae","Peprilus","Peprilus simillimus","No","No","No","None","None","None","Meroplanktonic","No","Mackerels and tunas"
"3615","Eukaryota","Arthropoda","Copepoda","Calanoida","Eucalanidae","Eucalanus","Eucalanus californicus","Variable","Variable","Variable","Exoskeleton","Exoskeleton","Chitin + Calcium","Holoplanktonic","No","Copepods"
"3616","Eukaryota","Arthropoda","Copepoda","Calanoida","Eucalanidae","Rhincalanus","Rhincalanus nasutus","Variable","Variable","Variable","Exoskeleton","Exoskeleton","Chitin + Calcium","Holoplanktonic","No","Copepods"
"3617","Eukaryota","Arthropoda","Copepoda","Calanoida","Clausocalanidae",NA,NA,"Variable","Variable","Variable","Exoskeleton","Exoskeleton","Chitin + Calcium","Holoplanktonic","No","Copepods"
"3618","Eukaryota","Arthropoda","Copepoda","Poecilostomatoida","Oncaeidae","Oncaea","Oncaea sp.","Variable","Variable","Variable","Exoskeleton","Exoskeleton","Chitin + Calcium","Holoplanktonic","No","Parasitic or predatory copepods"
"3622","Eukaryota","Arthropoda","Copepoda","Calanoida","Calanidae","Calanus","Calanus pacificus","Variable","Variable","Variable","Exoskeleton","Exoskeleton","Chitin + Calcium","Holoplanktonic","No","Copepods"
"3624","Eukaryota","Echinodermata","Echinoidea","Temnopleuroida","Toxopneustidae","Lytechinus","Lytechinus pictus","Yes","Yes","Yes","Internal skeleton","Exoskeleton","Calcite","Meroplanktonic","No","Short-spined sea urchins"
"3625","Eukaryota","Arthropoda","Copepoda","Calanoida","Aetideidae",NA,NA,"Variable","Variable","Variable","Exoskeleton","Exoskeleton","Chitin + Calcium","Holoplanktonic","No","Copepods"
"3626","Eukaryota","Arthropoda","Copepoda","Calanoida","Eucalanidae","Eucalanus","Eucalanus californicus","Variable","Variable","Variable","Exoskeleton","Exoskeleton","Chitin + Calcium","Holoplanktonic","No","Copepods"
"3627","Eukaryota","Mollusca","Gastropoda","Pteropoda","Creseidae","Styliola","Styliola sp.","Yes","Yes","Yes","External shell","External shell","Aragonite","Holoplanktonic","No","Sea butterflies"
"3629","Eukaryota","Arthropoda","Malacostraca","Euphausiacea","Euphausiidae","Nyctiphanes","Nyctiphanes simplex","Variable","No","Variable","None","Exoskeleton","Chitin + Calcium","Holoplanktonic","No","Krill"
"3630","Eukaryota","Arthropoda","Malacostraca","Decapoda","Cancridae","Romaleon","Romaleon antennarium","Variable","No","Variable","None","Exoskeleton","Calcite","Meroplanktonic","No","Crabs, lobsters, shrimp"
"3632","Eukaryota","Arthropoda","Copepoda","Calanoida","Eucalanidae","Eucalanus","Eucalanus californicus","Variable","Variable","Variable","Exoskeleton","Exoskeleton","Chitin + Calcium","Holoplanktonic","No","Copepods"
"3633","Eukaryota","Mollusca","Gastropoda","Pteropoda","Creseidae","Styliola","Styliola sp.","Yes","Yes","Yes","External shell","External shell","Aragonite","Holoplanktonic","No","Sea butterflies"
"3634","Eukaryota","Arthropoda","Copepoda","Calanoida","Eucalanidae","Eucalanus","Eucalanus californicus","Variable","Variable","Variable","Exoskeleton","Exoskeleton","Chitin + Calcium","Holoplanktonic","No","Copepods"
"3635","Eukaryota","Bryozoa","Gymnolaemata","Cheilostomatida","Membraniporidae","Membranipora","Membranipora villosa","Yes","Yes","Yes","External shell","External shell","Calcite","Meroplanktonic","No","Encrusting bryozoans"
"3636","Eukaryota","Arthropoda","Malacostraca","Euphausiacea","Euphausiidae","Euphausia","Euphausia pacifica","Variable","No","Variable","None","Exoskeleton","Chitin + Calcium","Holoplanktonic","No","Krill"
"3637","Eukaryota","Arthropoda","Copepoda","Calanoida","Eucalanidae","Eucalanus","Eucalanus californicus","Variable","Variable","Variable","Exoskeleton","Exoskeleton","Chitin + Calcium","Holoplanktonic","No","Copepods"
"3639","Eukaryota","Arthropoda","Copepoda","Calanoida","Eucalanidae","Eucalanus","Eucalanus californicus","Variable","Variable","Variable","Exoskeleton","Exoskeleton","Chitin + Calcium","Holoplanktonic","No","Copepods"
"3640","Eukaryota","Arthropoda","Copepoda","Calanoida","Calanidae","Calanus","Calanus pacificus","Variable","Variable","Variable","Exoskeleton","Exoskeleton","Chitin + Calcium","Holoplanktonic","No","Copepods"
"3642","Eukaryota","Bryozoa","Gymnolaemata","Cheilostomatida","Membraniporidae","Membranipora","Membranipora villosa","Yes","Yes","Yes","External shell","External shell","Calcite","Meroplanktonic","No","Encrusting bryozoans"
"3643","Eukaryota","Arthropoda","Copepoda","Calanoida","Eucalanidae","Eucalanus","Eucalanus californicus","Variable","Variable","Variable","Exoskeleton","Exoskeleton","Chitin + Calcium","Holoplanktonic","No","Copepods"
"3644","Eukaryota","Cnidaria","Hydrozoa","Siphonophorae","Agalmatidae","Agalma","Agalma elegans","No","No","No","None","None","None","Holoplanktonic","No","Colonial hydrozoans (e.g., Portuguese man o' war)"
"3645","Eukaryota","Arthropoda","Copepoda","Calanoida","Eucalanidae","Eucalanus","Eucalanus californicus","Variable","Variable","Variable","Exoskeleton","Exoskeleton","Chitin + Calcium","Holoplanktonic","No","Copepods"
"3646","Eukaryota","Arthropoda","Malacostraca","Euphausiacea","Euphausiidae","Hansarsia","Hansarsia difficilis","Variable","No","Variable","None","Exoskeleton","Chitin + Calcium","Holoplanktonic","No","Krill"
"3647","Eukaryota","Chordata","Actinopteri","Clupeiformes","Clupeidae","Sardinops","Sardinops sagax","No","No","No","None","None","None","Meroplanktonic","No","Anchovies and herrings"
"3649","Eukaryota","Arthropoda","Malacostraca","Decapoda","Epialtidae","Pugettia","Pugettia dalli","Variable","No","Variable","None","Exoskeleton","Calcite","Meroplanktonic","No","Crabs, lobsters, shrimp"
"3650","Eukaryota","Bryozoa","Gymnolaemata","Cheilostomatida","Membraniporidae","Membranipora","Membranipora villosa","Yes","Yes","Yes","External shell","External shell","Calcite","Meroplanktonic","No","Encrusting bryozoans"
"3651","Eukaryota","Mollusca","Gastropoda","Littorinimorpha","Pterotracheidae","Pterotrachea","Pterotrachea sp.","Yes","Yes","Yes","External shell","External shell","Aragonite/Calcite","Meroplanktonic","No","Periwinkles and related snails"
"3653","Eukaryota","Arthropoda","Copepoda","Calanoida","Eucalanidae","Eucalanus","Eucalanus californicus","Variable","Variable","Variable","Exoskeleton","Exoskeleton","Chitin + Calcium","Holoplanktonic","No","Copepods"
"3654","Eukaryota","Arthropoda","Copepoda","Calanoida","Pontellidae","Labidocera","Labidocera trispinosa","Variable","Variable","Variable","Exoskeleton","Exoskeleton","Chitin + Calcium","Holoplanktonic","No","Copepods"
"3656","Eukaryota","Arthropoda","Copepoda","Calanoida","Pontellidae",NA,NA,"Variable","Variable","Variable","Exoskeleton","Exoskeleton","Chitin + Calcium","Holoplanktonic","No","Copepods"
"3658","Eukaryota","Arthropoda","Malacostraca","Euphausiacea","Euphausiidae",NA,NA,"Variable","No","Variable","None","Exoskeleton","Chitin + Calcium","Holoplanktonic","No","Krill"
"3660","Eukaryota","Arthropoda","Ostracoda","Halocyprida","Halocyprididae","Halocypris","Halocypris inflata","Variable","No","Variable","None","Exoskeleton","Chitin + Calcium","Holoplanktonic","No","Ostracods (seed shrimp)"
"3662","Eukaryota","Mollusca","Gastropoda","Pteropoda","Creseidae","Styliola","Styliola sp.","Yes","Yes","Yes","External shell","External shell","Aragonite","Holoplanktonic","No","Sea butterflies"
"3665","Eukaryota","Arthropoda","Copepoda","Calanoida","Clausocalanidae",NA,NA,"Variable","Variable","Variable","Exoskeleton","Exoskeleton","Chitin + Calcium","Holoplanktonic","No","Copepods"
"3667","Eukaryota","Mollusca","Gastropoda","Littorinimorpha","Atlantidae","Atlanta","Atlanta sp. USNM IZ 1230636","Yes","Yes","Yes","External shell","External shell","Aragonite/Calcite","Meroplanktonic","No","Periwinkles and related snails"
"3668","Eukaryota","Arthropoda","Copepoda","Calanoida","Eucalanidae","Eucalanus","Eucalanus californicus","Variable","Variable","Variable","Exoskeleton","Exoskeleton","Chitin + Calcium","Holoplanktonic","No","Copepods"
"3671","Eukaryota","Mollusca","Gastropoda","Pteropoda","Creseidae","Styliola","Styliola sp.","Yes","Yes","Yes","External shell","External shell","Aragonite","Holoplanktonic","No","Sea butterflies"
"3673","Eukaryota","Arthropoda","Copepoda","Calanoida","Lucicutiidae","Lucicutia","Lucicutia flavicornis","Variable","Variable","Variable","Exoskeleton","Exoskeleton","Chitin + Calcium","Holoplanktonic","No","Copepods"
"3674","Eukaryota","Arthropoda","Copepoda","Calanoida","Metridinidae","Pleuromamma","Pleuromamma gracilis","Variable","Variable","Variable","Exoskeleton","Exoskeleton","Chitin + Calcium","Holoplanktonic","No","Copepods"
"3675","Eukaryota","Arthropoda","Copepoda","Poecilostomatoida","Oncaeidae","Oncaea","Oncaea sp.","Variable","Variable","Variable","Exoskeleton","Exoskeleton","Chitin + Calcium","Holoplanktonic","No","Parasitic or predatory copepods"
"3677","Eukaryota","Echinodermata","Asteroidea","Forcipulatida","Labidiasteridae","Rathbunaster","Rathbunaster californicus","Yes","Yes","Yes","Internal skeleton","Internal skeleton","Calcite","Meroplanktonic","No","Starfish"
"3678","Eukaryota","Arthropoda","Copepoda","Calanoida","Paracalanidae","Paracalanus","Paracalanus tropicus","Variable","Variable","Variable","Exoskeleton","Exoskeleton","Chitin + Calcium","Holoplanktonic","No","Copepods"
"3679","Eukaryota","Arthropoda","Copepoda","Calanoida","Mecynoceridae","Mecynocera","Mecynocera clausi","Variable","Variable","Variable","Exoskeleton","Exoskeleton","Chitin + Calcium","Holoplanktonic","No","Copepods"
"3682","Eukaryota","Mollusca","Gastropoda","Nudibranchia","Glaucidae","Hermissenda","Hermissenda opalescens","Variable","Variable","No","External shell","None","Aragonite","Meroplanktonic","No","Shell-less sea slugs"
"3686","Eukaryota","Arthropoda","Copepoda","Calanoida","Eucalanidae","Eucalanus","Eucalanus californicus","Variable","Variable","Variable","Exoskeleton","Exoskeleton","Chitin + Calcium","Holoplanktonic","No","Copepods"
"3687","Eukaryota","Arthropoda","Copepoda","Calanoida","Pontellidae","Labidocera","Labidocera trispinosa","Variable","Variable","Variable","Exoskeleton","Exoskeleton","Chitin + Calcium","Holoplanktonic","No","Copepods"
"3688","Eukaryota","Arthropoda","Copepoda","Calanoida","Eucalanidae","Eucalanus","Eucalanus californicus","Variable","Variable","Variable","Exoskeleton","Exoskeleton","Chitin + Calcium","Holoplanktonic","No","Copepods"
"3690","Eukaryota","Mollusca","Gastropoda","Pteropoda","Creseidae","Styliola","Styliola sp.","Yes","Yes","Yes","External shell","External shell","Aragonite","Holoplanktonic","No","Sea butterflies"
"3691","Eukaryota","Mollusca","Gastropoda","Nudibranchia","Glaucidae","Hermissenda","Hermissenda opalescens","Variable","Variable","No","External shell","None","Aragonite","Meroplanktonic","No","Shell-less sea slugs"
"3693","Eukaryota","Arthropoda","Thecostraca","Balanomorpha","Tetraclitidae","Tetraclita","Tetraclita rubescens","Yes","Yes","Yes","External shell","External shell","Calcite","Meroplanktonic","No","Barnacles"
"3694","Eukaryota","Arthropoda","Copepoda","Calanoida","Eucalanidae","Eucalanus","Eucalanus californicus","Variable","Variable","Variable","Exoskeleton","Exoskeleton","Chitin + Calcium","Holoplanktonic","No","Copepods"
"3695","Eukaryota","Echinodermata","Ophiuroidea","Amphilepidida","Ophiactidae","Ophiopholis","Ophiopholis sp. EAC01","Yes","Yes","Yes","Internal skeleton","Internal skeleton","Calcite","Meroplanktonic","No","Brittle stars"
"3696","Eukaryota","Arthropoda","Copepoda","Calanoida","Eucalanidae","Eucalanus","Eucalanus californicus","Variable","Variable","Variable","Exoskeleton","Exoskeleton","Chitin + Calcium","Holoplanktonic","No","Copepods"
"3699","Eukaryota","Arthropoda","Copepoda","Calanoida","Pontellidae","Labidocera","Labidocera trispinosa","Variable","Variable","Variable","Exoskeleton","Exoskeleton","Chitin + Calcium","Holoplanktonic","No","Copepods"
"3700","Eukaryota","Arthropoda","Copepoda","Calanoida","Eucalanidae","Eucalanus","Eucalanus californicus","Variable","Variable","Variable","Exoskeleton","Exoskeleton","Chitin + Calcium","Holoplanktonic","No","Copepods"
"3702","Eukaryota","Annelida","Polychaeta","Phyllodocida","Pholoidae","Pholoides","Pholoides asperus","No","No","No","None","None","None","Benthic + Meroplanktonic","No","Active marine polychaetes"
"3703","Eukaryota","Mollusca","Gastropoda","Nudibranchia","Glaucidae","Hermissenda","Hermissenda opalescens","Variable","Variable","No","External shell","None","Aragonite","Meroplanktonic","No","Shell-less sea slugs"
"3704","Eukaryota","Mollusca","Gastropoda","Neogastropoda","Nassariidae","Nassarius","Nassarius mendicus","Yes","Yes","Yes","External shell","External shell","Aragonite/Calcite","Meroplanktonic","No","Whelks and predatory snails"
"3705","Eukaryota","Cnidaria","Hydrozoa","Anthoathecata","Pandeidae","Halitholus","Halitholus sp. PS_2018","No","No","No","None","None","None","Benthic + Holoplanktonic","No","Colonial hydroids and small medusae"
"3706","Eukaryota","Arthropoda","Copepoda","Calanoida","Pontellidae","Labidocera","Labidocera trispinosa","Variable","Variable","Variable","Exoskeleton","Exoskeleton","Chitin + Calcium","Holoplanktonic","No","Copepods"
"3707","Eukaryota","Arthropoda","Copepoda","Calanoida","Eucalanidae","Eucalanus","Eucalanus californicus","Variable","Variable","Variable","Exoskeleton","Exoskeleton","Chitin + Calcium","Holoplanktonic","No","Copepods"
"3708","Eukaryota","Bryozoa","Gymnolaemata","Cheilostomatida","Membraniporidae","Membranipora","Membranipora villosa","Yes","Yes","Yes","External shell","External shell","Calcite","Meroplanktonic","No","Encrusting bryozoans"
"3709","Eukaryota","Arthropoda","Malacostraca","Euphausiacea","Euphausiidae","Hansarsia","Hansarsia difficilis","Variable","No","Variable","None","Exoskeleton","Chitin + Calcium","Holoplanktonic","No","Krill"
"3710","Eukaryota","Arthropoda","Malacostraca","Euphausiacea","Euphausiidae","Hansarsia",NA,"Variable","No","Variable","None","Exoskeleton","Chitin + Calcium","Holoplanktonic","No","Krill"
"3711","Eukaryota","Arthropoda","Copepoda","Calanoida","Calanidae","Calanus","Calanus pacificus","Variable","Variable","Variable","Exoskeleton","Exoskeleton","Chitin + Calcium","Holoplanktonic","No","Copepods"
"3712","Eukaryota","Arthropoda","Copepoda","Calanoida","Eucalanidae","Eucalanus","Eucalanus californicus","Variable","Variable","Variable","Exoskeleton","Exoskeleton","Chitin + Calcium","Holoplanktonic","No","Copepods"
"3714","Eukaryota","Arthropoda","Copepoda","Calanoida","Eucalanidae","Eucalanus","Eucalanus californicus","Variable","Variable","Variable","Exoskeleton","Exoskeleton","Chitin + Calcium","Holoplanktonic","No","Copepods"
"3716","Eukaryota","Arthropoda","Copepoda","Calanoida","Eucalanidae","Eucalanus","Eucalanus californicus","Variable","Variable","Variable","Exoskeleton","Exoskeleton","Chitin + Calcium","Holoplanktonic","No","Copepods"
"3717","Eukaryota","Arthropoda","Ostracoda","Halocyprida","Halocyprididae","Conchoecetta","Conchoecetta giesbrechti","Variable","No","Variable","None","Exoskeleton","Chitin + Calcium","Holoplanktonic","No","Ostracods (seed shrimp)"
"3718","Eukaryota","Arthropoda","Copepoda","Calanoida","Eucalanidae","Eucalanus","Eucalanus californicus","Variable","Variable","Variable","Exoskeleton","Exoskeleton","Chitin + Calcium","Holoplanktonic","No","Copepods"
"3719","Eukaryota","Arthropoda","Malacostraca","Decapoda","Hippidae","Emerita","Emerita analoga","Variable","No","Variable","None","Exoskeleton","Calcite","Meroplanktonic","No","Crabs, lobsters, shrimp"
"3720","Eukaryota","Arthropoda","Ostracoda","Halocyprida","Halocyprididae","Paraconchoecia","Paraconchoecia allotherium","Variable","No","Variable","None","Exoskeleton","Chitin + Calcium","Holoplanktonic","No","Ostracods (seed shrimp)"
"3721","Eukaryota","Arthropoda","Malacostraca","Euphausiacea","Euphausiidae","Nyctiphanes","Nyctiphanes simplex","Variable","No","Variable","None","Exoskeleton","Chitin + Calcium","Holoplanktonic","No","Krill"
"3722","Eukaryota","Arthropoda","Ostracoda","Halocyprida","Halocyprididae","Conchoecia","Conchoecia hyalophyllum","Variable","No","Variable","None","Exoskeleton","Chitin + Calcium","Holoplanktonic","No","Ostracods (seed shrimp)"
"3727","Eukaryota","Arthropoda","Copepoda","Poecilostomatoida","Oncaeidae","Oncaea","Oncaea sp.","Variable","Variable","Variable","Exoskeleton","Exoskeleton","Chitin + Calcium","Holoplanktonic","No","Parasitic or predatory copepods"
"3728","Eukaryota","Arthropoda","Ostracoda","Halocyprida","Halocyprididae","Discoconchoecia",NA,"Variable","No","Variable","None","Exoskeleton","Chitin + Calcium","Holoplanktonic","No","Ostracods (seed shrimp)"
"3729","Eukaryota","Chordata","Actinopteri","Scombriformes","Tetragonuridae","Tetragonurus","Tetragonurus cuvieri","No","No","No","None","None","None","Meroplanktonic","No","Mackerels and tunas"
"3731","Eukaryota","Arthropoda","Copepoda","Poecilostomatoida","Corycaeidae","Farranula",NA,"Variable","Variable","Variable","Exoskeleton","Exoskeleton","Chitin + Calcium","Holoplanktonic","No","Parasitic or predatory copepods"
"3732","Eukaryota","Arthropoda","Ostracoda","Halocyprida","Halocyprididae","Conchoecia",NA,"Variable","No","Variable","None","Exoskeleton","Chitin + Calcium","Holoplanktonic","No","Ostracods (seed shrimp)"
"3733","Eukaryota","Arthropoda","Malacostraca","Decapoda","Hippolytidae","Spirontocaris",NA,"Variable","No","Variable","None","Exoskeleton","Calcite","Meroplanktonic","No","Crabs, lobsters, shrimp"
"3735","Eukaryota","Chordata","Actinopteri","Myctophiformes","Myctophidae","Triphoturus","Triphoturus mexicanus","No","No","No","None","None","None","Meroplanktonic","No","Lanternfishes"
"3737","Eukaryota","Arthropoda","Copepoda","Calanoida","Eucalanidae","Eucalanus","Eucalanus californicus","Variable","Variable","Variable","Exoskeleton","Exoskeleton","Chitin + Calcium","Holoplanktonic","No","Copepods"
"3738","Eukaryota","Arthropoda","Thecostraca","Lepadidae","Lepadidae",NA,NA,"Yes","Variable","Yes","External shell","External shell","Chitin + Calcium","Meroplanktonic","No","Goose barnacles"
"3739","Eukaryota","Arthropoda","Copepoda","Calanoida","Eucalanidae","Eucalanus","Eucalanus californicus","Variable","Variable","Variable","Exoskeleton","Exoskeleton","Chitin + Calcium","Holoplanktonic","No","Copepods"
"3741","Eukaryota","Arthropoda","Copepoda","Calanoida","Eucalanidae","Eucalanus","Eucalanus californicus","Variable","Variable","Variable","Exoskeleton","Exoskeleton","Chitin + Calcium","Holoplanktonic","No","Copepods"
"3742","Eukaryota","Arthropoda","Ostracoda","Halocyprida","Halocyprididae","Conchoecia","Conchoecia magna","Variable","No","Variable","None","Exoskeleton","Chitin + Calcium","Holoplanktonic","No","Ostracods (seed shrimp)"
"3743","Eukaryota","Arthropoda","Malacostraca","Euphausiacea","Euphausiidae","Thysanoessa","Thysanoessa gregaria","Variable","No","Variable","None","Exoskeleton","Chitin + Calcium","Holoplanktonic","No","Krill"
"3744","Eukaryota","Arthropoda","Copepoda","Calanoida","Calanidae","Neocalanus",NA,"Variable","Variable","Variable","Exoskeleton","Exoskeleton","Chitin + Calcium","Holoplanktonic","No","Copepods"
"3745","Eukaryota","Arthropoda","Malacostraca","Decapoda","Blepharipodidae",NA,NA,"Variable","No","Variable","None","Exoskeleton","Calcite","Meroplanktonic","No","Crabs, lobsters, shrimp"
"3748","Eukaryota","Mollusca","Gastropoda","Nudibranchia","Glaucidae","Hermissenda",NA,"Variable","Variable","No","External shell","None","Aragonite","Meroplanktonic","No","Shell-less sea slugs"
"3749","Eukaryota","Arthropoda","Copepoda","Poecilostomatoida","Corycaeidae","Farranula",NA,"Variable","Variable","Variable","Exoskeleton","Exoskeleton","Chitin + Calcium","Holoplanktonic","No","Parasitic or predatory copepods"
"3750","Eukaryota","Arthropoda","Copepoda","Calanoida","Lucicutiidae","Lucicutia","Lucicutia flavicornis","Variable","Variable","Variable","Exoskeleton","Exoskeleton","Chitin + Calcium","Holoplanktonic","No","Copepods"
"3751","Eukaryota","Echinodermata","Ophiuroidea","Amphilepidida","Ophiocomidae","Ophiopteris","Ophiopteris papillosa","Yes","Yes","Yes","Internal skeleton","Internal skeleton","Calcite","Meroplanktonic","No","Brittle stars"
"3754","Eukaryota","Annelida","Polychaeta","Chaetopteridae","Chaetopteridae","Phyllochaetopterus","Phyllochaetopterus sp. 5 JM_2017","No","No","No","None","None","None","Benthic + Meroplanktonic","No","Tube-dwelling marine polychaetes"
"3756","Eukaryota","Arthropoda","Ostracoda","Halocyprida","Halocyprididae","Proceroecia","Proceroecia procera","Variable","No","Variable","None","Exoskeleton","Chitin + Calcium","Holoplanktonic","No","Ostracods (seed shrimp)"
"3757","Eukaryota","Arthropoda","Copepoda","Calanoida","Eucalanidae","Eucalanus","Eucalanus californicus","Variable","Variable","Variable","Exoskeleton","Exoskeleton","Chitin + Calcium","Holoplanktonic","No","Copepods"
"3758","Eukaryota","Arthropoda","Copepoda","Calanoida","Pontellidae","Labidocera","Labidocera trispinosa","Variable","Variable","Variable","Exoskeleton","Exoskeleton","Chitin + Calcium","Holoplanktonic","No","Copepods"
"3761","Eukaryota","Arthropoda","Copepoda","Poecilostomatoida","Oncaeidae","Oncaea","Oncaea sp.","Variable","Variable","Variable","Exoskeleton","Exoskeleton","Chitin + Calcium","Holoplanktonic","No","Parasitic or predatory copepods"
"3762","Eukaryota","Arthropoda","Copepoda","Poecilostomatoida","Oncaeidae","Oncaea","Oncaea sp.","Variable","Variable","Variable","Exoskeleton","Exoskeleton","Chitin + Calcium","Holoplanktonic","No","Parasitic or predatory copepods"
"3763","Eukaryota","Arthropoda","Copepoda","Calanoida","Candaciidae","Candacia","Candacia curta","Variable","Variable","Variable","Exoskeleton","Exoskeleton","Chitin + Calcium","Holoplanktonic","No","Copepods"
"3764","Eukaryota","Bryozoa","Gymnolaemata","Cheilostomatida","Membraniporidae","Membranipora","Membranipora villosa","Yes","Yes","Yes","External shell","External shell","Calcite","Meroplanktonic","No","Encrusting bryozoans"
"3766","Eukaryota","Bryozoa","Gymnolaemata","Cheilostomatida","Membraniporidae","Membranipora","Membranipora villosa","Yes","Yes","Yes","External shell","External shell","Calcite","Meroplanktonic","No","Encrusting bryozoans"
"3767","Eukaryota","Bryozoa","Gymnolaemata","Cheilostomatida","Membraniporidae","Membranipora",NA,"Yes","Yes","Yes","External shell","External shell","Calcite","Meroplanktonic","No","Encrusting bryozoans"
"3770","Eukaryota","Arthropoda","Copepoda","Calanoida","Heterorhabdidae","Heterorhabdus","Heterorhabdus papilliger","Variable","Variable","Variable","Exoskeleton","Exoskeleton","Chitin + Calcium","Holoplanktonic","No","Copepods"
"3772","Eukaryota","Arthropoda","Ostracoda","Halocyprida","Halocyprididae","Discoconchoecia",NA,"Variable","No","Variable","None","Exoskeleton","Chitin + Calcium","Holoplanktonic","No","Ostracods (seed shrimp)"
"3773","Eukaryota","Mollusca","Gastropoda","Pteropoda","Creseidae","Styliola","Styliola sp.","Yes","Yes","Yes","External shell","External shell","Aragonite","Holoplanktonic","No","Sea butterflies"
"3775","Eukaryota","Chordata","Actinopteri","Clupeiformes","Engraulidae","Engraulis","Engraulis mordax","No","No","No","None","None","None","Meroplanktonic","No","Anchovies and herrings"
"3776","Eukaryota","Arthropoda","Copepoda","Calanoida","Lucicutiidae","Lucicutia","Lucicutia flavicornis","Variable","Variable","Variable","Exoskeleton","Exoskeleton","Chitin + Calcium","Holoplanktonic","No","Copepods"
"3777","Eukaryota","Arthropoda","Copepoda","Calanoida","Eucalanidae","Eucalanus","Eucalanus californicus","Variable","Variable","Variable","Exoskeleton","Exoskeleton","Chitin + Calcium","Holoplanktonic","No","Copepods"
"3779","Eukaryota","Arthropoda","Copepoda","Calanoida","Calanidae","Calanus","Calanus pacificus","Variable","Variable","Variable","Exoskeleton","Exoskeleton","Chitin + Calcium","Holoplanktonic","No","Copepods"
"3782","Eukaryota","Echinodermata","Ophiuroidea","Amphilepidida","Ophiocomidae","Ophiopteris","Ophiopteris papillosa","Yes","Yes","Yes","Internal skeleton","Internal skeleton","Calcite","Meroplanktonic","No","Brittle stars"
"3783","Eukaryota","Arthropoda","Copepoda","Calanoida","Eucalanidae","Eucalanus","Eucalanus californicus","Variable","Variable","Variable","Exoskeleton","Exoskeleton","Chitin + Calcium","Holoplanktonic","No","Copepods"
"3785","Eukaryota","Arthropoda","Copepoda","Calanoida","Eucalanidae","Eucalanus","Eucalanus californicus","Variable","Variable","Variable","Exoskeleton","Exoskeleton","Chitin + Calcium","Holoplanktonic","No","Copepods"
"3786","Eukaryota","Arthropoda","Copepoda","Poecilostomatoida","Oncaeidae","Oncaea","Oncaea sp.","Variable","Variable","Variable","Exoskeleton","Exoskeleton","Chitin + Calcium","Holoplanktonic","No","Parasitic or predatory copepods"
"3787","Eukaryota","Arthropoda","Copepoda","Calanoida","Eucalanidae","Eucalanus","Eucalanus californicus","Variable","Variable","Variable","Exoskeleton","Exoskeleton","Chitin + Calcium","Holoplanktonic","No","Copepods"
"3788","Eukaryota","Arthropoda","Copepoda","Calanoida","Eucalanidae","Eucalanus","Eucalanus californicus","Variable","Variable","Variable","Exoskeleton","Exoskeleton","Chitin + Calcium","Holoplanktonic","No","Copepods"
"3789","Eukaryota","Arthropoda","Copepoda","Calanoida","Eucalanidae","Eucalanus","Eucalanus californicus","Variable","Variable","Variable","Exoskeleton","Exoskeleton","Chitin + Calcium","Holoplanktonic","No","Copepods"
"3791","Eukaryota","Arthropoda","Copepoda","Calanoida","Eucalanidae","Eucalanus","Eucalanus californicus","Variable","Variable","Variable","Exoskeleton","Exoskeleton","Chitin + Calcium","Holoplanktonic","No","Copepods"
"3794","Eukaryota","Echinodermata","Asteroidea","Paxillosida","Luidiidae","Luidia","Luidia foliolata","Variable","No","Yes","None","Internal skeleton","Calcite","Meroplanktonic","No","Starfish without suckers"
"3795","Eukaryota","Arthropoda","Copepoda","Calanoida","Eucalanidae","Eucalanus","Eucalanus californicus","Variable","Variable","Variable","Exoskeleton","Exoskeleton","Chitin + Calcium","Holoplanktonic","No","Copepods"
"3796","Eukaryota","Arthropoda","Copepoda","Calanoida","Eucalanidae","Eucalanus","Eucalanus californicus","Variable","Variable","Variable","Exoskeleton","Exoskeleton","Chitin + Calcium","Holoplanktonic","No","Copepods"
"3797","Eukaryota","Arthropoda","Malacostraca","Decapoda","Panopeidae","Lophopanopeus","Lophopanopeus bellus","Variable","No","Variable","None","Exoskeleton","Calcite","Meroplanktonic","No","Crabs, lobsters, shrimp"
"3800","Eukaryota","Arthropoda","Malacostraca","Euphausiacea","Euphausiidae","Euphausia","Euphausia pacifica","Variable","No","Variable","None","Exoskeleton","Chitin + Calcium","Holoplanktonic","No","Krill"
"3801","Eukaryota","Arthropoda","Copepoda","Calanoida","Calanidae","Calanus","Calanus pacificus","Variable","Variable","Variable","Exoskeleton","Exoskeleton","Chitin + Calcium","Holoplanktonic","No","Copepods"
"3803","Eukaryota","Arthropoda","Copepoda","Calanoida","Eucalanidae","Eucalanus","Eucalanus californicus","Variable","Variable","Variable","Exoskeleton","Exoskeleton","Chitin + Calcium","Holoplanktonic","No","Copepods"
"3804","Eukaryota","Echinodermata","Echinoidea","Temnopleuroida","Toxopneustidae","Lytechinus","Lytechinus pictus","Yes","Yes","Yes","Internal skeleton","Exoskeleton","Calcite","Meroplanktonic","No","Short-spined sea urchins"
"3805","Eukaryota","Arthropoda","Malacostraca","Euphausiacea","Euphausiidae","Hansarsia",NA,"Variable","No","Variable","None","Exoskeleton","Chitin + Calcium","Holoplanktonic","No","Krill"
"3806","Eukaryota","Arthropoda","Copepoda","Calanoida","Eucalanidae","Eucalanus","Eucalanus californicus","Variable","Variable","Variable","Exoskeleton","Exoskeleton","Chitin + Calcium","Holoplanktonic","No","Copepods"
"3807","Eukaryota","Arthropoda","Copepoda","Calanoida","Calocalanidae",NA,NA,"Variable","Variable","Variable","Exoskeleton","Exoskeleton","Chitin + Calcium","Holoplanktonic","No","Copepods"
"3808","Eukaryota","Arthropoda","Copepoda","Calanoida","Pontellidae","Labidocera","Labidocera trispinosa","Variable","Variable","Variable","Exoskeleton","Exoskeleton","Chitin + Calcium","Holoplanktonic","No","Copepods"
"3809","Eukaryota","Arthropoda","Copepoda","Calanoida","Pontellidae","Labidocera","Labidocera trispinosa","Variable","Variable","Variable","Exoskeleton","Exoskeleton","Chitin + Calcium","Holoplanktonic","No","Copepods"
"3810","Eukaryota","Bryozoa","Gymnolaemata","Cheilostomatida","Membraniporidae","Membranipora","Membranipora villosa","Yes","Yes","Yes","External shell","External shell","Calcite","Meroplanktonic","No","Encrusting bryozoans"
"3811","Eukaryota","Arthropoda","Malacostraca","Decapoda","Penaeidae","Penaeus","Penaeus californiensis","Variable","No","Variable","None","Exoskeleton","Calcite","Meroplanktonic","No","Crabs, lobsters, shrimp"
"3812","Eukaryota","Arthropoda","Copepoda","Calanoida","Pontellidae","Labidocera","Labidocera trispinosa","Variable","Variable","Variable","Exoskeleton","Exoskeleton","Chitin + Calcium","Holoplanktonic","No","Copepods"
"3815","Eukaryota","Arthropoda","Copepoda","Calanoida","Calanidae","Calanus","Calanus pacificus","Variable","Variable","Variable","Exoskeleton","Exoskeleton","Chitin + Calcium","Holoplanktonic","No","Copepods"
"3819","Eukaryota","Arthropoda","Ostracoda","Halocyprida","Halocyprididae","Conchoecetta","Conchoecetta giesbrechti","Variable","No","Variable","None","Exoskeleton","Chitin + Calcium","Holoplanktonic","No","Ostracods (seed shrimp)"
"3820","Eukaryota","Echinodermata","Echinoidea","Temnopleuroida","Toxopneustidae","Lytechinus","Lytechinus pictus","Yes","Yes","Yes","Internal skeleton","Exoskeleton","Calcite","Meroplanktonic","No","Short-spined sea urchins"
"3821","Eukaryota","Arthropoda","Copepoda","Calanoida","Eucalanidae","Eucalanus","Eucalanus californicus","Variable","Variable","Variable","Exoskeleton","Exoskeleton","Chitin + Calcium","Holoplanktonic","No","Copepods"
"3824","Eukaryota","Arthropoda","Copepoda","Poecilostomatoida","Oncaeidae","Oncaea","Oncaea sp.","Variable","Variable","Variable","Exoskeleton","Exoskeleton","Chitin + Calcium","Holoplanktonic","No","Parasitic or predatory copepods"
"3826","Eukaryota","Mollusca","Gastropoda","Littorinimorpha","Atlantidae","Atlanta","Atlanta sp. USNM IZ 1230636","Yes","Yes","Yes","External shell","External shell","Aragonite/Calcite","Meroplanktonic","No","Periwinkles and related snails"
"3828","Eukaryota","Echinodermata","Ophiuroidea","Amphilepidida","Ophionereidae",NA,NA,"Yes","Yes","Yes","Internal skeleton","Internal skeleton","Calcite","Meroplanktonic","No","Brittle stars"
"3829","Eukaryota","Arthropoda","Copepoda","Poecilostomatoida","Oncaeidae","Oncaea","Oncaea sp.","Variable","Variable","Variable","Exoskeleton","Exoskeleton","Chitin + Calcium","Holoplanktonic","No","Parasitic or predatory copepods"
"3830","Eukaryota","Echinodermata","Ophiuroidea","Amphilepidida","Ophionereidae",NA,NA,"Yes","Yes","Yes","Internal skeleton","Internal skeleton","Calcite","Meroplanktonic","No","Brittle stars"
"3831","Eukaryota","Arthropoda","Copepoda","Poecilostomatoida","Oncaeidae","Oncaea","Oncaea sp.","Variable","Variable","Variable","Exoskeleton","Exoskeleton","Chitin + Calcium","Holoplanktonic","No","Parasitic or predatory copepods"
"3835","Eukaryota","Mollusca","Cephalopoda","Oegopsida","Enoploteuthidae",NA,NA,"Variable","Yes","No","Statoliths","None","Aragonite","Meroplanktonic","No","Squid"
"3837","Eukaryota","Arthropoda","Malacostraca","Euphausiacea","Euphausiidae","Euphausia","Euphausia pacifica","Variable","No","Variable","None","Exoskeleton","Chitin + Calcium","Holoplanktonic","No","Krill"
"3838","Eukaryota","Arthropoda","Copepoda","Calanoida","Eucalanidae","Eucalanus","Eucalanus californicus","Variable","Variable","Variable","Exoskeleton","Exoskeleton","Chitin + Calcium","Holoplanktonic","No","Copepods"
"3839","Eukaryota","Mollusca","Gastropoda","Pteropoda","Cliidae","Clio","Clio pyramidata","Yes","Yes","Yes","External shell","External shell","Aragonite","Holoplanktonic","No","Sea butterflies"
"3840","Eukaryota","Arthropoda","Copepoda","Calanoida","Eucalanidae","Eucalanus","Eucalanus californicus","Variable","Variable","Variable","Exoskeleton","Exoskeleton","Chitin + Calcium","Holoplanktonic","No","Copepods"
"3841","Eukaryota","Arthropoda","Copepoda","Calanoida","Eucalanidae","Eucalanus","Eucalanus californicus","Variable","Variable","Variable","Exoskeleton","Exoskeleton","Chitin + Calcium","Holoplanktonic","No","Copepods"
"3842","Eukaryota","Bryozoa","Gymnolaemata","Cheilostomatida","Membraniporidae","Membranipora","Membranipora villosa","Yes","Yes","Yes","External shell","External shell","Calcite","Meroplanktonic","No","Encrusting bryozoans"
"3844","Eukaryota","Bryozoa","Gymnolaemata","Cheilostomatida","Membraniporidae","Membranipora","Membranipora villosa","Yes","Yes","Yes","External shell","External shell","Calcite","Meroplanktonic","No","Encrusting bryozoans"
"3845","Eukaryota","Arthropoda","Copepoda","Calanoida","Mecynoceridae","Mecynocera","Mecynocera clausi","Variable","Variable","Variable","Exoskeleton","Exoskeleton","Chitin + Calcium","Holoplanktonic","No","Copepods"
"3847","Eukaryota","Arthropoda","Malacostraca","Euphausiacea","Euphausiidae","Nyctiphanes","Nyctiphanes simplex","Variable","No","Variable","None","Exoskeleton","Chitin + Calcium","Holoplanktonic","No","Krill"
"3848","Eukaryota","Mollusca","Gastropoda","Nudibranchia","Glaucidae","Hermissenda","Hermissenda opalescens","Variable","Variable","No","External shell","None","Aragonite","Meroplanktonic","No","Shell-less sea slugs"
"3851","Eukaryota","Echinodermata","Asteroidea","Forcipulatida","Asteriidae","Sclerasterias",NA,"Yes","Yes","Yes","Internal skeleton","Internal skeleton","Calcite","Meroplanktonic","No","Starfish"
"3852","Eukaryota","Mollusca","Gastropoda","Pteropoda","Limacinidae",NA,NA,"Yes","Yes","Yes","External shell","External shell","Aragonite","Holoplanktonic","No","Sea butterflies"
"3853","Eukaryota","Arthropoda","Copepoda","Calanoida","Metridinidae","Pleuromamma","Pleuromamma abdominalis","Variable","Variable","Variable","Exoskeleton","Exoskeleton","Chitin + Calcium","Holoplanktonic","No","Copepods"
"3854","Eukaryota","Mollusca","Bivalvia","Cardiida","Tellinidae",NA,NA,"Yes","Yes","Yes","External shell","External shell","Aragonite/Calcite","Meroplanktonic","No","Clams"
"3855","Eukaryota","Mollusca","Gastropoda","Nudibranchia","Glaucidae","Hermissenda","Hermissenda opalescens","Variable","Variable","No","External shell","None","Aragonite","Meroplanktonic","No","Shell-less sea slugs"
"3856","Eukaryota","Arthropoda","Copepoda","Calanoida","Calanidae","Calanus","Calanus pacificus","Variable","Variable","Variable","Exoskeleton","Exoskeleton","Chitin + Calcium","Holoplanktonic","No","Copepods"
"3857","Eukaryota","Arthropoda","Copepoda","Calanoida","Calocalanidae","Calocalanus","Calocalanus tenuis","Variable","Variable","Variable","Exoskeleton","Exoskeleton","Chitin + Calcium","Holoplanktonic","No","Copepods"
"3859","Eukaryota","Bryozoa","Gymnolaemata","Cheilostomatida","Membraniporidae","Membranipora","Membranipora villosa","Yes","Yes","Yes","External shell","External shell","Calcite","Meroplanktonic","No","Encrusting bryozoans"
"3861","Eukaryota","Arthropoda","Malacostraca","Amphipoda","Scinidae",NA,NA,"Variable","Yes","Yes","Exoskeleton","Exoskeleton","Chitin + Calcium","Benthic + Holoplanktonic","No","Amphipods"
"3862","Eukaryota","Arthropoda","Copepoda","Calanoida","Eucalanidae","Eucalanus","Eucalanus californicus","Variable","Variable","Variable","Exoskeleton","Exoskeleton","Chitin + Calcium","Holoplanktonic","No","Copepods"
"3863","Eukaryota","Mollusca","Gastropoda","Nudibranchia","Glaucidae","Hermissenda","Hermissenda opalescens","Variable","Variable","No","External shell","None","Aragonite","Meroplanktonic","No","Shell-less sea slugs"
"3864","Eukaryota","Arthropoda","Copepoda","Calanoida","Calanidae","Calanus","Calanus pacificus","Variable","Variable","Variable","Exoskeleton","Exoskeleton","Chitin + Calcium","Holoplanktonic","No","Copepods"
"3866","Eukaryota","Arthropoda","Copepoda","Calanoida","Eucalanidae","Eucalanus","Eucalanus californicus","Variable","Variable","Variable","Exoskeleton","Exoskeleton","Chitin + Calcium","Holoplanktonic","No","Copepods"
"3867","Eukaryota","Echinodermata","Ophiuroidea","Amphilepidida","Ophiactidae","Ophiopholis","Ophiopholis sp. EAC01","Yes","Yes","Yes","Internal skeleton","Internal skeleton","Calcite","Meroplanktonic","No","Brittle stars"
"3868","Eukaryota","Arthropoda","Copepoda","Calanoida","Eucalanidae","Eucalanus","Eucalanus californicus","Variable","Variable","Variable","Exoskeleton","Exoskeleton","Chitin + Calcium","Holoplanktonic","No","Copepods"
"3869","Eukaryota","Arthropoda","Copepoda","Calanoida","Eucalanidae","Eucalanus","Eucalanus californicus","Variable","Variable","Variable","Exoskeleton","Exoskeleton","Chitin + Calcium","Holoplanktonic","No","Copepods"
"3871","Eukaryota","Arthropoda","Malacostraca","Decapoda","Cancridae",NA,NA,"Variable","No","Variable","None","Exoskeleton","Calcite","Meroplanktonic","No","Crabs, lobsters, shrimp"
"3872","Eukaryota","Arthropoda","Copepoda","Calanoida","Calanidae","Calanus","Calanus pacificus","Variable","Variable","Variable","Exoskeleton","Exoskeleton","Chitin + Calcium","Holoplanktonic","No","Copepods"
"3874","Eukaryota","Arthropoda","Copepoda","Calanoida","Eucalanidae","Eucalanus","Eucalanus californicus","Variable","Variable","Variable","Exoskeleton","Exoskeleton","Chitin + Calcium","Holoplanktonic","No","Copepods"
"3877","Eukaryota","Arthropoda","Copepoda","Calanoida","Eucalanidae","Eucalanus","Eucalanus californicus","Variable","Variable","Variable","Exoskeleton","Exoskeleton","Chitin + Calcium","Holoplanktonic","No","Copepods"
"3878","Eukaryota","Arthropoda","Copepoda","Calanoida","Pontellidae","Labidocera","Labidocera trispinosa","Variable","Variable","Variable","Exoskeleton","Exoskeleton","Chitin + Calcium","Holoplanktonic","No","Copepods"
"3881","Eukaryota","Arthropoda","Copepoda","Calanoida","Calanidae","Ctenocalanus","Ctenocalanus vanus","Variable","Variable","Variable","Exoskeleton","Exoskeleton","Chitin + Calcium","Holoplanktonic","No","Copepods"
"3883","Eukaryota","Arthropoda","Copepoda","Calanoida","Metridinidae","Pleuromamma","Pleuromamma borealis","Variable","Variable","Variable","Exoskeleton","Exoskeleton","Chitin + Calcium","Holoplanktonic","No","Copepods"
"3884","Eukaryota","Arthropoda","Copepoda","Calanoida","Eucalanidae","Eucalanus","Eucalanus californicus","Variable","Variable","Variable","Exoskeleton","Exoskeleton","Chitin + Calcium","Holoplanktonic","No","Copepods"
"3886","Eukaryota","Arthropoda","Ostracoda","Halocyprida","Halocyprididae","Proceroecia","Proceroecia procera","Variable","No","Variable","None","Exoskeleton","Chitin + Calcium","Holoplanktonic","No","Ostracods (seed shrimp)"
"3887","Eukaryota","Arthropoda","Copepoda","Calanoida","Eucalanidae","Eucalanus","Eucalanus californicus","Variable","Variable","Variable","Exoskeleton","Exoskeleton","Chitin + Calcium","Holoplanktonic","No","Copepods"
"3889","Eukaryota","Arthropoda","Ostracoda","Halocyprida","Halocyprididae",NA,NA,"Variable","No","Variable","None","Exoskeleton","Chitin + Calcium","Holoplanktonic","No","Ostracods (seed shrimp)"
"3891","Eukaryota","Arthropoda","Copepoda","Calanoida","Eucalanidae","Eucalanus","Eucalanus californicus","Variable","Variable","Variable","Exoskeleton","Exoskeleton","Chitin + Calcium","Holoplanktonic","No","Copepods"
"3892","Eukaryota","Arthropoda","Copepoda","Calanoida","Calanidae","Calanus","Calanus pacificus","Variable","Variable","Variable","Exoskeleton","Exoskeleton","Chitin + Calcium","Holoplanktonic","No","Copepods"
"3893","Eukaryota","Arthropoda","Copepoda","Calanoida","Eucalanidae","Eucalanus","Eucalanus californicus","Variable","Variable","Variable","Exoskeleton","Exoskeleton","Chitin + Calcium","Holoplanktonic","No","Copepods"
"3896","Eukaryota","Arthropoda","Copepoda","Poecilostomatoida","Oncaeidae","Oncaea","Oncaea sp.","Variable","Variable","Variable","Exoskeleton","Exoskeleton","Chitin + Calcium","Holoplanktonic","No","Parasitic or predatory copepods"
"3897","Eukaryota","Arthropoda","Malacostraca","Decapoda","Pinnotheridae","Pinnixa","Pinnixa franciscana","Variable","No","Variable","None","Exoskeleton","Calcite","Meroplanktonic","No","Crabs, lobsters, shrimp"
"3898","Eukaryota","Arthropoda","Copepoda","Calanoida","Calocalanidae","Calocalanus","Calocalanus sp. 1 AC_2013","Variable","Variable","Variable","Exoskeleton","Exoskeleton","Chitin + Calcium","Holoplanktonic","No","Copepods"
"3899","Eukaryota","Arthropoda","Copepoda","Poecilostomatoida","Oncaeidae","Oncaea","Oncaea sp.","Variable","Variable","Variable","Exoskeleton","Exoskeleton","Chitin + Calcium","Holoplanktonic","No","Parasitic or predatory copepods"
"3901","Eukaryota","Arthropoda","Copepoda","Calanoida","Lucicutiidae","Lucicutia","Lucicutia flavicornis","Variable","Variable","Variable","Exoskeleton","Exoskeleton","Chitin + Calcium","Holoplanktonic","No","Copepods"
"3905","Eukaryota","Arthropoda","Copepoda","Calanoida","Calocalanidae","Calocalanus",NA,"Variable","Variable","Variable","Exoskeleton","Exoskeleton","Chitin + Calcium","Holoplanktonic","No","Copepods"
"3907","Eukaryota","Echinodermata","Echinoidea","Clypeasteroida","Dendrasteridae","Dendraster","Dendraster excentricus","Yes","Yes","Yes","Exoskeleton","Exoskeleton","Calcite","Meroplanktonic","No","Sand dollars"
"3908","Eukaryota","Arthropoda","Malacostraca","Decapoda","Munididae","Antillimunida","Antillimunida bapensis","Variable","No","Variable","None","Exoskeleton","Calcite","Meroplanktonic","No","Crabs, lobsters, shrimp"
"3909","Eukaryota","Arthropoda","Copepoda","Calanoida","Eucalanidae","Eucalanus","Eucalanus californicus","Variable","Variable","Variable","Exoskeleton","Exoskeleton","Chitin + Calcium","Holoplanktonic","No","Copepods"
"3911","Eukaryota","Arthropoda","Copepoda","Calanoida","Pontellidae","Labidocera","Labidocera trispinosa","Variable","Variable","Variable","Exoskeleton","Exoskeleton","Chitin + Calcium","Holoplanktonic","No","Copepods"
"3913","Eukaryota","Arthropoda","Copepoda","Cyclopoida","Oithonidae","Oithona","Oithona similis","Variable","Variable","Variable","Exoskeleton","Exoskeleton","Chitin + Calcium","Holoplanktonic","No","Cyclopoid copepods"
"3915","Eukaryota","Arthropoda","Malacostraca","Euphausiacea","Euphausiidae","Nyctiphanes","Nyctiphanes simplex","Variable","No","Variable","None","Exoskeleton","Chitin + Calcium","Holoplanktonic","No","Krill"
"3921","Eukaryota","Arthropoda","Copepoda","Calanoida","Calanidae","Calanus","Calanus pacificus","Variable","Variable","Variable","Exoskeleton","Exoskeleton","Chitin + Calcium","Holoplanktonic","No","Copepods"
"3923","Eukaryota","Arthropoda","Copepoda","Calanoida","Metridinidae","Pleuromamma","Pleuromamma piseki","Variable","Variable","Variable","Exoskeleton","Exoskeleton","Chitin + Calcium","Holoplanktonic","No","Copepods"
"3924","Eukaryota","Arthropoda","Copepoda","Calanoida","Pontellidae","Labidocera","Labidocera trispinosa","Variable","Variable","Variable","Exoskeleton","Exoskeleton","Chitin + Calcium","Holoplanktonic","No","Copepods"
"3927","Eukaryota","Arthropoda","Copepoda","Calanoida","Eucalanidae","Eucalanus","Eucalanus californicus","Variable","Variable","Variable","Exoskeleton","Exoskeleton","Chitin + Calcium","Holoplanktonic","No","Copepods"
"3930","Eukaryota","Arthropoda","Copepoda","Calanoida","Eucalanidae","Eucalanus","Eucalanus californicus","Variable","Variable","Variable","Exoskeleton","Exoskeleton","Chitin + Calcium","Holoplanktonic","No","Copepods"
"3931","Eukaryota","Arthropoda","Copepoda","Calanoida","Eucalanidae","Eucalanus","Eucalanus californicus","Variable","Variable","Variable","Exoskeleton","Exoskeleton","Chitin + Calcium","Holoplanktonic","No","Copepods"
"3934","Eukaryota","Arthropoda","Copepoda","Poecilostomatoida","Oncaeidae","Oncaea","Oncaea sp.","Variable","Variable","Variable","Exoskeleton","Exoskeleton","Chitin + Calcium","Holoplanktonic","No","Parasitic or predatory copepods"
"3935","Eukaryota","Arthropoda","Copepoda","Calanoida","Eucalanidae","Eucalanus","Eucalanus californicus","Variable","Variable","Variable","Exoskeleton","Exoskeleton","Chitin + Calcium","Holoplanktonic","No","Copepods"
"3937","Eukaryota","Mollusca","Gastropoda","Nudibranchia","Glaucidae","Hermissenda",NA,"Variable","Variable","No","External shell","None","Aragonite","Meroplanktonic","No","Shell-less sea slugs"
"3939","Eukaryota","Arthropoda","Copepoda","Calanoida","Eucalanidae","Eucalanus","Eucalanus californicus","Variable","Variable","Variable","Exoskeleton","Exoskeleton","Chitin + Calcium","Holoplanktonic","No","Copepods"
"3940","Eukaryota","Arthropoda","Copepoda","Calanoida","Eucalanidae","Eucalanus","Eucalanus californicus","Variable","Variable","Variable","Exoskeleton","Exoskeleton","Chitin + Calcium","Holoplanktonic","No","Copepods"
"3941","Eukaryota","Arthropoda","Malacostraca","Euphausiacea","Euphausiidae","Nyctiphanes","Nyctiphanes simplex","Variable","No","Variable","None","Exoskeleton","Chitin + Calcium","Holoplanktonic","No","Krill"
"3942","Eukaryota","Arthropoda","Copepoda","Calanoida","Eucalanidae","Rhincalanus","Rhincalanus nasutus","Variable","Variable","Variable","Exoskeleton","Exoskeleton","Chitin + Calcium","Holoplanktonic","No","Copepods"
"3943","Eukaryota","Arthropoda","Copepoda","Calanoida","Eucalanidae","Eucalanus","Eucalanus californicus","Variable","Variable","Variable","Exoskeleton","Exoskeleton","Chitin + Calcium","Holoplanktonic","No","Copepods"
"3944","Eukaryota","Arthropoda","Copepoda","Calanoida","Eucalanidae","Eucalanus","Eucalanus californicus","Variable","Variable","Variable","Exoskeleton","Exoskeleton","Chitin + Calcium","Holoplanktonic","No","Copepods"
"3946","Eukaryota","Cnidaria","Hydrozoa","Siphonophorae","Sphaeronectidae",NA,NA,"No","No","No","None","None","None","Holoplanktonic","No","Colonial hydrozoans (e.g., Portuguese man o' war)"
"3948","Eukaryota","Mollusca","Gastropoda","Nudibranchia","Tritoniidae","Tritonia","Tritonia exsulans","Variable","Variable","No","External shell","None","Aragonite","Meroplanktonic","No","Shell-less sea slugs"
"3949","Eukaryota","Arthropoda","Copepoda","Calanoida","Eucalanidae","Eucalanus","Eucalanus californicus","Variable","Variable","Variable","Exoskeleton","Exoskeleton","Chitin + Calcium","Holoplanktonic","No","Copepods"
"3950","Eukaryota","Arthropoda","Copepoda","Calanoida","Eucalanidae","Eucalanus","Eucalanus californicus","Variable","Variable","Variable","Exoskeleton","Exoskeleton","Chitin + Calcium","Holoplanktonic","No","Copepods"
"3956","Eukaryota","Arthropoda","Thecostraca","Balanomorpha","Balanidae","Balanus","Balanus trigonus","Yes","Yes","Yes","External shell","External shell","Calcite","Meroplanktonic","No","Barnacles"
"3957","Eukaryota","Arthropoda","Copepoda","Calanoida","Pontellidae","Labidocera","Labidocera trispinosa","Variable","Variable","Variable","Exoskeleton","Exoskeleton","Chitin + Calcium","Holoplanktonic","No","Copepods"
"3960","Eukaryota","Arthropoda","Copepoda","Poecilostomatoida","Oncaeidae","Oncaea","Oncaea sp.","Variable","Variable","Variable","Exoskeleton","Exoskeleton","Chitin + Calcium","Holoplanktonic","No","Parasitic or predatory copepods"
"3961","Eukaryota","Arthropoda","Thecostraca","Balanomorpha","Balanidae","Balanus","Balanus trigonus","Yes","Yes","Yes","External shell","External shell","Calcite","Meroplanktonic","No","Barnacles"
"3962","Eukaryota","Arthropoda","Copepoda","Calanoida","Eucalanidae","Eucalanus","Eucalanus californicus","Variable","Variable","Variable","Exoskeleton","Exoskeleton","Chitin + Calcium","Holoplanktonic","No","Copepods"
"3963","Eukaryota","Arthropoda","Copepoda","Calanoida","Eucalanidae","Eucalanus","Eucalanus californicus","Variable","Variable","Variable","Exoskeleton","Exoskeleton","Chitin + Calcium","Holoplanktonic","No","Copepods"
"3965","Eukaryota","Mollusca","Gastropoda","Pteropoda","Creseidae","Styliola","Styliola sp.","Yes","Yes","Yes","External shell","External shell","Aragonite","Holoplanktonic","No","Sea butterflies"
"3968","Eukaryota","Arthropoda","Copepoda","Calanoida","Eucalanidae","Eucalanus","Eucalanus californicus","Variable","Variable","Variable","Exoskeleton","Exoskeleton","Chitin + Calcium","Holoplanktonic","No","Copepods"
"3969","Eukaryota","Arthropoda","Copepoda","Calanoida","Acartiidae","Acartia","Acartia tonsa","Variable","Variable","Variable","Exoskeleton","Exoskeleton","Chitin + Calcium","Holoplanktonic","No","Copepods"
"3970","Eukaryota","Arthropoda","Copepoda","Calanoida","Eucalanidae","Eucalanus","Eucalanus californicus","Variable","Variable","Variable","Exoskeleton","Exoskeleton","Chitin + Calcium","Holoplanktonic","No","Copepods"
"3971","Eukaryota","Arthropoda","Copepoda","Calanoida","Eucalanidae","Eucalanus","Eucalanus californicus","Variable","Variable","Variable","Exoskeleton","Exoskeleton","Chitin + Calcium","Holoplanktonic","No","Copepods"
"3972","Eukaryota","Bryozoa","Gymnolaemata","Cheilostomatida","Membraniporidae","Membranipora","Membranipora villosa","Yes","Yes","Yes","External shell","External shell","Calcite","Meroplanktonic","No","Encrusting bryozoans"
"3974","Eukaryota","Mollusca","Gastropoda","Nudibranchia","Glaucidae","Hermissenda","Hermissenda opalescens","Variable","Variable","No","External shell","None","Aragonite","Meroplanktonic","No","Shell-less sea slugs"
"3975","Eukaryota","Arthropoda","Copepoda","Calanoida","Eucalanidae","Eucalanus","Eucalanus californicus","Variable","Variable","Variable","Exoskeleton","Exoskeleton","Chitin + Calcium","Holoplanktonic","No","Copepods"
"3976","Eukaryota","Bryozoa","Gymnolaemata","Cheilostomatida","Membraniporidae","Membranipora","Membranipora villosa","Yes","Yes","Yes","External shell","External shell","Calcite","Meroplanktonic","No","Encrusting bryozoans"
"3979","Eukaryota","Arthropoda","Copepoda","Calanoida","Lucicutiidae","Lucicutia","Lucicutia flavicornis","Variable","Variable","Variable","Exoskeleton","Exoskeleton","Chitin + Calcium","Holoplanktonic","No","Copepods"
"3982","Eukaryota","Mollusca","Gastropoda","Pteropoda","Cliidae","Clio","Clio pyramidata","Yes","Yes","Yes","External shell","External shell","Aragonite","Holoplanktonic","No","Sea butterflies"
"3983","Eukaryota","Echinodermata","Ophiuroidea","Amphilepidida","Ophionereidae",NA,NA,"Yes","Yes","Yes","Internal skeleton","Internal skeleton","Calcite","Meroplanktonic","No","Brittle stars"
"3985","Eukaryota","Arthropoda","Malacostraca","Euphausiacea","Euphausiidae","Hansarsia","Hansarsia difficilis","Variable","No","Variable","None","Exoskeleton","Chitin + Calcium","Holoplanktonic","No","Krill"
"3986","Eukaryota","Arthropoda","Copepoda","Poecilostomatoida","Oncaeidae","Oncaea","Oncaea sp.","Variable","Variable","Variable","Exoskeleton","Exoskeleton","Chitin + Calcium","Holoplanktonic","No","Parasitic or predatory copepods"
"3988","Eukaryota","Mollusca","Gastropoda","Pteropoda","Limacinidae",NA,NA,"Yes","Yes","Yes","External shell","External shell","Aragonite","Holoplanktonic","No","Sea butterflies"
"3989","Eukaryota","Arthropoda","Copepoda","Calanoida","Mecynoceridae","Mecynocera","Mecynocera clausi","Variable","Variable","Variable","Exoskeleton","Exoskeleton","Chitin + Calcium","Holoplanktonic","No","Copepods"
"3990","Eukaryota","Arthropoda","Copepoda","Calanoida","Clausocalanidae",NA,NA,"Variable","Variable","Variable","Exoskeleton","Exoskeleton","Chitin + Calcium","Holoplanktonic","No","Copepods"
"3991","Eukaryota","Mollusca","Gastropoda","Nudibranchia","Glaucidae","Hermissenda","Hermissenda opalescens","Variable","Variable","No","External shell","None","Aragonite","Meroplanktonic","No","Shell-less sea slugs"
"3993","Eukaryota","Arthropoda","Copepoda","Calanoida","Clausocalanidae","Clausocalanus","Clausocalanus jobei","Variable","Variable","Variable","Exoskeleton","Exoskeleton","Chitin + Calcium","Holoplanktonic","No","Copepods"
"3994","Eukaryota","Arthropoda","Copepoda","Calanoida","Eucalanidae","Eucalanus","Eucalanus californicus","Variable","Variable","Variable","Exoskeleton","Exoskeleton","Chitin + Calcium","Holoplanktonic","No","Copepods"
"3995","Eukaryota","Arthropoda","Copepoda","Calanoida","Eucalanidae","Eucalanus","Eucalanus californicus","Variable","Variable","Variable","Exoskeleton","Exoskeleton","Chitin + Calcium","Holoplanktonic","No","Copepods"
"3997","Eukaryota","Bryozoa","Gymnolaemata","Cheilostomatida","Membraniporidae","Membranipora","Membranipora villosa","Yes","Yes","Yes","External shell","External shell","Calcite","Meroplanktonic","No","Encrusting bryozoans"
"3999","Eukaryota","Arthropoda","Copepoda","Calanoida","Calanidae","Calanus","Calanus pacificus","Variable","Variable","Variable","Exoskeleton","Exoskeleton","Chitin + Calcium","Holoplanktonic","No","Copepods"
"4000","Eukaryota","Arthropoda","Copepoda","Calanoida","Calanidae","Calanus","Calanus pacificus","Variable","Variable","Variable","Exoskeleton","Exoskeleton","Chitin + Calcium","Holoplanktonic","No","Copepods"
"4004","Eukaryota","Echinodermata","Echinoidea","Camarodonta","Strongylocentrotidae","Strongylocentrotus","Strongylocentrotus purpuratus","Yes","Yes","Yes","Internal skeleton","Exoskeleton","Calcite","Meroplanktonic","No","Sea urchins"
"4005","Eukaryota","Arthropoda","Copepoda","Poecilostomatoida","Oncaeidae","Oncaea","Oncaea sp.","Variable","Variable","Variable","Exoskeleton","Exoskeleton","Chitin + Calcium","Holoplanktonic","No","Parasitic or predatory copepods"
"4006","Eukaryota","Arthropoda","Copepoda","Calanoida","Clausocalanidae","Clausocalanus","Clausocalanus parapergens","Variable","Variable","Variable","Exoskeleton","Exoskeleton","Chitin + Calcium","Holoplanktonic","No","Copepods"
"4011","Eukaryota","Arthropoda","Copepoda","Calanoida","Eucalanidae","Eucalanus","Eucalanus californicus","Variable","Variable","Variable","Exoskeleton","Exoskeleton","Chitin + Calcium","Holoplanktonic","No","Copepods"
"4013","Eukaryota","Mollusca","Gastropoda","Neogastropoda","Columbellidae","Alia","Alia carinata","Yes","Yes","Yes","External shell","External shell","Aragonite/Calcite","Meroplanktonic","No","Whelks and predatory snails"
"4015","Eukaryota","Arthropoda","Ostracoda","Halocyprida","Halocyprididae","Proceroecia","Proceroecia procera","Variable","No","Variable","None","Exoskeleton","Chitin + Calcium","Holoplanktonic","No","Ostracods (seed shrimp)"
"4021","Eukaryota","Arthropoda","Copepoda","Calanoida","Calocalanidae","Calocalanus",NA,"Variable","Variable","Variable","Exoskeleton","Exoskeleton","Chitin + Calcium","Holoplanktonic","No","Copepods"
"4025","Eukaryota","Arthropoda","Copepoda","Calanoida","Pontellidae","Labidocera","Labidocera trispinosa","Variable","Variable","Variable","Exoskeleton","Exoskeleton","Chitin + Calcium","Holoplanktonic","No","Copepods"
"4026","Eukaryota","Arthropoda","Malacostraca","Euphausiacea","Euphausiidae","Nyctiphanes","Nyctiphanes simplex","Variable","No","Variable","None","Exoskeleton","Chitin + Calcium","Holoplanktonic","No","Krill"
"4027","Eukaryota","Arthropoda","Copepoda","Calanoida","Eucalanidae","Eucalanus","Eucalanus californicus","Variable","Variable","Variable","Exoskeleton","Exoskeleton","Chitin + Calcium","Holoplanktonic","No","Copepods"
"4029","Eukaryota","Arthropoda","Copepoda","Calanoida","Eucalanidae","Eucalanus","Eucalanus californicus","Variable","Variable","Variable","Exoskeleton","Exoskeleton","Chitin + Calcium","Holoplanktonic","No","Copepods"
"4030","Eukaryota","Mollusca","Gastropoda","Nudibranchia","Glaucidae","Hermissenda","Hermissenda opalescens","Variable","Variable","No","External shell","None","Aragonite","Meroplanktonic","No","Shell-less sea slugs"
"4031","Eukaryota","Mollusca","Gastropoda","Nudibranchia","Glaucidae","Hermissenda","Hermissenda opalescens","Variable","Variable","No","External shell","None","Aragonite","Meroplanktonic","No","Shell-less sea slugs"
"4032","Eukaryota","Arthropoda","Copepoda","Calanoida","Pontellidae","Labidocera","Labidocera trispinosa","Variable","Variable","Variable","Exoskeleton","Exoskeleton","Chitin + Calcium","Holoplanktonic","No","Copepods"
"4033","Eukaryota","Arthropoda","Copepoda","Calanoida","Eucalanidae","Eucalanus","Eucalanus californicus","Variable","Variable","Variable","Exoskeleton","Exoskeleton","Chitin + Calcium","Holoplanktonic","No","Copepods"
"4034","Eukaryota","Arthropoda","Copepoda","Calanoida","Pontellidae","Labidocera","Labidocera trispinosa","Variable","Variable","Variable","Exoskeleton","Exoskeleton","Chitin + Calcium","Holoplanktonic","No","Copepods"
"4036","Eukaryota","Arthropoda","Ostracoda","Halocyprida","Halocyprididae","Mikroconchoecia","Mikroconchoecia sp. USNM IZ 1448470","Variable","No","Variable","None","Exoskeleton","Chitin + Calcium","Holoplanktonic","No","Ostracods (seed shrimp)"
"4038","Eukaryota","Mollusca","Bivalvia","Mytilida","Modiolidae",NA,NA,"Yes","Yes","Yes","External shell","External shell","Aragonite/Calcite","Meroplanktonic","No","Mussels"
"4039","Eukaryota","Arthropoda","Copepoda","Calanoida","Eucalanidae","Eucalanus","Eucalanus californicus","Variable","Variable","Variable","Exoskeleton","Exoskeleton","Chitin + Calcium","Holoplanktonic","No","Copepods"
"4040","Eukaryota","Arthropoda","Copepoda","Calanoida","Eucalanidae","Eucalanus","Eucalanus californicus","Variable","Variable","Variable","Exoskeleton","Exoskeleton","Chitin + Calcium","Holoplanktonic","No","Copepods"
"4041","Eukaryota","Arthropoda","Malacostraca","Euphausiacea","Euphausiidae","Nyctiphanes","Nyctiphanes simplex","Variable","No","Variable","None","Exoskeleton","Chitin + Calcium","Holoplanktonic","No","Krill"
"4042","Eukaryota","Bryozoa","Gymnolaemata","Cheilostomatida","Membraniporidae","Membranipora",NA,"Yes","Yes","Yes","External shell","External shell","Calcite","Meroplanktonic","No","Encrusting bryozoans"
"4043","Eukaryota","Arthropoda","Copepoda","Calanoida","Pontellidae","Labidocera",NA,"Variable","Variable","Variable","Exoskeleton","Exoskeleton","Chitin + Calcium","Holoplanktonic","No","Copepods"
"4044","Eukaryota","Mollusca","Gastropoda","Nudibranchia","Glaucidae","Hermissenda","Hermissenda opalescens","Variable","Variable","No","External shell","None","Aragonite","Meroplanktonic","No","Shell-less sea slugs"
"4045","Eukaryota","Bryozoa","Gymnolaemata","Cheilostomatida","Membraniporidae","Membranipora","Membranipora villosa","Yes","Yes","Yes","External shell","External shell","Calcite","Meroplanktonic","No","Encrusting bryozoans"
"4046","Eukaryota","Arthropoda","Copepoda","Calanoida","Pontellidae","Labidocera","Labidocera trispinosa","Variable","Variable","Variable","Exoskeleton","Exoskeleton","Chitin + Calcium","Holoplanktonic","No","Copepods"
"4047","Eukaryota","Arthropoda","Copepoda","Calanoida","Eucalanidae","Eucalanus","Eucalanus californicus","Variable","Variable","Variable","Exoskeleton","Exoskeleton","Chitin + Calcium","Holoplanktonic","No","Copepods"
"4050","Eukaryota","Arthropoda","Malacostraca","Decapoda","Palinuridae","Panulirus","Panulirus interruptus","Variable","No","Variable","None","Exoskeleton","Calcite","Meroplanktonic","No","Crabs, lobsters, shrimp"
"4053","Eukaryota","Arthropoda","Copepoda","Poecilostomatoida","Oncaeidae","Oncaea","Oncaea sp.","Variable","Variable","Variable","Exoskeleton","Exoskeleton","Chitin + Calcium","Holoplanktonic","No","Parasitic or predatory copepods"
"4055","Eukaryota","Arthropoda","Copepoda","Calanoida","Eucalanidae","Rhincalanus",NA,"Variable","Variable","Variable","Exoskeleton","Exoskeleton","Chitin + Calcium","Holoplanktonic","No","Copepods"
"4056","Eukaryota","Arthropoda","Copepoda","Calanoida","Calanidae","Calanus","Calanus pacificus","Variable","Variable","Variable","Exoskeleton","Exoskeleton","Chitin + Calcium","Holoplanktonic","No","Copepods"
"4057","Eukaryota","Arthropoda","Copepoda","Calanoida","Eucalanidae","Eucalanus","Eucalanus californicus","Variable","Variable","Variable","Exoskeleton","Exoskeleton","Chitin + Calcium","Holoplanktonic","No","Copepods"
"4059","Eukaryota","Mollusca","Gastropoda","Littorinimorpha","Atlantidae",NA,NA,"Yes","Yes","Yes","External shell","External shell","Aragonite/Calcite","Meroplanktonic","No","Periwinkles and related snails"
"4061","Eukaryota","Arthropoda","Copepoda","Calanoida","Metridinidae","Pleuromamma","Pleuromamma abdominalis","Variable","Variable","Variable","Exoskeleton","Exoskeleton","Chitin + Calcium","Holoplanktonic","No","Copepods"
"4066","Eukaryota","Arthropoda","Copepoda","Calanoida","Calocalanidae","Calocalanus","Calocalanus sp. 1 AC_2013","Variable","Variable","Variable","Exoskeleton","Exoskeleton","Chitin + Calcium","Holoplanktonic","No","Copepods"
"4067","Eukaryota","Arthropoda","Copepoda","Calanoida","Eucalanidae","Eucalanus","Eucalanus californicus","Variable","Variable","Variable","Exoskeleton","Exoskeleton","Chitin + Calcium","Holoplanktonic","No","Copepods"
"4068","Eukaryota","Arthropoda","Ostracoda","Halocyprida","Halocyprididae","Discoconchoecia",NA,"Variable","No","Variable","None","Exoskeleton","Chitin + Calcium","Holoplanktonic","No","Ostracods (seed shrimp)"
"4069","Eukaryota","Cnidaria","Hydrozoa","Siphonophorae","Diphyidae","Lensia","Lensia campanella","No","No","No","None","None","None","Holoplanktonic","No","Colonial hydrozoans (e.g., Portuguese man o' war)"
"4070","Eukaryota","Mollusca","Gastropoda","Neogastropoda","Conidae","Californiconus","Californiconus californicus","Yes","Yes","Yes","External shell","External shell","Aragonite/Calcite","Meroplanktonic","No","Whelks and predatory snails"
"4072","Eukaryota","Arthropoda","Copepoda","Calanoida","Eucalanidae","Eucalanus","Eucalanus californicus","Variable","Variable","Variable","Exoskeleton","Exoskeleton","Chitin + Calcium","Holoplanktonic","No","Copepods"
"4074","Eukaryota","Mollusca","Gastropoda","Littorinimorpha","Atlantidae","Atlanta","Atlanta sp. USNM IZ 1230636","Yes","Yes","Yes","External shell","External shell","Aragonite/Calcite","Meroplanktonic","No","Periwinkles and related snails"
"4075","Eukaryota","Bryozoa","Gymnolaemata","Cheilostomatida","Membraniporidae","Membranipora","Membranipora villosa","Yes","Yes","Yes","External shell","External shell","Calcite","Meroplanktonic","No","Encrusting bryozoans"
"4076","Eukaryota","Arthropoda","Copepoda","Calanoida","Eucalanidae","Eucalanus","Eucalanus californicus","Variable","Variable","Variable","Exoskeleton","Exoskeleton","Chitin + Calcium","Holoplanktonic","No","Copepods"
"4078","Eukaryota","Arthropoda","Copepoda","Calanoida","Eucalanidae","Eucalanus","Eucalanus californicus","Variable","Variable","Variable","Exoskeleton","Exoskeleton","Chitin + Calcium","Holoplanktonic","No","Copepods"
"4079","Eukaryota","Arthropoda","Malacostraca","Euphausiacea","Euphausiidae","Hansarsia","Hansarsia difficilis","Variable","No","Variable","None","Exoskeleton","Chitin + Calcium","Holoplanktonic","No","Krill"
"4081","Eukaryota","Arthropoda","Copepoda","Calanoida","Clausocalanidae",NA,NA,"Variable","Variable","Variable","Exoskeleton","Exoskeleton","Chitin + Calcium","Holoplanktonic","No","Copepods"
"4082","Eukaryota","Arthropoda","Copepoda","Calanoida","Eucalanidae","Eucalanus","Eucalanus californicus","Variable","Variable","Variable","Exoskeleton","Exoskeleton","Chitin + Calcium","Holoplanktonic","No","Copepods"
"4084","Eukaryota","Arthropoda","Ostracoda","Halocyprida","Halocyprididae","Proceroecia","Proceroecia procera","Variable","No","Variable","None","Exoskeleton","Chitin + Calcium","Holoplanktonic","No","Ostracods (seed shrimp)"
"4085","Eukaryota","Mollusca","Cephalopoda","Myopsida","Loliginidae","Doryteuthis","Doryteuthis opalescens","Variable","Yes","No","Statoliths","None","Aragonite","Meroplanktonic","No","Coastal squid"
"4087","Eukaryota","Arthropoda","Copepoda","Calanoida","Paracalanidae","Paracalanus","Paracalanus tropicus","Variable","Variable","Variable","Exoskeleton","Exoskeleton","Chitin + Calcium","Holoplanktonic","No","Copepods"
"4088","Eukaryota","Arthropoda","Malacostraca","Euphausiacea","Euphausiidae",NA,NA,"Variable","No","Variable","None","Exoskeleton","Chitin + Calcium","Holoplanktonic","No","Krill"
"4090","Eukaryota","Mollusca","Gastropoda","Pteropoda","Creseidae","Styliola","Styliola sp.","Yes","Yes","Yes","External shell","External shell","Aragonite","Holoplanktonic","No","Sea butterflies"
"4093","Eukaryota","Arthropoda","Copepoda","Calanoida","Pontellidae","Labidocera","Labidocera trispinosa","Variable","Variable","Variable","Exoskeleton","Exoskeleton","Chitin + Calcium","Holoplanktonic","No","Copepods"
"4095","Eukaryota","Arthropoda","Copepoda","Calanoida","Paracalanidae","Paracalanus","Paracalanus tropicus","Variable","Variable","Variable","Exoskeleton","Exoskeleton","Chitin + Calcium","Holoplanktonic","No","Copepods"
"4100","Eukaryota","Arthropoda","Copepoda","Calanoida","Calanidae",NA,NA,"Variable","Variable","Variable","Exoskeleton","Exoskeleton","Chitin + Calcium","Holoplanktonic","No","Copepods"
"4102","Eukaryota","Arthropoda","Malacostraca","Euphausiacea","Euphausiidae",NA,NA,"Variable","No","Variable","None","Exoskeleton","Chitin + Calcium","Holoplanktonic","No","Krill"
"4103","Eukaryota","Bryozoa","Gymnolaemata","Cheilostomatida","Membraniporidae","Membranipora","Membranipora villosa","Yes","Yes","Yes","External shell","External shell","Calcite","Meroplanktonic","No","Encrusting bryozoans"
"4104","Eukaryota","Echinodermata","Ophiuroidea","Amphilepidida","Amphiuridae","Amphiodia","Amphiodia cf_ urtica EAC_2010","Yes","Yes","Yes","Internal skeleton","Internal skeleton","Calcite","Meroplanktonic","No","Brittle stars"
"4106","Eukaryota","Echinodermata","Ophiuroidea","Amphilepidida","Amphiuridae","Amphiodia",NA,"Yes","Yes","Yes","Internal skeleton","Internal skeleton","Calcite","Meroplanktonic","No","Brittle stars"
"4107","Eukaryota","Arthropoda","Ostracoda","Halocyprida","Halocyprididae","Discoconchoecia","Discoconchoecia sp. S15_D2","Variable","No","Variable","None","Exoskeleton","Chitin + Calcium","Holoplanktonic","No","Ostracods (seed shrimp)"
"4110","Eukaryota","Arthropoda","Ostracoda","Halocyprida","Halocyprididae","Discoconchoecia",NA,"Variable","No","Variable","None","Exoskeleton","Chitin + Calcium","Holoplanktonic","No","Ostracods (seed shrimp)"
"4111","Eukaryota","Mollusca","Gastropoda","Limapontiidae","Limapontiidae",NA,NA,"Variable","Variable","No","External shell","None","Aragonite","Meroplanktonic","No","Sap-sucking sea slugs"
"4112","Eukaryota","Echinodermata","Echinoidea","Camarodonta","Strongylocentrotidae","Mesocentrotus",NA,"Yes","Yes","Yes","Internal skeleton","Exoskeleton","Calcite","Meroplanktonic","No","Sea urchins"
"4114","Eukaryota","Arthropoda","Copepoda","Calanoida","Eucalanidae","Eucalanus","Eucalanus californicus","Variable","Variable","Variable","Exoskeleton","Exoskeleton","Chitin + Calcium","Holoplanktonic","No","Copepods"
"4115","Eukaryota","Arthropoda","Malacostraca","Euphausiacea","Euphausiidae","Hansarsia","Hansarsia difficilis","Variable","No","Variable","None","Exoskeleton","Chitin + Calcium","Holoplanktonic","No","Krill"
"4120","Eukaryota","Arthropoda","Copepoda","Calanoida","Eucalanidae","Eucalanus","Eucalanus californicus","Variable","Variable","Variable","Exoskeleton","Exoskeleton","Chitin + Calcium","Holoplanktonic","No","Copepods"
"4121","Eukaryota","Echinodermata","Ophiuroidea","Amphilepidida","Ophiocomidae","Ophiopteris","Ophiopteris papillosa","Yes","Yes","Yes","Internal skeleton","Internal skeleton","Calcite","Meroplanktonic","No","Brittle stars"
"4122","Eukaryota","Arthropoda","Copepoda","Calanoida","Eucalanidae","Eucalanus","Eucalanus californicus","Variable","Variable","Variable","Exoskeleton","Exoskeleton","Chitin + Calcium","Holoplanktonic","No","Copepods"
"4123","Eukaryota","Arthropoda","Copepoda","Calanoida","Eucalanidae","Eucalanus","Eucalanus californicus","Variable","Variable","Variable","Exoskeleton","Exoskeleton","Chitin + Calcium","Holoplanktonic","No","Copepods"
"4124","Eukaryota","Arthropoda","Copepoda","Calanoida","Eucalanidae","Eucalanus","Eucalanus californicus","Variable","Variable","Variable","Exoskeleton","Exoskeleton","Chitin + Calcium","Holoplanktonic","No","Copepods"
"4125","Eukaryota","Arthropoda","Malacostraca","Decapoda","Portunidae",NA,NA,"Variable","No","Variable","None","Exoskeleton","Calcite","Meroplanktonic","No","Crabs, lobsters, shrimp"
"4127","Eukaryota","Arthropoda","Copepoda","Calanoida","Pontellidae","Labidocera","Labidocera trispinosa","Variable","Variable","Variable","Exoskeleton","Exoskeleton","Chitin + Calcium","Holoplanktonic","No","Copepods"
"4130","Eukaryota","Arthropoda","Copepoda","Calanoida","Eucalanidae","Eucalanus","Eucalanus californicus","Variable","Variable","Variable","Exoskeleton","Exoskeleton","Chitin + Calcium","Holoplanktonic","No","Copepods"
"4132","Eukaryota","Arthropoda","Malacostraca","Euphausiacea","Euphausiidae","Nyctiphanes","Nyctiphanes simplex","Variable","No","Variable","None","Exoskeleton","Chitin + Calcium","Holoplanktonic","No","Krill"
"4133","Eukaryota","Arthropoda","Copepoda","Calanoida","Eucalanidae","Eucalanus","Eucalanus californicus","Variable","Variable","Variable","Exoskeleton","Exoskeleton","Chitin + Calcium","Holoplanktonic","No","Copepods"
"4135","Eukaryota","Arthropoda","Copepoda","Calanoida","Calanidae","Calanus","Calanus pacificus","Variable","Variable","Variable","Exoskeleton","Exoskeleton","Chitin + Calcium","Holoplanktonic","No","Copepods"
"4136","Eukaryota","Arthropoda","Malacostraca","Decapoda","Cancridae",NA,NA,"Variable","No","Variable","None","Exoskeleton","Calcite","Meroplanktonic","No","Crabs, lobsters, shrimp"
"4138","Eukaryota","Echinodermata","Asteroidea","Valvatida","Poraniidae",NA,NA,"Variable","No","Yes","None","Internal skeleton","Calcite","Meroplanktonic","No","Sea stars"
"4139","Eukaryota","Arthropoda","Thecostraca","Balanomorpha","Chthamalidae","Chthamalus","Chthamalus fissus","Yes","Yes","Yes","External shell","External shell","Calcite","Meroplanktonic","No","Barnacles"
"4140","Eukaryota","Arthropoda","Thecostraca","Balanomorpha","Chthamalidae","Chthamalus","Chthamalus fissus","Yes","Yes","Yes","External shell","External shell","Calcite","Meroplanktonic","No","Barnacles"
"4141","Eukaryota","Arthropoda","Copepoda","Calanoida","Eucalanidae","Eucalanus","Eucalanus californicus","Variable","Variable","Variable","Exoskeleton","Exoskeleton","Chitin + Calcium","Holoplanktonic","No","Copepods"
"4143","Eukaryota","Arthropoda","Copepoda","Calanoida","Eucalanidae","Eucalanus","Eucalanus californicus","Variable","Variable","Variable","Exoskeleton","Exoskeleton","Chitin + Calcium","Holoplanktonic","No","Copepods"
"4146","Eukaryota","Arthropoda","Copepoda","Calanoida","Eucalanidae","Eucalanus","Eucalanus californicus","Variable","Variable","Variable","Exoskeleton","Exoskeleton","Chitin + Calcium","Holoplanktonic","No","Copepods"
"4147","Eukaryota","Arthropoda","Copepoda","Calanoida","Eucalanidae","Eucalanus","Eucalanus californicus","Variable","Variable","Variable","Exoskeleton","Exoskeleton","Chitin + Calcium","Holoplanktonic","No","Copepods"
"4150","Eukaryota","Arthropoda","Ostracoda","Halocyprida","Halocyprididae","Discoconchoecia",NA,"Variable","No","Variable","None","Exoskeleton","Chitin + Calcium","Holoplanktonic","No","Ostracods (seed shrimp)"
"4152","Eukaryota","Bryozoa","Gymnolaemata","Cheilostomatida","Membraniporidae","Membranipora","Membranipora villosa","Yes","Yes","Yes","External shell","External shell","Calcite","Meroplanktonic","No","Encrusting bryozoans"
"4154","Eukaryota","Bryozoa","Gymnolaemata","Cheilostomatida","Membraniporidae","Membranipora","Membranipora villosa","Yes","Yes","Yes","External shell","External shell","Calcite","Meroplanktonic","No","Encrusting bryozoans"
"4155","Eukaryota","Bryozoa","Gymnolaemata","Cheilostomatida","Membraniporidae","Membranipora",NA,"Yes","Yes","Yes","External shell","External shell","Calcite","Meroplanktonic","No","Encrusting bryozoans"
"4156","Eukaryota","Arthropoda","Copepoda","Calanoida","Eucalanidae","Eucalanus","Eucalanus californicus","Variable","Variable","Variable","Exoskeleton","Exoskeleton","Chitin + Calcium","Holoplanktonic","No","Copepods"
"4157","Eukaryota","Arthropoda","Copepoda","Calanoida","Eucalanidae","Eucalanus","Eucalanus californicus","Variable","Variable","Variable","Exoskeleton","Exoskeleton","Chitin + Calcium","Holoplanktonic","No","Copepods"
"4159","Eukaryota","Arthropoda","Copepoda","Calanoida","Eucalanidae","Eucalanus","Eucalanus californicus","Variable","Variable","Variable","Exoskeleton","Exoskeleton","Chitin + Calcium","Holoplanktonic","No","Copepods"
"4160","Eukaryota","Arthropoda","Copepoda","Calanoida","Pontellidae","Labidocera","Labidocera trispinosa","Variable","Variable","Variable","Exoskeleton","Exoskeleton","Chitin + Calcium","Holoplanktonic","No","Copepods"
"4161","Eukaryota","Arthropoda","Malacostraca","Decapoda","Cancridae","Romaleon",NA,"Variable","No","Variable","None","Exoskeleton","Calcite","Meroplanktonic","No","Crabs, lobsters, shrimp"
"4164","Eukaryota","Chaetognatha","Sagittoidea","Aphragmophora","Sagittidae","Flaccisagitta",NA,"No","No","No","None","None","None","Holoplanktonic","No","Chaetognaths (arrow worms)"
"4165","Eukaryota","Bryozoa","Gymnolaemata","Cheilostomatida","Membraniporidae","Membranipora","Membranipora villosa","Yes","Yes","Yes","External shell","External shell","Calcite","Meroplanktonic","No","Encrusting bryozoans"
"4172","Eukaryota","Arthropoda","Copepoda","Poecilostomatoida","Oncaeidae","Oncaea","Oncaea sp.","Variable","Variable","Variable","Exoskeleton","Exoskeleton","Chitin + Calcium","Holoplanktonic","No","Parasitic or predatory copepods"
"4174","Eukaryota","Mollusca","Gastropoda","Pteropoda","Limacinidae",NA,NA,"Yes","Yes","Yes","External shell","External shell","Aragonite","Holoplanktonic","No","Sea butterflies"
"4176","Eukaryota","Arthropoda","Malacostraca","Decapoda","Diogenidae",NA,NA,"Variable","No","Variable","None","Exoskeleton","Calcite","Meroplanktonic","No","Crabs, lobsters, shrimp"
"4177","Eukaryota","Echinodermata","Ophiuroidea","Amphilepidida","Ophiotrichidae","Ophiothrix","Ophiothrix spiculata","Yes","Yes","Yes","Internal skeleton","Internal skeleton","Calcite","Meroplanktonic","No","Brittle stars"
"4179","Eukaryota","Arthropoda","Malacostraca","Decapoda","Grapsidae","Pachygrapsus","Pachygrapsus crassipes","Variable","No","Variable","None","Exoskeleton","Calcite","Meroplanktonic","No","Crabs, lobsters, shrimp"
"4180","Eukaryota","Arthropoda","Copepoda","Calanoida","Eucalanidae","Eucalanus","Eucalanus californicus","Variable","Variable","Variable","Exoskeleton","Exoskeleton","Chitin + Calcium","Holoplanktonic","No","Copepods"
"4181","Eukaryota","Arthropoda","Copepoda","Calanoida","Eucalanidae","Eucalanus","Eucalanus californicus","Variable","Variable","Variable","Exoskeleton","Exoskeleton","Chitin + Calcium","Holoplanktonic","No","Copepods"
"4182","Eukaryota","Arthropoda","Copepoda","Calanoida","Eucalanidae","Eucalanus","Eucalanus californicus","Variable","Variable","Variable","Exoskeleton","Exoskeleton","Chitin + Calcium","Holoplanktonic","No","Copepods"
"4185","Eukaryota","Echinodermata","Asteroidea","Paxillosida","Luidiidae","Luidia","Luidia foliolata","Variable","No","Yes","None","Internal skeleton","Calcite","Meroplanktonic","No","Starfish without suckers"
"4189","Eukaryota","Mollusca","Gastropoda","Pteropoda","Cliidae","Clio","Clio pyramidata","Yes","Yes","Yes","External shell","External shell","Aragonite","Holoplanktonic","No","Sea butterflies"
"4190","Eukaryota","Arthropoda","Copepoda","Calanoida","Euchaetidae","Euchaeta","Euchaeta acuta","Variable","Variable","Variable","Exoskeleton","Exoskeleton","Chitin + Calcium","Holoplanktonic","No","Copepods"
"4195","Eukaryota","Arthropoda","Copepoda","Calanoida","Calocalanidae","Calocalanus",NA,"Variable","Variable","Variable","Exoskeleton","Exoskeleton","Chitin + Calcium","Holoplanktonic","No","Copepods"
"4198","Eukaryota","Arthropoda","Ostracoda","Halocyprida","Halocyprididae","Conchoecia","Conchoecia magna","Variable","No","Variable","None","Exoskeleton","Chitin + Calcium","Holoplanktonic","No","Ostracods (seed shrimp)"
"4199","Eukaryota","Arthropoda","Copepoda","Calanoida","Clausocalanidae","Clausocalanus",NA,"Variable","Variable","Variable","Exoskeleton","Exoskeleton","Chitin + Calcium","Holoplanktonic","No","Copepods"
"4204","Eukaryota","Arthropoda","Malacostraca","Euphausiacea","Euphausiidae","Nyctiphanes","Nyctiphanes simplex","Variable","No","Variable","None","Exoskeleton","Chitin + Calcium","Holoplanktonic","No","Krill"
"4205","Eukaryota","Bryozoa","Gymnolaemata","Cheilostomatida","Membraniporidae","Membranipora","Membranipora villosa","Yes","Yes","Yes","External shell","External shell","Calcite","Meroplanktonic","No","Encrusting bryozoans"
"4206","Eukaryota","Arthropoda","Malacostraca","Euphausiacea","Euphausiidae",NA,NA,"Variable","No","Variable","None","Exoskeleton","Chitin + Calcium","Holoplanktonic","No","Krill"
"4207","Eukaryota","Bryozoa","Gymnolaemata","Cheilostomatida","Membraniporidae",NA,NA,"Yes","Yes","Yes","External shell","External shell","Calcite","Meroplanktonic","No","Encrusting bryozoans"
"4209","Eukaryota","Arthropoda","Copepoda","Calanoida","Eucalanidae","Eucalanus","Eucalanus californicus","Variable","Variable","Variable","Exoskeleton","Exoskeleton","Chitin + Calcium","Holoplanktonic","No","Copepods"
"4211","Eukaryota","Arthropoda","Copepoda","Poecilostomatoida","Oncaeidae","Oncaea","Oncaea sp.","Variable","Variable","Variable","Exoskeleton","Exoskeleton","Chitin + Calcium","Holoplanktonic","No","Parasitic or predatory copepods"
"4212","Eukaryota","Arthropoda","Ostracoda","Halocyprida","Halocyprididae","Mikroconchoecia","Mikroconchoecia sp. USNM IZ 1448470","Variable","No","Variable","None","Exoskeleton","Chitin + Calcium","Holoplanktonic","No","Ostracods (seed shrimp)"
"4213","Eukaryota","Arthropoda","Copepoda","Poecilostomatoida","Oncaeidae","Oncaea","Oncaea sp.","Variable","Variable","Variable","Exoskeleton","Exoskeleton","Chitin + Calcium","Holoplanktonic","No","Parasitic or predatory copepods"
"4214","Eukaryota","Arthropoda","Copepoda","Calanoida","Calanidae","Calanus","Calanus pacificus","Variable","Variable","Variable","Exoskeleton","Exoskeleton","Chitin + Calcium","Holoplanktonic","No","Copepods"
"4216","Eukaryota","Echinodermata","Ophiuroidea","Amphilepidida","Ophiotrichidae","Ophiothrix","Ophiothrix spiculata","Yes","Yes","Yes","Internal skeleton","Internal skeleton","Calcite","Meroplanktonic","No","Brittle stars"
"4217","Eukaryota","Arthropoda","Copepoda","Calanoida","Eucalanidae","Eucalanus","Eucalanus californicus","Variable","Variable","Variable","Exoskeleton","Exoskeleton","Chitin + Calcium","Holoplanktonic","No","Copepods"
"4218","Eukaryota","Chordata","Actinopteri","Pleuronectiformes","Cyclopsettidae","Citharichthys",NA,"No","No","No","None","None","None","Meroplanktonic","No","Flatfishes (flounders, soles, halibut)"
"4219","Eukaryota","Arthropoda","Ostracoda","Halocyprida","Halocyprididae","Conchoecia","Conchoecia magna","Variable","No","Variable","None","Exoskeleton","Chitin + Calcium","Holoplanktonic","No","Ostracods (seed shrimp)"
"4220","Eukaryota","Arthropoda","Copepoda","Calanoida","Eucalanidae","Eucalanus","Eucalanus californicus","Variable","Variable","Variable","Exoskeleton","Exoskeleton","Chitin + Calcium","Holoplanktonic","No","Copepods"
"4227","Eukaryota","Arthropoda","Malacostraca","Euphausiacea","Euphausiidae","Hansarsia","Hansarsia difficilis","Variable","No","Variable","None","Exoskeleton","Chitin + Calcium","Holoplanktonic","No","Krill"
"4228","Eukaryota","Arthropoda","Copepoda","Calanoida","Eucalanidae","Eucalanus","Eucalanus californicus","Variable","Variable","Variable","Exoskeleton","Exoskeleton","Chitin + Calcium","Holoplanktonic","No","Copepods"
"4230","Eukaryota","Arthropoda","Copepoda","Calanoida","Eucalanidae","Eucalanus","Eucalanus californicus","Variable","Variable","Variable","Exoskeleton","Exoskeleton","Chitin + Calcium","Holoplanktonic","No","Copepods"
"4231","Eukaryota","Bryozoa","Gymnolaemata","Cheilostomatida","Membraniporidae","Membranipora","Membranipora villosa","Yes","Yes","Yes","External shell","External shell","Calcite","Meroplanktonic","No","Encrusting bryozoans"
"4233","Eukaryota","Arthropoda","Copepoda","Calanoida","Calanidae","Calanus","Calanus pacificus","Variable","Variable","Variable","Exoskeleton","Exoskeleton","Chitin + Calcium","Holoplanktonic","No","Copepods"
"4234","Eukaryota","Arthropoda","Copepoda","Poecilostomatoida","Oncaeidae","Oncaea","Oncaea sp.","Variable","Variable","Variable","Exoskeleton","Exoskeleton","Chitin + Calcium","Holoplanktonic","No","Parasitic or predatory copepods"
"4236","Eukaryota","Arthropoda","Copepoda","Calanoida","Eucalanidae","Eucalanus","Eucalanus californicus","Variable","Variable","Variable","Exoskeleton","Exoskeleton","Chitin + Calcium","Holoplanktonic","No","Copepods"
"4237","Eukaryota","Arthropoda","Copepoda","Calanoida","Pontellidae","Labidocera","Labidocera trispinosa","Variable","Variable","Variable","Exoskeleton","Exoskeleton","Chitin + Calcium","Holoplanktonic","No","Copepods"
"4238","Eukaryota","Arthropoda","Copepoda","Calanoida","Clausocalanidae",NA,NA,"Variable","Variable","Variable","Exoskeleton","Exoskeleton","Chitin + Calcium","Holoplanktonic","No","Copepods"
"4239","Eukaryota","Arthropoda","Copepoda","Calanoida","Eucalanidae","Eucalanus","Eucalanus californicus","Variable","Variable","Variable","Exoskeleton","Exoskeleton","Chitin + Calcium","Holoplanktonic","No","Copepods"
"4240","Eukaryota","Arthropoda","Copepoda","Calanoida","Eucalanidae","Eucalanus","Eucalanus californicus","Variable","Variable","Variable","Exoskeleton","Exoskeleton","Chitin + Calcium","Holoplanktonic","No","Copepods"
"4242","Eukaryota","Arthropoda","Malacostraca","Euphausiacea","Euphausiidae","Nyctiphanes","Nyctiphanes simplex","Variable","No","Variable","None","Exoskeleton","Chitin + Calcium","Holoplanktonic","No","Krill"
"4244","Eukaryota","Arthropoda","Copepoda","Calanoida","Eucalanidae","Eucalanus","Eucalanus californicus","Variable","Variable","Variable","Exoskeleton","Exoskeleton","Chitin + Calcium","Holoplanktonic","No","Copepods"
"4246","Eukaryota","Arthropoda","Ostracoda","Halocyprida","Halocyprididae","Discoconchoecia",NA,"Variable","No","Variable","None","Exoskeleton","Chitin + Calcium","Holoplanktonic","No","Ostracods (seed shrimp)"
"4247","Eukaryota","Arthropoda","Copepoda","Calanoida","Eucalanidae","Eucalanus","Eucalanus californicus","Variable","Variable","Variable","Exoskeleton","Exoskeleton","Chitin + Calcium","Holoplanktonic","No","Copepods"
"4249","Eukaryota","Arthropoda","Copepoda","Calanoida","Lucicutiidae","Lucicutia","Lucicutia flavicornis","Variable","Variable","Variable","Exoskeleton","Exoskeleton","Chitin + Calcium","Holoplanktonic","No","Copepods"
"4251","Eukaryota","Arthropoda","Copepoda","Poecilostomatoida","Oncaeidae","Oncaea","Oncaea sp.","Variable","Variable","Variable","Exoskeleton","Exoskeleton","Chitin + Calcium","Holoplanktonic","No","Parasitic or predatory copepods"
"4252","Eukaryota","Arthropoda","Malacostraca","Decapoda","Cancridae","Metacarcinus","Metacarcinus gracilis","Variable","No","Variable","None","Exoskeleton","Calcite","Meroplanktonic","No","Crabs, lobsters, shrimp"
"4254","Eukaryota","Bryozoa","Gymnolaemata","Cheilostomatida","Membraniporidae","Membranipora",NA,"Yes","Yes","Yes","External shell","External shell","Calcite","Meroplanktonic","No","Encrusting bryozoans"
"4256","Eukaryota","Bryozoa","Gymnolaemata","Cheilostomatida","Membraniporidae","Membranipora","Membranipora villosa","Yes","Yes","Yes","External shell","External shell","Calcite","Meroplanktonic","No","Encrusting bryozoans"
"4257","Eukaryota","Arthropoda","Copepoda","Poecilostomatoida","Oncaeidae","Oncaea","Oncaea sp.","Variable","Variable","Variable","Exoskeleton","Exoskeleton","Chitin + Calcium","Holoplanktonic","No","Parasitic or predatory copepods"
"4262","Eukaryota","Arthropoda","Copepoda","Calanoida","Eucalanidae","Eucalanus","Eucalanus californicus","Variable","Variable","Variable","Exoskeleton","Exoskeleton","Chitin + Calcium","Holoplanktonic","No","Copepods"
"4264","Eukaryota","Arthropoda","Malacostraca","Decapoda","Hippolytidae","Lysmata","Lysmata californica","Variable","No","Variable","None","Exoskeleton","Calcite","Meroplanktonic","No","Crabs, lobsters, shrimp"
"4265","Eukaryota","Bryozoa","Gymnolaemata","Cheilostomatida","Membraniporidae","Membranipora","Membranipora villosa","Yes","Yes","Yes","External shell","External shell","Calcite","Meroplanktonic","No","Encrusting bryozoans"
"4266","Eukaryota","Arthropoda","Copepoda","Calanoida","Eucalanidae","Eucalanus","Eucalanus californicus","Variable","Variable","Variable","Exoskeleton","Exoskeleton","Chitin + Calcium","Holoplanktonic","No","Copepods"
"4267","Eukaryota","Chordata","Actinopteri","Sciaenidae","Sciaenidae","Seriphus","Seriphus politus","No","No","No","None","None","None","Meroplanktonic","No","Drums and croakers (marine fish)"
"4269","Eukaryota","Arthropoda","Copepoda","Calanoida","Eucalanidae","Eucalanus","Eucalanus californicus","Variable","Variable","Variable","Exoskeleton","Exoskeleton","Chitin + Calcium","Holoplanktonic","No","Copepods"
"4270","Eukaryota","Arthropoda","Malacostraca","Decapoda","Panopeidae","Lophopanopeus","Lophopanopeus bellus","Variable","No","Variable","None","Exoskeleton","Calcite","Meroplanktonic","No","Crabs, lobsters, shrimp"
"4271","Eukaryota","Arthropoda","Copepoda","Calanoida","Calanidae","Calanus","Calanus pacificus","Variable","Variable","Variable","Exoskeleton","Exoskeleton","Chitin + Calcium","Holoplanktonic","No","Copepods"
"4272","Eukaryota","Arthropoda","Malacostraca","Decapoda","Portunidae",NA,NA,"Variable","No","Variable","None","Exoskeleton","Calcite","Meroplanktonic","No","Crabs, lobsters, shrimp"
"4273","Eukaryota","Arthropoda","Malacostraca","Decapoda","Munididae","Pleuroncodes","Pleuroncodes planipes","Variable","No","Variable","None","Exoskeleton","Calcite","Meroplanktonic","No","Crabs, lobsters, shrimp"
"4274","Eukaryota","Arthropoda","Copepoda","Calanoida","Eucalanidae","Eucalanus","Eucalanus californicus","Variable","Variable","Variable","Exoskeleton","Exoskeleton","Chitin + Calcium","Holoplanktonic","No","Copepods"
"4283","Eukaryota","Cnidaria","Hydrozoa","Anthoathecata","Corymorphidae","Euphysa",NA,"No","No","No","None","None","None","Benthic + Holoplanktonic","No","Colonial hydroids and small medusae"
"4286","Eukaryota","Arthropoda","Ostracoda","Halocyprida","Halocyprididae","Discoconchoecia",NA,"Variable","No","Variable","None","Exoskeleton","Chitin + Calcium","Holoplanktonic","No","Ostracods (seed shrimp)"
"4287","Eukaryota","Arthropoda","Copepoda","Calanoida","Euchaetidae","Paraeuchaeta","Paraeuchaeta media","Variable","Variable","Variable","Exoskeleton","Exoskeleton","Chitin + Calcium","Holoplanktonic","No","Copepods"
"4288","Eukaryota","Arthropoda","Ostracoda","Halocyprida","Halocyprididae","Discoconchoecia",NA,"Variable","No","Variable","None","Exoskeleton","Chitin + Calcium","Holoplanktonic","No","Ostracods (seed shrimp)"
"4289","Eukaryota","Mollusca","Gastropoda","Pteropoda","Limacinidae",NA,NA,"Yes","Yes","Yes","External shell","External shell","Aragonite","Holoplanktonic","No","Sea butterflies"
"4291","Eukaryota","Arthropoda","Copepoda","Calanoida","Metridinidae",NA,NA,"Variable","Variable","Variable","Exoskeleton","Exoskeleton","Chitin + Calcium","Holoplanktonic","No","Copepods"
"4292","Eukaryota","Bryozoa","Gymnolaemata","Cheilostomatida","Membraniporidae",NA,NA,"Yes","Yes","Yes","External shell","External shell","Calcite","Meroplanktonic","No","Encrusting bryozoans"
"4293","Eukaryota","Arthropoda","Copepoda","Calanoida","Eucalanidae","Eucalanus","Eucalanus californicus","Variable","Variable","Variable","Exoskeleton","Exoskeleton","Chitin + Calcium","Holoplanktonic","No","Copepods"
"4295","Eukaryota","Arthropoda","Malacostraca","Isopoda","Hemioniscidae","Hemioniscus","Hemioniscus balani","Variable","No","Variable","None","Exoskeleton","Chitin + Calcium","Benthic + Meroplanktonic","No","Isopods"
"4296","Eukaryota","Annelida","Polychaeta","Chaetopteridae","Chaetopteridae","Phyllochaetopterus","Phyllochaetopterus sp. 5 JM_2017","No","No","No","None","None","None","Benthic + Meroplanktonic","No","Tube-dwelling marine polychaetes"
"4297","Eukaryota","Arthropoda","Copepoda","Calanoida","Clausocalanidae","Clausocalanus","Clausocalanus jobei","Variable","Variable","Variable","Exoskeleton","Exoskeleton","Chitin + Calcium","Holoplanktonic","No","Copepods"
"4298","Eukaryota","Chordata","Actinopteri","Sciaenidae","Sciaenidae","Genyonemus","Genyonemus lineatus","No","No","No","None","None","None","Meroplanktonic","No","Drums and croakers (marine fish)"
"4299","Eukaryota","Echinodermata","Ophiuroidea","Amphilepidida","Amphiuridae","Amphiodia",NA,"Yes","Yes","Yes","Internal skeleton","Internal skeleton","Calcite","Meroplanktonic","No","Brittle stars"
"4301","Eukaryota","Arthropoda","Copepoda","Calanoida","Eucalanidae","Eucalanus","Eucalanus californicus","Variable","Variable","Variable","Exoskeleton","Exoskeleton","Chitin + Calcium","Holoplanktonic","No","Copepods"
"4304","Eukaryota","Arthropoda","Copepoda","Calanoida","Eucalanidae","Eucalanus","Eucalanus californicus","Variable","Variable","Variable","Exoskeleton","Exoskeleton","Chitin + Calcium","Holoplanktonic","No","Copepods"
"4306","Eukaryota","Arthropoda","Malacostraca","Euphausiacea","Euphausiidae","Nyctiphanes","Nyctiphanes simplex","Variable","No","Variable","None","Exoskeleton","Chitin + Calcium","Holoplanktonic","No","Krill"
"4309","Eukaryota","Arthropoda","Ostracoda","Halocyprida","Halocyprididae","Proceroecia","Proceroecia procera","Variable","No","Variable","None","Exoskeleton","Chitin + Calcium","Holoplanktonic","No","Ostracods (seed shrimp)"
"4310","Eukaryota","Arthropoda","Copepoda","Calanoida","Eucalanidae","Eucalanus","Eucalanus californicus","Variable","Variable","Variable","Exoskeleton","Exoskeleton","Chitin + Calcium","Holoplanktonic","No","Copepods"
"4311","Eukaryota","Arthropoda","Malacostraca","Decapoda","Hippolytidae","Lysmata","Lysmata californica","Variable","No","Variable","None","Exoskeleton","Calcite","Meroplanktonic","No","Crabs, lobsters, shrimp"
"4315","Eukaryota","Arthropoda","Ostracoda","Halocyprida","Halocyprididae","Discoconchoecia",NA,"Variable","No","Variable","None","Exoskeleton","Chitin + Calcium","Holoplanktonic","No","Ostracods (seed shrimp)"
"4317","Eukaryota","Echinodermata","Echinoidea","Camarodonta","Strongylocentrotidae","Allocentrotus","Allocentrotus fragilis","Yes","Yes","Yes","Internal skeleton","Exoskeleton","Calcite","Meroplanktonic","No","Sea urchins"
"4321","Eukaryota","Arthropoda","Copepoda","Calanoida","Calocalanidae",NA,NA,"Variable","Variable","Variable","Exoskeleton","Exoskeleton","Chitin + Calcium","Holoplanktonic","No","Copepods"
"4322","Eukaryota","Arthropoda","Copepoda","Poecilostomatoida","Oncaeidae","Oncaea","Oncaea sp.","Variable","Variable","Variable","Exoskeleton","Exoskeleton","Chitin + Calcium","Holoplanktonic","No","Parasitic or predatory copepods"
"4324","Eukaryota","Arthropoda","Malacostraca","Decapoda","Callianassidae",NA,NA,"Variable","No","Variable","None","Exoskeleton","Calcite","Meroplanktonic","No","Crabs, lobsters, shrimp"
"4325","Eukaryota","Arthropoda","Ostracoda","Halocyprida","Halocyprididae","Mikroconchoecia","Mikroconchoecia sp. USNM IZ 1448470","Variable","No","Variable","None","Exoskeleton","Chitin + Calcium","Holoplanktonic","No","Ostracods (seed shrimp)"
"4328","Eukaryota","Arthropoda","Copepoda","Calanoida","Eucalanidae","Eucalanus","Eucalanus californicus","Variable","Variable","Variable","Exoskeleton","Exoskeleton","Chitin + Calcium","Holoplanktonic","No","Copepods"
"4329","Eukaryota","Arthropoda","Copepoda","Calanoida","Eucalanidae","Eucalanus","Eucalanus californicus","Variable","Variable","Variable","Exoskeleton","Exoskeleton","Chitin + Calcium","Holoplanktonic","No","Copepods"
"4330","Eukaryota","Arthropoda","Copepoda","Calanoida","Eucalanidae","Eucalanus","Eucalanus californicus","Variable","Variable","Variable","Exoskeleton","Exoskeleton","Chitin + Calcium","Holoplanktonic","No","Copepods"
"4331","Eukaryota","Arthropoda","Copepoda","Calanoida","Eucalanidae","Eucalanus","Eucalanus californicus","Variable","Variable","Variable","Exoskeleton","Exoskeleton","Chitin + Calcium","Holoplanktonic","No","Copepods"
"4332","Eukaryota","Arthropoda","Copepoda","Poecilostomatoida","Oncaeidae","Oncaea","Oncaea sp.","Variable","Variable","Variable","Exoskeleton","Exoskeleton","Chitin + Calcium","Holoplanktonic","No","Parasitic or predatory copepods"
"4334","Eukaryota","Arthropoda","Copepoda","Poecilostomatoida","Oncaeidae","Oncaea","Oncaea sp.","Variable","Variable","Variable","Exoskeleton","Exoskeleton","Chitin + Calcium","Holoplanktonic","No","Parasitic or predatory copepods"
"4335","Eukaryota","Arthropoda","Copepoda","Poecilostomatoida","Oncaeidae","Oncaea","Oncaea sp.","Variable","Variable","Variable","Exoskeleton","Exoskeleton","Chitin + Calcium","Holoplanktonic","No","Parasitic or predatory copepods"
"4337","Eukaryota","Echinodermata","Ophiuroidea","Amphilepidida","Amphiuridae","Amphiodia",NA,"Yes","Yes","Yes","Internal skeleton","Internal skeleton","Calcite","Meroplanktonic","No","Brittle stars"
"4338","Eukaryota","Arthropoda","Malacostraca","Euphausiacea","Euphausiidae","Nyctiphanes","Nyctiphanes simplex","Variable","No","Variable","None","Exoskeleton","Chitin + Calcium","Holoplanktonic","No","Krill"
"4339","Eukaryota","Bryozoa","Gymnolaemata","Cheilostomatida","Membraniporidae","Membranipora","Membranipora villosa","Yes","Yes","Yes","External shell","External shell","Calcite","Meroplanktonic","No","Encrusting bryozoans"
"4340","Eukaryota","Arthropoda","Ostracoda","Halocyprida","Halocyprididae","Discoconchoecia",NA,"Variable","No","Variable","None","Exoskeleton","Chitin + Calcium","Holoplanktonic","No","Ostracods (seed shrimp)"
"4342","Eukaryota","Arthropoda","Malacostraca","Euphausiacea","Euphausiidae","Hansarsia","Hansarsia difficilis","Variable","No","Variable","None","Exoskeleton","Chitin + Calcium","Holoplanktonic","No","Krill"
"4344","Eukaryota","Cnidaria","Hydrozoa","Siphonophorae","Physophoridae","Physophora","Physophora hydrostatica","No","No","No","None","None","None","Holoplanktonic","No","Colonial hydrozoans (e.g., Portuguese man o' war)"
"4347","Eukaryota","Arthropoda","Copepoda","Calanoida","Eucalanidae","Eucalanus","Eucalanus californicus","Variable","Variable","Variable","Exoskeleton","Exoskeleton","Chitin + Calcium","Holoplanktonic","No","Copepods"
"4348","Eukaryota","Chordata","Actinopteri","Myctophiformes","Myctophidae","Nannobrachium","Nannobrachium ritteri","No","No","No","None","None","None","Meroplanktonic","No","Lanternfishes"
"4350","Eukaryota","Arthropoda","Copepoda","Calanoida","Calanidae","Calanus","Calanus pacificus","Variable","Variable","Variable","Exoskeleton","Exoskeleton","Chitin + Calcium","Holoplanktonic","No","Copepods"
"4351","Eukaryota","Arthropoda","Copepoda","Calanoida","Scolecitrichidae","Scolecithrix","Scolecithrix danae","Variable","Variable","Variable","Exoskeleton","Exoskeleton","Chitin + Calcium","Holoplanktonic","No","Copepods"
"4352","Eukaryota","Bryozoa","Gymnolaemata","Cheilostomatida","Membraniporidae",NA,NA,"Yes","Yes","Yes","External shell","External shell","Calcite","Meroplanktonic","No","Encrusting bryozoans"
"4354","Eukaryota","Arthropoda","Copepoda","Calanoida","Eucalanidae","Eucalanus","Eucalanus californicus","Variable","Variable","Variable","Exoskeleton","Exoskeleton","Chitin + Calcium","Holoplanktonic","No","Copepods"
"4355","Eukaryota","Bryozoa","Gymnolaemata","Cheilostomatida","Membraniporidae","Membranipora","Membranipora villosa","Yes","Yes","Yes","External shell","External shell","Calcite","Meroplanktonic","No","Encrusting bryozoans"
"4356","Eukaryota","Arthropoda","Copepoda","Calanoida","Acartiidae","Acartia","Acartia californiensis","Variable","Variable","Variable","Exoskeleton","Exoskeleton","Chitin + Calcium","Holoplanktonic","No","Copepods"
"4357","Eukaryota","Arthropoda","Ostracoda","Halocyprida","Halocyprididae","Proceroecia","Proceroecia procera","Variable","No","Variable","None","Exoskeleton","Chitin + Calcium","Holoplanktonic","No","Ostracods (seed shrimp)"
"4358","Eukaryota","Arthropoda","Copepoda","Calanoida","Mecynoceridae","Mecynocera","Mecynocera clausi","Variable","Variable","Variable","Exoskeleton","Exoskeleton","Chitin + Calcium","Holoplanktonic","No","Copepods"
"4359","Eukaryota","Arthropoda","Copepoda","Calanoida","Eucalanidae","Eucalanus","Eucalanus californicus","Variable","Variable","Variable","Exoskeleton","Exoskeleton","Chitin + Calcium","Holoplanktonic","No","Copepods"
"4363","Eukaryota","Bryozoa","Gymnolaemata","Cheilostomatida","Membraniporidae","Membranipora","Membranipora villosa","Yes","Yes","Yes","External shell","External shell","Calcite","Meroplanktonic","No","Encrusting bryozoans"
"4365","Eukaryota","Cnidaria","Hydrozoa","Siphonophorae","Diphyidae","Chelophyes","Chelophyes appendiculata","No","No","No","None","None","None","Holoplanktonic","No","Colonial hydrozoans (e.g., Portuguese man o' war)"
"4369","Eukaryota","Arthropoda","Ostracoda","Halocyprida","Halocyprididae","Metaconchoecia",NA,"Variable","No","Variable","None","Exoskeleton","Chitin + Calcium","Holoplanktonic","No","Ostracods (seed shrimp)"
"4374","Eukaryota","Echinodermata","Ophiuroidea","Amphilepidida","Amphiuridae","Amphiodia",NA,"Yes","Yes","Yes","Internal skeleton","Internal skeleton","Calcite","Meroplanktonic","No","Brittle stars"
"4375","Eukaryota","Arthropoda","Ostracoda","Halocyprida","Halocyprididae","Porroecia","Porroecia spinirostris","Variable","No","Variable","None","Exoskeleton","Chitin + Calcium","Holoplanktonic","No","Ostracods (seed shrimp)"
"4376","Eukaryota","Arthropoda","Thecostraca","Lepadidae","Lepadidae","Dosima","Dosima fascicularis","Yes","Variable","Yes","External shell","External shell","Chitin + Calcium","Meroplanktonic","No","Goose barnacles"
"4377","Eukaryota","Echinodermata","Ophiuroidea","Amphilepidida","Amphiuridae","Amphiodia","Amphiodia cf_ urtica EAC_2010","Yes","Yes","Yes","Internal skeleton","Internal skeleton","Calcite","Meroplanktonic","No","Brittle stars"
"4380","Eukaryota","Arthropoda","Copepoda","Poecilostomatoida","Oncaeidae","Oncaea","Oncaea sp.","Variable","Variable","Variable","Exoskeleton","Exoskeleton","Chitin + Calcium","Holoplanktonic","No","Parasitic or predatory copepods"
"4382","Eukaryota","Bryozoa","Gymnolaemata","Cheilostomatida","Membraniporidae","Membranipora",NA,"Yes","Yes","Yes","External shell","External shell","Calcite","Meroplanktonic","No","Encrusting bryozoans"
"4384","Eukaryota","Bryozoa","Gymnolaemata","Cheilostomatida","Membraniporidae","Membranipora","Membranipora villosa","Yes","Yes","Yes","External shell","External shell","Calcite","Meroplanktonic","No","Encrusting bryozoans"
"4392","Eukaryota","Arthropoda","Copepoda","Calanoida","Pontellidae","Labidocera","Labidocera trispinosa","Variable","Variable","Variable","Exoskeleton","Exoskeleton","Chitin + Calcium","Holoplanktonic","No","Copepods"
"4393","Eukaryota","Mollusca","Gastropoda","Pteropoda","Cliidae","Clio","Clio pyramidata","Yes","Yes","Yes","External shell","External shell","Aragonite","Holoplanktonic","No","Sea butterflies"
"4396","Eukaryota","Arthropoda","Copepoda","Calanoida","Eucalanidae","Eucalanus","Eucalanus californicus","Variable","Variable","Variable","Exoskeleton","Exoskeleton","Chitin + Calcium","Holoplanktonic","No","Copepods"
"4397","Eukaryota","Arthropoda","Malacostraca","Decapoda","Hippolytidae","Eualus","Eualus subtilis","Variable","No","Variable","None","Exoskeleton","Calcite","Meroplanktonic","No","Crabs, lobsters, shrimp"
"4398","Eukaryota","Arthropoda","Copepoda","Calanoida","Eucalanidae","Eucalanus",NA,"Variable","Variable","Variable","Exoskeleton","Exoskeleton","Chitin + Calcium","Holoplanktonic","No","Copepods"
"4401","Eukaryota","Arthropoda","Malacostraca","Euphausiacea","Euphausiidae","Stylocheiron",NA,"Variable","No","Variable","None","Exoskeleton","Chitin + Calcium","Holoplanktonic","No","Krill"
"4403","Eukaryota","Arthropoda","Copepoda","Calanoida","Eucalanidae","Eucalanus","Eucalanus californicus","Variable","Variable","Variable","Exoskeleton","Exoskeleton","Chitin + Calcium","Holoplanktonic","No","Copepods"
"4404","Eukaryota","Arthropoda","Malacostraca","Decapoda","Hippolytidae","Lysmata","Lysmata californica","Variable","No","Variable","None","Exoskeleton","Calcite","Meroplanktonic","No","Crabs, lobsters, shrimp"
"4406","Eukaryota","Arthropoda","Copepoda","Calanoida","Eucalanidae","Rhincalanus","Rhincalanus nasutus","Variable","Variable","Variable","Exoskeleton","Exoskeleton","Chitin + Calcium","Holoplanktonic","No","Copepods"
"4407","Eukaryota","Arthropoda","Copepoda","Calanoida","Scolecitrichidae","Scolecithricella","Scolecithricella dentata","Variable","Variable","Variable","Exoskeleton","Exoskeleton","Chitin + Calcium","Holoplanktonic","No","Copepods"
"4408","Eukaryota","Chordata","Actinopteri","Aulopiformes","Scopelarchidae","Benthalbella","Benthalbella dentata","No","No","No","None","None","None","Meroplanktonic","No","Lizardfish and deep-sea teleosts"
"4409","Eukaryota","Arthropoda","Malacostraca","Decapoda","Cancridae",NA,NA,"Variable","No","Variable","None","Exoskeleton","Calcite","Meroplanktonic","No","Crabs, lobsters, shrimp"
"4411","Eukaryota","Arthropoda","Malacostraca","Euphausiacea","Euphausiidae","Euphausia","Euphausia pacifica","Variable","No","Variable","None","Exoskeleton","Chitin + Calcium","Holoplanktonic","No","Krill"
"4412","Eukaryota","Arthropoda","Copepoda","Calanoida","Calanidae","Calanus","Calanus pacificus","Variable","Variable","Variable","Exoskeleton","Exoskeleton","Chitin + Calcium","Holoplanktonic","No","Copepods"
"4413","Eukaryota","Arthropoda","Copepoda","Calanoida","Eucalanidae","Eucalanus","Eucalanus californicus","Variable","Variable","Variable","Exoskeleton","Exoskeleton","Chitin + Calcium","Holoplanktonic","No","Copepods"
"4416","Eukaryota","Arthropoda","Copepoda","Calanoida","Eucalanidae","Eucalanus","Eucalanus californicus","Variable","Variable","Variable","Exoskeleton","Exoskeleton","Chitin + Calcium","Holoplanktonic","No","Copepods"
"4421","Eukaryota","Arthropoda","Copepoda","Calanoida","Eucalanidae","Eucalanus","Eucalanus californicus","Variable","Variable","Variable","Exoskeleton","Exoskeleton","Chitin + Calcium","Holoplanktonic","No","Copepods"
"4422","Eukaryota","Arthropoda","Copepoda","Calanoida","Eucalanidae","Eucalanus","Eucalanus californicus","Variable","Variable","Variable","Exoskeleton","Exoskeleton","Chitin + Calcium","Holoplanktonic","No","Copepods"
"4424","Eukaryota","Arthropoda","Copepoda","Calanoida","Calanidae","Calanus","Calanus pacificus","Variable","Variable","Variable","Exoskeleton","Exoskeleton","Chitin + Calcium","Holoplanktonic","No","Copepods"
"4429","Eukaryota","Arthropoda","Copepoda","Calanoida","Euchaetidae","Euchaeta","Euchaeta marina","Variable","Variable","Variable","Exoskeleton","Exoskeleton","Chitin + Calcium","Holoplanktonic","No","Copepods"
"4430","Eukaryota","Arthropoda","Copepoda","Calanoida","Pontellidae","Labidocera","Labidocera trispinosa","Variable","Variable","Variable","Exoskeleton","Exoskeleton","Chitin + Calcium","Holoplanktonic","No","Copepods"
"4431","Eukaryota","Arthropoda","Copepoda","Calanoida","Pontellidae","Labidocera","Labidocera trispinosa","Variable","Variable","Variable","Exoskeleton","Exoskeleton","Chitin + Calcium","Holoplanktonic","No","Copepods"
"4432","Eukaryota","Arthropoda","Copepoda","Poecilostomatoida","Oncaeidae","Oncaea","Oncaea sp.","Variable","Variable","Variable","Exoskeleton","Exoskeleton","Chitin + Calcium","Holoplanktonic","No","Parasitic or predatory copepods"
"4433","Eukaryota","Arthropoda","Copepoda","Calanoida","Pontellidae","Labidocera","Labidocera trispinosa","Variable","Variable","Variable","Exoskeleton","Exoskeleton","Chitin + Calcium","Holoplanktonic","No","Copepods"
"4434","Eukaryota","Arthropoda","Copepoda","Calanoida","Eucalanidae","Eucalanus","Eucalanus californicus","Variable","Variable","Variable","Exoskeleton","Exoskeleton","Chitin + Calcium","Holoplanktonic","No","Copepods"
"4435","Eukaryota","Arthropoda","Copepoda","Calanoida","Lucicutiidae","Lucicutia","Lucicutia flavicornis","Variable","Variable","Variable","Exoskeleton","Exoskeleton","Chitin + Calcium","Holoplanktonic","No","Copepods"
"4436","Eukaryota","Chordata","Actinopteri","Pomacentridae","Pomacentridae","Hypsypops","Hypsypops rubicundus","No","No","No","None","None","None","Meroplanktonic","No","Damselfish (reef-associated)"
"4437","Eukaryota","Arthropoda","Copepoda","Calanoida","Eucalanidae","Eucalanus","Eucalanus californicus","Variable","Variable","Variable","Exoskeleton","Exoskeleton","Chitin + Calcium","Holoplanktonic","No","Copepods"
"4438","Eukaryota","Arthropoda","Copepoda","Calanoida","Eucalanidae","Eucalanus","Eucalanus californicus","Variable","Variable","Variable","Exoskeleton","Exoskeleton","Chitin + Calcium","Holoplanktonic","No","Copepods"
"4441","Eukaryota","Echinodermata","Ophiuroidea","Amphilepidida","Ophiotrichidae","Ophiothrix","Ophiothrix spiculata","Yes","Yes","Yes","Internal skeleton","Internal skeleton","Calcite","Meroplanktonic","No","Brittle stars"
"4442","Eukaryota","Cnidaria","Hydrozoa","Siphonophorae","Diphyidae","Lensia","Lensia campanella","No","No","No","None","None","None","Holoplanktonic","No","Colonial hydrozoans (e.g., Portuguese man o' war)"
"4446","Eukaryota","Arthropoda","Copepoda","Calanoida","Pontellidae","Labidocera","Labidocera trispinosa","Variable","Variable","Variable","Exoskeleton","Exoskeleton","Chitin + Calcium","Holoplanktonic","No","Copepods"
"4447","Eukaryota","Annelida","Polychaeta","Phyllodocida","Phyllodocidae","Phyllodoce","Phyllodoce medipapillata","No","No","No","None","None","None","Benthic + Meroplanktonic","No","Active marine polychaetes"
"4448","Eukaryota","Bryozoa","Gymnolaemata","Cheilostomatida","Membraniporidae",NA,NA,"Yes","Yes","Yes","External shell","External shell","Calcite","Meroplanktonic","No","Encrusting bryozoans"
"4449","Eukaryota","Arthropoda","Copepoda","Poecilostomatoida","Oncaeidae","Oncaea","Oncaea sp.","Variable","Variable","Variable","Exoskeleton","Exoskeleton","Chitin + Calcium","Holoplanktonic","No","Parasitic or predatory copepods"
"4450","Eukaryota","Arthropoda","Copepoda","Calanoida","Eucalanidae","Eucalanus","Eucalanus californicus","Variable","Variable","Variable","Exoskeleton","Exoskeleton","Chitin + Calcium","Holoplanktonic","No","Copepods"
"4451","Eukaryota","Echinodermata","Echinoidea","Temnopleuroida","Toxopneustidae","Lytechinus","Lytechinus pictus","Yes","Yes","Yes","Internal skeleton","Exoskeleton","Calcite","Meroplanktonic","No","Short-spined sea urchins"
"4453","Eukaryota","Arthropoda","Copepoda","Calanoida","Eucalanidae","Eucalanus","Eucalanus californicus","Variable","Variable","Variable","Exoskeleton","Exoskeleton","Chitin + Calcium","Holoplanktonic","No","Copepods"
"4455","Eukaryota","Arthropoda","Copepoda","Calanoida","Eucalanidae","Eucalanus","Eucalanus californicus","Variable","Variable","Variable","Exoskeleton","Exoskeleton","Chitin + Calcium","Holoplanktonic","No","Copepods"
"4459","Eukaryota","Arthropoda","Malacostraca","Euphausiacea","Euphausiidae","Hansarsia","Hansarsia difficilis","Variable","No","Variable","None","Exoskeleton","Chitin + Calcium","Holoplanktonic","No","Krill"
"4462","Eukaryota","Arthropoda","Copepoda","Calanoida","Candaciidae","Candacia","Candacia curta","Variable","Variable","Variable","Exoskeleton","Exoskeleton","Chitin + Calcium","Holoplanktonic","No","Copepods"
"4463","Eukaryota","Arthropoda","Malacostraca","Decapoda","Hippolytidae","Lysmata","Lysmata californica","Variable","No","Variable","None","Exoskeleton","Calcite","Meroplanktonic","No","Crabs, lobsters, shrimp"
"4466","Eukaryota","Arthropoda","Copepoda","Calanoida","Calanidae","Calanus","Calanus pacificus","Variable","Variable","Variable","Exoskeleton","Exoskeleton","Chitin + Calcium","Holoplanktonic","No","Copepods"
"4467","Eukaryota","Echinodermata","Ophiuroidea","Amphilepidida","Ophiocomidae","Ophiopteris","Ophiopteris papillosa","Yes","Yes","Yes","Internal skeleton","Internal skeleton","Calcite","Meroplanktonic","No","Brittle stars"
"4472","Eukaryota","Arthropoda","Copepoda","Calanoida","Eucalanidae","Eucalanus","Eucalanus californicus","Variable","Variable","Variable","Exoskeleton","Exoskeleton","Chitin + Calcium","Holoplanktonic","No","Copepods"
"4473","Eukaryota","Arthropoda","Copepoda","Calanoida","Clausocalanidae","Clausocalanus","Clausocalanus parapergens","Variable","Variable","Variable","Exoskeleton","Exoskeleton","Chitin + Calcium","Holoplanktonic","No","Copepods"
"4474","Eukaryota","Chaetognatha","Sagittoidea","Aphragmophora","Sagittidae","Flaccisagitta",NA,"No","No","No","None","None","None","Holoplanktonic","No","Chaetognaths (arrow worms)"
"4475","Eukaryota","Arthropoda","Copepoda","Calanoida","Eucalanidae","Eucalanus","Eucalanus californicus","Variable","Variable","Variable","Exoskeleton","Exoskeleton","Chitin + Calcium","Holoplanktonic","No","Copepods"
"4481","Eukaryota","Arthropoda","Copepoda","Calanoida","Eucalanidae","Eucalanus","Eucalanus californicus","Variable","Variable","Variable","Exoskeleton","Exoskeleton","Chitin + Calcium","Holoplanktonic","No","Copepods"
"4484","Eukaryota","Arthropoda","Copepoda","Calanoida","Calanidae","Calanus","Calanus pacificus","Variable","Variable","Variable","Exoskeleton","Exoskeleton","Chitin + Calcium","Holoplanktonic","No","Copepods"
"4485","Eukaryota","Annelida","Polychaeta","Phyllodocida","Alciopidae",NA,NA,"No","No","No","None","None","None","Benthic + Meroplanktonic","No","Active marine polychaetes"
"4486","Eukaryota","Arthropoda","Copepoda","Poecilostomatoida","Oncaeidae","Oncaea","Oncaea sp.","Variable","Variable","Variable","Exoskeleton","Exoskeleton","Chitin + Calcium","Holoplanktonic","No","Parasitic or predatory copepods"
"4487","Eukaryota","Arthropoda","Ostracoda","Halocyprida","Halocyprididae","Paraconchoecia","Paraconchoecia oblonga","Variable","No","Variable","None","Exoskeleton","Chitin + Calcium","Holoplanktonic","No","Ostracods (seed shrimp)"
"4488","Eukaryota","Arthropoda","Copepoda","Calanoida","Eucalanidae","Eucalanus","Eucalanus californicus","Variable","Variable","Variable","Exoskeleton","Exoskeleton","Chitin + Calcium","Holoplanktonic","No","Copepods"
"4489","Eukaryota","Echinodermata","Echinoidea","Temnopleuroida","Toxopneustidae","Lytechinus","Lytechinus pictus","Yes","Yes","Yes","Internal skeleton","Exoskeleton","Calcite","Meroplanktonic","No","Short-spined sea urchins"
"4492","Eukaryota","Arthropoda","Copepoda","Calanoida","Eucalanidae","Eucalanus","Eucalanus californicus","Variable","Variable","Variable","Exoskeleton","Exoskeleton","Chitin + Calcium","Holoplanktonic","No","Copepods"
"4493","Eukaryota","Annelida","Polychaeta","Eunicida","Amphinomidae",NA,NA,"No","No","No","None","None","None","Benthic + Meroplanktonic","No","Marine bristle worms (polychaetes)"
"4494","Eukaryota","Arthropoda","Malacostraca","Decapoda","Cancridae","Romaleon",NA,"Variable","No","Variable","None","Exoskeleton","Calcite","Meroplanktonic","No","Crabs, lobsters, shrimp"
"4495","Eukaryota","Bryozoa","Gymnolaemata","Cheilostomatida","Membraniporidae",NA,NA,"Yes","Yes","Yes","External shell","External shell","Calcite","Meroplanktonic","No","Encrusting bryozoans"
"4500","Eukaryota","Arthropoda","Copepoda","Calanoida","Eucalanidae","Eucalanus","Eucalanus californicus","Variable","Variable","Variable","Exoskeleton","Exoskeleton","Chitin + Calcium","Holoplanktonic","No","Copepods"
"4501","Eukaryota","Arthropoda","Copepoda","Calanoida","Eucalanidae","Eucalanus","Eucalanus californicus","Variable","Variable","Variable","Exoskeleton","Exoskeleton","Chitin + Calcium","Holoplanktonic","No","Copepods"
"4503","Eukaryota","Arthropoda","Copepoda","Calanoida","Eucalanidae","Eucalanus","Eucalanus californicus","Variable","Variable","Variable","Exoskeleton","Exoskeleton","Chitin + Calcium","Holoplanktonic","No","Copepods"
"4504","Eukaryota","Arthropoda","Copepoda","Calanoida","Aetideidae",NA,NA,"Variable","Variable","Variable","Exoskeleton","Exoskeleton","Chitin + Calcium","Holoplanktonic","No","Copepods"
"4506","Eukaryota","Mollusca","Gastropoda","Littorinimorpha","Vermetidae","Thylacodes","Thylacodes squamigerus","Yes","Yes","Yes","External shell","External shell","Aragonite/Calcite","Meroplanktonic","No","Periwinkles and related snails"
"4507","Eukaryota","Arthropoda","Malacostraca","Decapoda","Paguridae","Pagurus","Pagurus redondoensis","Variable","No","Variable","None","Exoskeleton","Calcite","Meroplanktonic","No","Crabs, lobsters, shrimp"
"4508","Eukaryota","Arthropoda","Malacostraca","Euphausiacea","Euphausiidae",NA,NA,"Variable","No","Variable","None","Exoskeleton","Chitin + Calcium","Holoplanktonic","No","Krill"
"4509","Eukaryota","Arthropoda","Copepoda","Calanoida","Eucalanidae","Eucalanus","Eucalanus californicus","Variable","Variable","Variable","Exoskeleton","Exoskeleton","Chitin + Calcium","Holoplanktonic","No","Copepods"
"4510","Eukaryota","Arthropoda","Malacostraca","Euphausiacea","Euphausiidae","Hansarsia","Hansarsia difficilis","Variable","No","Variable","None","Exoskeleton","Chitin + Calcium","Holoplanktonic","No","Krill"
"4513","Eukaryota","Arthropoda","Malacostraca","Euphausiacea","Euphausiidae","Hansarsia",NA,"Variable","No","Variable","None","Exoskeleton","Chitin + Calcium","Holoplanktonic","No","Krill"
"4514","Eukaryota","Arthropoda","Copepoda","Calanoida","Eucalanidae","Eucalanus","Eucalanus californicus","Variable","Variable","Variable","Exoskeleton","Exoskeleton","Chitin + Calcium","Holoplanktonic","No","Copepods"
"4517","Eukaryota","Arthropoda","Copepoda","Calanoida","Eucalanidae","Eucalanus","Eucalanus californicus","Variable","Variable","Variable","Exoskeleton","Exoskeleton","Chitin + Calcium","Holoplanktonic","No","Copepods"
"4518","Eukaryota","Arthropoda","Copepoda","Calanoida","Eucalanidae","Eucalanus","Eucalanus californicus","Variable","Variable","Variable","Exoskeleton","Exoskeleton","Chitin + Calcium","Holoplanktonic","No","Copepods"
"4519","Eukaryota","Mollusca","Gastropoda","Nudibranchia","Glaucidae","Hermissenda","Hermissenda opalescens","Variable","Variable","No","External shell","None","Aragonite","Meroplanktonic","No","Shell-less sea slugs"
"4520","Eukaryota","Arthropoda","Copepoda","Calanoida","Eucalanidae","Eucalanus","Eucalanus californicus","Variable","Variable","Variable","Exoskeleton","Exoskeleton","Chitin + Calcium","Holoplanktonic","No","Copepods"
"4521","Eukaryota","Arthropoda","Ostracoda","Halocyprida","Halocyprididae","Halocypris","Halocypris inflata","Variable","No","Variable","None","Exoskeleton","Chitin + Calcium","Holoplanktonic","No","Ostracods (seed shrimp)"
"4524","Eukaryota","Mollusca","Gastropoda","Cephalaspidea","Philinidae","Philine",NA,"Variable","Yes","Yes","External shell","External shell","Aragonite","Meroplanktonic","No","Bubble snails"
"4525","Eukaryota","Arthropoda","Copepoda","Calanoida","Eucalanidae","Eucalanus","Eucalanus californicus","Variable","Variable","Variable","Exoskeleton","Exoskeleton","Chitin + Calcium","Holoplanktonic","No","Copepods"
"4526","Eukaryota","Arthropoda","Ostracoda","Halocyprida","Halocyprididae",NA,NA,"Variable","No","Variable","None","Exoskeleton","Chitin + Calcium","Holoplanktonic","No","Ostracods (seed shrimp)"
"4527","Eukaryota","Arthropoda","Copepoda","Calanoida","Pontellidae","Labidocera","Labidocera trispinosa","Variable","Variable","Variable","Exoskeleton","Exoskeleton","Chitin + Calcium","Holoplanktonic","No","Copepods"
"4529","Eukaryota","Arthropoda","Copepoda","Poecilostomatoida","Oncaeidae","Oncaea","Oncaea sp.","Variable","Variable","Variable","Exoskeleton","Exoskeleton","Chitin + Calcium","Holoplanktonic","No","Parasitic or predatory copepods"
"4531","Eukaryota","Arthropoda","Copepoda","Poecilostomatoida","Oncaeidae","Oncaea","Oncaea sp.","Variable","Variable","Variable","Exoskeleton","Exoskeleton","Chitin + Calcium","Holoplanktonic","No","Parasitic or predatory copepods"
"4532","Eukaryota","Mollusca","Gastropoda","Pteropoda","Cuvierinidae","Cuvierina","Cuvierina pacifica","Yes","Yes","Yes","External shell","External shell","Aragonite","Holoplanktonic","No","Sea butterflies"
"4536","Eukaryota","Arthropoda","Copepoda","Calanoida","Heterorhabdidae",NA,NA,"Variable","Variable","Variable","Exoskeleton","Exoskeleton","Chitin + Calcium","Holoplanktonic","No","Copepods"
"4537","Eukaryota","Arthropoda","Copepoda","Poecilostomatoida","Corycaeidae","Farranula",NA,"Variable","Variable","Variable","Exoskeleton","Exoskeleton","Chitin + Calcium","Holoplanktonic","No","Parasitic or predatory copepods"
"4540","Eukaryota","Arthropoda","Copepoda","Calanoida","Candaciidae","Candacia","Candacia bipinnata","Variable","Variable","Variable","Exoskeleton","Exoskeleton","Chitin + Calcium","Holoplanktonic","No","Copepods"
"4541","Eukaryota","Arthropoda","Malacostraca","Euphausiacea","Euphausiidae","Euphausia","Euphausia pacifica","Variable","No","Variable","None","Exoskeleton","Chitin + Calcium","Holoplanktonic","No","Krill"
"4542","Eukaryota","Arthropoda","Thecostraca","Balanomorpha","Balanidae","Balanus","Balanus trigonus","Yes","Yes","Yes","External shell","External shell","Calcite","Meroplanktonic","No","Barnacles"
"4543","Eukaryota","Arthropoda","Copepoda","Calanoida","Eucalanidae","Eucalanus","Eucalanus californicus","Variable","Variable","Variable","Exoskeleton","Exoskeleton","Chitin + Calcium","Holoplanktonic","No","Copepods"
"4544","Eukaryota","Mollusca","Gastropoda","Littorinimorpha","Atlantidae","Atlanta","Atlanta sp. USNM IZ 1230636","Yes","Yes","Yes","External shell","External shell","Aragonite/Calcite","Meroplanktonic","No","Periwinkles and related snails"
"4545","Eukaryota","Arthropoda","Copepoda","Calanoida","Eucalanidae","Eucalanus","Eucalanus californicus","Variable","Variable","Variable","Exoskeleton","Exoskeleton","Chitin + Calcium","Holoplanktonic","No","Copepods"
"4547","Eukaryota","Arthropoda","Copepoda","Calanoida","Eucalanidae","Eucalanus","Eucalanus californicus","Variable","Variable","Variable","Exoskeleton","Exoskeleton","Chitin + Calcium","Holoplanktonic","No","Copepods"
"4548","Eukaryota","Arthropoda","Copepoda","Poecilostomatoida","Oncaeidae","Oncaea","Oncaea sp.","Variable","Variable","Variable","Exoskeleton","Exoskeleton","Chitin + Calcium","Holoplanktonic","No","Parasitic or predatory copepods"
"4549","Eukaryota","Mollusca","Gastropoda","Nudibranchia","Glaucidae","Hermissenda",NA,"Variable","Variable","No","External shell","None","Aragonite","Meroplanktonic","No","Shell-less sea slugs"
"4550","Eukaryota","Arthropoda","Malacostraca","Amphipoda","Paraphronimidae","Paraphronima","Paraphronima robisoni","Variable","Yes","Yes","Exoskeleton","Exoskeleton","Chitin + Calcium","Benthic + Holoplanktonic","No","Amphipods"
"4551","Eukaryota","Mollusca","Gastropoda","Nudibranchia","Dironidae","Dirona","Dirona picta","Variable","Variable","No","External shell","None","Aragonite","Meroplanktonic","No","Shell-less sea slugs"
"4552","Eukaryota","Arthropoda","Malacostraca","Euphausiacea","Euphausiidae","Thysanoessa","Thysanoessa gregaria","Variable","No","Variable","None","Exoskeleton","Chitin + Calcium","Holoplanktonic","No","Krill"
"4553","Eukaryota","Arthropoda","Copepoda","Calanoida","Calanidae","Neocalanus",NA,"Variable","Variable","Variable","Exoskeleton","Exoskeleton","Chitin + Calcium","Holoplanktonic","No","Copepods"
"4554","Eukaryota","Arthropoda","Copepoda","Poecilostomatoida","Oncaeidae","Oncaea","Oncaea sp.","Variable","Variable","Variable","Exoskeleton","Exoskeleton","Chitin + Calcium","Holoplanktonic","No","Parasitic or predatory copepods"
"4556","Eukaryota","Bryozoa","Gymnolaemata","Cheilostomatida","Membraniporidae","Membranipora",NA,"Yes","Yes","Yes","External shell","External shell","Calcite","Meroplanktonic","No","Encrusting bryozoans"
"4557","Eukaryota","Arthropoda","Copepoda","Calanoida","Eucalanidae","Eucalanus","Eucalanus californicus","Variable","Variable","Variable","Exoskeleton","Exoskeleton","Chitin + Calcium","Holoplanktonic","No","Copepods"
"4566","Eukaryota","Arthropoda","Copepoda","Calanoida","Pontellidae","Labidocera","Labidocera trispinosa","Variable","Variable","Variable","Exoskeleton","Exoskeleton","Chitin + Calcium","Holoplanktonic","No","Copepods"
"4570","Eukaryota","Annelida","Polychaeta","Chaetopteridae","Chaetopteridae","Phyllochaetopterus","Phyllochaetopterus sp. 5 JM_2017","No","No","No","None","None","None","Benthic + Meroplanktonic","No","Tube-dwelling marine polychaetes"
"4571","Eukaryota","Arthropoda","Copepoda","Calanoida","Eucalanidae","Eucalanus","Eucalanus californicus","Variable","Variable","Variable","Exoskeleton","Exoskeleton","Chitin + Calcium","Holoplanktonic","No","Copepods"
"4573","Eukaryota","Chordata","Actinopteri","Gadiformes","Merlucciidae","Merluccius","Merluccius productus","No","No","No","None","None","None","Meroplanktonic","No","Cods and grenadiers"
"4580","Eukaryota","Arthropoda","Copepoda","Calanoida","Eucalanidae","Rhincalanus",NA,"Variable","Variable","Variable","Exoskeleton","Exoskeleton","Chitin + Calcium","Holoplanktonic","No","Copepods"
"4583","Eukaryota","Annelida","Polychaeta","Sabellida","Sabellariidae",NA,NA,"Variable","Variable","Variable","External tube","External tube","Aragonite","Benthic + Meroplanktonic","No","Fan worms and feather duster worms"
"4584","Eukaryota","Mollusca","Bivalvia","Mytilida","Modiolidae",NA,NA,"Yes","Yes","Yes","External shell","External shell","Aragonite/Calcite","Meroplanktonic","No","Mussels"
"4585","Eukaryota","Arthropoda","Copepoda","Calanoida","Calanidae",NA,NA,"Variable","Variable","Variable","Exoskeleton","Exoskeleton","Chitin + Calcium","Holoplanktonic","No","Copepods"
"4586","Eukaryota","Arthropoda","Copepoda","Calanoida","Scolecitrichidae","Scolecithricella","Scolecithricella dentata","Variable","Variable","Variable","Exoskeleton","Exoskeleton","Chitin + Calcium","Holoplanktonic","No","Copepods"
"4590","Eukaryota","Arthropoda","Malacostraca","Euphausiacea","Euphausiidae","Nyctiphanes","Nyctiphanes simplex","Variable","No","Variable","None","Exoskeleton","Chitin + Calcium","Holoplanktonic","No","Krill"
"4591","Eukaryota","Arthropoda","Copepoda","Calanoida","Eucalanidae","Eucalanus","Eucalanus californicus","Variable","Variable","Variable","Exoskeleton","Exoskeleton","Chitin + Calcium","Holoplanktonic","No","Copepods"
"4592","Eukaryota","Chordata","Actinopteri","Stomiiformes","Sternoptychidae","Sternoptyx",NA,"No","No","No","None","None","None","Meroplanktonic","No","Deep-sea fishes (e.g., dragonfishes)"
"4593","Eukaryota","Nemertea","Palaeonemertea","Archinemertea","Cephalotrichidae",NA,NA,"No","No","No","None","None","None","Benthic + Meroplanktonic","No","Ribbon worms (marine benthic)"
"4594","Eukaryota","Arthropoda","Copepoda","Calanoida","Eucalanidae","Eucalanus","Eucalanus californicus","Variable","Variable","Variable","Exoskeleton","Exoskeleton","Chitin + Calcium","Holoplanktonic","No","Copepods"
"4595","Eukaryota","Arthropoda","Malacostraca","Decapoda","Hippolytidae","Lysmata","Lysmata californica","Variable","No","Variable","None","Exoskeleton","Calcite","Meroplanktonic","No","Crabs, lobsters, shrimp"
"4596","Eukaryota","Arthropoda","Copepoda","Calanoida","Eucalanidae","Eucalanus","Eucalanus californicus","Variable","Variable","Variable","Exoskeleton","Exoskeleton","Chitin + Calcium","Holoplanktonic","No","Copepods"
"4597","Eukaryota","Bryozoa","Gymnolaemata","Cheilostomatida","Membraniporidae","Membranipora",NA,"Yes","Yes","Yes","External shell","External shell","Calcite","Meroplanktonic","No","Encrusting bryozoans"
"4599","Eukaryota","Arthropoda","Ostracoda","Halocyprida","Halocyprididae","Proceroecia","Proceroecia procera","Variable","No","Variable","None","Exoskeleton","Chitin + Calcium","Holoplanktonic","No","Ostracods (seed shrimp)"
"4600","Eukaryota","Mollusca","Gastropoda","Nudibranchia","Glaucidae","Hermissenda","Hermissenda opalescens","Variable","Variable","No","External shell","None","Aragonite","Meroplanktonic","No","Shell-less sea slugs"
"4601","Eukaryota","Arthropoda","Malacostraca","Decapoda","Cancridae","Metacarcinus","Metacarcinus gracilis","Variable","No","Variable","None","Exoskeleton","Calcite","Meroplanktonic","No","Crabs, lobsters, shrimp"
"4604","Eukaryota","Arthropoda","Copepoda","Poecilostomatoida","Oncaeidae","Oncaea","Oncaea sp.","Variable","Variable","Variable","Exoskeleton","Exoskeleton","Chitin + Calcium","Holoplanktonic","No","Parasitic or predatory copepods"
"4605","Eukaryota","Arthropoda","Malacostraca","Decapoda","Grapsidae","Pachygrapsus","Pachygrapsus crassipes","Variable","No","Variable","None","Exoskeleton","Calcite","Meroplanktonic","No","Crabs, lobsters, shrimp"
"4608","Eukaryota","Arthropoda","Copepoda","Calanoida","Eucalanidae","Eucalanus","Eucalanus californicus","Variable","Variable","Variable","Exoskeleton","Exoskeleton","Chitin + Calcium","Holoplanktonic","No","Copepods"
"4609","Eukaryota","Arthropoda","Copepoda","Calanoida","Pontellidae","Labidocera",NA,"Variable","Variable","Variable","Exoskeleton","Exoskeleton","Chitin + Calcium","Holoplanktonic","No","Copepods"
"4611","Eukaryota","Arthropoda","Copepoda","Calanoida","Eucalanidae","Eucalanus","Eucalanus californicus","Variable","Variable","Variable","Exoskeleton","Exoskeleton","Chitin + Calcium","Holoplanktonic","No","Copepods"
"4615","Eukaryota","Arthropoda","Copepoda","Calanoida","Eucalanidae","Eucalanus","Eucalanus californicus","Variable","Variable","Variable","Exoskeleton","Exoskeleton","Chitin + Calcium","Holoplanktonic","No","Copepods"
"4616","Eukaryota","Arthropoda","Copepoda","Calanoida","Eucalanidae","Eucalanus","Eucalanus californicus","Variable","Variable","Variable","Exoskeleton","Exoskeleton","Chitin + Calcium","Holoplanktonic","No","Copepods"
"4618","Eukaryota","Arthropoda","Copepoda","Calanoida","Eucalanidae","Eucalanus","Eucalanus californicus","Variable","Variable","Variable","Exoskeleton","Exoskeleton","Chitin + Calcium","Holoplanktonic","No","Copepods"
"4619","Eukaryota","Bryozoa","Gymnolaemata","Cheilostomatida","Membraniporidae","Membranipora",NA,"Yes","Yes","Yes","External shell","External shell","Calcite","Meroplanktonic","No","Encrusting bryozoans"
"4620","Eukaryota","Arthropoda","Malacostraca","Euphausiacea","Euphausiidae","Nyctiphanes","Nyctiphanes simplex","Variable","No","Variable","None","Exoskeleton","Chitin + Calcium","Holoplanktonic","No","Krill"
"4621","Eukaryota","Arthropoda","Copepoda","Calanoida","Calanidae","Calanus","Calanus pacificus","Variable","Variable","Variable","Exoskeleton","Exoskeleton","Chitin + Calcium","Holoplanktonic","No","Copepods"
"4625","Eukaryota","Arthropoda","Copepoda","Calanoida","Eucalanidae","Eucalanus","Eucalanus californicus","Variable","Variable","Variable","Exoskeleton","Exoskeleton","Chitin + Calcium","Holoplanktonic","No","Copepods"
"4626","Eukaryota","Arthropoda","Copepoda","Calanoida","Eucalanidae","Eucalanus","Eucalanus californicus","Variable","Variable","Variable","Exoskeleton","Exoskeleton","Chitin + Calcium","Holoplanktonic","No","Copepods"
"4627","Eukaryota","Bryozoa","Gymnolaemata","Cheilostomatida","Membraniporidae","Membranipora","Membranipora villosa","Yes","Yes","Yes","External shell","External shell","Calcite","Meroplanktonic","No","Encrusting bryozoans"
"4629","Eukaryota","Arthropoda","Thecostraca","Balanomorpha","Chthamalidae","Chthamalus","Chthamalus fissus","Yes","Yes","Yes","External shell","External shell","Calcite","Meroplanktonic","No","Barnacles"
"4630","Eukaryota","Arthropoda","Copepoda","Calanoida","Pontellidae","Labidocera","Labidocera trispinosa","Variable","Variable","Variable","Exoskeleton","Exoskeleton","Chitin + Calcium","Holoplanktonic","No","Copepods"
"4631","Eukaryota","Arthropoda","Malacostraca","Euphausiacea","Euphausiidae","Nyctiphanes","Nyctiphanes simplex","Variable","No","Variable","None","Exoskeleton","Chitin + Calcium","Holoplanktonic","No","Krill"
"4633","Eukaryota","Arthropoda","Copepoda","Calanoida","Lucicutiidae","Lucicutia","Lucicutia flavicornis","Variable","Variable","Variable","Exoskeleton","Exoskeleton","Chitin + Calcium","Holoplanktonic","No","Copepods"
"4636","Eukaryota","Cnidaria","Hydrozoa","Siphonophorae","Athorybiidae",NA,NA,"No","No","No","None","None","None","Holoplanktonic","No","Colonial hydrozoans (e.g., Portuguese man o' war)"
"4637","Eukaryota","Arthropoda","Copepoda","Poecilostomatoida","Oncaeidae","Oncaea","Oncaea sp.","Variable","Variable","Variable","Exoskeleton","Exoskeleton","Chitin + Calcium","Holoplanktonic","No","Parasitic or predatory copepods"
"4639","Eukaryota","Arthropoda","Copepoda","Poecilostomatoida","Oncaeidae","Oncaea","Oncaea sp.","Variable","Variable","Variable","Exoskeleton","Exoskeleton","Chitin + Calcium","Holoplanktonic","No","Parasitic or predatory copepods"
"4641","Eukaryota","Arthropoda","Ostracoda","Halocyprida","Halocyprididae",NA,NA,"Variable","No","Variable","None","Exoskeleton","Chitin + Calcium","Holoplanktonic","No","Ostracods (seed shrimp)"
"4642","Eukaryota","Chordata","Actinopteri","Blenniiformes","Labrisomidae","Alloclinus","Alloclinus holderi","No","No","No","None","None","None","Meroplanktonic","No","Blennies and combtooth fishes"
"4643","Eukaryota","Arthropoda","Copepoda","Calanoida","Eucalanidae","Eucalanus","Eucalanus californicus","Variable","Variable","Variable","Exoskeleton","Exoskeleton","Chitin + Calcium","Holoplanktonic","No","Copepods"
"4644","Eukaryota","Arthropoda","Copepoda","Calanoida","Eucalanidae","Eucalanus",NA,"Variable","Variable","Variable","Exoskeleton","Exoskeleton","Chitin + Calcium","Holoplanktonic","No","Copepods"
"4647","Eukaryota","Arthropoda","Copepoda","Calanoida","Scolecitrichidae","Scolecithricella","Scolecithricella dentata","Variable","Variable","Variable","Exoskeleton","Exoskeleton","Chitin + Calcium","Holoplanktonic","No","Copepods"
"4648","Eukaryota","Arthropoda","Copepoda","Calanoida","Eucalanidae","Eucalanus","Eucalanus californicus","Variable","Variable","Variable","Exoskeleton","Exoskeleton","Chitin + Calcium","Holoplanktonic","No","Copepods"
"4650","Eukaryota","Arthropoda","Malacostraca","Euphausiacea","Euphausiidae","Nyctiphanes","Nyctiphanes simplex","Variable","No","Variable","None","Exoskeleton","Chitin + Calcium","Holoplanktonic","No","Krill"
"4653","Eukaryota","Bryozoa","Gymnolaemata","Cheilostomatida","Membraniporidae","Membranipora","Membranipora villosa","Yes","Yes","Yes","External shell","External shell","Calcite","Meroplanktonic","No","Encrusting bryozoans"
"4654","Eukaryota","Arthropoda","Copepoda","Calanoida","Eucalanidae","Eucalanus","Eucalanus californicus","Variable","Variable","Variable","Exoskeleton","Exoskeleton","Chitin + Calcium","Holoplanktonic","No","Copepods"
"4655","Eukaryota","Arthropoda","Copepoda","Calanoida","Eucalanidae","Eucalanus","Eucalanus californicus","Variable","Variable","Variable","Exoskeleton","Exoskeleton","Chitin + Calcium","Holoplanktonic","No","Copepods"
"4656","Eukaryota","Arthropoda","Copepoda","Calanoida","Eucalanidae","Eucalanus","Eucalanus californicus","Variable","Variable","Variable","Exoskeleton","Exoskeleton","Chitin + Calcium","Holoplanktonic","No","Copepods"
"4657","Eukaryota","Arthropoda","Copepoda","Calanoida","Eucalanidae","Eucalanus","Eucalanus californicus","Variable","Variable","Variable","Exoskeleton","Exoskeleton","Chitin + Calcium","Holoplanktonic","No","Copepods"
"4658","Eukaryota","Echinodermata","Echinoidea","Clypeasteroida","Dendrasteridae","Dendraster","Dendraster excentricus","Yes","Yes","Yes","Exoskeleton","Exoskeleton","Calcite","Meroplanktonic","No","Sand dollars"
"4659","Eukaryota","Arthropoda","Copepoda","Calanoida","Eucalanidae","Eucalanus","Eucalanus californicus","Variable","Variable","Variable","Exoskeleton","Exoskeleton","Chitin + Calcium","Holoplanktonic","No","Copepods"
"4660","Eukaryota","Arthropoda","Copepoda","Calanoida","Eucalanidae","Eucalanus","Eucalanus californicus","Variable","Variable","Variable","Exoskeleton","Exoskeleton","Chitin + Calcium","Holoplanktonic","No","Copepods"
"4661","Eukaryota","Echinodermata","Ophiuroidea","Amphilepidida","Ophiocomidae",NA,NA,"Yes","Yes","Yes","Internal skeleton","Internal skeleton","Calcite","Meroplanktonic","No","Brittle stars"
"4664","Eukaryota","Arthropoda","Copepoda","Calanoida","Clausocalanidae","Clausocalanus","Clausocalanus parapergens","Variable","Variable","Variable","Exoskeleton","Exoskeleton","Chitin + Calcium","Holoplanktonic","No","Copepods"
"4666","Eukaryota","Arthropoda","Malacostraca","Decapoda","Hippolytidae",NA,NA,"Variable","No","Variable","None","Exoskeleton","Calcite","Meroplanktonic","No","Crabs, lobsters, shrimp"
"4668","Eukaryota","Cnidaria","Hydrozoa","Siphonophorae","Diphyidae","Diphyes","Diphyes sp. HAW01","No","No","No","None","None","None","Holoplanktonic","No","Colonial hydrozoans (e.g., Portuguese man o' war)"
"4669","Eukaryota","Echinodermata","Asteroidea","Paxillosida","Luidiidae","Luidia","Luidia foliolata","Variable","No","Yes","None","Internal skeleton","Calcite","Meroplanktonic","No","Starfish without suckers"
"4670","Eukaryota","Mollusca","Gastropoda","Pteropoda","Creseidae","Styliola","Styliola sp.","Yes","Yes","Yes","External shell","External shell","Aragonite","Holoplanktonic","No","Sea butterflies"
"4671","Eukaryota","Annelida","Polychaeta","Terebellida","Flabelligeridae","Poeobius","Poeobius meseres","Variable","Variable","Variable","External tube","External tube","None","Benthic + Meroplanktonic","No","Spaghetti worms (tube-building polychaetes)"
"4672","Eukaryota","Ctenophora","Tentaculata","Cydippida","Pleurobrachiidae","Pleurobrachia","Pleurobrachia bachei","No","No","No","None","None","None","Holoplanktonic","No","Comb jellies (round-bodied ctenophores)"
"4675","Eukaryota","Arthropoda","Malacostraca","Euphausiacea","Euphausiidae","Hansarsia","Hansarsia difficilis","Variable","No","Variable","None","Exoskeleton","Chitin + Calcium","Holoplanktonic","No","Krill"
"4676","Eukaryota","Echinodermata","Ophiuroidea","Amphilepidida","Amphiuridae","Amphiodia",NA,"Yes","Yes","Yes","Internal skeleton","Internal skeleton","Calcite","Meroplanktonic","No","Brittle stars"
"4680","Eukaryota","Echinodermata","Ophiuroidea","Amphilepidida","Amphiuridae","Amphiodia","Amphiodia cf_ urtica KSL_2016","Yes","Yes","Yes","Internal skeleton","Internal skeleton","Calcite","Meroplanktonic","No","Brittle stars"
"4682","Eukaryota","Echinodermata","Asteroidea","Forcipulatida","Asteriidae",NA,NA,"Yes","Yes","Yes","Internal skeleton","Internal skeleton","Calcite","Meroplanktonic","No","Starfish"
"4683","Eukaryota","Mollusca","Gastropoda","Pteropoda","Creseidae","Styliola","Styliola sp.","Yes","Yes","Yes","External shell","External shell","Aragonite","Holoplanktonic","No","Sea butterflies"
"4686","Eukaryota","Arthropoda","Copepoda","Poecilostomatoida","Oncaeidae","Oncaea","Oncaea sp.","Variable","Variable","Variable","Exoskeleton","Exoskeleton","Chitin + Calcium","Holoplanktonic","No","Parasitic or predatory copepods"
"4687","Eukaryota","Arthropoda","Copepoda","Calanoida","Eucalanidae","Eucalanus","Eucalanus californicus","Variable","Variable","Variable","Exoskeleton","Exoskeleton","Chitin + Calcium","Holoplanktonic","No","Copepods"
"4691","Eukaryota","Mollusca","Bivalvia","Mytilida","Modiolidae",NA,NA,"Yes","Yes","Yes","External shell","External shell","Aragonite/Calcite","Meroplanktonic","No","Mussels"
"4692","Eukaryota","Arthropoda","Malacostraca","Euphausiacea","Euphausiidae","Euphausia",NA,"Variable","No","Variable","None","Exoskeleton","Chitin + Calcium","Holoplanktonic","No","Krill"
"4694","Eukaryota","Arthropoda","Ostracoda","Halocyprida","Halocyprididae","Porroecia","Porroecia spinirostris","Variable","No","Variable","None","Exoskeleton","Chitin + Calcium","Holoplanktonic","No","Ostracods (seed shrimp)"
"4695","Eukaryota","Arthropoda","Copepoda","Calanoida","Calanidae","Calanus","Calanus pacificus","Variable","Variable","Variable","Exoskeleton","Exoskeleton","Chitin + Calcium","Holoplanktonic","No","Copepods"
"4698","Eukaryota","Mollusca","Gastropoda","Pteropoda","Cliidae","Clio","Clio pyramidata","Yes","Yes","Yes","External shell","External shell","Aragonite","Holoplanktonic","No","Sea butterflies"
"4699","Eukaryota","Arthropoda","Malacostraca","Euphausiacea","Euphausiidae","Nyctiphanes","Nyctiphanes simplex","Variable","No","Variable","None","Exoskeleton","Chitin + Calcium","Holoplanktonic","No","Krill"
"4700","Eukaryota","Arthropoda","Copepoda","Calanoida","Metridinidae","Pleuromamma","Pleuromamma borealis","Variable","Variable","Variable","Exoskeleton","Exoskeleton","Chitin + Calcium","Holoplanktonic","No","Copepods"
"4701","Eukaryota","Arthropoda","Copepoda","Calanoida","Clausocalanidae","Clausocalanus","Clausocalanus arcuicornis","Variable","Variable","Variable","Exoskeleton","Exoskeleton","Chitin + Calcium","Holoplanktonic","No","Copepods"
"4703","Eukaryota","Mollusca","Gastropoda","Pteropoda","Creseidae","Styliola","Styliola sp.","Yes","Yes","Yes","External shell","External shell","Aragonite","Holoplanktonic","No","Sea butterflies"
"4705","Eukaryota","Mollusca","Gastropoda","Pteropoda","Creseidae",NA,NA,"Yes","Yes","Yes","External shell","External shell","Aragonite","Holoplanktonic","No","Sea butterflies"
"4708","Eukaryota","Arthropoda","Copepoda","Calanoida","Eucalanidae","Eucalanus","Eucalanus californicus","Variable","Variable","Variable","Exoskeleton","Exoskeleton","Chitin + Calcium","Holoplanktonic","No","Copepods"
"4709","Eukaryota","Arthropoda","Copepoda","Calanoida","Eucalanidae","Eucalanus","Eucalanus californicus","Variable","Variable","Variable","Exoskeleton","Exoskeleton","Chitin + Calcium","Holoplanktonic","No","Copepods"
"4711","Eukaryota","Arthropoda","Copepoda","Calanoida","Eucalanidae","Eucalanus","Eucalanus californicus","Variable","Variable","Variable","Exoskeleton","Exoskeleton","Chitin + Calcium","Holoplanktonic","No","Copepods"
"4713","Eukaryota","Chaetognatha","Sagittoidea","Aphragmophora","Sagittidae","Pseudosagitta","Pseudosagitta maxima","No","No","No","None","None","None","Holoplanktonic","No","Chaetognaths (arrow worms)"
"4715","Eukaryota","Arthropoda","Malacostraca","Amphipoda","Phrosinidae","Primno","Primno brevidens","Variable","Yes","Yes","Exoskeleton","Exoskeleton","Chitin + Calcium","Benthic + Holoplanktonic","No","Amphipods"
"4718","Eukaryota","Arthropoda","Copepoda","Calanoida","Eucalanidae","Eucalanus","Eucalanus californicus","Variable","Variable","Variable","Exoskeleton","Exoskeleton","Chitin + Calcium","Holoplanktonic","No","Copepods"
"4719","Eukaryota","Arthropoda","Copepoda","Calanoida","Eucalanidae","Eucalanus","Eucalanus californicus","Variable","Variable","Variable","Exoskeleton","Exoskeleton","Chitin + Calcium","Holoplanktonic","No","Copepods"
"4721","Eukaryota","Echinodermata","Ophiuroidea","Amphilepidida","Ophiactidae","Ophiopholis","Ophiopholis sp. EAC01","Yes","Yes","Yes","Internal skeleton","Internal skeleton","Calcite","Meroplanktonic","No","Brittle stars"
"4723","Eukaryota","Bryozoa","Gymnolaemata","Cheilostomatida","Membraniporidae","Membranipora","Membranipora villosa","Yes","Yes","Yes","External shell","External shell","Calcite","Meroplanktonic","No","Encrusting bryozoans"
"4725","Eukaryota","Arthropoda","Copepoda","Calanoida","Eucalanidae","Eucalanus","Eucalanus californicus","Variable","Variable","Variable","Exoskeleton","Exoskeleton","Chitin + Calcium","Holoplanktonic","No","Copepods"
"4726","Eukaryota","Arthropoda","Copepoda","Calanoida","Eucalanidae","Rhincalanus","Rhincalanus nasutus","Variable","Variable","Variable","Exoskeleton","Exoskeleton","Chitin + Calcium","Holoplanktonic","No","Copepods"
"4728","Eukaryota","Arthropoda","Malacostraca","Euphausiacea","Euphausiidae","Hansarsia","Hansarsia difficilis","Variable","No","Variable","None","Exoskeleton","Chitin + Calcium","Holoplanktonic","No","Krill"
"4729","Eukaryota","Arthropoda","Copepoda","Calanoida","Eucalanidae","Eucalanus","Eucalanus californicus","Variable","Variable","Variable","Exoskeleton","Exoskeleton","Chitin + Calcium","Holoplanktonic","No","Copepods"
"4730","Eukaryota","Arthropoda","Malacostraca","Decapoda","Grapsidae","Pachygrapsus","Pachygrapsus crassipes","Variable","No","Variable","None","Exoskeleton","Calcite","Meroplanktonic","No","Crabs, lobsters, shrimp"
"4731","Eukaryota","Arthropoda","Copepoda","Calanoida","Eucalanidae","Eucalanus","Eucalanus californicus","Variable","Variable","Variable","Exoskeleton","Exoskeleton","Chitin + Calcium","Holoplanktonic","No","Copepods"
"4733","Eukaryota","Arthropoda","Copepoda","Calanoida","Pontellidae","Labidocera","Labidocera trispinosa","Variable","Variable","Variable","Exoskeleton","Exoskeleton","Chitin + Calcium","Holoplanktonic","No","Copepods"
"4735","Eukaryota","Arthropoda","Copepoda","Calanoida","Eucalanidae","Eucalanus","Eucalanus californicus","Variable","Variable","Variable","Exoskeleton","Exoskeleton","Chitin + Calcium","Holoplanktonic","No","Copepods"
"4736","Eukaryota","Arthropoda","Copepoda","Calanoida","Calanidae","Calanus","Calanus pacificus","Variable","Variable","Variable","Exoskeleton","Exoskeleton","Chitin + Calcium","Holoplanktonic","No","Copepods"
"4737","Eukaryota","Arthropoda","Copepoda","Calanoida","Eucalanidae","Eucalanus","Eucalanus californicus","Variable","Variable","Variable","Exoskeleton","Exoskeleton","Chitin + Calcium","Holoplanktonic","No","Copepods"
"4738","Eukaryota","Arthropoda","Copepoda","Calanoida","Eucalanidae","Eucalanus","Eucalanus californicus","Variable","Variable","Variable","Exoskeleton","Exoskeleton","Chitin + Calcium","Holoplanktonic","No","Copepods"
"4741","Eukaryota","Arthropoda","Copepoda","Calanoida","Eucalanidae","Eucalanus","Eucalanus californicus","Variable","Variable","Variable","Exoskeleton","Exoskeleton","Chitin + Calcium","Holoplanktonic","No","Copepods"
"4742","Eukaryota","Arthropoda","Ostracoda","Halocyprida","Halocyprididae","Conchoecetta","Conchoecetta giesbrechti","Variable","No","Variable","None","Exoskeleton","Chitin + Calcium","Holoplanktonic","No","Ostracods (seed shrimp)"
"4743","Eukaryota","Arthropoda","Copepoda","Calanoida","Eucalanidae","Eucalanus","Eucalanus californicus","Variable","Variable","Variable","Exoskeleton","Exoskeleton","Chitin + Calcium","Holoplanktonic","No","Copepods"
"4748","Eukaryota","Mollusca","Gastropoda","Nudibranchia","Glaucidae","Hermissenda","Hermissenda opalescens","Variable","Variable","No","External shell","None","Aragonite","Meroplanktonic","No","Shell-less sea slugs"
"4751","Eukaryota","Mollusca","Gastropoda","Pteropoda","Cuvierinidae","Cuvierina","Cuvierina pacifica","Yes","Yes","Yes","External shell","External shell","Aragonite","Holoplanktonic","No","Sea butterflies"
"4753","Eukaryota","Arthropoda","Copepoda","Poecilostomatoida","Oncaeidae","Oncaea","Oncaea sp.","Variable","Variable","Variable","Exoskeleton","Exoskeleton","Chitin + Calcium","Holoplanktonic","No","Parasitic or predatory copepods"
"4755","Eukaryota","Chaetognatha","Sagittoidea","Aphragmophora","Sagittidae","Flaccisagitta",NA,"No","No","No","None","None","None","Holoplanktonic","No","Chaetognaths (arrow worms)"
"4756","Eukaryota","Mollusca","Gastropoda","Nudibranchia","Glaucidae","Hermissenda","Hermissenda opalescens","Variable","Variable","No","External shell","None","Aragonite","Meroplanktonic","No","Shell-less sea slugs"
"4757","Eukaryota","Bryozoa","Gymnolaemata","Cheilostomatida","Membraniporidae","Membranipora","Membranipora villosa","Yes","Yes","Yes","External shell","External shell","Calcite","Meroplanktonic","No","Encrusting bryozoans"
"4759","Eukaryota","Arthropoda","Copepoda","Poecilostomatoida","Oncaeidae","Oncaea","Oncaea sp.","Variable","Variable","Variable","Exoskeleton","Exoskeleton","Chitin + Calcium","Holoplanktonic","No","Parasitic or predatory copepods"
"4764","Eukaryota","Arthropoda","Ostracoda","Halocyprida","Halocyprididae","Paraconchoecia","Paraconchoecia allotherium","Variable","No","Variable","None","Exoskeleton","Chitin + Calcium","Holoplanktonic","No","Ostracods (seed shrimp)"
"4768","Eukaryota","Arthropoda","Copepoda","Calanoida","Eucalanidae","Eucalanus","Eucalanus californicus","Variable","Variable","Variable","Exoskeleton","Exoskeleton","Chitin + Calcium","Holoplanktonic","No","Copepods"
"4769","Eukaryota","Arthropoda","Malacostraca","Decapoda","Hippolytidae",NA,NA,"Variable","No","Variable","None","Exoskeleton","Calcite","Meroplanktonic","No","Crabs, lobsters, shrimp"
"4773","Eukaryota","Arthropoda","Copepoda","Calanoida","Eucalanidae","Eucalanus","Eucalanus californicus","Variable","Variable","Variable","Exoskeleton","Exoskeleton","Chitin + Calcium","Holoplanktonic","No","Copepods"
"4774","Eukaryota","Arthropoda","Copepoda","Calanoida","Scolecitrichidae","Scolecithricella","Scolecithricella dentata","Variable","Variable","Variable","Exoskeleton","Exoskeleton","Chitin + Calcium","Holoplanktonic","No","Copepods"
"4775","Eukaryota","Arthropoda","Copepoda","Calanoida","Eucalanidae","Eucalanus","Eucalanus californicus","Variable","Variable","Variable","Exoskeleton","Exoskeleton","Chitin + Calcium","Holoplanktonic","No","Copepods"
"4776","Eukaryota","Arthropoda","Copepoda","Calanoida","Clausocalanidae",NA,NA,"Variable","Variable","Variable","Exoskeleton","Exoskeleton","Chitin + Calcium","Holoplanktonic","No","Copepods"
"4778","Eukaryota","Arthropoda","Ostracoda","Halocyprida","Halocyprididae","Discoconchoecia",NA,"Variable","No","Variable","None","Exoskeleton","Chitin + Calcium","Holoplanktonic","No","Ostracods (seed shrimp)"
"4779","Eukaryota","Chordata","Actinopteri","Myctophiformes","Myctophidae","Triphoturus","Triphoturus mexicanus","No","No","No","None","None","None","Meroplanktonic","No","Lanternfishes"
"4782","Eukaryota","Arthropoda","Copepoda","Calanoida","Eucalanidae","Eucalanus","Eucalanus californicus","Variable","Variable","Variable","Exoskeleton","Exoskeleton","Chitin + Calcium","Holoplanktonic","No","Copepods"
"4785","Eukaryota","Bryozoa","Gymnolaemata","Cheilostomatida","Membraniporidae","Membranipora","Membranipora villosa","Yes","Yes","Yes","External shell","External shell","Calcite","Meroplanktonic","No","Encrusting bryozoans"
"4786","Eukaryota","Arthropoda","Copepoda","Calanoida","Eucalanidae","Eucalanus","Eucalanus californicus","Variable","Variable","Variable","Exoskeleton","Exoskeleton","Chitin + Calcium","Holoplanktonic","No","Copepods"
"4787","Eukaryota","Arthropoda","Copepoda","Poecilostomatoida","Oncaeidae","Oncaea","Oncaea sp.","Variable","Variable","Variable","Exoskeleton","Exoskeleton","Chitin + Calcium","Holoplanktonic","No","Parasitic or predatory copepods"
"4790","Eukaryota","Arthropoda","Copepoda","Calanoida","Mecynoceridae","Mecynocera","Mecynocera clausi","Variable","Variable","Variable","Exoskeleton","Exoskeleton","Chitin + Calcium","Holoplanktonic","No","Copepods"
"4791","Eukaryota","Annelida","Polychaeta","Spionida","Spionidae",NA,NA,"No","No","No","None","None","None","Benthic + Meroplanktonic","No","Marine worms (sediment burrowers)"
"4792","Eukaryota","Arthropoda","Copepoda","Calanoida","Mecynoceridae","Mecynocera","Mecynocera clausi","Variable","Variable","Variable","Exoskeleton","Exoskeleton","Chitin + Calcium","Holoplanktonic","No","Copepods"
"4793","Eukaryota","Arthropoda","Malacostraca","Decapoda","Pinnotheridae","Pinnixa","Pinnixa occidentalis","Variable","No","Variable","None","Exoskeleton","Calcite","Meroplanktonic","No","Crabs, lobsters, shrimp"
"4795","Eukaryota","Arthropoda","Copepoda","Poecilostomatoida","Oncaeidae","Oncaea","Oncaea sp.","Variable","Variable","Variable","Exoskeleton","Exoskeleton","Chitin + Calcium","Holoplanktonic","No","Parasitic or predatory copepods"
"4796","Eukaryota","Arthropoda","Copepoda","Calanoida","Calanidae",NA,NA,"Variable","Variable","Variable","Exoskeleton","Exoskeleton","Chitin + Calcium","Holoplanktonic","No","Copepods"
"4800","Eukaryota","Arthropoda","Copepoda","Calanoida","Euchaetidae","Euchaeta","Euchaeta marina","Variable","Variable","Variable","Exoskeleton","Exoskeleton","Chitin + Calcium","Holoplanktonic","No","Copepods"
"4801","Eukaryota","Arthropoda","Copepoda","Calanoida","Metridinidae","Pleuromamma","Pleuromamma abdominalis","Variable","Variable","Variable","Exoskeleton","Exoskeleton","Chitin + Calcium","Holoplanktonic","No","Copepods"
"4803","Eukaryota","Arthropoda","Copepoda","Calanoida","Candaciidae","Candacia","Candacia curta","Variable","Variable","Variable","Exoskeleton","Exoskeleton","Chitin + Calcium","Holoplanktonic","No","Copepods"
"4810","Eukaryota","Arthropoda","Malacostraca","Euphausiacea","Euphausiidae","Nyctiphanes","Nyctiphanes simplex","Variable","No","Variable","None","Exoskeleton","Chitin + Calcium","Holoplanktonic","No","Krill"
"4811","Eukaryota","Arthropoda","Copepoda","Calanoida","Eucalanidae","Eucalanus","Eucalanus californicus","Variable","Variable","Variable","Exoskeleton","Exoskeleton","Chitin + Calcium","Holoplanktonic","No","Copepods"
"4814","Eukaryota","Arthropoda","Copepoda","Calanoida","Eucalanidae","Eucalanus","Eucalanus californicus","Variable","Variable","Variable","Exoskeleton","Exoskeleton","Chitin + Calcium","Holoplanktonic","No","Copepods"
"4815","Eukaryota","Echinodermata","Ophiuroidea","Amphilepidida","Amphiuridae",NA,NA,"Yes","Yes","Yes","Internal skeleton","Internal skeleton","Calcite","Meroplanktonic","No","Brittle stars"
"4816","Eukaryota","Arthropoda","Copepoda","Calanoida","Eucalanidae","Eucalanus","Eucalanus californicus","Variable","Variable","Variable","Exoskeleton","Exoskeleton","Chitin + Calcium","Holoplanktonic","No","Copepods"
"4817","Eukaryota","Arthropoda","Copepoda","Calanoida","Aetideidae",NA,NA,"Variable","Variable","Variable","Exoskeleton","Exoskeleton","Chitin + Calcium","Holoplanktonic","No","Copepods"
"4819","Eukaryota","Bryozoa","Gymnolaemata","Cheilostomatida","Membraniporidae","Membranipora","Membranipora villosa","Yes","Yes","Yes","External shell","External shell","Calcite","Meroplanktonic","No","Encrusting bryozoans"
"4820","Eukaryota","Arthropoda","Copepoda","Calanoida","Eucalanidae","Eucalanus","Eucalanus californicus","Variable","Variable","Variable","Exoskeleton","Exoskeleton","Chitin + Calcium","Holoplanktonic","No","Copepods"
"4821","Eukaryota","Arthropoda","Copepoda","Calanoida","Eucalanidae","Eucalanus","Eucalanus californicus","Variable","Variable","Variable","Exoskeleton","Exoskeleton","Chitin + Calcium","Holoplanktonic","No","Copepods"
"4825","Eukaryota","Arthropoda","Malacostraca","Decapoda","Blepharipodidae",NA,NA,"Variable","No","Variable","None","Exoskeleton","Calcite","Meroplanktonic","No","Crabs, lobsters, shrimp"
"4827","Eukaryota","Arthropoda","Copepoda","Calanoida","Calanidae","Calanus","Calanus pacificus","Variable","Variable","Variable","Exoskeleton","Exoskeleton","Chitin + Calcium","Holoplanktonic","No","Copepods"
"4829","Eukaryota","Arthropoda","Copepoda","Calanoida","Eucalanidae","Eucalanus","Eucalanus californicus","Variable","Variable","Variable","Exoskeleton","Exoskeleton","Chitin + Calcium","Holoplanktonic","No","Copepods"
"4830","Eukaryota","Arthropoda","Copepoda","Calanoida","Calanidae","Calanus","Calanus pacificus","Variable","Variable","Variable","Exoskeleton","Exoskeleton","Chitin + Calcium","Holoplanktonic","No","Copepods"
"4833","Eukaryota","Arthropoda","Copepoda","Calanoida","Calocalanidae","Calocalanus",NA,"Variable","Variable","Variable","Exoskeleton","Exoskeleton","Chitin + Calcium","Holoplanktonic","No","Copepods"
"4834","Eukaryota","Arthropoda","Copepoda","Calanoida","Eucalanidae","Eucalanus","Eucalanus californicus","Variable","Variable","Variable","Exoskeleton","Exoskeleton","Chitin + Calcium","Holoplanktonic","No","Copepods"
"4835","Eukaryota","Arthropoda","Copepoda","Calanoida","Eucalanidae","Rhincalanus","Rhincalanus nasutus","Variable","Variable","Variable","Exoskeleton","Exoskeleton","Chitin + Calcium","Holoplanktonic","No","Copepods"
"4836","Eukaryota","Arthropoda","Copepoda","Calanoida","Aetideidae",NA,NA,"Variable","Variable","Variable","Exoskeleton","Exoskeleton","Chitin + Calcium","Holoplanktonic","No","Copepods"
"4837","Eukaryota","Chordata","Actinopteri","Perciformes","Serranidae","Paralabrax","Paralabrax nebulifer","No","No","No","None","None","None","Meroplanktonic","No","Perch-like fishes (most diverse fish group)"
"4843","Eukaryota","Arthropoda","Copepoda","Calanoida","Eucalanidae","Rhincalanus",NA,"Variable","Variable","Variable","Exoskeleton","Exoskeleton","Chitin + Calcium","Holoplanktonic","No","Copepods"
"4848","Eukaryota","Arthropoda","Copepoda","Calanoida","Eucalanidae","Rhincalanus","Rhincalanus nasutus","Variable","Variable","Variable","Exoskeleton","Exoskeleton","Chitin + Calcium","Holoplanktonic","No","Copepods"
"4849","Eukaryota","Arthropoda","Ostracoda","Halocyprida","Halocyprididae","Proceroecia","Proceroecia sp. 1 IK_2020","Variable","No","Variable","None","Exoskeleton","Chitin + Calcium","Holoplanktonic","No","Ostracods (seed shrimp)"
"4850","Eukaryota","Arthropoda","Copepoda","Calanoida","Pontellidae","Labidocera","Labidocera trispinosa","Variable","Variable","Variable","Exoskeleton","Exoskeleton","Chitin + Calcium","Holoplanktonic","No","Copepods"
"4857","Eukaryota","Echinodermata","Ophiuroidea","Amphilepidida","Ophiotrichidae","Ophiothrix","Ophiothrix spiculata","Yes","Yes","Yes","Internal skeleton","Internal skeleton","Calcite","Meroplanktonic","No","Brittle stars"
"4859","Eukaryota","Arthropoda","Copepoda","Calanoida","Scolecitrichidae","Scolecithricella","Scolecithricella dentata","Variable","Variable","Variable","Exoskeleton","Exoskeleton","Chitin + Calcium","Holoplanktonic","No","Copepods"
"4860","Eukaryota","Mollusca","Gastropoda","Pteropoda","Limacinidae",NA,NA,"Yes","Yes","Yes","External shell","External shell","Aragonite","Holoplanktonic","No","Sea butterflies"
"4861","Eukaryota","Echinodermata","Echinoidea","Clypeasteroida","Dendrasteridae","Dendraster","Dendraster excentricus","Yes","Yes","Yes","Exoskeleton","Exoskeleton","Calcite","Meroplanktonic","No","Sand dollars"
"4862","Eukaryota","Arthropoda","Copepoda","Calanoida","Eucalanidae","Eucalanus","Eucalanus californicus","Variable","Variable","Variable","Exoskeleton","Exoskeleton","Chitin + Calcium","Holoplanktonic","No","Copepods"
"4864","Eukaryota","Mollusca","Gastropoda","Nudibranchia","Glaucidae","Hermissenda","Hermissenda opalescens","Variable","Variable","No","External shell","None","Aragonite","Meroplanktonic","No","Shell-less sea slugs"
"4866","Eukaryota","Echinodermata","Ophiuroidea","Amphilepidida","Ophiotrichidae","Ophiothrix","Ophiothrix spiculata","Yes","Yes","Yes","Internal skeleton","Internal skeleton","Calcite","Meroplanktonic","No","Brittle stars"
"4868","Eukaryota","Arthropoda","Malacostraca","Decapoda","Hippolytidae","Lysmata","Lysmata californica","Variable","No","Variable","None","Exoskeleton","Calcite","Meroplanktonic","No","Crabs, lobsters, shrimp"
"4870","Eukaryota","Chaetognatha","Sagittoidea","Aphragmophora","Sagittidae","Flaccisagitta",NA,"No","No","No","None","None","None","Holoplanktonic","No","Chaetognaths (arrow worms)"
"4872","Eukaryota","Arthropoda","Copepoda","Calanoida","Clausocalanidae",NA,NA,"Variable","Variable","Variable","Exoskeleton","Exoskeleton","Chitin + Calcium","Holoplanktonic","No","Copepods"
"4874","Eukaryota","Arthropoda","Copepoda","Calanoida","Eucalanidae","Eucalanus","Eucalanus californicus","Variable","Variable","Variable","Exoskeleton","Exoskeleton","Chitin + Calcium","Holoplanktonic","No","Copepods"
"4875","Eukaryota","Arthropoda","Copepoda","Calanoida","Paracalanidae","Paracalanus","Paracalanus tropicus","Variable","Variable","Variable","Exoskeleton","Exoskeleton","Chitin + Calcium","Holoplanktonic","No","Copepods"
"4877","Eukaryota","Arthropoda","Copepoda","Calanoida","Eucalanidae","Eucalanus","Eucalanus californicus","Variable","Variable","Variable","Exoskeleton","Exoskeleton","Chitin + Calcium","Holoplanktonic","No","Copepods"
"4880","Eukaryota","Arthropoda","Malacostraca","Euphausiacea","Euphausiidae","Hansarsia",NA,"Variable","No","Variable","None","Exoskeleton","Chitin + Calcium","Holoplanktonic","No","Krill"
"4881","Eukaryota","Echinodermata","Ophiuroidea","Amphilepidida","Amphiuridae",NA,NA,"Yes","Yes","Yes","Internal skeleton","Internal skeleton","Calcite","Meroplanktonic","No","Brittle stars"
"4882","Eukaryota","Arthropoda","Copepoda","Calanoida","Eucalanidae","Eucalanus","Eucalanus californicus","Variable","Variable","Variable","Exoskeleton","Exoskeleton","Chitin + Calcium","Holoplanktonic","No","Copepods"
"4883","Eukaryota","Arthropoda","Copepoda","Calanoida","Clausocalanidae","Clausocalanus","Clausocalanus jobei","Variable","Variable","Variable","Exoskeleton","Exoskeleton","Chitin + Calcium","Holoplanktonic","No","Copepods"
"4885","Eukaryota","Arthropoda","Malacostraca","Euphausiacea","Euphausiidae","Euphausia","Euphausia pacifica","Variable","No","Variable","None","Exoskeleton","Chitin + Calcium","Holoplanktonic","No","Krill"
"4886","Eukaryota","Bryozoa","Gymnolaemata","Cheilostomatida","Membraniporidae","Membranipora","Membranipora villosa","Yes","Yes","Yes","External shell","External shell","Calcite","Meroplanktonic","No","Encrusting bryozoans"
"4889","Eukaryota","Arthropoda","Copepoda","Poecilostomatoida","Oncaeidae","Oncaea","Oncaea sp.","Variable","Variable","Variable","Exoskeleton","Exoskeleton","Chitin + Calcium","Holoplanktonic","No","Parasitic or predatory copepods"
"4890","Eukaryota","Arthropoda","Ostracoda","Halocyprida","Halocyprididae","Conchoecia","Conchoecia magna","Variable","No","Variable","None","Exoskeleton","Chitin + Calcium","Holoplanktonic","No","Ostracods (seed shrimp)"
"4892","Eukaryota","Cnidaria","Hydrozoa","Siphonophorae","Athorybiidae",NA,NA,"No","No","No","None","None","None","Holoplanktonic","No","Colonial hydrozoans (e.g., Portuguese man o' war)"
"4893","Eukaryota","Arthropoda","Ostracoda","Halocyprida","Halocyprididae","Porroecia","Porroecia spinirostris","Variable","No","Variable","None","Exoskeleton","Chitin + Calcium","Holoplanktonic","No","Ostracods (seed shrimp)"
"4898","Eukaryota","Mollusca","Gastropoda","Littorinimorpha","Calyptraeidae","Crepidula","Crepidula onyx","Yes","Yes","Yes","External shell","External shell","Aragonite/Calcite","Meroplanktonic","No","Periwinkles and related snails"
"4899","Eukaryota","Mollusca","Gastropoda","Pteropoda","Cliidae","Clio","Clio pyramidata","Yes","Yes","Yes","External shell","External shell","Aragonite","Holoplanktonic","No","Sea butterflies"
"4904","Eukaryota","Arthropoda","Malacostraca","Euphausiacea","Euphausiidae","Hansarsia",NA,"Variable","No","Variable","None","Exoskeleton","Chitin + Calcium","Holoplanktonic","No","Krill"
"4906","Eukaryota","Arthropoda","Copepoda","Calanoida","Heterorhabdidae",NA,NA,"Variable","Variable","Variable","Exoskeleton","Exoskeleton","Chitin + Calcium","Holoplanktonic","No","Copepods"
"4907","Eukaryota","Mollusca","Gastropoda","Nudibranchia","Glaucidae","Hermissenda","Hermissenda opalescens","Variable","Variable","No","External shell","None","Aragonite","Meroplanktonic","No","Shell-less sea slugs"
"4908","Eukaryota","Bryozoa","Gymnolaemata","Cheilostomatida","Membraniporidae","Membranipora","Membranipora villosa","Yes","Yes","Yes","External shell","External shell","Calcite","Meroplanktonic","No","Encrusting bryozoans"
"4909","Eukaryota","Arthropoda","Malacostraca","Decapoda","Cancridae","Metacarcinus","Metacarcinus gracilis","Variable","No","Variable","None","Exoskeleton","Calcite","Meroplanktonic","No","Crabs, lobsters, shrimp"
"4911","Eukaryota","Mollusca","Gastropoda","Nudibranchia","Glaucidae","Hermissenda","Hermissenda opalescens","Variable","Variable","No","External shell","None","Aragonite","Meroplanktonic","No","Shell-less sea slugs"
"4912","Eukaryota","Arthropoda","Copepoda","Calanoida","Eucalanidae","Eucalanus","Eucalanus californicus","Variable","Variable","Variable","Exoskeleton","Exoskeleton","Chitin + Calcium","Holoplanktonic","No","Copepods"
"4914","Eukaryota","Arthropoda","Copepoda","Poecilostomatoida","Oncaeidae","Oncaea","Oncaea sp.","Variable","Variable","Variable","Exoskeleton","Exoskeleton","Chitin + Calcium","Holoplanktonic","No","Parasitic or predatory copepods"
"4915","Eukaryota","Arthropoda","Malacostraca","Decapoda","Panopeidae","Lophopanopeus","Lophopanopeus bellus","Variable","No","Variable","None","Exoskeleton","Calcite","Meroplanktonic","No","Crabs, lobsters, shrimp"
"4916","Eukaryota","Arthropoda","Copepoda","Calanoida","Eucalanidae","Eucalanus","Eucalanus californicus","Variable","Variable","Variable","Exoskeleton","Exoskeleton","Chitin + Calcium","Holoplanktonic","No","Copepods"
"4917","Eukaryota","Arthropoda","Malacostraca","Decapoda","Pisidae","Chorilia","Chorilia longipes","Variable","No","Variable","None","Exoskeleton","Calcite","Meroplanktonic","No","Crabs, lobsters, shrimp"
"4920","Eukaryota","Arthropoda","Copepoda","Calanoida","Eucalanidae","Eucalanus","Eucalanus californicus","Variable","Variable","Variable","Exoskeleton","Exoskeleton","Chitin + Calcium","Holoplanktonic","No","Copepods"
"4923","Eukaryota","Arthropoda","Malacostraca","Euphausiacea","Euphausiidae","Nyctiphanes","Nyctiphanes simplex","Variable","No","Variable","None","Exoskeleton","Chitin + Calcium","Holoplanktonic","No","Krill"
"4924","Eukaryota","Arthropoda","Copepoda","Calanoida","Metridinidae","Pleuromamma","Pleuromamma borealis","Variable","Variable","Variable","Exoskeleton","Exoskeleton","Chitin + Calcium","Holoplanktonic","No","Copepods"
"4926","Eukaryota","Arthropoda","Malacostraca","Euphausiacea","Euphausiidae","Nyctiphanes","Nyctiphanes simplex","Variable","No","Variable","None","Exoskeleton","Chitin + Calcium","Holoplanktonic","No","Krill"
"4929","Eukaryota","Bryozoa","Gymnolaemata","Cheilostomatida","Membraniporidae","Membranipora","Membranipora villosa","Yes","Yes","Yes","External shell","External shell","Calcite","Meroplanktonic","No","Encrusting bryozoans"
"4930","Eukaryota","Arthropoda","Copepoda","Calanoida","Eucalanidae","Eucalanus","Eucalanus californicus","Variable","Variable","Variable","Exoskeleton","Exoskeleton","Chitin + Calcium","Holoplanktonic","No","Copepods"
"4931","Eukaryota","Arthropoda","Malacostraca","Euphausiacea","Euphausiidae","Hansarsia","Hansarsia difficilis","Variable","No","Variable","None","Exoskeleton","Chitin + Calcium","Holoplanktonic","No","Krill"
"4936","Eukaryota","Arthropoda","Malacostraca","Decapoda","Sicyoniidae",NA,NA,"Variable","No","Variable","None","Exoskeleton","Calcite","Meroplanktonic","No","Crabs, lobsters, shrimp"
"4937","Eukaryota","Arthropoda","Copepoda","Calanoida","Eucalanidae","Eucalanus","Eucalanus californicus","Variable","Variable","Variable","Exoskeleton","Exoskeleton","Chitin + Calcium","Holoplanktonic","No","Copepods"
"4938","Eukaryota","Arthropoda","Copepoda","Calanoida","Eucalanidae","Eucalanus","Eucalanus californicus","Variable","Variable","Variable","Exoskeleton","Exoskeleton","Chitin + Calcium","Holoplanktonic","No","Copepods"
"4939","Eukaryota","Arthropoda","Copepoda","Calanoida","Eucalanidae","Eucalanus","Eucalanus californicus","Variable","Variable","Variable","Exoskeleton","Exoskeleton","Chitin + Calcium","Holoplanktonic","No","Copepods"
"4941","Eukaryota","Arthropoda","Copepoda","Calanoida","Eucalanidae","Eucalanus","Eucalanus californicus","Variable","Variable","Variable","Exoskeleton","Exoskeleton","Chitin + Calcium","Holoplanktonic","No","Copepods"
"4943","Eukaryota","Arthropoda","Copepoda","Calanoida","Eucalanidae","Eucalanus","Eucalanus californicus","Variable","Variable","Variable","Exoskeleton","Exoskeleton","Chitin + Calcium","Holoplanktonic","No","Copepods"
"4945","Eukaryota","Arthropoda","Copepoda","Calanoida","Clausocalanidae","Clausocalanus",NA,"Variable","Variable","Variable","Exoskeleton","Exoskeleton","Chitin + Calcium","Holoplanktonic","No","Copepods"
"4946","Eukaryota","Arthropoda","Copepoda","Calanoida","Eucalanidae","Rhincalanus",NA,"Variable","Variable","Variable","Exoskeleton","Exoskeleton","Chitin + Calcium","Holoplanktonic","No","Copepods"
"4947","Eukaryota","Arthropoda","Copepoda","Calanoida","Eucalanidae","Eucalanus","Eucalanus californicus","Variable","Variable","Variable","Exoskeleton","Exoskeleton","Chitin + Calcium","Holoplanktonic","No","Copepods"
"4949","Eukaryota","Arthropoda","Copepoda","Calanoida","Heterorhabdidae","Heterorhabdus",NA,"Variable","Variable","Variable","Exoskeleton","Exoskeleton","Chitin + Calcium","Holoplanktonic","No","Copepods"
"4951","Eukaryota","Arthropoda","Ostracoda","Halocyprida","Halocyprididae","Halocypris","Halocypris inflata","Variable","No","Variable","None","Exoskeleton","Chitin + Calcium","Holoplanktonic","No","Ostracods (seed shrimp)"
"4952","Eukaryota","Arthropoda","Malacostraca","Decapoda","Sergestidae","Allosergestes","Allosergestes sargassi","Variable","No","Variable","None","Exoskeleton","Calcite","Meroplanktonic","No","Crabs, lobsters, shrimp"
"4953","Eukaryota","Arthropoda","Ostracoda","Halocyprida","Halocyprididae","Proceroecia","Proceroecia procera","Variable","No","Variable","None","Exoskeleton","Chitin + Calcium","Holoplanktonic","No","Ostracods (seed shrimp)"
"4954","Eukaryota","Arthropoda","Copepoda","Calanoida","Acartiidae","Acartia","Acartia tonsa","Variable","Variable","Variable","Exoskeleton","Exoskeleton","Chitin + Calcium","Holoplanktonic","No","Copepods"
"4957","Eukaryota","Arthropoda","Thecostraca","Balanomorpha","Chthamalidae","Chthamalus","Chthamalus fissus","Yes","Yes","Yes","External shell","External shell","Calcite","Meroplanktonic","No","Barnacles"
"4958","Eukaryota","Arthropoda","Copepoda","Calanoida","Clausocalanidae","Clausocalanus","Clausocalanus mastigophorus","Variable","Variable","Variable","Exoskeleton","Exoskeleton","Chitin + Calcium","Holoplanktonic","No","Copepods"
"4959","Eukaryota","Bryozoa","Gymnolaemata","Cheilostomatida","Membraniporidae","Membranipora","Membranipora villosa","Yes","Yes","Yes","External shell","External shell","Calcite","Meroplanktonic","No","Encrusting bryozoans"
"4960","Eukaryota","Arthropoda","Copepoda","Calanoida","Scolecitrichidae","Scolecithricella","Scolecithricella dentata","Variable","Variable","Variable","Exoskeleton","Exoskeleton","Chitin + Calcium","Holoplanktonic","No","Copepods"
"4961","Eukaryota","Arthropoda","Copepoda","Calanoida","Candaciidae","Candacia","Candacia curta","Variable","Variable","Variable","Exoskeleton","Exoskeleton","Chitin + Calcium","Holoplanktonic","No","Copepods"
"4962","Eukaryota","Cnidaria","Hydrozoa","Siphonophorae","Diphyidae","Diphyes","Diphyes sp. HAW01","No","No","No","None","None","None","Holoplanktonic","No","Colonial hydrozoans (e.g., Portuguese man o' war)"
"4963","Eukaryota","Arthropoda","Copepoda","Poecilostomatoida","Corycaeidae","Farranula",NA,"Variable","Variable","Variable","Exoskeleton","Exoskeleton","Chitin + Calcium","Holoplanktonic","No","Parasitic or predatory copepods"
"4966","Eukaryota","Arthropoda","Copepoda","Calanoida","Clausocalanidae",NA,NA,"Variable","Variable","Variable","Exoskeleton","Exoskeleton","Chitin + Calcium","Holoplanktonic","No","Copepods"
"4967","Eukaryota","Arthropoda","Malacostraca","Euphausiacea","Euphausiidae","Stylocheiron",NA,"Variable","No","Variable","None","Exoskeleton","Chitin + Calcium","Holoplanktonic","No","Krill"
"4969","Eukaryota","Mollusca","Gastropoda","Trochida","Tegulidae","Tegula","Tegula regina","Yes","Yes","Yes","External shell","External shell","Aragonite/Calcite","Benthic + Meroplanktonic","No","Top snails and allies"
"4970","Eukaryota","Arthropoda","Malacostraca","Decapoda","Hippolytidae","Spirontocaris","Spirontocaris sp. DQCS097_08","Variable","No","Variable","None","Exoskeleton","Calcite","Meroplanktonic","No","Crabs, lobsters, shrimp"
"4971","Eukaryota","Arthropoda","Copepoda","Calanoida","Clausocalanidae","Clausocalanus","Clausocalanus pergens","Variable","Variable","Variable","Exoskeleton","Exoskeleton","Chitin + Calcium","Holoplanktonic","No","Copepods"
"4975","Eukaryota","Arthropoda","Copepoda","Calanoida","Eucalanidae","Eucalanus","Eucalanus californicus","Variable","Variable","Variable","Exoskeleton","Exoskeleton","Chitin + Calcium","Holoplanktonic","No","Copepods"
"4976","Eukaryota","Arthropoda","Copepoda","Calanoida","Eucalanidae","Eucalanus","Eucalanus californicus","Variable","Variable","Variable","Exoskeleton","Exoskeleton","Chitin + Calcium","Holoplanktonic","No","Copepods"
"4977","Eukaryota","Bryozoa","Gymnolaemata","Cheilostomatida","Membraniporidae",NA,NA,"Yes","Yes","Yes","External shell","External shell","Calcite","Meroplanktonic","No","Encrusting bryozoans"
"4978","Eukaryota","Arthropoda","Copepoda","Calanoida","Scolecitrichidae","Scolecithricella","Scolecithricella dentata","Variable","Variable","Variable","Exoskeleton","Exoskeleton","Chitin + Calcium","Holoplanktonic","No","Copepods"
"4980","Eukaryota","Arthropoda","Copepoda","Calanoida","Eucalanidae","Eucalanus","Eucalanus californicus","Variable","Variable","Variable","Exoskeleton","Exoskeleton","Chitin + Calcium","Holoplanktonic","No","Copepods"
"4983","Eukaryota","Arthropoda","Ostracoda","Halocyprida","Halocyprididae","Discoconchoecia","Discoconchoecia sp. S8_D6","Variable","No","Variable","None","Exoskeleton","Chitin + Calcium","Holoplanktonic","No","Ostracods (seed shrimp)"
"4987","Eukaryota","Arthropoda","Malacostraca","Decapoda","Hippolytidae","Lysmata","Lysmata californica","Variable","No","Variable","None","Exoskeleton","Calcite","Meroplanktonic","No","Crabs, lobsters, shrimp"
"4989","Eukaryota","Arthropoda","Copepoda","Calanoida","Scolecitrichidae","Scolecithricella","Scolecithricella dentata","Variable","Variable","Variable","Exoskeleton","Exoskeleton","Chitin + Calcium","Holoplanktonic","No","Copepods"
"4991","Eukaryota","Arthropoda","Copepoda","Calanoida","Eucalanidae","Eucalanus","Eucalanus californicus","Variable","Variable","Variable","Exoskeleton","Exoskeleton","Chitin + Calcium","Holoplanktonic","No","Copepods"
"4993","Eukaryota","Echinodermata","Ophiuroidea","Amphilepidida","Ophiotrichidae","Ophiothrix","Ophiothrix spiculata","Yes","Yes","Yes","Internal skeleton","Internal skeleton","Calcite","Meroplanktonic","No","Brittle stars"
"5001","Eukaryota","Annelida","Polychaeta","Phyllodocida","Sigalionidae","Sigalion","Sigalion spinosus","No","No","No","None","None","None","Benthic + Meroplanktonic","No","Active marine polychaetes"
"5002","Eukaryota","Nemertea","Palaeonemertea","Tubulaniformes","Tubulanidae","Carinina","Carinina chocolata","No","No","No","None","None","None","Benthic + Meroplanktonic","No","Unsegmented ribbon worms (nemerteans)"
"5006","Eukaryota","Arthropoda","Copepoda","Calanoida","Metridinidae","Pleuromamma","Pleuromamma borealis","Variable","Variable","Variable","Exoskeleton","Exoskeleton","Chitin + Calcium","Holoplanktonic","No","Copepods"
"5007","Eukaryota","Nemertea","Pilidiophora","Hubrechtidae","Hubrechtidae","Hubrechtella","Hubrechtella juliae","No","No","No","None","None","None","Benthic + Meroplanktonic","No","Ribbon worms (marine nemerteans)"
"5009","Eukaryota","Mollusca","Gastropoda","Acteonidae","Acteonidae","Rictaxis","Rictaxis punctocaelatus","Yes","Yes","Yes","External shell","External shell","Aragonite","Benthic + Meroplanktonic","No","Bubble snails (Acteon and Rictaxis)"
"5010","Eukaryota","Chordata","Actinopteri","Myctophiformes","Myctophidae","Stenobrachius","Stenobrachius leucopsarus","No","No","No","None","None","None","Meroplanktonic","No","Lanternfishes"
"5011","Eukaryota","Cnidaria","Hydrozoa","Narcomedusae","Solmarisidae","Pegantha","Pegantha cf_ martagon","No","No","No","None","None","None","Holoplanktonic","No","Deep-sea jellyfish"
"5012","Eukaryota","Arthropoda","Malacostraca","Decapoda","Hippolytidae",NA,NA,"Variable","No","Variable","None","Exoskeleton","Calcite","Meroplanktonic","No","Crabs, lobsters, shrimp"
"5014","Eukaryota","Annelida","Polychaeta","Sabellida","Sabellariidae","Phragmatopoma","Phragmatopoma californica","Variable","Variable","Variable","External tube","External tube","Aragonite","Benthic + Meroplanktonic","No","Fan worms and feather duster worms"
"5016","Eukaryota","Arthropoda","Ostracoda","Halocyprida","Halocyprididae","Halocypris","Halocypris inflata","Variable","No","Variable","None","Exoskeleton","Chitin + Calcium","Holoplanktonic","No","Ostracods (seed shrimp)"
"5018","Eukaryota","Arthropoda","Malacostraca","Decapoda","Munididae","Pleuroncodes","Pleuroncodes planipes","Variable","No","Variable","None","Exoskeleton","Calcite","Meroplanktonic","No","Crabs, lobsters, shrimp"
"5019","Eukaryota","Arthropoda","Copepoda","Calanoida","Clausocalanidae","Clausocalanus",NA,"Variable","Variable","Variable","Exoskeleton","Exoskeleton","Chitin + Calcium","Holoplanktonic","No","Copepods"
"5020","Eukaryota","Arthropoda","Copepoda","Calanoida","Eucalanidae","Eucalanus","Eucalanus californicus","Variable","Variable","Variable","Exoskeleton","Exoskeleton","Chitin + Calcium","Holoplanktonic","No","Copepods"
"5021","Eukaryota","Mollusca","Gastropoda","Pteropoda","Limacinidae",NA,NA,"Yes","Yes","Yes","External shell","External shell","Aragonite","Holoplanktonic","No","Sea butterflies"
"5023","Eukaryota","Arthropoda","Malacostraca","Euphausiacea","Euphausiidae","Hansarsia","Hansarsia difficilis","Variable","No","Variable","None","Exoskeleton","Chitin + Calcium","Holoplanktonic","No","Krill"
"5024","Eukaryota","Arthropoda","Copepoda","Calanoida","Pontellidae","Labidocera","Labidocera trispinosa","Variable","Variable","Variable","Exoskeleton","Exoskeleton","Chitin + Calcium","Holoplanktonic","No","Copepods"
"5028","Eukaryota","Arthropoda","Copepoda","Calanoida","Eucalanidae","Eucalanus","Eucalanus californicus","Variable","Variable","Variable","Exoskeleton","Exoskeleton","Chitin + Calcium","Holoplanktonic","No","Copepods"
"5029","Eukaryota","Bryozoa","Gymnolaemata","Cheilostomatida","Membraniporidae","Membranipora","Membranipora villosa","Yes","Yes","Yes","External shell","External shell","Calcite","Meroplanktonic","No","Encrusting bryozoans"
"5030","Eukaryota","Arthropoda","Malacostraca","Decapoda","Hippolytidae","Spirontocaris","Spirontocaris holmesi","Variable","No","Variable","None","Exoskeleton","Calcite","Meroplanktonic","No","Crabs, lobsters, shrimp"
"5032","Eukaryota","Arthropoda","Copepoda","Calanoida","Eucalanidae","Eucalanus","Eucalanus californicus","Variable","Variable","Variable","Exoskeleton","Exoskeleton","Chitin + Calcium","Holoplanktonic","No","Copepods"
"5033","Eukaryota","Arthropoda","Copepoda","Poecilostomatoida","Oncaeidae","Oncaea","Oncaea sp.","Variable","Variable","Variable","Exoskeleton","Exoskeleton","Chitin + Calcium","Holoplanktonic","No","Parasitic or predatory copepods"
"5034","Eukaryota","Arthropoda","Copepoda","Calanoida","Eucalanidae","Eucalanus","Eucalanus californicus","Variable","Variable","Variable","Exoskeleton","Exoskeleton","Chitin + Calcium","Holoplanktonic","No","Copepods"
"5035","Eukaryota","Arthropoda","Malacostraca","Euphausiacea","Euphausiidae","Hansarsia","Hansarsia difficilis","Variable","No","Variable","None","Exoskeleton","Chitin + Calcium","Holoplanktonic","No","Krill"
"5036","Eukaryota","Arthropoda","Ostracoda","Halocyprida","Halocyprididae","Conchoecia",NA,"Variable","No","Variable","None","Exoskeleton","Chitin + Calcium","Holoplanktonic","No","Ostracods (seed shrimp)"
"5038","Eukaryota","Arthropoda","Copepoda","Calanoida","Eucalanidae","Eucalanus","Eucalanus californicus","Variable","Variable","Variable","Exoskeleton","Exoskeleton","Chitin + Calcium","Holoplanktonic","No","Copepods"
"5039","Eukaryota","Cnidaria","Hydrozoa","Siphonophorae","Diphyidae","Chelophyes","Chelophyes appendiculata","No","No","No","None","None","None","Holoplanktonic","No","Colonial hydrozoans (e.g., Portuguese man o' war)"
"5040","Eukaryota","Arthropoda","Copepoda","Calanoida","Eucalanidae","Eucalanus","Eucalanus californicus","Variable","Variable","Variable","Exoskeleton","Exoskeleton","Chitin + Calcium","Holoplanktonic","No","Copepods"
"5042","Eukaryota","Arthropoda","Ostracoda","Halocyprida","Halocyprididae","Mikroconchoecia","Mikroconchoecia sp. USNM IZ 1448470","Variable","No","Variable","None","Exoskeleton","Chitin + Calcium","Holoplanktonic","No","Ostracods (seed shrimp)"
"5043","Eukaryota","Arthropoda","Copepoda","Calanoida","Eucalanidae","Eucalanus","Eucalanus californicus","Variable","Variable","Variable","Exoskeleton","Exoskeleton","Chitin + Calcium","Holoplanktonic","No","Copepods"
"5044","Eukaryota","Arthropoda","Malacostraca","Euphausiacea","Euphausiidae","Nyctiphanes","Nyctiphanes simplex","Variable","No","Variable","None","Exoskeleton","Chitin + Calcium","Holoplanktonic","No","Krill"
"5045","Eukaryota","Arthropoda","Malacostraca","Decapoda","Panopeidae",NA,NA,"Variable","No","Variable","None","Exoskeleton","Calcite","Meroplanktonic","No","Crabs, lobsters, shrimp"
"5046","Eukaryota","Arthropoda","Thecostraca","Balanomorpha","Chthamalidae","Chthamalus","Chthamalus fissus","Yes","Yes","Yes","External shell","External shell","Calcite","Meroplanktonic","No","Barnacles"
"5048","Eukaryota","Arthropoda","Thecostraca","Balanomorpha","Chthamalidae","Chthamalus","Chthamalus fissus","Yes","Yes","Yes","External shell","External shell","Calcite","Meroplanktonic","No","Barnacles"
"5049","Eukaryota","Arthropoda","Copepoda","Poecilostomatoida","Oncaeidae","Oncaea",NA,"Variable","Variable","Variable","Exoskeleton","Exoskeleton","Chitin + Calcium","Holoplanktonic","No","Parasitic or predatory copepods"
"5050","Eukaryota","Arthropoda","Copepoda","Calanoida","Paracalanidae","Paracalanus","Paracalanus tropicus","Variable","Variable","Variable","Exoskeleton","Exoskeleton","Chitin + Calcium","Holoplanktonic","No","Copepods"
"5052","Eukaryota","Arthropoda","Copepoda","Calanoida","Aetideidae",NA,NA,"Variable","Variable","Variable","Exoskeleton","Exoskeleton","Chitin + Calcium","Holoplanktonic","No","Copepods"
"5053","Eukaryota","Echinodermata","Ophiuroidea","Amphilepidida","Amphiuridae",NA,NA,"Yes","Yes","Yes","Internal skeleton","Internal skeleton","Calcite","Meroplanktonic","No","Brittle stars"
"5054","Eukaryota","Arthropoda","Copepoda","Calanoida","Aetideidae",NA,NA,"Variable","Variable","Variable","Exoskeleton","Exoskeleton","Chitin + Calcium","Holoplanktonic","No","Copepods"
"5055","Eukaryota","Arthropoda","Copepoda","Calanoida","Metridinidae","Pleuromamma","Pleuromamma borealis","Variable","Variable","Variable","Exoskeleton","Exoskeleton","Chitin + Calcium","Holoplanktonic","No","Copepods"
"5056","Eukaryota","Arthropoda","Malacostraca","Euphausiacea","Euphausiidae",NA,NA,"Variable","No","Variable","None","Exoskeleton","Chitin + Calcium","Holoplanktonic","No","Krill"
"5059","Eukaryota","Arthropoda","Copepoda","Calanoida","Eucalanidae","Eucalanus","Eucalanus californicus","Variable","Variable","Variable","Exoskeleton","Exoskeleton","Chitin + Calcium","Holoplanktonic","No","Copepods"
"5060","Eukaryota","Arthropoda","Copepoda","Calanoida","Eucalanidae","Eucalanus","Eucalanus californicus","Variable","Variable","Variable","Exoskeleton","Exoskeleton","Chitin + Calcium","Holoplanktonic","No","Copepods"
"5062","Eukaryota","Arthropoda","Copepoda","Calanoida","Eucalanidae","Eucalanus","Eucalanus californicus","Variable","Variable","Variable","Exoskeleton","Exoskeleton","Chitin + Calcium","Holoplanktonic","No","Copepods"
"5063","Eukaryota","Arthropoda","Copepoda","Poecilostomatoida","Oncaeidae","Oncaea","Oncaea sp.","Variable","Variable","Variable","Exoskeleton","Exoskeleton","Chitin + Calcium","Holoplanktonic","No","Parasitic or predatory copepods"
"5065","Eukaryota","Arthropoda","Copepoda","Calanoida","Eucalanidae","Eucalanus","Eucalanus californicus","Variable","Variable","Variable","Exoskeleton","Exoskeleton","Chitin + Calcium","Holoplanktonic","No","Copepods"
"5067","Eukaryota","Arthropoda","Copepoda","Calanoida","Eucalanidae","Eucalanus","Eucalanus californicus","Variable","Variable","Variable","Exoskeleton","Exoskeleton","Chitin + Calcium","Holoplanktonic","No","Copepods"
"5068","Eukaryota","Arthropoda","Copepoda","Calanoida","Eucalanidae","Eucalanus","Eucalanus californicus","Variable","Variable","Variable","Exoskeleton","Exoskeleton","Chitin + Calcium","Holoplanktonic","No","Copepods"
"5069","Eukaryota","Arthropoda","Copepoda","Calanoida","Eucalanidae","Eucalanus","Eucalanus californicus","Variable","Variable","Variable","Exoskeleton","Exoskeleton","Chitin + Calcium","Holoplanktonic","No","Copepods"
"5071","Eukaryota","Arthropoda","Copepoda","Poecilostomatoida","Oncaeidae","Oncaea","Oncaea sp.","Variable","Variable","Variable","Exoskeleton","Exoskeleton","Chitin + Calcium","Holoplanktonic","No","Parasitic or predatory copepods"
"5072","Eukaryota","Arthropoda","Malacostraca","Euphausiacea","Euphausiidae","Hansarsia","Hansarsia difficilis","Variable","No","Variable","None","Exoskeleton","Chitin + Calcium","Holoplanktonic","No","Krill"
"5075","Eukaryota","Arthropoda","Copepoda","Poecilostomatoida","Oncaeidae","Oncaea","Oncaea sp.","Variable","Variable","Variable","Exoskeleton","Exoskeleton","Chitin + Calcium","Holoplanktonic","No","Parasitic or predatory copepods"
"5076","Eukaryota","Mollusca","Gastropoda","Nudibranchia","Glaucidae","Hermissenda","Hermissenda opalescens","Variable","Variable","No","External shell","None","Aragonite","Meroplanktonic","No","Shell-less sea slugs"
"5077","Eukaryota","Arthropoda","Ostracoda","Halocyprida","Halocyprididae","Paraconchoecia","Paraconchoecia allotherium","Variable","No","Variable","None","Exoskeleton","Chitin + Calcium","Holoplanktonic","No","Ostracods (seed shrimp)"
"5080","Eukaryota","Arthropoda","Malacostraca","Euphausiacea","Euphausiidae","Nyctiphanes","Nyctiphanes simplex","Variable","No","Variable","None","Exoskeleton","Chitin + Calcium","Holoplanktonic","No","Krill"
"5081","Eukaryota","Arthropoda","Copepoda","Poecilostomatoida","Oncaeidae","Oncaea","Oncaea sp.","Variable","Variable","Variable","Exoskeleton","Exoskeleton","Chitin + Calcium","Holoplanktonic","No","Parasitic or predatory copepods"
"5084","Eukaryota","Arthropoda","Copepoda","Poecilostomatoida","Oncaeidae","Oncaea",NA,"Variable","Variable","Variable","Exoskeleton","Exoskeleton","Chitin + Calcium","Holoplanktonic","No","Parasitic or predatory copepods"
"5085","Eukaryota","Chaetognatha","Sagittoidea","Aphragmophora","Sagittidae","Flaccisagitta",NA,"No","No","No","None","None","None","Holoplanktonic","No","Chaetognaths (arrow worms)"
"5086","Eukaryota","Echinodermata","Ophiuroidea","Amphilepidida","Amphiuridae","Amphiodia",NA,"Yes","Yes","Yes","Internal skeleton","Internal skeleton","Calcite","Meroplanktonic","No","Brittle stars"
"5087","Eukaryota","Chaetognatha","Sagittoidea","Aphragmophora","Sagittidae","Flaccisagitta",NA,"No","No","No","None","None","None","Holoplanktonic","No","Chaetognaths (arrow worms)"
"5088","Eukaryota","Bryozoa","Gymnolaemata","Cheilostomatida","Membraniporidae","Membranipora","Membranipora villosa","Yes","Yes","Yes","External shell","External shell","Calcite","Meroplanktonic","No","Encrusting bryozoans"
"5089","Eukaryota","Arthropoda","Copepoda","Poecilostomatoida","Oncaeidae","Oncaea","Oncaea sp.","Variable","Variable","Variable","Exoskeleton","Exoskeleton","Chitin + Calcium","Holoplanktonic","No","Parasitic or predatory copepods"
"5092","Eukaryota","Mollusca","Gastropoda","Pteropoda","Cliidae","Clio","Clio pyramidata","Yes","Yes","Yes","External shell","External shell","Aragonite","Holoplanktonic","No","Sea butterflies"
"5093","Eukaryota","Arthropoda","Copepoda","Calanoida","Eucalanidae","Eucalanus","Eucalanus californicus","Variable","Variable","Variable","Exoskeleton","Exoskeleton","Chitin + Calcium","Holoplanktonic","No","Copepods"
"5094","Eukaryota","Arthropoda","Copepoda","Calanoida","Eucalanidae","Eucalanus","Eucalanus californicus","Variable","Variable","Variable","Exoskeleton","Exoskeleton","Chitin + Calcium","Holoplanktonic","No","Copepods"
"5095","Eukaryota","Arthropoda","Copepoda","Calanoida","Eucalanidae","Eucalanus","Eucalanus californicus","Variable","Variable","Variable","Exoskeleton","Exoskeleton","Chitin + Calcium","Holoplanktonic","No","Copepods"
"5096","Eukaryota","Mollusca","Gastropoda","Pteropoda","Limacinidae",NA,NA,"Yes","Yes","Yes","External shell","External shell","Aragonite","Holoplanktonic","No","Sea butterflies"
"5097","Eukaryota","Arthropoda","Copepoda","Poecilostomatoida","Oncaeidae","Oncaea","Oncaea sp.","Variable","Variable","Variable","Exoskeleton","Exoskeleton","Chitin + Calcium","Holoplanktonic","No","Parasitic or predatory copepods"
"5098","Eukaryota","Arthropoda","Malacostraca","Euphausiacea","Euphausiidae","Stylocheiron",NA,"Variable","No","Variable","None","Exoskeleton","Chitin + Calcium","Holoplanktonic","No","Krill"
"5099","Eukaryota","Arthropoda","Ostracoda","Halocyprida","Halocyprididae","Mikroconchoecia","Mikroconchoecia sp. Os099_1_3","Variable","No","Variable","None","Exoskeleton","Chitin + Calcium","Holoplanktonic","No","Ostracods (seed shrimp)"
"5100","Eukaryota","Mollusca","Gastropoda","Pteropoda","Limacinidae",NA,NA,"Yes","Yes","Yes","External shell","External shell","Aragonite","Holoplanktonic","No","Sea butterflies"
"5103","Eukaryota","Arthropoda","Malacostraca","Euphausiacea","Euphausiidae","Nyctiphanes","Nyctiphanes simplex","Variable","No","Variable","None","Exoskeleton","Chitin + Calcium","Holoplanktonic","No","Krill"
"5104","Eukaryota","Arthropoda","Malacostraca","Euphausiacea","Euphausiidae","Euphausia","Euphausia recurva","Variable","No","Variable","None","Exoskeleton","Chitin + Calcium","Holoplanktonic","No","Krill"
"5105","Eukaryota","Echinodermata","Echinoidea","Temnopleuroida","Toxopneustidae","Lytechinus","Lytechinus pictus","Yes","Yes","Yes","Internal skeleton","Exoskeleton","Calcite","Meroplanktonic","No","Short-spined sea urchins"
"5106","Eukaryota","Annelida","Polychaeta","Spionida","Spionidae",NA,NA,"No","No","No","None","None","None","Benthic + Meroplanktonic","No","Marine worms (sediment burrowers)"
"5110","Eukaryota","Arthropoda","Copepoda","Calanoida","Eucalanidae","Eucalanus","Eucalanus californicus","Variable","Variable","Variable","Exoskeleton","Exoskeleton","Chitin + Calcium","Holoplanktonic","No","Copepods"
"5113","Eukaryota","Arthropoda","Copepoda","Poecilostomatoida","Oncaeidae","Oncaea","Oncaea sp.","Variable","Variable","Variable","Exoskeleton","Exoskeleton","Chitin + Calcium","Holoplanktonic","No","Parasitic or predatory copepods"
"5120","Eukaryota","Mollusca","Gastropoda","Limapontiidae","Limapontiidae",NA,NA,"Variable","Variable","No","External shell","None","Aragonite","Meroplanktonic","No","Sap-sucking sea slugs"
"5122","Eukaryota","Mollusca","Gastropoda","Pteropoda","Limacinidae",NA,NA,"Yes","Yes","Yes","External shell","External shell","Aragonite","Holoplanktonic","No","Sea butterflies"
"5123","Eukaryota","Arthropoda","Copepoda","Calanoida","Acartiidae","Acartia","Acartia tonsa","Variable","Variable","Variable","Exoskeleton","Exoskeleton","Chitin + Calcium","Holoplanktonic","No","Copepods"
"5124","Eukaryota","Arthropoda","Malacostraca","Decapoda","Hippolytidae","Lysmata",NA,"Variable","No","Variable","None","Exoskeleton","Calcite","Meroplanktonic","No","Crabs, lobsters, shrimp"
"5125","Eukaryota","Annelida","Polychaeta","Spionida","Spionidae",NA,NA,"No","No","No","None","None","None","Benthic + Meroplanktonic","No","Marine worms (sediment burrowers)"
"5126","Eukaryota","Arthropoda","Copepoda","Calanoida","Lucicutiidae","Lucicutia","Lucicutia flavicornis","Variable","Variable","Variable","Exoskeleton","Exoskeleton","Chitin + Calcium","Holoplanktonic","No","Copepods"
"5130","Eukaryota","Arthropoda","Copepoda","Calanoida","Acartiidae","Acartia","Acartia tonsa","Variable","Variable","Variable","Exoskeleton","Exoskeleton","Chitin + Calcium","Holoplanktonic","No","Copepods"
"5132","Eukaryota","Arthropoda","Ostracoda","Halocyprida","Halocyprididae","Mikroconchoecia","Mikroconchoecia sp. USNM IZ 1448470","Variable","No","Variable","None","Exoskeleton","Chitin + Calcium","Holoplanktonic","No","Ostracods (seed shrimp)"
"5133","Eukaryota","Arthropoda","Copepoda","Poecilostomatoida","Corycaeidae","Farranula",NA,"Variable","Variable","Variable","Exoskeleton","Exoskeleton","Chitin + Calcium","Holoplanktonic","No","Parasitic or predatory copepods"
"5138","Eukaryota","Annelida","Polychaeta","Phyllodocida","Polynoidae",NA,NA,"No","No","No","None","None","None","Benthic + Meroplanktonic","No","Active marine polychaetes"
"5139","Eukaryota","Mollusca","Gastropoda","Pteropoda","Limacinidae",NA,NA,"Yes","Yes","Yes","External shell","External shell","Aragonite","Holoplanktonic","No","Sea butterflies"
"5141","Eukaryota","Arthropoda","Malacostraca","Euphausiacea","Euphausiidae",NA,NA,"Variable","No","Variable","None","Exoskeleton","Chitin + Calcium","Holoplanktonic","No","Krill"
"5143","Eukaryota","Mollusca","Gastropoda","Littorinimorpha","Atlantidae","Atlanta","Atlanta sp. USNM IZ 1230636","Yes","Yes","Yes","External shell","External shell","Aragonite/Calcite","Meroplanktonic","No","Periwinkles and related snails"
"5144","Eukaryota","Bryozoa","Gymnolaemata","Cheilostomatida","Membraniporidae","Membranipora","Membranipora villosa","Yes","Yes","Yes","External shell","External shell","Calcite","Meroplanktonic","No","Encrusting bryozoans"
"5145","Eukaryota","Arthropoda","Copepoda","Calanoida","Calanidae","Calanus","Calanus pacificus","Variable","Variable","Variable","Exoskeleton","Exoskeleton","Chitin + Calcium","Holoplanktonic","No","Copepods"
"5148","Eukaryota","Arthropoda","Copepoda","Calanoida","Candaciidae","Candacia","Candacia curta","Variable","Variable","Variable","Exoskeleton","Exoskeleton","Chitin + Calcium","Holoplanktonic","No","Copepods"
"5151","Eukaryota","Arthropoda","Copepoda","Calanoida","Metridinidae","Metridia","Metridia pacifica","Variable","Variable","Variable","Exoskeleton","Exoskeleton","Chitin + Calcium","Holoplanktonic","No","Copepods"
"5152","Eukaryota","Arthropoda","Copepoda","Calanoida","Eucalanidae","Eucalanus","Eucalanus californicus","Variable","Variable","Variable","Exoskeleton","Exoskeleton","Chitin + Calcium","Holoplanktonic","No","Copepods"
"5155","Eukaryota","Mollusca","Gastropoda","Littorinimorpha","Vermetidae","Thylacodes","Thylacodes squamigerus","Yes","Yes","Yes","External shell","External shell","Aragonite/Calcite","Meroplanktonic","No","Periwinkles and related snails"
"5158","Eukaryota","Arthropoda","Copepoda","Calanoida","Pontellidae","Labidocera","Labidocera trispinosa","Variable","Variable","Variable","Exoskeleton","Exoskeleton","Chitin + Calcium","Holoplanktonic","No","Copepods"
"5159","Eukaryota","Arthropoda","Copepoda","Calanoida","Eucalanidae","Eucalanus","Eucalanus californicus","Variable","Variable","Variable","Exoskeleton","Exoskeleton","Chitin + Calcium","Holoplanktonic","No","Copepods"
"5165","Eukaryota","Bryozoa","Gymnolaemata","Cheilostomatida","Membraniporidae","Membranipora","Membranipora villosa","Yes","Yes","Yes","External shell","External shell","Calcite","Meroplanktonic","No","Encrusting bryozoans"
"5166","Eukaryota","Arthropoda","Copepoda","Calanoida","Eucalanidae","Eucalanus","Eucalanus californicus","Variable","Variable","Variable","Exoskeleton","Exoskeleton","Chitin + Calcium","Holoplanktonic","No","Copepods"
"5167","Eukaryota","Bryozoa","Gymnolaemata","Cheilostomatida","Bugulidae","Bugula","Bugula neritina","Yes","Yes","Yes","External shell","External shell","Calcite","Meroplanktonic","No","Encrusting bryozoans"
"5168","Eukaryota","Arthropoda","Copepoda","Calanoida","Eucalanidae","Eucalanus","Eucalanus californicus","Variable","Variable","Variable","Exoskeleton","Exoskeleton","Chitin + Calcium","Holoplanktonic","No","Copepods"
"5169","Eukaryota","Arthropoda","Copepoda","Calanoida","Eucalanidae","Eucalanus","Eucalanus californicus","Variable","Variable","Variable","Exoskeleton","Exoskeleton","Chitin + Calcium","Holoplanktonic","No","Copepods"
"5170","Eukaryota","Arthropoda","Copepoda","Calanoida","Eucalanidae","Eucalanus","Eucalanus californicus","Variable","Variable","Variable","Exoskeleton","Exoskeleton","Chitin + Calcium","Holoplanktonic","No","Copepods"
"5171","Eukaryota","Arthropoda","Copepoda","Poecilostomatoida","Oncaeidae","Oncaea","Oncaea sp.","Variable","Variable","Variable","Exoskeleton","Exoskeleton","Chitin + Calcium","Holoplanktonic","No","Parasitic or predatory copepods"
"5172","Eukaryota","Arthropoda","Copepoda","Calanoida","Eucalanidae","Eucalanus","Eucalanus californicus","Variable","Variable","Variable","Exoskeleton","Exoskeleton","Chitin + Calcium","Holoplanktonic","No","Copepods"
"5173","Eukaryota","Arthropoda","Malacostraca","Decapoda","Parthenopidae","Heterocrypta","Heterocrypta occidentalis","Variable","No","Variable","None","Exoskeleton","Calcite","Meroplanktonic","No","Crabs, lobsters, shrimp"
"5175","Eukaryota","Echinodermata","Asteroidea","Valvatida","Poraniidae",NA,NA,"Variable","No","Yes","None","Internal skeleton","Calcite","Meroplanktonic","No","Sea stars"
"5176","Eukaryota","Arthropoda","Copepoda","Calanoida","Eucalanidae","Eucalanus","Eucalanus californicus","Variable","Variable","Variable","Exoskeleton","Exoskeleton","Chitin + Calcium","Holoplanktonic","No","Copepods"
"5178","Eukaryota","Arthropoda","Thecostraca","Balanomorpha","Chthamalidae","Chthamalus","Chthamalus fissus","Yes","Yes","Yes","External shell","External shell","Calcite","Meroplanktonic","No","Barnacles"
"5179","Eukaryota","Arthropoda","Malacostraca","Decapoda","Panopeidae","Lophopanopeus","Lophopanopeus bellus","Variable","No","Variable","None","Exoskeleton","Calcite","Meroplanktonic","No","Crabs, lobsters, shrimp"
"5182","Eukaryota","Arthropoda","Malacostraca","Decapoda","Hippolytidae","Spirontocaris","Spirontocaris sica","Variable","No","Variable","None","Exoskeleton","Calcite","Meroplanktonic","No","Crabs, lobsters, shrimp"
"5184","Eukaryota","Arthropoda","Malacostraca","Euphausiacea","Euphausiidae","Euphausia","Euphausia pacifica","Variable","No","Variable","None","Exoskeleton","Chitin + Calcium","Holoplanktonic","No","Krill"
"5185","Eukaryota","Arthropoda","Copepoda","Calanoida","Calanidae","Calanus","Calanus pacificus","Variable","Variable","Variable","Exoskeleton","Exoskeleton","Chitin + Calcium","Holoplanktonic","No","Copepods"
"5188","Eukaryota","Chordata","Actinopteri","Myctophiformes","Myctophidae","Triphoturus","Triphoturus mexicanus","No","No","No","None","None","None","Meroplanktonic","No","Lanternfishes"
"5190","Eukaryota","Arthropoda","Copepoda","Calanoida","Eucalanidae","Eucalanus","Eucalanus californicus","Variable","Variable","Variable","Exoskeleton","Exoskeleton","Chitin + Calcium","Holoplanktonic","No","Copepods"
"5191","Eukaryota","Arthropoda","Malacostraca","Amphipoda","Phrosinidae","Primno","Primno brevidens","Variable","Yes","Yes","Exoskeleton","Exoskeleton","Chitin + Calcium","Benthic + Holoplanktonic","No","Amphipods"
"5192","Eukaryota","Arthropoda","Malacostraca","Decapoda","Callianassidae",NA,NA,"Variable","No","Variable","None","Exoskeleton","Calcite","Meroplanktonic","No","Crabs, lobsters, shrimp"
"5194","Eukaryota","Arthropoda","Copepoda","Calanoida","Eucalanidae","Eucalanus","Eucalanus californicus","Variable","Variable","Variable","Exoskeleton","Exoskeleton","Chitin + Calcium","Holoplanktonic","No","Copepods"
"5195","Eukaryota","Arthropoda","Malacostraca","Decapoda","Panopeidae","Lophopanopeus","Lophopanopeus bellus","Variable","No","Variable","None","Exoskeleton","Calcite","Meroplanktonic","No","Crabs, lobsters, shrimp"
"5197","Eukaryota","Arthropoda","Copepoda","Calanoida","Eucalanidae","Rhincalanus",NA,"Variable","Variable","Variable","Exoskeleton","Exoskeleton","Chitin + Calcium","Holoplanktonic","No","Copepods"
"5198","Eukaryota","Bryozoa","Gymnolaemata","Cheilostomatida","Membraniporidae","Membranipora","Membranipora villosa","Yes","Yes","Yes","External shell","External shell","Calcite","Meroplanktonic","No","Encrusting bryozoans"
"5199","Eukaryota","Arthropoda","Malacostraca","Euphausiacea","Euphausiidae","Euphausia","Euphausia pacifica","Variable","No","Variable","None","Exoskeleton","Chitin + Calcium","Holoplanktonic","No","Krill"
"5200","Eukaryota","Arthropoda","Malacostraca","Euphausiacea","Euphausiidae","Hansarsia",NA,"Variable","No","Variable","None","Exoskeleton","Chitin + Calcium","Holoplanktonic","No","Krill"
"5201","Eukaryota","Arthropoda","Malacostraca","Euphausiacea","Euphausiidae","Nyctiphanes","Nyctiphanes simplex","Variable","No","Variable","None","Exoskeleton","Chitin + Calcium","Holoplanktonic","No","Krill"
"5202","Eukaryota","Arthropoda","Copepoda","Calanoida","Eucalanidae","Eucalanus","Eucalanus californicus","Variable","Variable","Variable","Exoskeleton","Exoskeleton","Chitin + Calcium","Holoplanktonic","No","Copepods"
"5203","Eukaryota","Arthropoda","Copepoda","Calanoida","Eucalanidae","Eucalanus","Eucalanus californicus","Variable","Variable","Variable","Exoskeleton","Exoskeleton","Chitin + Calcium","Holoplanktonic","No","Copepods"
"5204","Eukaryota","Arthropoda","Copepoda","Poecilostomatoida","Oncaeidae","Oncaea","Oncaea sp.","Variable","Variable","Variable","Exoskeleton","Exoskeleton","Chitin + Calcium","Holoplanktonic","No","Parasitic or predatory copepods"
"5205","Eukaryota","Arthropoda","Copepoda","Calanoida","Eucalanidae","Eucalanus","Eucalanus californicus","Variable","Variable","Variable","Exoskeleton","Exoskeleton","Chitin + Calcium","Holoplanktonic","No","Copepods"
"5207","Eukaryota","Arthropoda","Copepoda","Calanoida","Euchaetidae","Euchaeta","Euchaeta marina","Variable","Variable","Variable","Exoskeleton","Exoskeleton","Chitin + Calcium","Holoplanktonic","No","Copepods"
"5208","Eukaryota","Arthropoda","Copepoda","Calanoida","Eucalanidae","Rhincalanus","Rhincalanus nasutus","Variable","Variable","Variable","Exoskeleton","Exoskeleton","Chitin + Calcium","Holoplanktonic","No","Copepods"
"5209","Eukaryota","Arthropoda","Copepoda","Calanoida","Eucalanidae","Eucalanus","Eucalanus californicus","Variable","Variable","Variable","Exoskeleton","Exoskeleton","Chitin + Calcium","Holoplanktonic","No","Copepods"
"5211","Eukaryota","Arthropoda","Copepoda","Calanoida","Eucalanidae","Rhincalanus",NA,"Variable","Variable","Variable","Exoskeleton","Exoskeleton","Chitin + Calcium","Holoplanktonic","No","Copepods"
"5212","Eukaryota","Arthropoda","Copepoda","Calanoida","Eucalanidae","Eucalanus","Eucalanus californicus","Variable","Variable","Variable","Exoskeleton","Exoskeleton","Chitin + Calcium","Holoplanktonic","No","Copepods"
"5213","Eukaryota","Arthropoda","Copepoda","Calanoida","Eucalanidae","Eucalanus","Eucalanus californicus","Variable","Variable","Variable","Exoskeleton","Exoskeleton","Chitin + Calcium","Holoplanktonic","No","Copepods"
"5214","Eukaryota","Arthropoda","Malacostraca","Decapoda","Grapsidae","Pachygrapsus","Pachygrapsus crassipes","Variable","No","Variable","None","Exoskeleton","Calcite","Meroplanktonic","No","Crabs, lobsters, shrimp"
"5217","Eukaryota","Arthropoda","Copepoda","Calanoida","Clausocalanidae","Clausocalanus",NA,"Variable","Variable","Variable","Exoskeleton","Exoskeleton","Chitin + Calcium","Holoplanktonic","No","Copepods"
"5218","Eukaryota","Echinodermata","Echinoidea","Temnopleuroida","Toxopneustidae","Lytechinus","Lytechinus pictus","Yes","Yes","Yes","Internal skeleton","Exoskeleton","Calcite","Meroplanktonic","No","Short-spined sea urchins"
"5219","Eukaryota","Arthropoda","Malacostraca","Euphausiacea","Euphausiidae","Euphausia","Euphausia pacifica","Variable","No","Variable","None","Exoskeleton","Chitin + Calcium","Holoplanktonic","No","Krill"
"5221","Eukaryota","Arthropoda","Copepoda","Calanoida","Eucalanidae","Eucalanus","Eucalanus californicus","Variable","Variable","Variable","Exoskeleton","Exoskeleton","Chitin + Calcium","Holoplanktonic","No","Copepods"
"5222","Eukaryota","Arthropoda","Copepoda","Poecilostomatoida","Oncaeidae","Oncaea","Oncaea sp.","Variable","Variable","Variable","Exoskeleton","Exoskeleton","Chitin + Calcium","Holoplanktonic","No","Parasitic or predatory copepods"
"5223","Eukaryota","Arthropoda","Copepoda","Calanoida","Calanidae",NA,NA,"Variable","Variable","Variable","Exoskeleton","Exoskeleton","Chitin + Calcium","Holoplanktonic","No","Copepods"
"5224","Eukaryota","Arthropoda","Copepoda","Poecilostomatoida","Oncaeidae","Oncaea","Oncaea scottodicarloi","Variable","Variable","Variable","Exoskeleton","Exoskeleton","Chitin + Calcium","Holoplanktonic","No","Parasitic or predatory copepods"
"5225","Eukaryota","Arthropoda","Copepoda","Calanoida","Calocalanidae",NA,NA,"Variable","Variable","Variable","Exoskeleton","Exoskeleton","Chitin + Calcium","Holoplanktonic","No","Copepods"
"5228","Eukaryota","Mollusca","Gastropoda","Nudibranchia","Glaucidae","Hermissenda","Hermissenda opalescens","Variable","Variable","No","External shell","None","Aragonite","Meroplanktonic","No","Shell-less sea slugs"
"5231","Eukaryota","Arthropoda","Ostracoda","Halocyprida","Halocyprididae","Archiconchoecia","Archiconchoecia striata","Variable","No","Variable","None","Exoskeleton","Chitin + Calcium","Holoplanktonic","No","Ostracods (seed shrimp)"
"5233","Eukaryota","Mollusca","Gastropoda","Pteropoda","Cliidae","Clio","Clio pyramidata","Yes","Yes","Yes","External shell","External shell","Aragonite","Holoplanktonic","No","Sea butterflies"
"5235","Eukaryota","Arthropoda","Ostracoda","Halocyprida","Halocyprididae","Paraconchoecia","Paraconchoecia oblonga","Variable","No","Variable","None","Exoskeleton","Chitin + Calcium","Holoplanktonic","No","Ostracods (seed shrimp)"
"5237","Eukaryota","Arthropoda","Ostracoda","Halocyprida","Halocyprididae",NA,NA,"Variable","No","Variable","None","Exoskeleton","Chitin + Calcium","Holoplanktonic","No","Ostracods (seed shrimp)"
"5240","Eukaryota","Mollusca","Gastropoda","Pteropoda","Cliidae","Clio","Clio pyramidata","Yes","Yes","Yes","External shell","External shell","Aragonite","Holoplanktonic","No","Sea butterflies"
"5242","Eukaryota","Arthropoda","Ostracoda","Halocyprida","Halocyprididae","Conchoecetta","Conchoecetta giesbrechti","Variable","No","Variable","None","Exoskeleton","Chitin + Calcium","Holoplanktonic","No","Ostracods (seed shrimp)"
"5243","Eukaryota","Arthropoda","Malacostraca","Euphausiacea","Euphausiidae","Thysanoessa","Thysanoessa gregaria","Variable","No","Variable","None","Exoskeleton","Chitin + Calcium","Holoplanktonic","No","Krill"
"5244","Eukaryota","Arthropoda","Copepoda","Poecilostomatoida","Oncaeidae","Oncaea","Oncaea sp.","Variable","Variable","Variable","Exoskeleton","Exoskeleton","Chitin + Calcium","Holoplanktonic","No","Parasitic or predatory copepods"
"5245","Eukaryota","Bryozoa","Gymnolaemata","Cheilostomatida","Membraniporidae","Membranipora","Membranipora villosa","Yes","Yes","Yes","External shell","External shell","Calcite","Meroplanktonic","No","Encrusting bryozoans"
"5246","Eukaryota","Arthropoda","Malacostraca","Euphausiacea","Euphausiidae","Hansarsia",NA,"Variable","No","Variable","None","Exoskeleton","Chitin + Calcium","Holoplanktonic","No","Krill"
"5247","Eukaryota","Arthropoda","Copepoda","Calanoida","Eucalanidae","Eucalanus","Eucalanus californicus","Variable","Variable","Variable","Exoskeleton","Exoskeleton","Chitin + Calcium","Holoplanktonic","No","Copepods"
"5248","Eukaryota","Bryozoa","Gymnolaemata","Cheilostomatida","Membraniporidae","Membranipora",NA,"Yes","Yes","Yes","External shell","External shell","Calcite","Meroplanktonic","No","Encrusting bryozoans"
"5250","Eukaryota","Arthropoda","Malacostraca","Decapoda","Axiidae","Calocarides","Calocarides spinulicauda","Variable","No","Variable","None","Exoskeleton","Calcite","Meroplanktonic","No","Crabs, lobsters, shrimp"
"5252","Eukaryota","Arthropoda","Malacostraca","Euphausiacea","Euphausiidae","Euphausia",NA,"Variable","No","Variable","None","Exoskeleton","Chitin + Calcium","Holoplanktonic","No","Krill"
"5256","Eukaryota","Arthropoda","Malacostraca","Decapoda","Epialtidae","Pugettia","Pugettia producta","Variable","No","Variable","None","Exoskeleton","Calcite","Meroplanktonic","No","Crabs, lobsters, shrimp"
"5257","Eukaryota","Arthropoda","Copepoda","Calanoida","Eucalanidae","Eucalanus","Eucalanus californicus","Variable","Variable","Variable","Exoskeleton","Exoskeleton","Chitin + Calcium","Holoplanktonic","No","Copepods"
"5258","Eukaryota","Arthropoda","Copepoda","Calanoida","Eucalanidae","Eucalanus","Eucalanus californicus","Variable","Variable","Variable","Exoskeleton","Exoskeleton","Chitin + Calcium","Holoplanktonic","No","Copepods"
"5259","Eukaryota","Arthropoda","Copepoda","Calanoida","Eucalanidae","Eucalanus","Eucalanus californicus","Variable","Variable","Variable","Exoskeleton","Exoskeleton","Chitin + Calcium","Holoplanktonic","No","Copepods"
"5260","Eukaryota","Arthropoda","Copepoda","Calanoida","Eucalanidae","Eucalanus","Eucalanus californicus","Variable","Variable","Variable","Exoskeleton","Exoskeleton","Chitin + Calcium","Holoplanktonic","No","Copepods"
"5261","Eukaryota","Arthropoda","Copepoda","Calanoida","Eucalanidae","Eucalanus","Eucalanus californicus","Variable","Variable","Variable","Exoskeleton","Exoskeleton","Chitin + Calcium","Holoplanktonic","No","Copepods"
"5262","Eukaryota","Arthropoda","Copepoda","Calanoida","Paracalanidae","Paracalanus",NA,"Variable","Variable","Variable","Exoskeleton","Exoskeleton","Chitin + Calcium","Holoplanktonic","No","Copepods"
"5263","Eukaryota","Arthropoda","Malacostraca","Euphausiacea","Euphausiidae","Nyctiphanes","Nyctiphanes simplex","Variable","No","Variable","None","Exoskeleton","Chitin + Calcium","Holoplanktonic","No","Krill"
"5265","Eukaryota","Cnidaria","Hydrozoa","Trachymedusae","Rhopalonematidae","Rhopalonema","Rhopalonema velatum","No","No","No","None","None","None","Holoplanktonic","No","Deep-sea jellyfish"
"5266","Eukaryota","Mollusca","Gastropoda","Nudibranchia","Goniodorididae",NA,NA,"Variable","Variable","No","External shell","None","Aragonite","Meroplanktonic","No","Shell-less sea slugs"
"5267","Eukaryota","Arthropoda","Malacostraca","Euphausiacea","Euphausiidae","Hansarsia",NA,"Variable","No","Variable","None","Exoskeleton","Chitin + Calcium","Holoplanktonic","No","Krill"
"5268","Eukaryota","Arthropoda","Copepoda","Calanoida","Eucalanidae","Eucalanus","Eucalanus californicus","Variable","Variable","Variable","Exoskeleton","Exoskeleton","Chitin + Calcium","Holoplanktonic","No","Copepods"
"5269","Eukaryota","Echinodermata","Echinoidea","Clypeasteroida","Dendrasteridae","Dendraster","Dendraster excentricus","Yes","Yes","Yes","Exoskeleton","Exoskeleton","Calcite","Meroplanktonic","No","Sand dollars"
"5270","Eukaryota","Arthropoda","Thecostraca","Balanomorpha","Chthamalidae","Chthamalus","Chthamalus fissus","Yes","Yes","Yes","External shell","External shell","Calcite","Meroplanktonic","No","Barnacles"
"5271","Eukaryota","Arthropoda","Copepoda","Calanoida","Eucalanidae","Eucalanus","Eucalanus californicus","Variable","Variable","Variable","Exoskeleton","Exoskeleton","Chitin + Calcium","Holoplanktonic","No","Copepods"
"5273","Eukaryota","Arthropoda","Copepoda","Calanoida","Eucalanidae","Eucalanus","Eucalanus californicus","Variable","Variable","Variable","Exoskeleton","Exoskeleton","Chitin + Calcium","Holoplanktonic","No","Copepods"
"5274","Eukaryota","Annelida","Polychaeta","Phyllodocida","Sigalionidae","Sthenelanella","Sthenelanella uniformis","No","No","No","None","None","None","Benthic + Meroplanktonic","No","Active marine polychaetes"
"5276","Eukaryota","Arthropoda","Malacostraca","Euphausiacea","Euphausiidae","Thysanoessa","Thysanoessa gregaria","Variable","No","Variable","None","Exoskeleton","Chitin + Calcium","Holoplanktonic","No","Krill"
"5277","Eukaryota","Arthropoda","Malacostraca","Euphausiacea","Euphausiidae","Nyctiphanes","Nyctiphanes simplex","Variable","No","Variable","None","Exoskeleton","Chitin + Calcium","Holoplanktonic","No","Krill"
"5280","Eukaryota","Arthropoda","Copepoda","Poecilostomatoida","Oncaeidae","Oncaea","Oncaea sp.","Variable","Variable","Variable","Exoskeleton","Exoskeleton","Chitin + Calcium","Holoplanktonic","No","Parasitic or predatory copepods"
"5281","Eukaryota","Bryozoa","Gymnolaemata","Cheilostomatida","Membraniporidae","Membranipora",NA,"Yes","Yes","Yes","External shell","External shell","Calcite","Meroplanktonic","No","Encrusting bryozoans"
"5282","Eukaryota","Arthropoda","Copepoda","Calanoida","Eucalanidae","Eucalanus","Eucalanus californicus","Variable","Variable","Variable","Exoskeleton","Exoskeleton","Chitin + Calcium","Holoplanktonic","No","Copepods"
"5284","Eukaryota","Arthropoda","Copepoda","Poecilostomatoida","Oncaeidae","Oncaea","Oncaea sp.","Variable","Variable","Variable","Exoskeleton","Exoskeleton","Chitin + Calcium","Holoplanktonic","No","Parasitic or predatory copepods"
"5285","Eukaryota","Arthropoda","Copepoda","Calanoida","Lucicutiidae","Lucicutia","Lucicutia flavicornis","Variable","Variable","Variable","Exoskeleton","Exoskeleton","Chitin + Calcium","Holoplanktonic","No","Copepods"
"5286","Eukaryota","Arthropoda","Copepoda","Poecilostomatoida","Oncaeidae","Oncaea","Oncaea sp.","Variable","Variable","Variable","Exoskeleton","Exoskeleton","Chitin + Calcium","Holoplanktonic","No","Parasitic or predatory copepods"
"5289","Eukaryota","Arthropoda","Copepoda","Calanoida","Eucalanidae","Eucalanus","Eucalanus californicus","Variable","Variable","Variable","Exoskeleton","Exoskeleton","Chitin + Calcium","Holoplanktonic","No","Copepods"
"5292","Eukaryota","Cnidaria","Hydrozoa","Siphonophorae","Agalmatidae","Nanomia","Nanomia septata","No","No","No","None","None","None","Holoplanktonic","No","Colonial hydrozoans (e.g., Portuguese man o' war)"
"5293","Eukaryota","Arthropoda","Copepoda","Calanoida","Lucicutiidae","Lucicutia","Lucicutia flavicornis","Variable","Variable","Variable","Exoskeleton","Exoskeleton","Chitin + Calcium","Holoplanktonic","No","Copepods"
"5297","Eukaryota","Annelida","Polychaeta","Phyllodocida","Alciopedidae","Torrea","Torrea sp. JE_2010","No","No","No","None","None","None","Benthic + Meroplanktonic","No","Active marine polychaetes"
"5299","Eukaryota","Arthropoda","Copepoda","Calanoida","Metridinidae","Pleuromamma","Pleuromamma gracilis","Variable","Variable","Variable","Exoskeleton","Exoskeleton","Chitin + Calcium","Holoplanktonic","No","Copepods"
"5301","Eukaryota","Echinodermata","Ophiuroidea","Amphilepidida","Ophiuridae",NA,NA,"Yes","Yes","Yes","Internal skeleton","Internal skeleton","Calcite","Meroplanktonic","No","Brittle stars"
"5302","Eukaryota","Arthropoda","Ostracoda","Halocyprida","Halocyprididae","Conchoecia","Conchoecia magna","Variable","No","Variable","None","Exoskeleton","Chitin + Calcium","Holoplanktonic","No","Ostracods (seed shrimp)"
"5304","Eukaryota","Arthropoda","Copepoda","Calanoida","Candaciidae","Candacia","Candacia bipinnata","Variable","Variable","Variable","Exoskeleton","Exoskeleton","Chitin + Calcium","Holoplanktonic","No","Copepods"
"5305","Eukaryota","Echinodermata","Ophiuroidea","Amphilepidida","Amphiuridae",NA,NA,"Yes","Yes","Yes","Internal skeleton","Internal skeleton","Calcite","Meroplanktonic","No","Brittle stars"
"5306","Eukaryota","Annelida","Polychaeta","Phyllodocida","Polynoidae",NA,NA,"No","No","No","None","None","None","Benthic + Meroplanktonic","No","Active marine polychaetes"
"5309","Eukaryota","Arthropoda","Copepoda","Calanoida","Eucalanidae","Eucalanus","Eucalanus californicus","Variable","Variable","Variable","Exoskeleton","Exoskeleton","Chitin + Calcium","Holoplanktonic","No","Copepods"
"5310","Eukaryota","Arthropoda","Copepoda","Calanoida","Eucalanidae","Eucalanus","Eucalanus californicus","Variable","Variable","Variable","Exoskeleton","Exoskeleton","Chitin + Calcium","Holoplanktonic","No","Copepods"
"5311","Eukaryota","Arthropoda","Malacostraca","Decapoda","Munididae","Antillimunida","Antillimunida bapensis","Variable","No","Variable","None","Exoskeleton","Calcite","Meroplanktonic","No","Crabs, lobsters, shrimp"
"5312","Eukaryota","Echinodermata","Ophiuroidea","Amphilepidida","Ophionereidae","Ophionereis",NA,"Yes","Yes","Yes","Internal skeleton","Internal skeleton","Calcite","Meroplanktonic","No","Brittle stars"
"5313","Eukaryota","Echinodermata","Ophiuroidea","Amphilepidida","Amphiuridae",NA,NA,"Yes","Yes","Yes","Internal skeleton","Internal skeleton","Calcite","Meroplanktonic","No","Brittle stars"
"5314","Eukaryota","Chaetognatha","Sagittoidea","Aphragmophora","Sagittidae","Flaccisagitta",NA,"No","No","No","None","None","None","Holoplanktonic","No","Chaetognaths (arrow worms)"
"5317","Eukaryota","Arthropoda","Copepoda","Calanoida","Clausocalanidae","Clausocalanus","Clausocalanus parapergens","Variable","Variable","Variable","Exoskeleton","Exoskeleton","Chitin + Calcium","Holoplanktonic","No","Copepods"
"5318","Eukaryota","Arthropoda","Malacostraca","Decapoda","Hippolytidae","Eualus","Eualus subtilis","Variable","No","Variable","None","Exoskeleton","Calcite","Meroplanktonic","No","Crabs, lobsters, shrimp"
"5321","Eukaryota","Arthropoda","Copepoda","Calanoida","Euchaetidae","Paraeuchaeta","Paraeuchaeta media","Variable","Variable","Variable","Exoskeleton","Exoskeleton","Chitin + Calcium","Holoplanktonic","No","Copepods"
"5322","Eukaryota","Nemertea","Palaeonemertea","Carinomiformes","Carinomidae",NA,NA,"No","No","No","None","None","None","Benthic + Meroplanktonic","No","Ribbon worms (marine)"
"5323","Eukaryota","Arthropoda","Copepoda","Calanoida","Eucalanidae","Eucalanus","Eucalanus californicus","Variable","Variable","Variable","Exoskeleton","Exoskeleton","Chitin + Calcium","Holoplanktonic","No","Copepods"
"5324","Eukaryota","Echinodermata","Ophiuroidea","Amphilepidida","Ophiactidae","Ophiopholis","Ophiopholis sp. EAC01","Yes","Yes","Yes","Internal skeleton","Internal skeleton","Calcite","Meroplanktonic","No","Brittle stars"
"5326","Eukaryota","Arthropoda","Copepoda","Calanoida","Eucalanidae","Eucalanus","Eucalanus californicus","Variable","Variable","Variable","Exoskeleton","Exoskeleton","Chitin + Calcium","Holoplanktonic","No","Copepods"
"5327","Eukaryota","Arthropoda","Copepoda","Calanoida","Eucalanidae","Eucalanus","Eucalanus californicus","Variable","Variable","Variable","Exoskeleton","Exoskeleton","Chitin + Calcium","Holoplanktonic","No","Copepods"
"5328","Eukaryota","Arthropoda","Copepoda","Calanoida","Pontellidae","Labidocera","Labidocera trispinosa","Variable","Variable","Variable","Exoskeleton","Exoskeleton","Chitin + Calcium","Holoplanktonic","No","Copepods"
"5330","Eukaryota","Arthropoda","Malacostraca","Euphausiacea","Euphausiidae","Euphausia","Euphausia pacifica","Variable","No","Variable","None","Exoskeleton","Chitin + Calcium","Holoplanktonic","No","Krill"
"5331","Eukaryota","Arthropoda","Ostracoda","Halocyprida","Halocyprididae","Discoconchoecia",NA,"Variable","No","Variable","None","Exoskeleton","Chitin + Calcium","Holoplanktonic","No","Ostracods (seed shrimp)"
"5333","Eukaryota","Arthropoda","Malacostraca","Euphausiacea","Euphausiidae","Nyctiphanes","Nyctiphanes simplex","Variable","No","Variable","None","Exoskeleton","Chitin + Calcium","Holoplanktonic","No","Krill"
"5334","Eukaryota","Arthropoda","Malacostraca","Decapoda","Blepharipodidae",NA,NA,"Variable","No","Variable","None","Exoskeleton","Calcite","Meroplanktonic","No","Crabs, lobsters, shrimp"
"5336","Eukaryota","Arthropoda","Thecostraca","Balanomorpha","Balanidae","Solidobalanus","Solidobalanus engbergi","Yes","Yes","Yes","External shell","External shell","Calcite","Meroplanktonic","No","Barnacles"
"5338","Eukaryota","Arthropoda","Copepoda","Calanoida","Calanidae","Calanus","Calanus pacificus","Variable","Variable","Variable","Exoskeleton","Exoskeleton","Chitin + Calcium","Holoplanktonic","No","Copepods"
"5339","Eukaryota","Arthropoda","Thecostraca","Lepadidae","Lepadidae",NA,NA,"Yes","Variable","Yes","External shell","External shell","Chitin + Calcium","Meroplanktonic","No","Goose barnacles"
"5340","Eukaryota","Mollusca","Gastropoda","Pteropoda","Creseidae","Styliola","Styliola sp.","Yes","Yes","Yes","External shell","External shell","Aragonite","Holoplanktonic","No","Sea butterflies"
"5341","Eukaryota","Arthropoda","Copepoda","Calanoida","Eucalanidae","Eucalanus","Eucalanus californicus","Variable","Variable","Variable","Exoskeleton","Exoskeleton","Chitin + Calcium","Holoplanktonic","No","Copepods"
"5342","Eukaryota","Arthropoda","Copepoda","Calanoida","Calanidae",NA,NA,"Variable","Variable","Variable","Exoskeleton","Exoskeleton","Chitin + Calcium","Holoplanktonic","No","Copepods"
"5344","Eukaryota","Bryozoa","Gymnolaemata","Cheilostomatida","Membraniporidae","Membranipora",NA,"Yes","Yes","Yes","External shell","External shell","Calcite","Meroplanktonic","No","Encrusting bryozoans"
"5345","Eukaryota","Arthropoda","Copepoda","Calanoida","Pontellidae","Labidocera","Labidocera trispinosa","Variable","Variable","Variable","Exoskeleton","Exoskeleton","Chitin + Calcium","Holoplanktonic","No","Copepods"
"5346","Eukaryota","Arthropoda","Copepoda","Calanoida","Eucalanidae","Eucalanus","Eucalanus californicus","Variable","Variable","Variable","Exoskeleton","Exoskeleton","Chitin + Calcium","Holoplanktonic","No","Copepods"
"5348","Eukaryota","Arthropoda","Copepoda","Poecilostomatoida","Oncaeidae","Oncaea","Oncaea sp.","Variable","Variable","Variable","Exoskeleton","Exoskeleton","Chitin + Calcium","Holoplanktonic","No","Parasitic or predatory copepods"
"5349","Eukaryota","Arthropoda","Malacostraca","Euphausiacea","Euphausiidae","Thysanoessa","Thysanoessa gregaria","Variable","No","Variable","None","Exoskeleton","Chitin + Calcium","Holoplanktonic","No","Krill"
"5355","Eukaryota","Arthropoda","Copepoda","Calanoida","Eucalanidae","Rhincalanus",NA,"Variable","Variable","Variable","Exoskeleton","Exoskeleton","Chitin + Calcium","Holoplanktonic","No","Copepods"
"5356","Eukaryota","Arthropoda","Copepoda","Calanoida","Eucalanidae","Eucalanus","Eucalanus californicus","Variable","Variable","Variable","Exoskeleton","Exoskeleton","Chitin + Calcium","Holoplanktonic","No","Copepods"
"5357","Eukaryota","Chordata","Actinopteri","Myctophiformes","Myctophidae","Triphoturus","Triphoturus mexicanus","No","No","No","None","None","None","Meroplanktonic","No","Lanternfishes"
"5360","Eukaryota","Arthropoda","Malacostraca","Euphausiacea","Euphausiidae","Nyctiphanes","Nyctiphanes simplex","Variable","No","Variable","None","Exoskeleton","Chitin + Calcium","Holoplanktonic","No","Krill"
"5361","Eukaryota","Arthropoda","Malacostraca","Euphausiacea","Euphausiidae","Thysanoessa","Thysanoessa gregaria","Variable","No","Variable","None","Exoskeleton","Chitin + Calcium","Holoplanktonic","No","Krill"
"5362","Eukaryota","Chaetognatha","Sagittoidea","Aphragmophora","Sagittidae","Flaccisagitta",NA,"No","No","No","None","None","None","Holoplanktonic","No","Chaetognaths (arrow worms)"
"5363","Eukaryota","Arthropoda","Copepoda","Poecilostomatoida","Oncaeidae","Oncaea","Oncaea sp.","Variable","Variable","Variable","Exoskeleton","Exoskeleton","Chitin + Calcium","Holoplanktonic","No","Parasitic or predatory copepods"
"5366","Eukaryota","Arthropoda","Copepoda","Poecilostomatoida","Corycaeidae",NA,NA,"Variable","Variable","Variable","Exoskeleton","Exoskeleton","Chitin + Calcium","Holoplanktonic","No","Parasitic or predatory copepods"
"5367","Eukaryota","Arthropoda","Malacostraca","Decapoda","Hippidae","Emerita","Emerita analoga","Variable","No","Variable","None","Exoskeleton","Calcite","Meroplanktonic","No","Crabs, lobsters, shrimp"
"5368","Eukaryota","Echinodermata","Ophiuroidea","Amphilepidida","Amphiuridae",NA,NA,"Yes","Yes","Yes","Internal skeleton","Internal skeleton","Calcite","Meroplanktonic","No","Brittle stars"
"5371","Eukaryota","Arthropoda","Malacostraca","Euphausiacea","Euphausiidae","Hansarsia","Hansarsia difficilis","Variable","No","Variable","None","Exoskeleton","Chitin + Calcium","Holoplanktonic","No","Krill"
"5372","Eukaryota","Arthropoda","Copepoda","Calanoida","Metridinidae","Pleuromamma","Pleuromamma gracilis","Variable","Variable","Variable","Exoskeleton","Exoskeleton","Chitin + Calcium","Holoplanktonic","No","Copepods"
"5373","Eukaryota","Arthropoda","Malacostraca","Euphausiacea","Euphausiidae","Thysanoessa","Thysanoessa gregaria","Variable","No","Variable","None","Exoskeleton","Chitin + Calcium","Holoplanktonic","No","Krill"
"5375","Eukaryota","Arthropoda","Copepoda","Calanoida","Paracalanidae","Paracalanus","Paracalanus sp. C AC_2013","Variable","Variable","Variable","Exoskeleton","Exoskeleton","Chitin + Calcium","Holoplanktonic","No","Copepods"
"5376","Eukaryota","Bryozoa","Gymnolaemata","Cheilostomatida","Membraniporidae","Membranipora","Membranipora villosa","Yes","Yes","Yes","External shell","External shell","Calcite","Meroplanktonic","No","Encrusting bryozoans"
"5377","Eukaryota","Mollusca","Gastropoda","Pteropoda","Creseidae","Styliola","Styliola sp.","Yes","Yes","Yes","External shell","External shell","Aragonite","Holoplanktonic","No","Sea butterflies"
"5378","Eukaryota","Arthropoda","Copepoda","Poecilostomatoida","Oncaeidae","Oncaea","Oncaea sp.","Variable","Variable","Variable","Exoskeleton","Exoskeleton","Chitin + Calcium","Holoplanktonic","No","Parasitic or predatory copepods"
"5380","Eukaryota","Arthropoda","Thecostraca","Balanomorpha","Balanidae","Balanus","Balanus trigonus","Yes","Yes","Yes","External shell","External shell","Calcite","Meroplanktonic","No","Barnacles"
"5381","Eukaryota","Arthropoda","Malacostraca","Decapoda","Panopeidae",NA,NA,"Variable","No","Variable","None","Exoskeleton","Calcite","Meroplanktonic","No","Crabs, lobsters, shrimp"
"5383","Eukaryota","Arthropoda","Copepoda","Calanoida","Eucalanidae","Eucalanus",NA,"Variable","Variable","Variable","Exoskeleton","Exoskeleton","Chitin + Calcium","Holoplanktonic","No","Copepods"
"5385","Eukaryota","Echinodermata","Echinoidea","Clypeasteroida","Dendrasteridae","Dendraster","Dendraster excentricus","Yes","Yes","Yes","Exoskeleton","Exoskeleton","Calcite","Meroplanktonic","No","Sand dollars"
"5388","Eukaryota","Mollusca","Bivalvia","Mytilida","Modiolidae","Modiolus",NA,"Yes","Yes","Yes","External shell","External shell","Aragonite/Calcite","Meroplanktonic","No","Mussels"
"5389","Eukaryota","Chordata","Actinopteri","Myctophiformes","Myctophidae","Triphoturus","Triphoturus mexicanus","No","No","No","None","None","None","Meroplanktonic","No","Lanternfishes"
"5393","Eukaryota","Arthropoda","Malacostraca","Decapoda","Munididae","Antillimunida","Antillimunida bapensis","Variable","No","Variable","None","Exoskeleton","Calcite","Meroplanktonic","No","Crabs, lobsters, shrimp"
"5394","Eukaryota","Arthropoda","Copepoda","Calanoida","Euchaetidae","Euchaeta","Euchaeta marina","Variable","Variable","Variable","Exoskeleton","Exoskeleton","Chitin + Calcium","Holoplanktonic","No","Copepods"
"5395","Eukaryota","Arthropoda","Copepoda","Calanoida","Metridinidae","Pleuromamma","Pleuromamma borealis","Variable","Variable","Variable","Exoskeleton","Exoskeleton","Chitin + Calcium","Holoplanktonic","No","Copepods"
"5397","Eukaryota","Mollusca","Gastropoda","Pteropoda","Cliidae","Clio","Clio pyramidata","Yes","Yes","Yes","External shell","External shell","Aragonite","Holoplanktonic","No","Sea butterflies"
"5398","Eukaryota","Arthropoda","Copepoda","Calanoida","Eucalanidae","Eucalanus","Eucalanus californicus","Variable","Variable","Variable","Exoskeleton","Exoskeleton","Chitin + Calcium","Holoplanktonic","No","Copepods"
"5400","Eukaryota","Arthropoda","Copepoda","Calanoida","Lucicutiidae","Lucicutia","Lucicutia flavicornis","Variable","Variable","Variable","Exoskeleton","Exoskeleton","Chitin + Calcium","Holoplanktonic","No","Copepods"
"5405","Eukaryota","Mollusca","Gastropoda","Pteropoda","Creseidae","Styliola","Styliola sp.","Yes","Yes","Yes","External shell","External shell","Aragonite","Holoplanktonic","No","Sea butterflies"
"5406","Eukaryota","Arthropoda","Malacostraca","Euphausiacea","Euphausiidae","Stylocheiron",NA,"Variable","No","Variable","None","Exoskeleton","Chitin + Calcium","Holoplanktonic","No","Krill"
"5407","Eukaryota","Arthropoda","Malacostraca","Euphausiacea","Euphausiidae",NA,NA,"Variable","No","Variable","None","Exoskeleton","Chitin + Calcium","Holoplanktonic","No","Krill"
"5408","Eukaryota","Arthropoda","Malacostraca","Euphausiacea","Euphausiidae","Hansarsia","Hansarsia difficilis","Variable","No","Variable","None","Exoskeleton","Chitin + Calcium","Holoplanktonic","No","Krill"
"5410","Eukaryota","Bryozoa","Gymnolaemata","Cheilostomatida","Membraniporidae","Membranipora","Membranipora villosa","Yes","Yes","Yes","External shell","External shell","Calcite","Meroplanktonic","No","Encrusting bryozoans"
"5411","Eukaryota","Arthropoda","Ostracoda","Halocyprida","Halocyprididae","Discoconchoecia",NA,"Variable","No","Variable","None","Exoskeleton","Chitin + Calcium","Holoplanktonic","No","Ostracods (seed shrimp)"
"5413","Eukaryota","Mollusca","Gastropoda","Cephalaspidea","Philinidae","Philine",NA,"Variable","Yes","Yes","External shell","External shell","Aragonite","Meroplanktonic","No","Bubble snails"
"5415","Eukaryota","Bryozoa","Gymnolaemata","Cheilostomatida","Membraniporidae","Membranipora","Membranipora villosa","Yes","Yes","Yes","External shell","External shell","Calcite","Meroplanktonic","No","Encrusting bryozoans"
"5419","Eukaryota","Echinodermata","Ophiuroidea","Amphilepidida","Ophiotrichidae","Ophiothrix","Ophiothrix spiculata","Yes","Yes","Yes","Internal skeleton","Internal skeleton","Calcite","Meroplanktonic","No","Brittle stars"
"5420","Eukaryota","Annelida","Polychaeta","Phyllodocida","Polynoidae",NA,NA,"No","No","No","None","None","None","Benthic + Meroplanktonic","No","Active marine polychaetes"
"5421","Eukaryota","Annelida","Polychaeta","Sabellida","Sabellariidae","Phragmatopoma","Phragmatopoma californica","Variable","Variable","Variable","External tube","External tube","Aragonite","Benthic + Meroplanktonic","No","Fan worms and feather duster worms"
"5423","Eukaryota","Annelida","Polychaeta","Spionida","Spionidae",NA,NA,"No","No","No","None","None","None","Benthic + Meroplanktonic","No","Marine worms (sediment burrowers)"
"5426","Eukaryota","Annelida","Polychaeta","Phyllodocida","Alciopedidae","Torrea","Torrea sp. JE_2010","No","No","No","None","None","None","Benthic + Meroplanktonic","No","Active marine polychaetes"
"5427","Eukaryota","Arthropoda","Copepoda","Poecilostomatoida","Oncaeidae","Oncaea","Oncaea sp.","Variable","Variable","Variable","Exoskeleton","Exoskeleton","Chitin + Calcium","Holoplanktonic","No","Parasitic or predatory copepods"
"5430","Eukaryota","Bryozoa","Gymnolaemata","Cheilostomatida","Membraniporidae","Membranipora","Membranipora villosa","Yes","Yes","Yes","External shell","External shell","Calcite","Meroplanktonic","No","Encrusting bryozoans"
"5431","Eukaryota","Bryozoa","Gymnolaemata","Cheilostomatida","Membraniporidae","Membranipora","Membranipora villosa","Yes","Yes","Yes","External shell","External shell","Calcite","Meroplanktonic","No","Encrusting bryozoans"
"5433","Eukaryota","Arthropoda","Copepoda","Calanoida","Clausocalanidae","Clausocalanus","Clausocalanus pergens","Variable","Variable","Variable","Exoskeleton","Exoskeleton","Chitin + Calcium","Holoplanktonic","No","Copepods"
"5437","Eukaryota","Arthropoda","Copepoda","Calanoida","Lucicutiidae","Lucicutia","Lucicutia flavicornis","Variable","Variable","Variable","Exoskeleton","Exoskeleton","Chitin + Calcium","Holoplanktonic","No","Copepods"
"5439","Eukaryota","Arthropoda","Copepoda","Calanoida","Eucalanidae","Eucalanus","Eucalanus californicus","Variable","Variable","Variable","Exoskeleton","Exoskeleton","Chitin + Calcium","Holoplanktonic","No","Copepods"
"5440","Eukaryota","Arthropoda","Copepoda","Calanoida","Eucalanidae","Eucalanus","Eucalanus californicus","Variable","Variable","Variable","Exoskeleton","Exoskeleton","Chitin + Calcium","Holoplanktonic","No","Copepods"
"5441","Eukaryota","Arthropoda","Copepoda","Calanoida","Scolecitrichidae","Scolecithricella","Scolecithricella dentata","Variable","Variable","Variable","Exoskeleton","Exoskeleton","Chitin + Calcium","Holoplanktonic","No","Copepods"
"5443","Eukaryota","Mollusca","Gastropoda","Pteropoda","Cliidae","Clio","Clio pyramidata","Yes","Yes","Yes","External shell","External shell","Aragonite","Holoplanktonic","No","Sea butterflies"
"5450","Eukaryota","Arthropoda","Copepoda","Calanoida","Eucalanidae","Eucalanus","Eucalanus californicus","Variable","Variable","Variable","Exoskeleton","Exoskeleton","Chitin + Calcium","Holoplanktonic","No","Copepods"
"5451","Eukaryota","Arthropoda","Copepoda","Calanoida","Scolecitrichidae","Scolecithrix","Scolecithrix bradyi","Variable","Variable","Variable","Exoskeleton","Exoskeleton","Chitin + Calcium","Holoplanktonic","No","Copepods"
"5452","Eukaryota","Mollusca","Cephalopoda","Myopsida","Loliginidae",NA,NA,"Variable","Yes","No","Statoliths","None","Aragonite","Meroplanktonic","No","Coastal squid"
"5458","Eukaryota","Arthropoda","Copepoda","Calanoida","Eucalanidae","Eucalanus","Eucalanus hyalinus","Variable","Variable","Variable","Exoskeleton","Exoskeleton","Chitin + Calcium","Holoplanktonic","No","Copepods"
"5460","Eukaryota","Arthropoda","Copepoda","Calanoida","Eucalanidae","Eucalanus","Eucalanus californicus","Variable","Variable","Variable","Exoskeleton","Exoskeleton","Chitin + Calcium","Holoplanktonic","No","Copepods"
"5464","Eukaryota","Cnidaria","Hydrozoa","Anthoathecata","Pandeidae",NA,NA,"No","No","No","None","None","None","Benthic + Holoplanktonic","No","Colonial hydroids and small medusae"
"5466","Eukaryota","Arthropoda","Copepoda","Calanoida","Eucalanidae","Eucalanus","Eucalanus californicus","Variable","Variable","Variable","Exoskeleton","Exoskeleton","Chitin + Calcium","Holoplanktonic","No","Copepods"
"5468","Eukaryota","Arthropoda","Copepoda","Calanoida","Metridinidae","Pleuromamma","Pleuromamma abdominalis","Variable","Variable","Variable","Exoskeleton","Exoskeleton","Chitin + Calcium","Holoplanktonic","No","Copepods"
"5469","Eukaryota","Arthropoda","Copepoda","Poecilostomatoida","Oncaeidae","Oncaea","Oncaea sp.","Variable","Variable","Variable","Exoskeleton","Exoskeleton","Chitin + Calcium","Holoplanktonic","No","Parasitic or predatory copepods"
"5471","Eukaryota","Arthropoda","Ostracoda","Halocyprida","Halocyprididae","Proceroecia","Proceroecia procera","Variable","No","Variable","None","Exoskeleton","Chitin + Calcium","Holoplanktonic","No","Ostracods (seed shrimp)"
"5472","Eukaryota","Arthropoda","Copepoda","Calanoida","Eucalanidae","Eucalanus","Eucalanus californicus","Variable","Variable","Variable","Exoskeleton","Exoskeleton","Chitin + Calcium","Holoplanktonic","No","Copepods"
"5475","Eukaryota","Annelida","Polychaeta","Spionida","Spionidae",NA,NA,"No","No","No","None","None","None","Benthic + Meroplanktonic","No","Marine worms (sediment burrowers)"
"5478","Eukaryota","Arthropoda","Copepoda","Poecilostomatoida","Oncaeidae","Oncaea","Oncaea sp.","Variable","Variable","Variable","Exoskeleton","Exoskeleton","Chitin + Calcium","Holoplanktonic","No","Parasitic or predatory copepods"
"5481","Eukaryota","Arthropoda","Malacostraca","Decapoda","Pinnotheridae","Pinnixa","Pinnixa occidentalis","Variable","No","Variable","None","Exoskeleton","Calcite","Meroplanktonic","No","Crabs, lobsters, shrimp"
"5484","Eukaryota","Arthropoda","Malacostraca","Decapoda","Crangonidae",NA,NA,"Variable","No","Variable","None","Exoskeleton","Calcite","Meroplanktonic","No","Crabs, lobsters, shrimp"
"5485","Eukaryota","Arthropoda","Copepoda","Calanoida","Aetideidae",NA,NA,"Variable","Variable","Variable","Exoskeleton","Exoskeleton","Chitin + Calcium","Holoplanktonic","No","Copepods"
"5489","Eukaryota","Mollusca","Gastropoda","Pteropoda","Cliidae","Clio","Clio pyramidata","Yes","Yes","Yes","External shell","External shell","Aragonite","Holoplanktonic","No","Sea butterflies"
"5490","Eukaryota","Annelida","Polychaeta","Phyllodocida","Phyllodocidae",NA,NA,"No","No","No","None","None","None","Benthic + Meroplanktonic","No","Active marine polychaetes"
"5491","Eukaryota","Arthropoda","Malacostraca","Decapoda","Cancridae",NA,NA,"Variable","No","Variable","None","Exoskeleton","Calcite","Meroplanktonic","No","Crabs, lobsters, shrimp"
"5493","Eukaryota","Arthropoda","Copepoda","Calanoida","Aetideidae",NA,NA,"Variable","Variable","Variable","Exoskeleton","Exoskeleton","Chitin + Calcium","Holoplanktonic","No","Copepods"
"5497","Eukaryota","Bryozoa","Gymnolaemata","Cheilostomatida","Membraniporidae","Membranipora","Membranipora villosa","Yes","Yes","Yes","External shell","External shell","Calcite","Meroplanktonic","No","Encrusting bryozoans"
"5498","Eukaryota","Arthropoda","Malacostraca","Euphausiacea","Euphausiidae","Hansarsia","Hansarsia difficilis","Variable","No","Variable","None","Exoskeleton","Chitin + Calcium","Holoplanktonic","No","Krill"
"5499","Eukaryota","Arthropoda","Malacostraca","Decapoda","Cancridae",NA,NA,"Variable","No","Variable","None","Exoskeleton","Calcite","Meroplanktonic","No","Crabs, lobsters, shrimp"
"5500","Eukaryota","Arthropoda","Malacostraca","Decapoda","Panopeidae","Lophopanopeus","Lophopanopeus bellus","Variable","No","Variable","None","Exoskeleton","Calcite","Meroplanktonic","No","Crabs, lobsters, shrimp"
"5504","Eukaryota","Arthropoda","Copepoda","Calanoida","Eucalanidae","Eucalanus","Eucalanus californicus","Variable","Variable","Variable","Exoskeleton","Exoskeleton","Chitin + Calcium","Holoplanktonic","No","Copepods"
"5506","Eukaryota","Bryozoa","Gymnolaemata","Cheilostomatida","Membraniporidae","Membranipora",NA,"Yes","Yes","Yes","External shell","External shell","Calcite","Meroplanktonic","No","Encrusting bryozoans"
"5507","Eukaryota","Arthropoda","Copepoda","Calanoida","Eucalanidae","Eucalanus","Eucalanus californicus","Variable","Variable","Variable","Exoskeleton","Exoskeleton","Chitin + Calcium","Holoplanktonic","No","Copepods"
"5508","Eukaryota","Arthropoda","Malacostraca","Euphausiacea","Euphausiidae","Nyctiphanes","Nyctiphanes simplex","Variable","No","Variable","None","Exoskeleton","Chitin + Calcium","Holoplanktonic","No","Krill"
"5512","Eukaryota","Arthropoda","Copepoda","Calanoida","Eucalanidae","Eucalanus",NA,"Variable","Variable","Variable","Exoskeleton","Exoskeleton","Chitin + Calcium","Holoplanktonic","No","Copepods"
"5513","Eukaryota","Arthropoda","Copepoda","Calanoida","Eucalanidae","Eucalanus","Eucalanus californicus","Variable","Variable","Variable","Exoskeleton","Exoskeleton","Chitin + Calcium","Holoplanktonic","No","Copepods"
"5514","Eukaryota","Mollusca","Gastropoda","Pteropoda","Creseidae","Creseis","Creseis conica","Yes","Yes","Yes","External shell","External shell","Aragonite","Holoplanktonic","No","Sea butterflies"
"5515","Eukaryota","Arthropoda","Malacostraca","Euphausiacea","Euphausiidae","Hansarsia",NA,"Variable","No","Variable","None","Exoskeleton","Chitin + Calcium","Holoplanktonic","No","Krill"
"5516","Eukaryota","Arthropoda","Copepoda","Calanoida","Eucalanidae","Rhincalanus","Rhincalanus nasutus","Variable","Variable","Variable","Exoskeleton","Exoskeleton","Chitin + Calcium","Holoplanktonic","No","Copepods"
"5518","Eukaryota","Arthropoda","Ostracoda","Halocyprida","Halocyprididae",NA,NA,"Variable","No","Variable","None","Exoskeleton","Chitin + Calcium","Holoplanktonic","No","Ostracods (seed shrimp)"
"5520","Eukaryota","Arthropoda","Copepoda","Poecilostomatoida","Oncaeidae","Oncaea","Oncaea sp.","Variable","Variable","Variable","Exoskeleton","Exoskeleton","Chitin + Calcium","Holoplanktonic","No","Parasitic or predatory copepods"
"5521","Eukaryota","Arthropoda","Copepoda","Poecilostomatoida","Oncaeidae","Oncaea","Oncaea sp.","Variable","Variable","Variable","Exoskeleton","Exoskeleton","Chitin + Calcium","Holoplanktonic","No","Parasitic or predatory copepods"
"5523","Eukaryota","Arthropoda","Thecostraca","Balanomorpha","Balanidae","Balanus","Balanus trigonus","Yes","Yes","Yes","External shell","External shell","Calcite","Meroplanktonic","No","Barnacles"
"5524","Eukaryota","Mollusca","Gastropoda","Littorinimorpha","Velutinidae","Hainotis","Hainotis sharonae","Yes","Yes","Yes","External shell","External shell","Aragonite/Calcite","Meroplanktonic","No","Periwinkles and related snails"
"5525","Eukaryota","Arthropoda","Copepoda","Poecilostomatoida","Oncaeidae","Oncaea","Oncaea sp.","Variable","Variable","Variable","Exoskeleton","Exoskeleton","Chitin + Calcium","Holoplanktonic","No","Parasitic or predatory copepods"
"5527","Eukaryota","Arthropoda","Copepoda","Poecilostomatoida","Oncaeidae","Oncaea","Oncaea sp.","Variable","Variable","Variable","Exoskeleton","Exoskeleton","Chitin + Calcium","Holoplanktonic","No","Parasitic or predatory copepods"
"5528","Eukaryota","Arthropoda","Copepoda","Poecilostomatoida","Oncaeidae","Oncaea","Oncaea sp.","Variable","Variable","Variable","Exoskeleton","Exoskeleton","Chitin + Calcium","Holoplanktonic","No","Parasitic or predatory copepods"
"5530","Eukaryota","Arthropoda","Malacostraca","Amphipoda","Paraphronimidae",NA,NA,"Variable","Yes","Yes","Exoskeleton","Exoskeleton","Chitin + Calcium","Benthic + Holoplanktonic","No","Amphipods"
"5531","Eukaryota","Bryozoa","Gymnolaemata","Cheilostomatida","Membraniporidae",NA,NA,"Yes","Yes","Yes","External shell","External shell","Calcite","Meroplanktonic","No","Encrusting bryozoans"
"5532","Eukaryota","Arthropoda","Ostracoda","Halocyprida","Halocyprididae","Conchoecia","Conchoecia magna","Variable","No","Variable","None","Exoskeleton","Chitin + Calcium","Holoplanktonic","No","Ostracods (seed shrimp)"
"5536","Eukaryota","Arthropoda","Copepoda","Calanoida","Eucalanidae","Eucalanus","Eucalanus californicus","Variable","Variable","Variable","Exoskeleton","Exoskeleton","Chitin + Calcium","Holoplanktonic","No","Copepods"
"5540","Eukaryota","Arthropoda","Copepoda","Calanoida","Eucalanidae","Eucalanus","Eucalanus californicus","Variable","Variable","Variable","Exoskeleton","Exoskeleton","Chitin + Calcium","Holoplanktonic","No","Copepods"
"5541","Eukaryota","Arthropoda","Malacostraca","Decapoda","Callianassidae",NA,NA,"Variable","No","Variable","None","Exoskeleton","Calcite","Meroplanktonic","No","Crabs, lobsters, shrimp"
"5542","Eukaryota","Echinodermata","Ophiuroidea","Amphilepidida","Ophiotrichidae","Ophiothrix","Ophiothrix spiculata","Yes","Yes","Yes","Internal skeleton","Internal skeleton","Calcite","Meroplanktonic","No","Brittle stars"
"5543","Eukaryota","Arthropoda","Malacostraca","Decapoda","Palinuridae","Panulirus","Panulirus interruptus","Variable","No","Variable","None","Exoskeleton","Calcite","Meroplanktonic","No","Crabs, lobsters, shrimp"
"5544","Eukaryota","Arthropoda","Malacostraca","Decapoda","Paguridae","Pagurus","Pagurus samuelis","Variable","No","Variable","None","Exoskeleton","Calcite","Meroplanktonic","No","Crabs, lobsters, shrimp"
"5548","Eukaryota","Mollusca","Gastropoda","Pteropoda","Cuvierinidae","Cuvierina","Cuvierina pacifica","Yes","Yes","Yes","External shell","External shell","Aragonite","Holoplanktonic","No","Sea butterflies"
"5550","Eukaryota","Arthropoda","Copepoda","Calanoida","Eucalanidae","Eucalanus","Eucalanus californicus","Variable","Variable","Variable","Exoskeleton","Exoskeleton","Chitin + Calcium","Holoplanktonic","No","Copepods"
"5552","Eukaryota","Arthropoda","Copepoda","Calanoida","Eucalanidae","Eucalanus","Eucalanus californicus","Variable","Variable","Variable","Exoskeleton","Exoskeleton","Chitin + Calcium","Holoplanktonic","No","Copepods"
"5553","Eukaryota","Arthropoda","Copepoda","Calanoida","Eucalanidae","Eucalanus","Eucalanus californicus","Variable","Variable","Variable","Exoskeleton","Exoskeleton","Chitin + Calcium","Holoplanktonic","No","Copepods"
"5554","Eukaryota","Chordata","Actinopteri","Labriformes","Labridae","Halichoeres","Halichoeres semicinctus","No","No","No","None","None","None","Benthic + Meroplanktonic","No","Wrasses and parrotfishes"
"5557","Eukaryota","Arthropoda","Copepoda","Calanoida","Eucalanidae","Eucalanus","Eucalanus californicus","Variable","Variable","Variable","Exoskeleton","Exoskeleton","Chitin + Calcium","Holoplanktonic","No","Copepods"
"5559","Eukaryota","Arthropoda","Copepoda","Poecilostomatoida","Oncaeidae","Oncaea","Oncaea sp.","Variable","Variable","Variable","Exoskeleton","Exoskeleton","Chitin + Calcium","Holoplanktonic","No","Parasitic or predatory copepods"
"5562","Eukaryota","Arthropoda","Copepoda","Calanoida","Clausocalanidae","Clausocalanus","Clausocalanus pergens","Variable","Variable","Variable","Exoskeleton","Exoskeleton","Chitin + Calcium","Holoplanktonic","No","Copepods"
"5564","Eukaryota","Echinodermata","Ophiuroidea","Amphilepidida","Ophionereidae","Ophionereis",NA,"Yes","Yes","Yes","Internal skeleton","Internal skeleton","Calcite","Meroplanktonic","No","Brittle stars"
"5565","Eukaryota","Arthropoda","Copepoda","Poecilostomatoida","Oncaeidae","Oncaea","Oncaea sp.","Variable","Variable","Variable","Exoskeleton","Exoskeleton","Chitin + Calcium","Holoplanktonic","No","Parasitic or predatory copepods"
"5566","Eukaryota","Arthropoda","Copepoda","Calanoida","Metridinidae","Pleuromamma","Pleuromamma abdominalis","Variable","Variable","Variable","Exoskeleton","Exoskeleton","Chitin + Calcium","Holoplanktonic","No","Copepods"
"5567","Eukaryota","Echinodermata","Ophiuroidea","Amphilepidida","Ophiotrichidae","Ophiothrix","Ophiothrix spiculata","Yes","Yes","Yes","Internal skeleton","Internal skeleton","Calcite","Meroplanktonic","No","Brittle stars"
"5573","Eukaryota","Arthropoda","Copepoda","Calanoida","Scolecitrichidae","Scolecithrix","Scolecithrix bradyi","Variable","Variable","Variable","Exoskeleton","Exoskeleton","Chitin + Calcium","Holoplanktonic","No","Copepods"
"5578","Eukaryota","Arthropoda","Copepoda","Calanoida","Paracalanidae","Paracalanus","Paracalanus sp. C AC_2013","Variable","Variable","Variable","Exoskeleton","Exoskeleton","Chitin + Calcium","Holoplanktonic","No","Copepods"
"5584","Eukaryota","Arthropoda","Copepoda","Calanoida","Metridinidae","Pleuromamma","Pleuromamma gracilis","Variable","Variable","Variable","Exoskeleton","Exoskeleton","Chitin + Calcium","Holoplanktonic","No","Copepods"
"5586","Eukaryota","Mollusca","Gastropoda","Nudibranchia","Tritoniidae","Tritonia","Tritonia tetraquetra","Variable","Variable","No","External shell","None","Aragonite","Meroplanktonic","No","Shell-less sea slugs"
"5587","Eukaryota","Annelida","Polychaeta","Phyllodocida","Tomopteridae","Tomopteris","Tomopteris sp. USNM IZ 1449764","No","No","No","None","None","None","Benthic + Meroplanktonic","No","Active marine polychaetes"
"5588","Eukaryota","Arthropoda","Malacostraca","Euphausiacea","Euphausiidae","Hansarsia",NA,"Variable","No","Variable","None","Exoskeleton","Chitin + Calcium","Holoplanktonic","No","Krill"
"5589","Eukaryota","Annelida","Sipuncula","Phascolosomatiformes","Phascolosomatidae","Phascolosoma","Phascolosoma agassizii","No","No","No","None","None","None","Benthic + Meroplanktonic","No","Peanut worms (marine unsegmented worms)"
"5594","Eukaryota","Arthropoda","Copepoda","Calanoida","Calanidae","Calanus","Calanus pacificus","Variable","Variable","Variable","Exoskeleton","Exoskeleton","Chitin + Calcium","Holoplanktonic","No","Copepods"
"5604","Eukaryota","Arthropoda","Copepoda","Poecilostomatoida","Oncaeidae","Oncaea","Oncaea sp.","Variable","Variable","Variable","Exoskeleton","Exoskeleton","Chitin + Calcium","Holoplanktonic","No","Parasitic or predatory copepods"
"5605","Eukaryota","Arthropoda","Copepoda","Calanoida","Clausocalanidae",NA,NA,"Variable","Variable","Variable","Exoskeleton","Exoskeleton","Chitin + Calcium","Holoplanktonic","No","Copepods"
"5606","Eukaryota","Arthropoda","Copepoda","Calanoida","Euchaetidae","Euchaeta","Euchaeta marina","Variable","Variable","Variable","Exoskeleton","Exoskeleton","Chitin + Calcium","Holoplanktonic","No","Copepods"
"5608","Eukaryota","Arthropoda","Copepoda","Poecilostomatoida","Oncaeidae","Oncaea","Oncaea sp.","Variable","Variable","Variable","Exoskeleton","Exoskeleton","Chitin + Calcium","Holoplanktonic","No","Parasitic or predatory copepods"
"5609","Eukaryota","Cnidaria","Hydrozoa","Trachymedusae","Halicreatidae",NA,NA,"No","No","No","None","None","None","Holoplanktonic","No","Deep-sea jellyfish"
"5610","Eukaryota","Arthropoda","Copepoda","Calanoida","Clausocalanidae","Clausocalanus","Clausocalanus arcuicornis","Variable","Variable","Variable","Exoskeleton","Exoskeleton","Chitin + Calcium","Holoplanktonic","No","Copepods"
"5614","Eukaryota","Arthropoda","Malacostraca","Decapoda","Pilumnidae",NA,NA,"Variable","No","Variable","None","Exoskeleton","Calcite","Meroplanktonic","No","Crabs, lobsters, shrimp"
"5616","Eukaryota","Arthropoda","Copepoda","Harpacticoida","Aegisthidae","Pontostratiotes",NA,"Variable","Variable","Variable","Exoskeleton","Exoskeleton","Chitin + Calcium","Holoplanktonic","No","Harpacticoid copepods"
"5617","Eukaryota","Arthropoda","Copepoda","Calanoida","Eucalanidae","Eucalanus","Eucalanus californicus","Variable","Variable","Variable","Exoskeleton","Exoskeleton","Chitin + Calcium","Holoplanktonic","No","Copepods"
"5618","Eukaryota","Arthropoda","Malacostraca","Euphausiacea","Euphausiidae","Hansarsia","Hansarsia difficilis","Variable","No","Variable","None","Exoskeleton","Chitin + Calcium","Holoplanktonic","No","Krill"
"5622","Eukaryota","Arthropoda","Malacostraca","Decapoda","Panopeidae","Lophopanopeus","Lophopanopeus bellus","Variable","No","Variable","None","Exoskeleton","Calcite","Meroplanktonic","No","Crabs, lobsters, shrimp"
"5626","Eukaryota","Arthropoda","Copepoda","Calanoida","Eucalanidae","Rhincalanus",NA,"Variable","Variable","Variable","Exoskeleton","Exoskeleton","Chitin + Calcium","Holoplanktonic","No","Copepods"
"5627","Eukaryota","Arthropoda","Copepoda","Calanoida","Eucalanidae","Eucalanus","Eucalanus californicus","Variable","Variable","Variable","Exoskeleton","Exoskeleton","Chitin + Calcium","Holoplanktonic","No","Copepods"
"5628","Eukaryota","Mollusca","Gastropoda","Neogastropoda","Nassariidae",NA,NA,"Yes","Yes","Yes","External shell","External shell","Aragonite/Calcite","Meroplanktonic","No","Whelks and predatory snails"
"5629","Eukaryota","Arthropoda","Malacostraca","Euphausiacea","Euphausiidae","Euphausia","Euphausia pacifica","Variable","No","Variable","None","Exoskeleton","Chitin + Calcium","Holoplanktonic","No","Krill"
"5630","Eukaryota","Arthropoda","Copepoda","Calanoida","Lucicutiidae","Lucicutia","Lucicutia flavicornis","Variable","Variable","Variable","Exoskeleton","Exoskeleton","Chitin + Calcium","Holoplanktonic","No","Copepods"
"5631","Eukaryota","Arthropoda","Copepoda","Calanoida","Eucalanidae","Rhincalanus","Rhincalanus nasutus","Variable","Variable","Variable","Exoskeleton","Exoskeleton","Chitin + Calcium","Holoplanktonic","No","Copepods"
"5632","Eukaryota","Mollusca","Gastropoda","Nudibranchia","Glaucidae","Hermissenda","Hermissenda opalescens","Variable","Variable","No","External shell","None","Aragonite","Meroplanktonic","No","Shell-less sea slugs"
"5633","Eukaryota","Arthropoda","Thecostraca","Balanomorpha","Chthamalidae","Chthamalus","Chthamalus fissus","Yes","Yes","Yes","External shell","External shell","Calcite","Meroplanktonic","No","Barnacles"
"5635","Eukaryota","Arthropoda","Malacostraca","Euphausiacea","Euphausiidae","Nyctiphanes","Nyctiphanes simplex","Variable","No","Variable","None","Exoskeleton","Chitin + Calcium","Holoplanktonic","No","Krill"
"5636","Eukaryota","Arthropoda","Malacostraca","Euphausiacea","Euphausiidae","Hansarsia",NA,"Variable","No","Variable","None","Exoskeleton","Chitin + Calcium","Holoplanktonic","No","Krill"
"5637","Eukaryota","Mollusca","Gastropoda","Littorinimorpha","Atlantidae","Atlanta","Atlanta sp. USNM IZ 1230636","Yes","Yes","Yes","External shell","External shell","Aragonite/Calcite","Meroplanktonic","No","Periwinkles and related snails"
"5640","Eukaryota","Echinodermata","Ophiuroidea","Amphilepidida","Amphiuridae",NA,NA,"Yes","Yes","Yes","Internal skeleton","Internal skeleton","Calcite","Meroplanktonic","No","Brittle stars"
"5643","Eukaryota","Arthropoda","Malacostraca","Euphausiacea","Euphausiidae",NA,NA,"Variable","No","Variable","None","Exoskeleton","Chitin + Calcium","Holoplanktonic","No","Krill"
"5646","Eukaryota","Arthropoda","Copepoda","Calanoida","Pontellidae","Labidocera","Labidocera trispinosa","Variable","Variable","Variable","Exoskeleton","Exoskeleton","Chitin + Calcium","Holoplanktonic","No","Copepods"
"5649","Eukaryota","Arthropoda","Copepoda","Calanoida","Lucicutiidae","Lucicutia","Lucicutia flavicornis","Variable","Variable","Variable","Exoskeleton","Exoskeleton","Chitin + Calcium","Holoplanktonic","No","Copepods"
"5652","Eukaryota","Arthropoda","Copepoda","Poecilostomatoida","Oncaeidae","Oncaea","Oncaea sp.","Variable","Variable","Variable","Exoskeleton","Exoskeleton","Chitin + Calcium","Holoplanktonic","No","Parasitic or predatory copepods"
"5653","Eukaryota","Arthropoda","Copepoda","Calanoida","Lucicutiidae","Lucicutia","Lucicutia flavicornis","Variable","Variable","Variable","Exoskeleton","Exoskeleton","Chitin + Calcium","Holoplanktonic","No","Copepods"
"5656","Eukaryota","Arthropoda","Ostracoda","Halocyprida","Halocyprididae","Discoconchoecia","Discoconchoecia sp. S8_D6","Variable","No","Variable","None","Exoskeleton","Chitin + Calcium","Holoplanktonic","No","Ostracods (seed shrimp)"
"5662","Eukaryota","Arthropoda","Copepoda","Poecilostomatoida","Oncaeidae","Oncaea","Oncaea sp.","Variable","Variable","Variable","Exoskeleton","Exoskeleton","Chitin + Calcium","Holoplanktonic","No","Parasitic or predatory copepods"
"5663","Eukaryota","Arthropoda","Copepoda","Poecilostomatoida","Oncaeidae","Oncaea","Oncaea sp.","Variable","Variable","Variable","Exoskeleton","Exoskeleton","Chitin + Calcium","Holoplanktonic","No","Parasitic or predatory copepods"
"5664","Eukaryota","Arthropoda","Malacostraca","Euphausiacea","Euphausiidae","Euphausia","Euphausia pacifica","Variable","No","Variable","None","Exoskeleton","Chitin + Calcium","Holoplanktonic","No","Krill"
"5667","Eukaryota","Bryozoa","Gymnolaemata","Cheilostomatida","Membraniporidae","Membranipora","Membranipora villosa","Yes","Yes","Yes","External shell","External shell","Calcite","Meroplanktonic","No","Encrusting bryozoans"
"5669","Eukaryota","Arthropoda","Copepoda","Calanoida","Calocalanidae","Calocalanus",NA,"Variable","Variable","Variable","Exoskeleton","Exoskeleton","Chitin + Calcium","Holoplanktonic","No","Copepods"
"5670","Eukaryota","Arthropoda","Thecostraca","Balanomorpha","Balanidae",NA,NA,"Yes","Yes","Yes","External shell","External shell","Calcite","Meroplanktonic","No","Barnacles"
"5671","Eukaryota","Arthropoda","Malacostraca","Euphausiacea","Euphausiidae","Nyctiphanes","Nyctiphanes simplex","Variable","No","Variable","None","Exoskeleton","Chitin + Calcium","Holoplanktonic","No","Krill"
"5672","Eukaryota","Chaetognatha","Sagittoidea","Aphragmophora","Sagittidae","Flaccisagitta",NA,"No","No","No","None","None","None","Holoplanktonic","No","Chaetognaths (arrow worms)"
"5678","Eukaryota","Arthropoda","Ostracoda","Halocyprida","Halocyprididae",NA,NA,"Variable","No","Variable","None","Exoskeleton","Chitin + Calcium","Holoplanktonic","No","Ostracods (seed shrimp)"
"5679","Eukaryota","Mollusca","Cephalopoda","Octopoda","Octopodidae","Octopus",NA,"Variable","Yes","No","Statoliths","None","Aragonite","Meroplanktonic","No","Octopi"
"5681","Eukaryota","Arthropoda","Malacostraca","Euphausiacea","Euphausiidae","Hansarsia","Hansarsia difficilis","Variable","No","Variable","None","Exoskeleton","Chitin + Calcium","Holoplanktonic","No","Krill"
"5682","Eukaryota","Arthropoda","Copepoda","Calanoida","Metridinidae","Pleuromamma","Pleuromamma abdominalis","Variable","Variable","Variable","Exoskeleton","Exoskeleton","Chitin + Calcium","Holoplanktonic","No","Copepods"
"5685","Eukaryota","Arthropoda","Malacostraca","Euphausiacea","Euphausiidae","Thysanoessa","Thysanoessa gregaria","Variable","No","Variable","None","Exoskeleton","Chitin + Calcium","Holoplanktonic","No","Krill"
"5687","Eukaryota","Arthropoda","Copepoda","Poecilostomatoida","Corycaeidae","Farranula",NA,"Variable","Variable","Variable","Exoskeleton","Exoskeleton","Chitin + Calcium","Holoplanktonic","No","Parasitic or predatory copepods"
"5688","Eukaryota","Arthropoda","Copepoda","Calanoida","Eucalanidae","Eucalanus","Eucalanus californicus","Variable","Variable","Variable","Exoskeleton","Exoskeleton","Chitin + Calcium","Holoplanktonic","No","Copepods"
"5689","Eukaryota","Arthropoda","Thecostraca","Lepadidae","Lepadidae",NA,NA,"Yes","Variable","Yes","External shell","External shell","Chitin + Calcium","Meroplanktonic","No","Goose barnacles"
"5690","Eukaryota","Echinodermata","Ophiuroidea","Amphilepidida","Amphiuridae",NA,NA,"Yes","Yes","Yes","Internal skeleton","Internal skeleton","Calcite","Meroplanktonic","No","Brittle stars"
"5692","Eukaryota","Arthropoda","Copepoda","Calanoida","Eucalanidae","Eucalanus","Eucalanus californicus","Variable","Variable","Variable","Exoskeleton","Exoskeleton","Chitin + Calcium","Holoplanktonic","No","Copepods"
"5693","Eukaryota","Echinodermata","Ophiuroidea","Amphilepidida","Ophiotrichidae","Ophiothrix",NA,"Yes","Yes","Yes","Internal skeleton","Internal skeleton","Calcite","Meroplanktonic","No","Brittle stars"
"5695","Eukaryota","Arthropoda","Copepoda","Calanoida","Eucalanidae","Eucalanus","Eucalanus californicus","Variable","Variable","Variable","Exoskeleton","Exoskeleton","Chitin + Calcium","Holoplanktonic","No","Copepods"
"5696","Eukaryota","Arthropoda","Copepoda","Calanoida","Eucalanidae","Eucalanus","Eucalanus californicus","Variable","Variable","Variable","Exoskeleton","Exoskeleton","Chitin + Calcium","Holoplanktonic","No","Copepods"
"5697","Eukaryota","Arthropoda","Copepoda","Calanoida","Eucalanidae","Eucalanus","Eucalanus californicus","Variable","Variable","Variable","Exoskeleton","Exoskeleton","Chitin + Calcium","Holoplanktonic","No","Copepods"
"5698","Eukaryota","Arthropoda","Malacostraca","Euphausiacea","Euphausiidae","Hansarsia","Hansarsia difficilis","Variable","No","Variable","None","Exoskeleton","Chitin + Calcium","Holoplanktonic","No","Krill"
"5699","Eukaryota","Mollusca","Gastropoda","Littorinimorpha","Eulimidae","Melanella","Melanella thersites","Yes","Yes","Yes","External shell","External shell","Aragonite/Calcite","Meroplanktonic","No","Periwinkles and related snails"
"5702","Eukaryota","Mollusca","Gastropoda","Pteropoda","Limacinidae",NA,NA,"Yes","Yes","Yes","External shell","External shell","Aragonite","Holoplanktonic","No","Sea butterflies"
"5704","Eukaryota","Arthropoda","Copepoda","Poecilostomatoida","Oncaeidae","Oncaea","Oncaea sp.","Variable","Variable","Variable","Exoskeleton","Exoskeleton","Chitin + Calcium","Holoplanktonic","No","Parasitic or predatory copepods"
"5705","Eukaryota","Echinodermata","Echinoidea","Temnopleuroida","Toxopneustidae","Lytechinus","Lytechinus pictus","Yes","Yes","Yes","Internal skeleton","Exoskeleton","Calcite","Meroplanktonic","No","Short-spined sea urchins"
"5708","Eukaryota","Mollusca","Gastropoda","Pteropoda","Limacinidae",NA,NA,"Yes","Yes","Yes","External shell","External shell","Aragonite","Holoplanktonic","No","Sea butterflies"
"5712","Eukaryota","Bryozoa","Gymnolaemata","Cheilostomatida","Membraniporidae",NA,NA,"Yes","Yes","Yes","External shell","External shell","Calcite","Meroplanktonic","No","Encrusting bryozoans"
"5716","Eukaryota","Mollusca","Gastropoda","Littorinimorpha","Atlantidae","Atlanta","Atlanta sp. USNM IZ 1230636","Yes","Yes","Yes","External shell","External shell","Aragonite/Calcite","Meroplanktonic","No","Periwinkles and related snails"
"5720","Eukaryota","Arthropoda","Copepoda","Calanoida","Metridinidae","Pleuromamma","Pleuromamma borealis","Variable","Variable","Variable","Exoskeleton","Exoskeleton","Chitin + Calcium","Holoplanktonic","No","Copepods"
"5723","Eukaryota","Annelida","Polychaeta","Terebellida","Flabelligeridae","Poeobius","Poeobius meseres","Variable","Variable","Variable","External tube","External tube","None","Benthic + Meroplanktonic","No","Spaghetti worms (tube-building polychaetes)"
"5724","Eukaryota","Arthropoda","Copepoda","Poecilostomatoida","Oncaeidae","Oncaea","Oncaea sp.","Variable","Variable","Variable","Exoskeleton","Exoskeleton","Chitin + Calcium","Holoplanktonic","No","Parasitic or predatory copepods"
"5727","Eukaryota","Arthropoda","Malacostraca","Euphausiacea","Euphausiidae",NA,NA,"Variable","No","Variable","None","Exoskeleton","Chitin + Calcium","Holoplanktonic","No","Krill"
"5729","Eukaryota","Mollusca","Gastropoda","Pteropoda","Limacinidae",NA,NA,"Yes","Yes","Yes","External shell","External shell","Aragonite","Holoplanktonic","No","Sea butterflies"
"5730","Eukaryota","Arthropoda","Copepoda","Poecilostomatoida","Oncaeidae","Oncaea","Oncaea sp.","Variable","Variable","Variable","Exoskeleton","Exoskeleton","Chitin + Calcium","Holoplanktonic","No","Parasitic or predatory copepods"
"5733","Eukaryota","Arthropoda","Copepoda","Calanoida","Heterorhabdidae","Heterorhabdus","Heterorhabdus papilliger","Variable","Variable","Variable","Exoskeleton","Exoskeleton","Chitin + Calcium","Holoplanktonic","No","Copepods"
"5738","Eukaryota","Echinodermata","Ophiuroidea","Amphilepidida","Ophionereidae",NA,NA,"Yes","Yes","Yes","Internal skeleton","Internal skeleton","Calcite","Meroplanktonic","No","Brittle stars"
"5739","Eukaryota","Arthropoda","Ostracoda","Halocyprida","Halocyprididae","Paraconchoecia","Paraconchoecia oblonga","Variable","No","Variable","None","Exoskeleton","Chitin + Calcium","Holoplanktonic","No","Ostracods (seed shrimp)"
"5740","Eukaryota","Arthropoda","Malacostraca","Decapoda","Munididae","Pleuroncodes","Pleuroncodes planipes","Variable","No","Variable","None","Exoskeleton","Calcite","Meroplanktonic","No","Crabs, lobsters, shrimp"
"5744","Eukaryota","Arthropoda","Ostracoda","Halocyprida","Halocyprididae",NA,NA,"Variable","No","Variable","None","Exoskeleton","Chitin + Calcium","Holoplanktonic","No","Ostracods (seed shrimp)"
"5746","Eukaryota","Arthropoda","Malacostraca","Euphausiacea","Euphausiidae","Hansarsia","Hansarsia difficilis","Variable","No","Variable","None","Exoskeleton","Chitin + Calcium","Holoplanktonic","No","Krill"
"5749","Eukaryota","Arthropoda","Copepoda","Calanoida","Eucalanidae","Rhincalanus","Rhincalanus nasutus","Variable","Variable","Variable","Exoskeleton","Exoskeleton","Chitin + Calcium","Holoplanktonic","No","Copepods"
"5752","Eukaryota","Arthropoda","Copepoda","Calanoida","Eucalanidae","Eucalanus","Eucalanus californicus","Variable","Variable","Variable","Exoskeleton","Exoskeleton","Chitin + Calcium","Holoplanktonic","No","Copepods"
"5754","Eukaryota","Echinodermata","Ophiuroidea","Amphilepidida","Amphiuridae","Amphipholis","Amphipholis pugetana","Yes","Yes","Yes","Internal skeleton","Internal skeleton","Calcite","Meroplanktonic","No","Brittle stars"
"5755","Eukaryota","Arthropoda","Copepoda","Poecilostomatoida","Oncaeidae","Oncaea","Oncaea sp.","Variable","Variable","Variable","Exoskeleton","Exoskeleton","Chitin + Calcium","Holoplanktonic","No","Parasitic or predatory copepods"
"5756","Eukaryota","Arthropoda","Malacostraca","Decapoda","Pisidae","Chorilia","Chorilia longipes","Variable","No","Variable","None","Exoskeleton","Calcite","Meroplanktonic","No","Crabs, lobsters, shrimp"
"5757","Eukaryota","Cnidaria","Hydrozoa","Anthoathecata","Pandeidae",NA,NA,"No","No","No","None","None","None","Benthic + Holoplanktonic","No","Colonial hydroids and small medusae"
"5759","Eukaryota","Arthropoda","Copepoda","Calanoida","Lucicutiidae","Lucicutia","Lucicutia flavicornis","Variable","Variable","Variable","Exoskeleton","Exoskeleton","Chitin + Calcium","Holoplanktonic","No","Copepods"
"5760","Eukaryota","Arthropoda","Malacostraca","Euphausiacea","Euphausiidae","Nyctiphanes","Nyctiphanes simplex","Variable","No","Variable","None","Exoskeleton","Chitin + Calcium","Holoplanktonic","No","Krill"
"5761","Eukaryota","Bryozoa","Gymnolaemata","Cheilostomatida","Membraniporidae","Membranipora","Membranipora villosa","Yes","Yes","Yes","External shell","External shell","Calcite","Meroplanktonic","No","Encrusting bryozoans"
"5762","Eukaryota","Arthropoda","Copepoda","Calanoida","Eucalanidae","Eucalanus","Eucalanus californicus","Variable","Variable","Variable","Exoskeleton","Exoskeleton","Chitin + Calcium","Holoplanktonic","No","Copepods"
"5763","Eukaryota","Arthropoda","Malacostraca","Euphausiacea","Euphausiidae","Hansarsia",NA,"Variable","No","Variable","None","Exoskeleton","Chitin + Calcium","Holoplanktonic","No","Krill"
"5764","Eukaryota","Arthropoda","Copepoda","Calanoida","Eucalanidae","Eucalanus","Eucalanus californicus","Variable","Variable","Variable","Exoskeleton","Exoskeleton","Chitin + Calcium","Holoplanktonic","No","Copepods"
"5765","Eukaryota","Arthropoda","Copepoda","Calanoida","Metridinidae",NA,NA,"Variable","Variable","Variable","Exoskeleton","Exoskeleton","Chitin + Calcium","Holoplanktonic","No","Copepods"
"5766","Eukaryota","Arthropoda","Ostracoda","Halocyprida","Halocyprididae","Conchoecia","Conchoecia magna","Variable","No","Variable","None","Exoskeleton","Chitin + Calcium","Holoplanktonic","No","Ostracods (seed shrimp)"
"5767","Eukaryota","Arthropoda","Copepoda","Calanoida","Metridinidae","Pleuromamma","Pleuromamma borealis","Variable","Variable","Variable","Exoskeleton","Exoskeleton","Chitin + Calcium","Holoplanktonic","No","Copepods"
"5768","Eukaryota","Arthropoda","Malacostraca","Decapoda","Pinnotheridae","Pinnixa","Pinnixa occidentalis","Variable","No","Variable","None","Exoskeleton","Calcite","Meroplanktonic","No","Crabs, lobsters, shrimp"
"5769","Eukaryota","Arthropoda","Copepoda","Calanoida","Acartiidae","Acartia","Acartia tonsa","Variable","Variable","Variable","Exoskeleton","Exoskeleton","Chitin + Calcium","Holoplanktonic","No","Copepods"
"5770","Eukaryota","Arthropoda","Copepoda","Calanoida","Eucalanidae","Eucalanus","Eucalanus californicus","Variable","Variable","Variable","Exoskeleton","Exoskeleton","Chitin + Calcium","Holoplanktonic","No","Copepods"
"5771","Eukaryota","Arthropoda","Copepoda","Calanoida","Eucalanidae","Eucalanus","Eucalanus californicus","Variable","Variable","Variable","Exoskeleton","Exoskeleton","Chitin + Calcium","Holoplanktonic","No","Copepods"
"5773","Eukaryota","Arthropoda","Copepoda","Calanoida","Eucalanidae","Eucalanus","Eucalanus californicus","Variable","Variable","Variable","Exoskeleton","Exoskeleton","Chitin + Calcium","Holoplanktonic","No","Copepods"
"5774","Eukaryota","Arthropoda","Copepoda","Calanoida","Eucalanidae",NA,NA,"Variable","Variable","Variable","Exoskeleton","Exoskeleton","Chitin + Calcium","Holoplanktonic","No","Copepods"
"5775","Eukaryota","Arthropoda","Copepoda","Calanoida","Eucalanidae","Eucalanus","Eucalanus californicus","Variable","Variable","Variable","Exoskeleton","Exoskeleton","Chitin + Calcium","Holoplanktonic","No","Copepods"
"5778","Eukaryota","Arthropoda","Malacostraca","Euphausiacea","Euphausiidae","Hansarsia",NA,"Variable","No","Variable","None","Exoskeleton","Chitin + Calcium","Holoplanktonic","No","Krill"
"5779","Eukaryota","Arthropoda","Copepoda","Calanoida","Eucalanidae","Eucalanus","Eucalanus californicus","Variable","Variable","Variable","Exoskeleton","Exoskeleton","Chitin + Calcium","Holoplanktonic","No","Copepods"
"5780","Eukaryota","Arthropoda","Copepoda","Poecilostomatoida","Oncaeidae","Oncaea","Oncaea scottodicarloi","Variable","Variable","Variable","Exoskeleton","Exoskeleton","Chitin + Calcium","Holoplanktonic","No","Parasitic or predatory copepods"
"5781","Eukaryota","Arthropoda","Malacostraca","Decapoda","Callianassidae",NA,NA,"Variable","No","Variable","None","Exoskeleton","Calcite","Meroplanktonic","No","Crabs, lobsters, shrimp"
"5782","Eukaryota","Arthropoda","Thecostraca","Balanomorpha","Balanidae","Balanus","Balanus trigonus","Yes","Yes","Yes","External shell","External shell","Calcite","Meroplanktonic","No","Barnacles"
"5785","Eukaryota","Arthropoda","Copepoda","Poecilostomatoida","Oncaeidae","Oncaea",NA,"Variable","Variable","Variable","Exoskeleton","Exoskeleton","Chitin + Calcium","Holoplanktonic","No","Parasitic or predatory copepods"
"5787","Eukaryota","Arthropoda","Malacostraca","Euphausiacea","Euphausiidae","Hansarsia",NA,"Variable","No","Variable","None","Exoskeleton","Chitin + Calcium","Holoplanktonic","No","Krill"
"5790","Eukaryota","Echinodermata","Echinoidea","Clypeasteroida","Dendrasteridae","Dendraster","Dendraster excentricus","Yes","Yes","Yes","Exoskeleton","Exoskeleton","Calcite","Meroplanktonic","No","Sand dollars"
"5793","Eukaryota","Arthropoda","Copepoda","Calanoida","Eucalanidae","Eucalanus","Eucalanus californicus","Variable","Variable","Variable","Exoskeleton","Exoskeleton","Chitin + Calcium","Holoplanktonic","No","Copepods"
"5794","Eukaryota","Chordata","Actinopteri","Myctophiformes","Myctophidae","Triphoturus","Triphoturus mexicanus","No","No","No","None","None","None","Meroplanktonic","No","Lanternfishes"
"5799","Eukaryota","Echinodermata","Echinoidea","Temnopleuroida","Toxopneustidae","Lytechinus","Lytechinus pictus","Yes","Yes","Yes","Internal skeleton","Exoskeleton","Calcite","Meroplanktonic","No","Short-spined sea urchins"
"5800","Eukaryota","Mollusca","Gastropoda","Nudibranchia","Goniodorididae",NA,NA,"Variable","Variable","No","External shell","None","Aragonite","Meroplanktonic","No","Shell-less sea slugs"
"5804","Eukaryota","Arthropoda","Copepoda","Poecilostomatoida","Oncaeidae","Oncaea","Oncaea sp.","Variable","Variable","Variable","Exoskeleton","Exoskeleton","Chitin + Calcium","Holoplanktonic","No","Parasitic or predatory copepods"
"5805","Eukaryota","Arthropoda","Ostracoda","Halocyprida","Halocyprididae",NA,NA,"Variable","No","Variable","None","Exoskeleton","Chitin + Calcium","Holoplanktonic","No","Ostracods (seed shrimp)"
"5808","Eukaryota","Cnidaria","Anthozoa","Scleralcyonacea","Anthoptilidae","Anthoptilum",NA,"Variable","No","Variable","None","Internal skeleton","Calcite","Meroplanktonic","No","Sea pens (sampled Scleralcyonacea lineages)"
"5810","Eukaryota","Arthropoda","Ostracoda","Halocyprida","Halocyprididae","Macrochoecilla","Macrochoecilla macrocheira","Variable","No","Variable","None","Exoskeleton","Chitin + Calcium","Holoplanktonic","No","Ostracods (seed shrimp)"
"5812","Eukaryota","Arthropoda","Copepoda","Poecilostomatoida","Oncaeidae","Oncaea","Oncaea sp.","Variable","Variable","Variable","Exoskeleton","Exoskeleton","Chitin + Calcium","Holoplanktonic","No","Parasitic or predatory copepods"
"5816","Eukaryota","Arthropoda","Copepoda","Poecilostomatoida","Oncaeidae","Oncaea","Oncaea sp.","Variable","Variable","Variable","Exoskeleton","Exoskeleton","Chitin + Calcium","Holoplanktonic","No","Parasitic or predatory copepods"
"5817","Eukaryota","Arthropoda","Copepoda","Calanoida","Candaciidae","Candacia","Candacia simplex","Variable","Variable","Variable","Exoskeleton","Exoskeleton","Chitin + Calcium","Holoplanktonic","No","Copepods"
"5821","Eukaryota","Arthropoda","Copepoda","Poecilostomatoida","Oncaeidae","Oncaea","Oncaea sp.","Variable","Variable","Variable","Exoskeleton","Exoskeleton","Chitin + Calcium","Holoplanktonic","No","Parasitic or predatory copepods"
"5823","Eukaryota","Arthropoda","Ostracoda","Halocyprida","Halocyprididae",NA,NA,"Variable","No","Variable","None","Exoskeleton","Chitin + Calcium","Holoplanktonic","No","Ostracods (seed shrimp)"
"5825","Eukaryota","Echinodermata","Ophiuroidea","Amphilepidida","Ophiotrichidae","Ophiothrix","Ophiothrix spiculata","Yes","Yes","Yes","Internal skeleton","Internal skeleton","Calcite","Meroplanktonic","No","Brittle stars"
"5828","Eukaryota","Arthropoda","Copepoda","Calanoida","Clausocalanidae",NA,NA,"Variable","Variable","Variable","Exoskeleton","Exoskeleton","Chitin + Calcium","Holoplanktonic","No","Copepods"
"5829","Eukaryota","Arthropoda","Thecostraca","Balanomorpha","Balanidae","Balanus","Balanus trigonus","Yes","Yes","Yes","External shell","External shell","Calcite","Meroplanktonic","No","Barnacles"
"5832","Eukaryota","Annelida","Polychaeta","Chaetopteridae","Chaetopteridae","Phyllochaetopterus","Phyllochaetopterus sp. 5 JM_2017","No","No","No","None","None","None","Benthic + Meroplanktonic","No","Tube-dwelling marine polychaetes"
"5833","Eukaryota","Porifera","Demospongiae","Poecilosclerida","Hymedesmiidae","Hemimycale",NA,"No","No","No","None","None","Silica","Benthic","No","Demosponges (benthic)"
"5836","Eukaryota","Arthropoda","Malacostraca","Decapoda","Palinuridae","Panulirus","Panulirus interruptus","Variable","No","Variable","None","Exoskeleton","Calcite","Meroplanktonic","No","Crabs, lobsters, shrimp"
"5838","Eukaryota","Arthropoda","Copepoda","Calanoida","Eucalanidae","Rhincalanus",NA,"Variable","Variable","Variable","Exoskeleton","Exoskeleton","Chitin + Calcium","Holoplanktonic","No","Copepods"
"5839","Eukaryota","Arthropoda","Copepoda","Calanoida","Eucalanidae","Eucalanus","Eucalanus californicus","Variable","Variable","Variable","Exoskeleton","Exoskeleton","Chitin + Calcium","Holoplanktonic","No","Copepods"
"5840","Eukaryota","Arthropoda","Copepoda","Calanoida","Eucalanidae","Eucalanus","Eucalanus californicus","Variable","Variable","Variable","Exoskeleton","Exoskeleton","Chitin + Calcium","Holoplanktonic","No","Copepods"
"5841","Eukaryota","Arthropoda","Copepoda","Calanoida","Eucalanidae","Eucalanus","Eucalanus californicus","Variable","Variable","Variable","Exoskeleton","Exoskeleton","Chitin + Calcium","Holoplanktonic","No","Copepods"
"5842","Eukaryota","Arthropoda","Copepoda","Calanoida","Euchaetidae","Euchaeta","Euchaeta marina","Variable","Variable","Variable","Exoskeleton","Exoskeleton","Chitin + Calcium","Holoplanktonic","No","Copepods"
"5843","Eukaryota","Arthropoda","Copepoda","Calanoida","Paracalanidae","Paracalanus","Paracalanus tropicus","Variable","Variable","Variable","Exoskeleton","Exoskeleton","Chitin + Calcium","Holoplanktonic","No","Copepods"
"5844","Eukaryota","Arthropoda","Copepoda","Calanoida","Calanidae",NA,NA,"Variable","Variable","Variable","Exoskeleton","Exoskeleton","Chitin + Calcium","Holoplanktonic","No","Copepods"
"5846","Eukaryota","Mollusca","Gastropoda","Pteropoda","Cliidae","Clio","Clio pyramidata","Yes","Yes","Yes","External shell","External shell","Aragonite","Holoplanktonic","No","Sea butterflies"
"5848","Eukaryota","Chordata","Actinopteri","Pleuronectiformes","Pleuronectidae","Parophrys","Parophrys vetulus","No","No","No","None","None","None","Meroplanktonic","No","Flatfishes (flounders, soles, halibut)"
"5850","Eukaryota","Arthropoda","Copepoda","Calanoida","Metridinidae","Pleuromamma","Pleuromamma borealis","Variable","Variable","Variable","Exoskeleton","Exoskeleton","Chitin + Calcium","Holoplanktonic","No","Copepods"
"5852","Eukaryota","Bryozoa","Gymnolaemata","Cheilostomatida","Membraniporidae","Membranipora","Membranipora villosa","Yes","Yes","Yes","External shell","External shell","Calcite","Meroplanktonic","No","Encrusting bryozoans"
"5853","Eukaryota","Arthropoda","Copepoda","Calanoida","Calanidae","Calanus","Calanus pacificus","Variable","Variable","Variable","Exoskeleton","Exoskeleton","Chitin + Calcium","Holoplanktonic","No","Copepods"
"5854","Eukaryota","Mollusca","Gastropoda","Pteropoda","Creseidae","Styliola","Styliola sp.","Yes","Yes","Yes","External shell","External shell","Aragonite","Holoplanktonic","No","Sea butterflies"
"5855","Eukaryota","Arthropoda","Malacostraca","Decapoda","Hippolytidae","Lysmata","Lysmata californica","Variable","No","Variable","None","Exoskeleton","Calcite","Meroplanktonic","No","Crabs, lobsters, shrimp"
"5856","Eukaryota","Arthropoda","Malacostraca","Decapoda","Hippolytidae",NA,NA,"Variable","No","Variable","None","Exoskeleton","Calcite","Meroplanktonic","No","Crabs, lobsters, shrimp"
"5860","Eukaryota","Arthropoda","Malacostraca","Euphausiacea","Euphausiidae","Hansarsia","Hansarsia difficilis","Variable","No","Variable","None","Exoskeleton","Chitin + Calcium","Holoplanktonic","No","Krill"
"5861","Eukaryota","Mollusca","Bivalvia","Adapedonta","Hiatellidae","Panopea","Panopea generosa","Yes","Yes","Yes","External shell","External shell","Aragonite/Calcite","Meroplanktonic","No","Burrowing clams"
"5863","Eukaryota","Echinodermata","Asteroidea","Paxillosida","Luidiidae","Luidia","Luidia foliolata","Variable","No","Yes","None","Internal skeleton","Calcite","Meroplanktonic","No","Starfish without suckers"
"5864","Eukaryota","Arthropoda","Ostracoda","Halocyprida","Halocyprididae","Porroecia","Porroecia spinirostris","Variable","No","Variable","None","Exoskeleton","Chitin + Calcium","Holoplanktonic","No","Ostracods (seed shrimp)"
"5865","Eukaryota","Arthropoda","Copepoda","Calanoida","Metridinidae","Pleuromamma","Pleuromamma borealis","Variable","Variable","Variable","Exoskeleton","Exoskeleton","Chitin + Calcium","Holoplanktonic","No","Copepods"
"5866","Eukaryota","Mollusca","Gastropoda","Littorinimorpha","Atlantidae","Atlanta","Atlanta sp. USNM IZ 1230636","Yes","Yes","Yes","External shell","External shell","Aragonite/Calcite","Meroplanktonic","No","Periwinkles and related snails"
"5869","Eukaryota","Echinodermata","Ophiuroidea","Amphilepidida","Amphiuridae","Amphiodia","Amphiodia cf_ urtica KSL_2016","Yes","Yes","Yes","Internal skeleton","Internal skeleton","Calcite","Meroplanktonic","No","Brittle stars"
"5870","Eukaryota","Echinodermata","Ophiuroidea","Amphilepidida","Ophionereidae","Ophionereis",NA,"Yes","Yes","Yes","Internal skeleton","Internal skeleton","Calcite","Meroplanktonic","No","Brittle stars"
"5871","Eukaryota","Arthropoda","Copepoda","Calanoida","Mecynoceridae","Mecynocera","Mecynocera clausi","Variable","Variable","Variable","Exoskeleton","Exoskeleton","Chitin + Calcium","Holoplanktonic","No","Copepods"
"5872","Eukaryota","Cnidaria","Hydrozoa","Siphonophorae","Diphyidae","Chelophyes","Chelophyes appendiculata","No","No","No","None","None","None","Holoplanktonic","No","Colonial hydrozoans (e.g., Portuguese man o' war)"
"5873","Eukaryota","Arthropoda","Copepoda","Calanoida","Calocalanidae","Calocalanus","Calocalanus styliremis","Variable","Variable","Variable","Exoskeleton","Exoskeleton","Chitin + Calcium","Holoplanktonic","No","Copepods"
"5874","Eukaryota","Mollusca","Gastropoda","Littorinimorpha","Pterotracheidae","Pterotrachea","Pterotrachea coronata","Yes","Yes","Yes","External shell","External shell","Aragonite/Calcite","Meroplanktonic","No","Periwinkles and related snails"
"5875","Eukaryota","Arthropoda","Copepoda","Calanoida","Heterorhabdidae","Heterorhabdus",NA,"Variable","Variable","Variable","Exoskeleton","Exoskeleton","Chitin + Calcium","Holoplanktonic","No","Copepods"
"5876","Eukaryota","Arthropoda","Copepoda","Poecilostomatoida","Oncaeidae","Oncaea","Oncaea sp.","Variable","Variable","Variable","Exoskeleton","Exoskeleton","Chitin + Calcium","Holoplanktonic","No","Parasitic or predatory copepods"
"5879","Eukaryota","Arthropoda","Copepoda","Calanoida","Eucalanidae","Rhincalanus","Rhincalanus nasutus","Variable","Variable","Variable","Exoskeleton","Exoskeleton","Chitin + Calcium","Holoplanktonic","No","Copepods"
"5880","Eukaryota","Echinodermata","Ophiuroidea","Amphilepidida","Amphiuridae",NA,NA,"Yes","Yes","Yes","Internal skeleton","Internal skeleton","Calcite","Meroplanktonic","No","Brittle stars"
"5881","Eukaryota","Arthropoda","Copepoda","Calanoida","Eucalanidae","Eucalanus","Eucalanus californicus","Variable","Variable","Variable","Exoskeleton","Exoskeleton","Chitin + Calcium","Holoplanktonic","No","Copepods"
"5886","Eukaryota","Arthropoda","Ostracoda","Halocyprida","Halocyprididae","Halocypris","Halocypris inflata","Variable","No","Variable","None","Exoskeleton","Chitin + Calcium","Holoplanktonic","No","Ostracods (seed shrimp)"
"5887","Eukaryota","Arthropoda","Copepoda","Calanoida","Eucalanidae","Eucalanus","Eucalanus californicus","Variable","Variable","Variable","Exoskeleton","Exoskeleton","Chitin + Calcium","Holoplanktonic","No","Copepods"
"5888","Eukaryota","Echinodermata","Ophiuroidea","Amphilepidida","Amphiuridae",NA,NA,"Yes","Yes","Yes","Internal skeleton","Internal skeleton","Calcite","Meroplanktonic","No","Brittle stars"
"5890","Eukaryota","Bryozoa","Gymnolaemata","Cheilostomatida","Membraniporidae","Membranipora","Membranipora villosa","Yes","Yes","Yes","External shell","External shell","Calcite","Meroplanktonic","No","Encrusting bryozoans"
"5891","Eukaryota","Arthropoda","Copepoda","Calanoida","Aetideidae",NA,NA,"Variable","Variable","Variable","Exoskeleton","Exoskeleton","Chitin + Calcium","Holoplanktonic","No","Copepods"
"5892","Eukaryota","Cnidaria","Hydrozoa","Leptothecata","Clytiidae","Clytia",NA,"No","No","No","None","None","None","Benthic + Holoplanktonic","No","Hydroids"
"5893","Eukaryota","Echinodermata","Ophiuroidea","Amphilepidida","Ophiotrichidae","Ophiothrix","Ophiothrix spiculata","Yes","Yes","Yes","Internal skeleton","Internal skeleton","Calcite","Meroplanktonic","No","Brittle stars"
"5896","Eukaryota","Arthropoda","Thecostraca","Balanomorpha","Balanidae","Balanus","Balanus trigonus","Yes","Yes","Yes","External shell","External shell","Calcite","Meroplanktonic","No","Barnacles"
"5897","Eukaryota","Arthropoda","Copepoda","Calanoida","Scolecitrichidae","Scolecithricella","Scolecithricella dentata","Variable","Variable","Variable","Exoskeleton","Exoskeleton","Chitin + Calcium","Holoplanktonic","No","Copepods"
"5898","Eukaryota","Arthropoda","Ostracoda","Halocyprida","Halocyprididae","Mikroconchoecia","Mikroconchoecia sp. USNM IZ 1448470","Variable","No","Variable","None","Exoskeleton","Chitin + Calcium","Holoplanktonic","No","Ostracods (seed shrimp)"
"5900","Eukaryota","Chordata","Actinopteri","Argentiniformes","Bathylagidae","Leuroglossus","Leuroglossus stilbius","No","No","No","None","None","None","Meroplanktonic","No","Deep-sea smelts and related fish"
"5901","Eukaryota","Annelida","Polychaeta","Terebellida","Terebellidae","Pista","Pista wui","Variable","Variable","Variable","External tube","External tube","None","Benthic + Meroplanktonic","No","Spaghetti worms (tube-building polychaetes)"
"5902","Eukaryota","Arthropoda","Copepoda","Calanoida","Calanidae","Calanus","Calanus pacificus","Variable","Variable","Variable","Exoskeleton","Exoskeleton","Chitin + Calcium","Holoplanktonic","No","Copepods"
"5904","Eukaryota","Arthropoda","Malacostraca","Euphausiacea","Euphausiidae",NA,NA,"Variable","No","Variable","None","Exoskeleton","Chitin + Calcium","Holoplanktonic","No","Krill"
"5909","Eukaryota","Arthropoda","Copepoda","Calanoida","Clausocalanidae","Clausocalanus","Clausocalanus jobei","Variable","Variable","Variable","Exoskeleton","Exoskeleton","Chitin + Calcium","Holoplanktonic","No","Copepods"
"5910","Eukaryota","Arthropoda","Copepoda","Poecilostomatoida","Corycaeidae","Farranula",NA,"Variable","Variable","Variable","Exoskeleton","Exoskeleton","Chitin + Calcium","Holoplanktonic","No","Parasitic or predatory copepods"
"5912","Eukaryota","Arthropoda","Malacostraca","Euphausiacea","Euphausiidae","Hansarsia","Hansarsia difficilis","Variable","No","Variable","None","Exoskeleton","Chitin + Calcium","Holoplanktonic","No","Krill"
"5915","Eukaryota","Arthropoda","Copepoda","Calanoida","Calocalanidae","Calocalanus",NA,"Variable","Variable","Variable","Exoskeleton","Exoskeleton","Chitin + Calcium","Holoplanktonic","No","Copepods"
"5917","Eukaryota","Arthropoda","Malacostraca","Decapoda","Alpheidae",NA,NA,"Variable","No","Variable","None","Exoskeleton","Calcite","Meroplanktonic","No","Crabs, lobsters, shrimp"
"5918","Eukaryota","Arthropoda","Malacostraca","Euphausiacea","Euphausiidae","Nyctiphanes","Nyctiphanes simplex","Variable","No","Variable","None","Exoskeleton","Chitin + Calcium","Holoplanktonic","No","Krill"
"5919","Eukaryota","Phoronida","Phoronidae","Phoronidae","Phoronidae","Phoronopsis",NA,"Yes","Yes","Yes","External tube","External tube","Chitin + Calcium","Meroplanktonic","No","Horseshoe worms (tube-dwelling lophophorates)"
"5920","Eukaryota","Arthropoda","Malacostraca","Decapoda","Blepharipodidae",NA,NA,"Variable","No","Variable","None","Exoskeleton","Calcite","Meroplanktonic","No","Crabs, lobsters, shrimp"
"5923","Eukaryota","Arthropoda","Thecostraca","Balanomorpha","Balanidae","Solidobalanus","Solidobalanus engbergi","Yes","Yes","Yes","External shell","External shell","Calcite","Meroplanktonic","No","Barnacles"
"5927","Eukaryota","Arthropoda","Copepoda","Poecilostomatoida","Oncaeidae","Oncaea","Oncaea sp.","Variable","Variable","Variable","Exoskeleton","Exoskeleton","Chitin + Calcium","Holoplanktonic","No","Parasitic or predatory copepods"
"5928","Eukaryota","Arthropoda","Thecostraca","Balanomorpha","Balanidae","Megabalanus","Megabalanus californicus","Yes","Yes","Yes","External shell","External shell","Calcite","Meroplanktonic","No","Barnacles"
"5929","Eukaryota","Arthropoda","Copepoda","Calanoida","Calanidae","Calanus","Calanus pacificus","Variable","Variable","Variable","Exoskeleton","Exoskeleton","Chitin + Calcium","Holoplanktonic","No","Copepods"
"5931","Eukaryota","Arthropoda","Copepoda","Poecilostomatoida","Oncaeidae","Oncaea","Oncaea sp.","Variable","Variable","Variable","Exoskeleton","Exoskeleton","Chitin + Calcium","Holoplanktonic","No","Parasitic or predatory copepods"
"5932","Eukaryota","Arthropoda","Malacostraca","Euphausiacea","Euphausiidae",NA,NA,"Variable","No","Variable","None","Exoskeleton","Chitin + Calcium","Holoplanktonic","No","Krill"
"5934","Eukaryota","Echinodermata","Ophiuroidea","Amphilepidida","Ophiactidae","Ophiopholis","Ophiopholis sp. EAC01","Yes","Yes","Yes","Internal skeleton","Internal skeleton","Calcite","Meroplanktonic","No","Brittle stars"
"5936","Eukaryota","Annelida","Polychaeta","Phyllodocida","Pholoidae","Pholoides","Pholoides asperus","No","No","No","None","None","None","Benthic + Meroplanktonic","No","Active marine polychaetes"
"5938","Eukaryota","Arthropoda","Malacostraca","Euphausiacea","Euphausiidae",NA,NA,"Variable","No","Variable","None","Exoskeleton","Chitin + Calcium","Holoplanktonic","No","Krill"
"5939","Eukaryota","Arthropoda","Malacostraca","Euphausiacea","Euphausiidae","Hansarsia","Hansarsia difficilis","Variable","No","Variable","None","Exoskeleton","Chitin + Calcium","Holoplanktonic","No","Krill"
"5941","Eukaryota","Arthropoda","Thecostraca","Balanomorpha","Balanidae","Solidobalanus","Solidobalanus engbergi","Yes","Yes","Yes","External shell","External shell","Calcite","Meroplanktonic","No","Barnacles"
"5943","Eukaryota","Echinodermata","Ophiuroidea","Amphilepidida","Amphiuridae","Amphipholis","Amphipholis pugetana","Yes","Yes","Yes","Internal skeleton","Internal skeleton","Calcite","Meroplanktonic","No","Brittle stars"
"5944","Eukaryota","Arthropoda","Ostracoda","Halocyprida","Halocyprididae","Conchoecetta","Conchoecetta giesbrechti","Variable","No","Variable","None","Exoskeleton","Chitin + Calcium","Holoplanktonic","No","Ostracods (seed shrimp)"
"5946","Eukaryota","Arthropoda","Copepoda","Calanoida","Aetideidae",NA,NA,"Variable","Variable","Variable","Exoskeleton","Exoskeleton","Chitin + Calcium","Holoplanktonic","No","Copepods"
"5947","Eukaryota","Arthropoda","Malacostraca","Decapoda","Callianassidae",NA,NA,"Variable","No","Variable","None","Exoskeleton","Calcite","Meroplanktonic","No","Crabs, lobsters, shrimp"
"5948","Eukaryota","Echinodermata","Ophiuroidea","Amphilepidida","Ophiactidae","Ophiactis","Ophiactis simplex","Yes","Yes","Yes","Internal skeleton","Internal skeleton","Calcite","Meroplanktonic","No","Brittle stars"
"5949","Eukaryota","Mollusca","Cephalopoda","Octopoda","Octopodidae","Octopus","Octopus bimaculatus","Variable","Yes","No","Statoliths","None","Aragonite","Meroplanktonic","No","Octopi"
"5951","Eukaryota","Arthropoda","Copepoda","Calanoida","Euchaetidae","Euchaeta","Euchaeta marina","Variable","Variable","Variable","Exoskeleton","Exoskeleton","Chitin + Calcium","Holoplanktonic","No","Copepods"
"5955","Eukaryota","Arthropoda","Copepoda","Poecilostomatoida","Oncaeidae","Oncaea","Oncaea sp.","Variable","Variable","Variable","Exoskeleton","Exoskeleton","Chitin + Calcium","Holoplanktonic","No","Parasitic or predatory copepods"
"5958","Eukaryota","Arthropoda","Copepoda","Calanoida","Pontellidae",NA,NA,"Variable","Variable","Variable","Exoskeleton","Exoskeleton","Chitin + Calcium","Holoplanktonic","No","Copepods"
"5962","Eukaryota","Arthropoda","Malacostraca","Euphausiacea","Euphausiidae","Nyctiphanes","Nyctiphanes simplex","Variable","No","Variable","None","Exoskeleton","Chitin + Calcium","Holoplanktonic","No","Krill"
"5963","Eukaryota","Arthropoda","Ostracoda","Halocyprida","Halocyprididae","Conchoecetta","Conchoecetta giesbrechti","Variable","No","Variable","None","Exoskeleton","Chitin + Calcium","Holoplanktonic","No","Ostracods (seed shrimp)"
"5964","Eukaryota","Arthropoda","Copepoda","Calanoida","Calanidae",NA,NA,"Variable","Variable","Variable","Exoskeleton","Exoskeleton","Chitin + Calcium","Holoplanktonic","No","Copepods"
"5965","Eukaryota","Arthropoda","Copepoda","Calanoida","Eucalanidae","Rhincalanus","Rhincalanus nasutus","Variable","Variable","Variable","Exoskeleton","Exoskeleton","Chitin + Calcium","Holoplanktonic","No","Copepods"
"5966","Eukaryota","Arthropoda","Copepoda","Calanoida","Eucalanidae","Eucalanus","Eucalanus californicus","Variable","Variable","Variable","Exoskeleton","Exoskeleton","Chitin + Calcium","Holoplanktonic","No","Copepods"
"5968","Eukaryota","Arthropoda","Copepoda","Calanoida","Heterorhabdidae",NA,NA,"Variable","Variable","Variable","Exoskeleton","Exoskeleton","Chitin + Calcium","Holoplanktonic","No","Copepods"
"5969","Eukaryota","Arthropoda","Copepoda","Calanoida","Calanidae","Neocalanus","Neocalanus gracilis","Variable","Variable","Variable","Exoskeleton","Exoskeleton","Chitin + Calcium","Holoplanktonic","No","Copepods"
"5977","Eukaryota","Arthropoda","Copepoda","Calanoida","Metridinidae","Pleuromamma","Pleuromamma abdominalis","Variable","Variable","Variable","Exoskeleton","Exoskeleton","Chitin + Calcium","Holoplanktonic","No","Copepods"
"5979","Eukaryota","Arthropoda","Ostracoda","Halocyprida","Halocyprididae","Discoconchoecia",NA,"Variable","No","Variable","None","Exoskeleton","Chitin + Calcium","Holoplanktonic","No","Ostracods (seed shrimp)"
"5980","Eukaryota","Arthropoda","Copepoda","Calanoida","Pontellidae",NA,NA,"Variable","Variable","Variable","Exoskeleton","Exoskeleton","Chitin + Calcium","Holoplanktonic","No","Copepods"
"5981","Eukaryota","Mollusca","Bivalvia","Mytilida","Modiolidae",NA,NA,"Yes","Yes","Yes","External shell","External shell","Aragonite/Calcite","Meroplanktonic","No","Mussels"
"5984","Eukaryota","Arthropoda","Malacostraca","Decapoda","Cancridae","Romaleon",NA,"Variable","No","Variable","None","Exoskeleton","Calcite","Meroplanktonic","No","Crabs, lobsters, shrimp"
"5986","Eukaryota","Arthropoda","Copepoda","Calanoida","Euchaetidae","Euchaeta","Euchaeta marina","Variable","Variable","Variable","Exoskeleton","Exoskeleton","Chitin + Calcium","Holoplanktonic","No","Copepods"
"5987","Eukaryota","Mollusca","Gastropoda","Pteropoda","Creseidae","Styliola",NA,"Yes","Yes","Yes","External shell","External shell","Aragonite","Holoplanktonic","No","Sea butterflies"
"5989","Eukaryota","Arthropoda","Copepoda","Calanoida","Candaciidae","Candacia","Candacia bipinnata","Variable","Variable","Variable","Exoskeleton","Exoskeleton","Chitin + Calcium","Holoplanktonic","No","Copepods"
"5995","Eukaryota","Arthropoda","Thecostraca","Balanomorpha","Chthamalidae","Chthamalus","Chthamalus fissus","Yes","Yes","Yes","External shell","External shell","Calcite","Meroplanktonic","No","Barnacles"
"5996","Eukaryota","Bryozoa","Gymnolaemata","Cheilostomatida","Membraniporidae","Membranipora","Membranipora villosa","Yes","Yes","Yes","External shell","External shell","Calcite","Meroplanktonic","No","Encrusting bryozoans"
"5997","Eukaryota","Arthropoda","Copepoda","Poecilostomatoida","Oncaeidae","Oncaea","Oncaea sp.","Variable","Variable","Variable","Exoskeleton","Exoskeleton","Chitin + Calcium","Holoplanktonic","No","Parasitic or predatory copepods"
"5999","Eukaryota","Arthropoda","Copepoda","Calanoida","Calanidae","Calanus","Calanus pacificus","Variable","Variable","Variable","Exoskeleton","Exoskeleton","Chitin + Calcium","Holoplanktonic","No","Copepods"
"6000","Eukaryota","Arthropoda","Ostracoda","Halocyprida","Halocyprididae","Proceroecia","Proceroecia procera","Variable","No","Variable","None","Exoskeleton","Chitin + Calcium","Holoplanktonic","No","Ostracods (seed shrimp)"
"6004","Eukaryota","Arthropoda","Ostracoda","Halocyprida","Halocyprididae","Discoconchoecia","Discoconchoecia sp. S8_D6","Variable","No","Variable","None","Exoskeleton","Chitin + Calcium","Holoplanktonic","No","Ostracods (seed shrimp)"
"6007","Eukaryota","Chordata","Actinopteri","Myctophiformes","Myctophidae","Stenobrachius","Stenobrachius leucopsarus","No","No","No","None","None","None","Meroplanktonic","No","Lanternfishes"
"6009","Eukaryota","Arthropoda","Copepoda","Poecilostomatoida","Oncaeidae","Oncaea","Oncaea sp.","Variable","Variable","Variable","Exoskeleton","Exoskeleton","Chitin + Calcium","Holoplanktonic","No","Parasitic or predatory copepods"
"6010","Eukaryota","Chaetognatha","Sagittoidea","Aphragmophora","Sagittidae","Flaccisagitta",NA,"No","No","No","None","None","None","Holoplanktonic","No","Chaetognaths (arrow worms)"
"6014","Eukaryota","Arthropoda","Copepoda","Poecilostomatoida","Oncaeidae","Oncaea","Oncaea sp.","Variable","Variable","Variable","Exoskeleton","Exoskeleton","Chitin + Calcium","Holoplanktonic","No","Parasitic or predatory copepods"
"6016","Eukaryota","Arthropoda","Copepoda","Calanoida","Eucalanidae","Rhincalanus","Rhincalanus nasutus","Variable","Variable","Variable","Exoskeleton","Exoskeleton","Chitin + Calcium","Holoplanktonic","No","Copepods"
"6018","Eukaryota","Arthropoda","Malacostraca","Decapoda","Homolidae",NA,NA,"Variable","No","Variable","None","Exoskeleton","Calcite","Meroplanktonic","No","Crabs, lobsters, shrimp"
"6019","Eukaryota","Arthropoda","Malacostraca","Decapoda","Hippolytidae","Eualus",NA,"Variable","No","Variable","None","Exoskeleton","Calcite","Meroplanktonic","No","Crabs, lobsters, shrimp"
"6020","Eukaryota","Bryozoa","Gymnolaemata","Cheilostomatida","Membraniporidae",NA,NA,"Yes","Yes","Yes","External shell","External shell","Calcite","Meroplanktonic","No","Encrusting bryozoans"
"6029","Eukaryota","Echinodermata","Echinoidea","Temnopleuroida","Toxopneustidae","Lytechinus","Lytechinus pictus","Yes","Yes","Yes","Internal skeleton","Exoskeleton","Calcite","Meroplanktonic","No","Short-spined sea urchins"
"6030","Eukaryota","Echinodermata","Ophiuroidea","Amphilepidida","Ophiotrichidae","Ophiothrix","Ophiothrix spiculata","Yes","Yes","Yes","Internal skeleton","Internal skeleton","Calcite","Meroplanktonic","No","Brittle stars"
"6032","Eukaryota","Arthropoda","Copepoda","Calanoida","Eucalanidae","Rhincalanus",NA,"Variable","Variable","Variable","Exoskeleton","Exoskeleton","Chitin + Calcium","Holoplanktonic","No","Copepods"
"6033","Eukaryota","Arthropoda","Ostracoda","Halocyprida","Halocyprididae","Discoconchoecia",NA,"Variable","No","Variable","None","Exoskeleton","Chitin + Calcium","Holoplanktonic","No","Ostracods (seed shrimp)"
"6034","Eukaryota","Cnidaria","Hydrozoa","Anthoathecata","Pandeidae",NA,NA,"No","No","No","None","None","None","Benthic + Holoplanktonic","No","Colonial hydroids and small medusae"
"6035","Eukaryota","Arthropoda","Malacostraca","Euphausiacea","Euphausiidae","Hansarsia",NA,"Variable","No","Variable","None","Exoskeleton","Chitin + Calcium","Holoplanktonic","No","Krill"
"6036","Eukaryota","Echinodermata","Ophiuroidea","Amphilepidida","Ophiotrichidae","Ophiothrix",NA,"Yes","Yes","Yes","Internal skeleton","Internal skeleton","Calcite","Meroplanktonic","No","Brittle stars"
"6037","Eukaryota","Arthropoda","Malacostraca","Euphausiacea","Euphausiidae",NA,NA,"Variable","No","Variable","None","Exoskeleton","Chitin + Calcium","Holoplanktonic","No","Krill"
"6039","Eukaryota","Arthropoda","Copepoda","Calanoida","Eucalanidae","Rhincalanus","Rhincalanus nasutus","Variable","Variable","Variable","Exoskeleton","Exoskeleton","Chitin + Calcium","Holoplanktonic","No","Copepods"
"6042","Eukaryota","Arthropoda","Ostracoda","Halocyprida","Halocyprididae",NA,NA,"Variable","No","Variable","None","Exoskeleton","Chitin + Calcium","Holoplanktonic","No","Ostracods (seed shrimp)"
"6043","Eukaryota","Arthropoda","Copepoda","Calanoida","Eucalanidae","Eucalanus","Eucalanus californicus","Variable","Variable","Variable","Exoskeleton","Exoskeleton","Chitin + Calcium","Holoplanktonic","No","Copepods"
"6044","Eukaryota","Arthropoda","Malacostraca","Decapoda","Pilumnidae",NA,NA,"Variable","No","Variable","None","Exoskeleton","Calcite","Meroplanktonic","No","Crabs, lobsters, shrimp"
"6045","Eukaryota","Arthropoda","Copepoda","Poecilostomatoida","Oncaeidae","Oncaea","Oncaea sp.","Variable","Variable","Variable","Exoskeleton","Exoskeleton","Chitin + Calcium","Holoplanktonic","No","Parasitic or predatory copepods"
"6046","Eukaryota","Mollusca","Bivalvia","Mytilida","Modiolidae","Modiolus",NA,"Yes","Yes","Yes","External shell","External shell","Aragonite/Calcite","Meroplanktonic","No","Mussels"
"6053","Eukaryota","Echinodermata","Ophiuroidea","Amphilepidida","Ophiocomidae","Ophiopteris","Ophiopteris papillosa","Yes","Yes","Yes","Internal skeleton","Internal skeleton","Calcite","Meroplanktonic","No","Brittle stars"
"6056","Eukaryota","Arthropoda","Copepoda","Calanoida","Aetideidae",NA,NA,"Variable","Variable","Variable","Exoskeleton","Exoskeleton","Chitin + Calcium","Holoplanktonic","No","Copepods"
"6058","Eukaryota","Chordata","Actinopteri","Pleuronectiformes","Cyclopsettidae","Citharichthys","Citharichthys stigmaeus","No","No","No","None","None","None","Meroplanktonic","No","Flatfishes (flounders, soles, halibut)"
"6059","Eukaryota","Mollusca","Cephalopoda","Myopsida","Loliginidae","Doryteuthis","Doryteuthis opalescens","Variable","Yes","No","Statoliths","None","Aragonite","Meroplanktonic","No","Coastal squid"
"6061","Eukaryota","Arthropoda","Ostracoda","Halocyprida","Halocyprididae",NA,NA,"Variable","No","Variable","None","Exoskeleton","Chitin + Calcium","Holoplanktonic","No","Ostracods (seed shrimp)"
"6064","Eukaryota","Echinodermata","Ophiuroidea","Amphilepidida","Amphiuridae","Amphiodia",NA,"Yes","Yes","Yes","Internal skeleton","Internal skeleton","Calcite","Meroplanktonic","No","Brittle stars"
"6065","Eukaryota","Arthropoda","Copepoda","Calanoida","Lucicutiidae","Lucicutia","Lucicutia flavicornis","Variable","Variable","Variable","Exoskeleton","Exoskeleton","Chitin + Calcium","Holoplanktonic","No","Copepods"
"6066","Eukaryota","Echinodermata","Ophiuroidea","Amphilepidida","Amphiuridae","Amphiodia","Amphiodia cf_ urtica EAC_2010","Yes","Yes","Yes","Internal skeleton","Internal skeleton","Calcite","Meroplanktonic","No","Brittle stars"
"6069","Eukaryota","Mollusca","Gastropoda","Cephalaspidea","Philinidae",NA,NA,"Variable","Yes","Yes","External shell","External shell","Aragonite","Meroplanktonic","No","Bubble snails"
"6071","Eukaryota","Arthropoda","Malacostraca","Euphausiacea","Euphausiidae","Thysanoessa","Thysanoessa spinifera","Variable","No","Variable","None","Exoskeleton","Chitin + Calcium","Holoplanktonic","No","Krill"
"6072","Eukaryota","Arthropoda","Ostracoda","Halocyprida","Halocyprididae","Proceroecia","Proceroecia procera","Variable","No","Variable","None","Exoskeleton","Chitin + Calcium","Holoplanktonic","No","Ostracods (seed shrimp)"
"6073","Eukaryota","Arthropoda","Ostracoda","Halocyprida","Halocyprididae","Conchoecia","Conchoecia magna","Variable","No","Variable","None","Exoskeleton","Chitin + Calcium","Holoplanktonic","No","Ostracods (seed shrimp)"
"6074","Eukaryota","Cnidaria","Hydrozoa","Leptothecata","Obeliidae","Obelia","Obelia dichotoma","No","No","No","None","None","None","Benthic + Holoplanktonic","No","Hydroids"
"6079","Eukaryota","Arthropoda","Copepoda","Calanoida","Paracalanidae","Paracalanus","Paracalanus tropicus","Variable","Variable","Variable","Exoskeleton","Exoskeleton","Chitin + Calcium","Holoplanktonic","No","Copepods"
"6084","Eukaryota","Arthropoda","Copepoda","Calanoida","Eucalanidae","Rhincalanus","Rhincalanus nasutus","Variable","Variable","Variable","Exoskeleton","Exoskeleton","Chitin + Calcium","Holoplanktonic","No","Copepods"
"6090","Eukaryota","Nemertea","Palaeonemertea","Tubulaniformes","Tubulanidae",NA,NA,"No","No","No","None","None","None","Benthic + Meroplanktonic","No","Unsegmented ribbon worms (nemerteans)"
"6094","Eukaryota","Nemertea","Palaeonemertea","Tubulaniformes","Tubulanidae","Carinina","Carinina chocolata","No","No","No","None","None","None","Benthic + Meroplanktonic","No","Unsegmented ribbon worms (nemerteans)"
"6095","Eukaryota","Arthropoda","Copepoda","Calanoida","Scolecitrichidae","Scolecithrix","Scolecithrix danae","Variable","Variable","Variable","Exoskeleton","Exoskeleton","Chitin + Calcium","Holoplanktonic","No","Copepods"
"6098","Eukaryota","Arthropoda","Copepoda","Calanoida","Calanidae","Mesocalanus","Mesocalanus tenuicornis","Variable","Variable","Variable","Exoskeleton","Exoskeleton","Chitin + Calcium","Holoplanktonic","No","Copepods"
"6102","Eukaryota","Arthropoda","Ostracoda","Halocyprida","Halocyprididae","Conchoecetta","Conchoecetta giesbrechti","Variable","No","Variable","None","Exoskeleton","Chitin + Calcium","Holoplanktonic","No","Ostracods (seed shrimp)"
"6103","Eukaryota","Chaetognatha","Sagittoidea","Aphragmophora","Sagittidae","Pseudosagitta","Pseudosagitta maxima","No","No","No","None","None","None","Holoplanktonic","No","Chaetognaths (arrow worms)"
"6104","Eukaryota","Arthropoda","Copepoda","Calanoida","Eucalanidae","Rhincalanus",NA,"Variable","Variable","Variable","Exoskeleton","Exoskeleton","Chitin + Calcium","Holoplanktonic","No","Copepods"
"6105","Eukaryota","Arthropoda","Ostracoda","Halocyprida","Halocyprididae","Conchoecia","Conchoecia magna","Variable","No","Variable","None","Exoskeleton","Chitin + Calcium","Holoplanktonic","No","Ostracods (seed shrimp)"
"6106","Eukaryota","Arthropoda","Ostracoda","Halocyprida","Halocyprididae",NA,NA,"Variable","No","Variable","None","Exoskeleton","Chitin + Calcium","Holoplanktonic","No","Ostracods (seed shrimp)"
"6107","Eukaryota","Cnidaria","Hydrozoa","Anthoathecata","Pandeidae","Leuckartiara","Leuckartiara longicalcar","No","No","No","None","None","None","Benthic + Holoplanktonic","No","Colonial hydroids and small medusae"
"6110","Eukaryota","Arthropoda","Copepoda","Calanoida","Eucalanidae","Eucalanus","Eucalanus californicus","Variable","Variable","Variable","Exoskeleton","Exoskeleton","Chitin + Calcium","Holoplanktonic","No","Copepods"
"6111","Eukaryota","Arthropoda","Copepoda","Calanoida","Metridinidae","Pleuromamma","Pleuromamma abdominalis","Variable","Variable","Variable","Exoskeleton","Exoskeleton","Chitin + Calcium","Holoplanktonic","No","Copepods"
"6114","Eukaryota","Arthropoda","Ostracoda","Halocyprida","Halocyprididae","Conchoecia","Conchoecia magna","Variable","No","Variable","None","Exoskeleton","Chitin + Calcium","Holoplanktonic","No","Ostracods (seed shrimp)"
"6115","Eukaryota","Arthropoda","Copepoda","Calanoida","Eucalanidae","Eucalanus","Eucalanus californicus","Variable","Variable","Variable","Exoskeleton","Exoskeleton","Chitin + Calcium","Holoplanktonic","No","Copepods"
"6117","Eukaryota","Arthropoda","Malacostraca","Euphausiacea","Euphausiidae","Euphausia","Euphausia pacifica","Variable","No","Variable","None","Exoskeleton","Chitin + Calcium","Holoplanktonic","No","Krill"
"6119","Eukaryota","Arthropoda","Thecostraca","Balanomorpha","Chthamalidae","Chthamalus","Chthamalus fissus","Yes","Yes","Yes","External shell","External shell","Calcite","Meroplanktonic","No","Barnacles"
"6120","Eukaryota","Arthropoda","Malacostraca","Euphausiacea","Euphausiidae","Nyctiphanes","Nyctiphanes simplex","Variable","No","Variable","None","Exoskeleton","Chitin + Calcium","Holoplanktonic","No","Krill"
"6121","Eukaryota","Annelida","Polychaeta","Phyllodocida","Phyllodocidae",NA,NA,"No","No","No","None","None","None","Benthic + Meroplanktonic","No","Active marine polychaetes"
"6122","Eukaryota","Arthropoda","Malacostraca","Decapoda","Pisidae","Chorilia","Chorilia longipes","Variable","No","Variable","None","Exoskeleton","Calcite","Meroplanktonic","No","Crabs, lobsters, shrimp"
"6123","Eukaryota","Cnidaria","Hydrozoa","Trachymedusae","Rhopalonematidae","Rhopalonema","Rhopalonema velatum","No","No","No","None","None","None","Holoplanktonic","No","Deep-sea jellyfish"
"6125","Eukaryota","Cnidaria","Hydrozoa","Leptothecata","Campanulariidae",NA,NA,"No","No","No","None","None","None","Benthic + Holoplanktonic","No","Hydroids"
"6127","Eukaryota","Cnidaria","Hydrozoa","Anthoathecata","Bythotiaridae",NA,NA,"No","No","No","None","None","None","Benthic + Holoplanktonic","No","Colonial hydroids and small medusae"
"6128","Eukaryota","Arthropoda","Ostracoda","Halocyprida","Halocyprididae","Porroecia","Porroecia spinirostris","Variable","No","Variable","None","Exoskeleton","Chitin + Calcium","Holoplanktonic","No","Ostracods (seed shrimp)"
"6131","Eukaryota","Chordata","Actinopteri","Argentiniformes","Bathylagidae","Leuroglossus","Leuroglossus stilbius","No","No","No","None","None","None","Meroplanktonic","No","Deep-sea smelts and related fish"
"6132","Eukaryota","Arthropoda","Malacostraca","Decapoda","Pinnotheridae","Pinnixa","Pinnixa franciscana","Variable","No","Variable","None","Exoskeleton","Calcite","Meroplanktonic","No","Crabs, lobsters, shrimp"
"6133","Eukaryota","Arthropoda","Copepoda","Calanoida","Aetideidae",NA,NA,"Variable","Variable","Variable","Exoskeleton","Exoskeleton","Chitin + Calcium","Holoplanktonic","No","Copepods"
"6134","Eukaryota","Cnidaria","Hydrozoa","Anthoathecata","Pandeidae","Leuckartiara","Leuckartiara longicalcar","No","No","No","None","None","None","Benthic + Holoplanktonic","No","Colonial hydroids and small medusae"
"6135","Eukaryota","Arthropoda","Malacostraca","Decapoda","Blepharipodidae",NA,NA,"Variable","No","Variable","None","Exoskeleton","Calcite","Meroplanktonic","No","Crabs, lobsters, shrimp"
"6136","Eukaryota","Arthropoda","Thecostraca","Balanomorpha","Chthamalidae","Chthamalus","Chthamalus fissus","Yes","Yes","Yes","External shell","External shell","Calcite","Meroplanktonic","No","Barnacles"
"6138","Eukaryota","Cnidaria","Hydrozoa","Anthoathecata","Pandeidae","Halitholus","Halitholus sp. PS_2018","No","No","No","None","None","None","Benthic + Holoplanktonic","No","Colonial hydroids and small medusae"
"6139","Eukaryota","Mollusca","Bivalvia","Mytilida","Modiolidae",NA,NA,"Yes","Yes","Yes","External shell","External shell","Aragonite/Calcite","Meroplanktonic","No","Mussels"
"6140","Eukaryota","Mollusca","Gastropoda","Neogastropoda","Olividae","Callianax","Callianax biplicata","Yes","Yes","Yes","External shell","External shell","Aragonite/Calcite","Meroplanktonic","No","Whelks and predatory snails"
"6141","Eukaryota","Arthropoda","Malacostraca","Decapoda","Cancridae",NA,NA,"Variable","No","Variable","None","Exoskeleton","Calcite","Meroplanktonic","No","Crabs, lobsters, shrimp"
"6142","Eukaryota","Arthropoda","Copepoda","Calanoida","Eucalanidae",NA,NA,"Variable","Variable","Variable","Exoskeleton","Exoskeleton","Chitin + Calcium","Holoplanktonic","No","Copepods"
"6148","Eukaryota","Nemertea","Palaeonemertea","Archinemertea","Cephalotrichidae",NA,NA,"No","No","No","None","None","None","Benthic + Meroplanktonic","No","Ribbon worms (marine benthic)"
"6150","Eukaryota","Arthropoda","Copepoda","Calanoida","Eucalanidae","Eucalanus","Eucalanus californicus","Variable","Variable","Variable","Exoskeleton","Exoskeleton","Chitin + Calcium","Holoplanktonic","No","Copepods"
"6153","Eukaryota","Arthropoda","Malacostraca","Decapoda","Callianassidae",NA,NA,"Variable","No","Variable","None","Exoskeleton","Calcite","Meroplanktonic","No","Crabs, lobsters, shrimp"
"6157","Eukaryota","Arthropoda","Copepoda","Calanoida","Eucalanidae","Rhincalanus",NA,"Variable","Variable","Variable","Exoskeleton","Exoskeleton","Chitin + Calcium","Holoplanktonic","No","Copepods"
"6160","Eukaryota","Arthropoda","Copepoda","Calanoida","Candaciidae","Candacia","Candacia bipinnata","Variable","Variable","Variable","Exoskeleton","Exoskeleton","Chitin + Calcium","Holoplanktonic","No","Copepods"
"6161","Eukaryota","Bryozoa","Gymnolaemata","Cheilostomatida","Membraniporidae","Membranipora","Membranipora villosa","Yes","Yes","Yes","External shell","External shell","Calcite","Meroplanktonic","No","Encrusting bryozoans"
"6164","Eukaryota","Arthropoda","Copepoda","Calanoida","Aetideidae",NA,NA,"Variable","Variable","Variable","Exoskeleton","Exoskeleton","Chitin + Calcium","Holoplanktonic","No","Copepods"
"6165","Eukaryota","Bryozoa","Gymnolaemata","Cheilostomatida","Membraniporidae","Membranipora","Membranipora villosa","Yes","Yes","Yes","External shell","External shell","Calcite","Meroplanktonic","No","Encrusting bryozoans"
"6166","Eukaryota","Arthropoda","Copepoda","Calanoida","Metridinidae","Pleuromamma","Pleuromamma gracilis","Variable","Variable","Variable","Exoskeleton","Exoskeleton","Chitin + Calcium","Holoplanktonic","No","Copepods"
"6169","Eukaryota","Cnidaria","Anthozoa","Actiniaria","Actiniidae","Bunodactis",NA,"No","No","No","None","None","None","Benthic + Meroplanktonic","No","Sea anemones"
"6170","Eukaryota","Arthropoda","Ostracoda","Halocyprida","Halocyprididae","Paraconchoecia","Paraconchoecia oblonga","Variable","No","Variable","None","Exoskeleton","Chitin + Calcium","Holoplanktonic","No","Ostracods (seed shrimp)"
"6171","Eukaryota","Arthropoda","Copepoda","Calanoida","Scolecitrichidae","Scolecithricella","Scolecithricella dentata","Variable","Variable","Variable","Exoskeleton","Exoskeleton","Chitin + Calcium","Holoplanktonic","No","Copepods"
"6172","Eukaryota","Arthropoda","Thecostraca","Pollicipedomorpha","Pollicipedidae","Pollicipes","Pollicipes polymerus","Variable","Variable","Yes","Exoskeleton","Exoskeleton","Chitin + Calcium","Meroplanktonic","No","Stalked barnacles"
"6175","Eukaryota","Arthropoda","Copepoda","Calanoida","Calanidae",NA,NA,"Variable","Variable","Variable","Exoskeleton","Exoskeleton","Chitin + Calcium","Holoplanktonic","No","Copepods"
"6177","Eukaryota","Mollusca","Gastropoda","Pteropoda","Creseidae","Styliola","Styliola sp.","Yes","Yes","Yes","External shell","External shell","Aragonite","Holoplanktonic","No","Sea butterflies"
"6178","Eukaryota","Mollusca","Gastropoda","Epitoniidae","Epitoniidae","Epitonium",NA,"Yes","Yes","Yes","External shell","External shell","Aragonite","Meroplanktonic","No","Wentletraps (small predatory snails)"
"6181","Eukaryota","Bryozoa","Gymnolaemata","Cheilostomatida","Membraniporidae",NA,NA,"Yes","Yes","Yes","External shell","External shell","Calcite","Meroplanktonic","No","Encrusting bryozoans"
"6189","Eukaryota","Arthropoda","Copepoda","Calanoida","Pontellidae","Labidocera","Labidocera trispinosa","Variable","Variable","Variable","Exoskeleton","Exoskeleton","Chitin + Calcium","Holoplanktonic","No","Copepods"
"6190","Eukaryota","Arthropoda","Copepoda","Calanoida","Acartiidae","Acartia","Acartia tonsa","Variable","Variable","Variable","Exoskeleton","Exoskeleton","Chitin + Calcium","Holoplanktonic","No","Copepods"
"6194","Eukaryota","Arthropoda","Malacostraca","Euphausiacea","Euphausiidae","Hansarsia",NA,"Variable","No","Variable","None","Exoskeleton","Chitin + Calcium","Holoplanktonic","No","Krill"
"6195","Eukaryota","Arthropoda","Malacostraca","Euphausiacea","Euphausiidae","Hansarsia","Hansarsia difficilis","Variable","No","Variable","None","Exoskeleton","Chitin + Calcium","Holoplanktonic","No","Krill"
"6197","Eukaryota","Arthropoda","Copepoda","Calanoida","Calocalanidae","Calocalanus","Calocalanus sp. 1 AC_2013","Variable","Variable","Variable","Exoskeleton","Exoskeleton","Chitin + Calcium","Holoplanktonic","No","Copepods"
"6204","Eukaryota","Arthropoda","Copepoda","Poecilostomatoida","Oncaeidae","Oncaea","Oncaea sp.","Variable","Variable","Variable","Exoskeleton","Exoskeleton","Chitin + Calcium","Holoplanktonic","No","Parasitic or predatory copepods"
"6207","Eukaryota","Mollusca","Gastropoda","Pteropoda","Cliidae","Clio","Clio pyramidata","Yes","Yes","Yes","External shell","External shell","Aragonite","Holoplanktonic","No","Sea butterflies"
"6209","Eukaryota","Arthropoda","Copepoda","Calanoida","Eucalanidae","Eucalanus","Eucalanus californicus","Variable","Variable","Variable","Exoskeleton","Exoskeleton","Chitin + Calcium","Holoplanktonic","No","Copepods"
"6211","Eukaryota","Arthropoda","Copepoda","Calanoida","Metridinidae","Pleuromamma","Pleuromamma abdominalis","Variable","Variable","Variable","Exoskeleton","Exoskeleton","Chitin + Calcium","Holoplanktonic","No","Copepods"
"6212","Eukaryota","Echinodermata","Ophiuroidea","Amphilepidida","Amphiuridae","Amphiodia","Amphiodia cf_ urtica EAC_2010","Yes","Yes","Yes","Internal skeleton","Internal skeleton","Calcite","Meroplanktonic","No","Brittle stars"
"6215","Eukaryota","Arthropoda","Thecostraca","Lepadidae","Lepadidae",NA,NA,"Yes","Variable","Yes","External shell","External shell","Chitin + Calcium","Meroplanktonic","No","Goose barnacles"
"6216","Eukaryota","Chordata","Actinopteri","Stomiiformes","Sternoptychidae","Argyropelecus","Argyropelecus affinis","No","No","No","None","None","None","Meroplanktonic","No","Deep-sea fishes (e.g., dragonfishes)"
"6217","Eukaryota","Arthropoda","Copepoda","Calanoida","Eucalanidae","Eucalanus","Eucalanus californicus","Variable","Variable","Variable","Exoskeleton","Exoskeleton","Chitin + Calcium","Holoplanktonic","No","Copepods"
"6218","Eukaryota","Arthropoda","Malacostraca","Euphausiacea","Euphausiidae","Hansarsia","Hansarsia difficilis","Variable","No","Variable","None","Exoskeleton","Chitin + Calcium","Holoplanktonic","No","Krill"
"6222","Eukaryota","Arthropoda","Malacostraca","Euphausiacea","Euphausiidae","Nyctiphanes","Nyctiphanes simplex","Variable","No","Variable","None","Exoskeleton","Chitin + Calcium","Holoplanktonic","No","Krill"
"6223","Eukaryota","Arthropoda","Copepoda","Calanoida","Pontellidae","Labidocera","Labidocera trispinosa","Variable","Variable","Variable","Exoskeleton","Exoskeleton","Chitin + Calcium","Holoplanktonic","No","Copepods"
"6224","Eukaryota","Arthropoda","Copepoda","Calanoida","Metridinidae",NA,NA,"Variable","Variable","Variable","Exoskeleton","Exoskeleton","Chitin + Calcium","Holoplanktonic","No","Copepods"
"6225","Eukaryota","Cnidaria","Hydrozoa","Leptothecata","Obeliidae",NA,NA,"No","No","No","None","None","None","Benthic + Holoplanktonic","No","Hydroids"
"6226","Eukaryota","Annelida","Polychaeta","Phyllodocida","Polynoidae",NA,NA,"No","No","No","None","None","None","Benthic + Meroplanktonic","No","Active marine polychaetes"
"6227","Eukaryota","Mollusca","Gastropoda","Pteropoda","Creseidae","Styliola",NA,"Yes","Yes","Yes","External shell","External shell","Aragonite","Holoplanktonic","No","Sea butterflies"
"6229","Eukaryota","Arthropoda","Copepoda","Calanoida","Metridinidae","Pleuromamma","Pleuromamma gracilis","Variable","Variable","Variable","Exoskeleton","Exoskeleton","Chitin + Calcium","Holoplanktonic","No","Copepods"
"6230","Eukaryota","Arthropoda","Malacostraca","Euphausiacea","Euphausiidae",NA,NA,"Variable","No","Variable","None","Exoskeleton","Chitin + Calcium","Holoplanktonic","No","Krill"
"6231","Eukaryota","Arthropoda","Malacostraca","Euphausiacea","Euphausiidae","Euphausia","Euphausia recurva","Variable","No","Variable","None","Exoskeleton","Chitin + Calcium","Holoplanktonic","No","Krill"
"6232","Eukaryota","Arthropoda","Copepoda","Poecilostomatoida","Oncaeidae","Oncaea","Oncaea sp.","Variable","Variable","Variable","Exoskeleton","Exoskeleton","Chitin + Calcium","Holoplanktonic","No","Parasitic or predatory copepods"
"6233","Eukaryota","Annelida","Polychaeta","Spionida","Spionidae",NA,NA,"No","No","No","None","None","None","Benthic + Meroplanktonic","No","Marine worms (sediment burrowers)"
"6235","Eukaryota","Arthropoda","Copepoda","Calanoida","Candaciidae","Candacia","Candacia curta","Variable","Variable","Variable","Exoskeleton","Exoskeleton","Chitin + Calcium","Holoplanktonic","No","Copepods"
"6238","Eukaryota","Cnidaria","Hydrozoa","Leptothecata","Lovenellidae",NA,NA,"No","No","No","None","None","None","Benthic + Holoplanktonic","No","Hydroids"
"6239","Eukaryota","Mollusca","Gastropoda","Limapontiidae","Limapontiidae",NA,NA,"Variable","Variable","No","External shell","None","Aragonite","Meroplanktonic","No","Sap-sucking sea slugs"
"6241","Eukaryota","Annelida","Polychaeta","Sabellida","Sabellariidae","Phragmatopoma","Phragmatopoma californica","Variable","Variable","Variable","External tube","External tube","Aragonite","Benthic + Meroplanktonic","No","Fan worms and feather duster worms"
"6243","Eukaryota","Arthropoda","Copepoda","Calanoida","Metridinidae","Pleuromamma","Pleuromamma gracilis","Variable","Variable","Variable","Exoskeleton","Exoskeleton","Chitin + Calcium","Holoplanktonic","No","Copepods"
"6244","Eukaryota","Arthropoda","Copepoda","Poecilostomatoida","Oncaeidae","Oncaea","Oncaea sp.","Variable","Variable","Variable","Exoskeleton","Exoskeleton","Chitin + Calcium","Holoplanktonic","No","Parasitic or predatory copepods"
"6247","Eukaryota","Arthropoda","Malacostraca","Euphausiacea","Euphausiidae","Stylocheiron",NA,"Variable","No","Variable","None","Exoskeleton","Chitin + Calcium","Holoplanktonic","No","Krill"
"6249","Eukaryota","Echinodermata","Echinoidea","Spatangoida","Brissidae","Brissopsis",NA,"Yes","Yes","Yes","Internal skeleton","Exoskeleton","Calcite","Meroplanktonic","No","Heart urchins"
"6257","Eukaryota","Annelida","Polychaeta","Terebellida","Flabelligeridae","Poeobius","Poeobius meseres","Variable","Variable","Variable","External tube","External tube","None","Benthic + Meroplanktonic","No","Spaghetti worms (tube-building polychaetes)"
"6258","Eukaryota","Annelida","Polychaeta","Eunicida","Onuphidae","Diopatra","Diopatra ornata","No","No","No","None","None","None","Benthic + Meroplanktonic","No","Marine bristle worms (polychaetes)"
"6261","Eukaryota","Arthropoda","Malacostraca","Decapoda","Hippolytidae",NA,NA,"Variable","No","Variable","None","Exoskeleton","Calcite","Meroplanktonic","No","Crabs, lobsters, shrimp"
"6268","Eukaryota","Mollusca","Gastropoda","Pteropoda","Creseidae","Styliola",NA,"Yes","Yes","Yes","External shell","External shell","Aragonite","Holoplanktonic","No","Sea butterflies"
"6269","Eukaryota","Annelida","Polychaeta","Spionida","Spionidae",NA,NA,"No","No","No","None","None","None","Benthic + Meroplanktonic","No","Marine worms (sediment burrowers)"
"6270","Eukaryota","Bryozoa","Gymnolaemata","Cheilostomatida","Membraniporidae","Membranipora","Membranipora villosa","Yes","Yes","Yes","External shell","External shell","Calcite","Meroplanktonic","No","Encrusting bryozoans"
"6274","Eukaryota","Annelida","Polychaeta","Phyllodocida","Phyllodocidae",NA,NA,"No","No","No","None","None","None","Benthic + Meroplanktonic","No","Active marine polychaetes"
"6275","Eukaryota","Arthropoda","Malacostraca","Decapoda","Munididae","Antillimunida","Antillimunida bapensis","Variable","No","Variable","None","Exoskeleton","Calcite","Meroplanktonic","No","Crabs, lobsters, shrimp"
"6279","Eukaryota","Annelida","Polychaeta","Terebellida","Flabelligeridae","Poeobius","Poeobius meseres","Variable","Variable","Variable","External tube","External tube","None","Benthic + Meroplanktonic","No","Spaghetti worms (tube-building polychaetes)"
"6280","Eukaryota","Echinodermata","Ophiuroidea","Amphilepidida","Amphiuridae","Amphiodia",NA,"Yes","Yes","Yes","Internal skeleton","Internal skeleton","Calcite","Meroplanktonic","No","Brittle stars"
"6281","Eukaryota","Arthropoda","Copepoda","Calanoida","Calanidae",NA,NA,"Variable","Variable","Variable","Exoskeleton","Exoskeleton","Chitin + Calcium","Holoplanktonic","No","Copepods"
"6282","Eukaryota","Arthropoda","Ostracoda","Halocyprida","Halocyprididae","Porroecia","Porroecia spinirostris","Variable","No","Variable","None","Exoskeleton","Chitin + Calcium","Holoplanktonic","No","Ostracods (seed shrimp)"
"6284","Eukaryota","Arthropoda","Copepoda","Calanoida","Metridinidae","Pleuromamma","Pleuromamma abdominalis","Variable","Variable","Variable","Exoskeleton","Exoskeleton","Chitin + Calcium","Holoplanktonic","No","Copepods"
"6285","Eukaryota","Arthropoda","Copepoda","Calanoida","Calocalanidae","Calocalanus","Calocalanus styliremis","Variable","Variable","Variable","Exoskeleton","Exoskeleton","Chitin + Calcium","Holoplanktonic","No","Copepods"
"6286","Eukaryota","Arthropoda","Malacostraca","Euphausiacea","Euphausiidae","Euphausia","Euphausia pacifica","Variable","No","Variable","None","Exoskeleton","Chitin + Calcium","Holoplanktonic","No","Krill"
"6287","Eukaryota","Arthropoda","Copepoda","Calanoida","Clausocalanidae","Clausocalanus","Clausocalanus arcuicornis","Variable","Variable","Variable","Exoskeleton","Exoskeleton","Chitin + Calcium","Holoplanktonic","No","Copepods"
"6288","Eukaryota","Arthropoda","Copepoda","Calanoida","Calocalanidae","Calocalanus",NA,"Variable","Variable","Variable","Exoskeleton","Exoskeleton","Chitin + Calcium","Holoplanktonic","No","Copepods"
"6292","Eukaryota","Arthropoda","Copepoda","Poecilostomatoida","Oncaeidae","Oncaea","Oncaea sp.","Variable","Variable","Variable","Exoskeleton","Exoskeleton","Chitin + Calcium","Holoplanktonic","No","Parasitic or predatory copepods"
"6293","Eukaryota","Arthropoda","Copepoda","Poecilostomatoida","Oncaeidae","Oncaea","Oncaea sp.","Variable","Variable","Variable","Exoskeleton","Exoskeleton","Chitin + Calcium","Holoplanktonic","No","Parasitic or predatory copepods"
"6295","Eukaryota","Arthropoda","Malacostraca","Decapoda","Pinnotheridae","Pinnixa","Pinnixa occidentalis","Variable","No","Variable","None","Exoskeleton","Calcite","Meroplanktonic","No","Crabs, lobsters, shrimp"
"6300","Eukaryota","Arthropoda","Copepoda","Calanoida","Eucalanidae","Eucalanus","Eucalanus californicus","Variable","Variable","Variable","Exoskeleton","Exoskeleton","Chitin + Calcium","Holoplanktonic","No","Copepods"
"6302","Eukaryota","Arthropoda","Copepoda","Calanoida","Eucalanidae",NA,NA,"Variable","Variable","Variable","Exoskeleton","Exoskeleton","Chitin + Calcium","Holoplanktonic","No","Copepods"
"6303","Eukaryota","Echinodermata","Asteroidea","Forcipulatida","Asteriidae","Stylasterias","Stylasterias forreri","Yes","Yes","Yes","Internal skeleton","Internal skeleton","Calcite","Meroplanktonic","No","Starfish"
"6305","Eukaryota","Annelida","Polychaeta","Phyllodocida","Alciopidae",NA,NA,"No","No","No","None","None","None","Benthic + Meroplanktonic","No","Active marine polychaetes"
"6306","Eukaryota","Arthropoda","Copepoda","Calanoida","Eucalanidae","Eucalanus","Eucalanus californicus","Variable","Variable","Variable","Exoskeleton","Exoskeleton","Chitin + Calcium","Holoplanktonic","No","Copepods"
"6308","Eukaryota","Echinodermata","Ophiuroidea","Amphilepidida","Ophiactidae","Ophiopholis","Ophiopholis sp. EAC01","Yes","Yes","Yes","Internal skeleton","Internal skeleton","Calcite","Meroplanktonic","No","Brittle stars"
"6311","Eukaryota","Annelida","Polychaeta","Chaetopteridae","Chaetopteridae","Phyllochaetopterus","Phyllochaetopterus sp. 5 JM_2017","No","No","No","None","None","None","Benthic + Meroplanktonic","No","Tube-dwelling marine polychaetes"
"6312","Eukaryota","Arthropoda","Copepoda","Calanoida","Eucalanidae","Rhincalanus",NA,"Variable","Variable","Variable","Exoskeleton","Exoskeleton","Chitin + Calcium","Holoplanktonic","No","Copepods"
"6314","Eukaryota","Arthropoda","Malacostraca","Euphausiacea","Euphausiidae","Euphausia","Euphausia gibboides","Variable","No","Variable","None","Exoskeleton","Chitin + Calcium","Holoplanktonic","No","Krill"
"6315","Eukaryota","Arthropoda","Thecostraca","Balanomorpha","Balanidae","Solidobalanus","Solidobalanus engbergi","Yes","Yes","Yes","External shell","External shell","Calcite","Meroplanktonic","No","Barnacles"
"6317","Eukaryota","Arthropoda","Malacostraca","Euphausiacea","Euphausiidae","Nyctiphanes","Nyctiphanes simplex","Variable","No","Variable","None","Exoskeleton","Chitin + Calcium","Holoplanktonic","No","Krill"
"6319","Eukaryota","Arthropoda","Malacostraca","Decapoda","Pinnotheridae","Pinnixa","Pinnixa occidentalis","Variable","No","Variable","None","Exoskeleton","Calcite","Meroplanktonic","No","Crabs, lobsters, shrimp"
"6320","Eukaryota","Mollusca","Gastropoda","Nudibranchia","Triopha","Triopha","Triopha catalinae","Variable","Variable","No","External shell","None","Aragonite","Meroplanktonic","No","Shell-less sea slugs"
"6322","Eukaryota","Mollusca","Bivalvia","Adapedonta","Hiatellidae","Panopea","Panopea generosa","Yes","Yes","Yes","External shell","External shell","Aragonite/Calcite","Meroplanktonic","No","Burrowing clams"
"6323","Eukaryota","Arthropoda","Malacostraca","Decapoda","Panopeidae",NA,NA,"Variable","No","Variable","None","Exoskeleton","Calcite","Meroplanktonic","No","Crabs, lobsters, shrimp"
"6326","Eukaryota","Arthropoda","Malacostraca","Euphausiacea","Euphausiidae","Hansarsia",NA,"Variable","No","Variable","None","Exoskeleton","Chitin + Calcium","Holoplanktonic","No","Krill"
"6327","Eukaryota","Arthropoda","Copepoda","Calanoida","Eucalanidae","Eucalanus","Eucalanus californicus","Variable","Variable","Variable","Exoskeleton","Exoskeleton","Chitin + Calcium","Holoplanktonic","No","Copepods"
"6328","Eukaryota","Chordata","Actinopteri","Argentiniformes","Bathylagidae","Lipolagus","Lipolagus ochotensis","No","No","No","None","None","None","Meroplanktonic","No","Deep-sea smelts and related fish"
"6329","Eukaryota","Arthropoda","Copepoda","Poecilostomatoida","Oncaeidae","Oncaea","Oncaea sp.","Variable","Variable","Variable","Exoskeleton","Exoskeleton","Chitin + Calcium","Holoplanktonic","No","Parasitic or predatory copepods"
"6330","Eukaryota","Arthropoda","Copepoda","Calanoida","Metridinidae","Pleuromamma","Pleuromamma borealis","Variable","Variable","Variable","Exoskeleton","Exoskeleton","Chitin + Calcium","Holoplanktonic","No","Copepods"
"6331","Eukaryota","Arthropoda","Malacostraca","Decapoda","Axiidae","Calocarides","Calocarides spinulicauda","Variable","No","Variable","None","Exoskeleton","Calcite","Meroplanktonic","No","Crabs, lobsters, shrimp"
"6332","Eukaryota","Arthropoda","Malacostraca","Decapoda","Cancridae",NA,NA,"Variable","No","Variable","None","Exoskeleton","Calcite","Meroplanktonic","No","Crabs, lobsters, shrimp"
"6334","Eukaryota","Mollusca","Gastropoda","Littorinimorpha","Naticidae",NA,NA,"Yes","Yes","Yes","External shell","External shell","Aragonite/Calcite","Meroplanktonic","No","Periwinkles and related snails"
"6340","Eukaryota","Arthropoda","Malacostraca","Euphausiacea","Euphausiidae",NA,NA,"Variable","No","Variable","None","Exoskeleton","Chitin + Calcium","Holoplanktonic","No","Krill"
"6344","Eukaryota","Arthropoda","Malacostraca","Euphausiacea","Euphausiidae","Hansarsia","Hansarsia difficilis","Variable","No","Variable","None","Exoskeleton","Chitin + Calcium","Holoplanktonic","No","Krill"
"6345","Eukaryota","Arthropoda","Copepoda","Calanoida","Eucalanidae","Rhincalanus",NA,"Variable","Variable","Variable","Exoskeleton","Exoskeleton","Chitin + Calcium","Holoplanktonic","No","Copepods"
"6348","Eukaryota","Arthropoda","Copepoda","Calanoida","Mecynoceridae","Mecynocera","Mecynocera clausi","Variable","Variable","Variable","Exoskeleton","Exoskeleton","Chitin + Calcium","Holoplanktonic","No","Copepods"
"6350","Eukaryota","Arthropoda","Malacostraca","Euphausiacea","Euphausiidae","Nyctiphanes","Nyctiphanes simplex","Variable","No","Variable","None","Exoskeleton","Chitin + Calcium","Holoplanktonic","No","Krill"
"6351","Eukaryota","Arthropoda","Malacostraca","Euphausiacea","Euphausiidae","Nyctiphanes","Nyctiphanes simplex","Variable","No","Variable","None","Exoskeleton","Chitin + Calcium","Holoplanktonic","No","Krill"
"6356","Eukaryota","Arthropoda","Malacostraca","Euphausiacea","Euphausiidae","Euphausia","Euphausia pacifica","Variable","No","Variable","None","Exoskeleton","Chitin + Calcium","Holoplanktonic","No","Krill"
"6358","Eukaryota","Arthropoda","Copepoda","Calanoida","Aetideidae",NA,NA,"Variable","Variable","Variable","Exoskeleton","Exoskeleton","Chitin + Calcium","Holoplanktonic","No","Copepods"
"6359","Eukaryota","Arthropoda","Copepoda","Calanoida","Acartiidae","Acartia","Acartia tonsa","Variable","Variable","Variable","Exoskeleton","Exoskeleton","Chitin + Calcium","Holoplanktonic","No","Copepods"
"6361","Eukaryota","Arthropoda","Copepoda","Calanoida","Clausocalanidae","Clausocalanus","Clausocalanus jobei","Variable","Variable","Variable","Exoskeleton","Exoskeleton","Chitin + Calcium","Holoplanktonic","No","Copepods"
"6362","Eukaryota","Chordata","Actinopteri","Perciformes","Serranidae","Paralabrax","Paralabrax nebulifer","No","No","No","None","None","None","Meroplanktonic","No","Perch-like fishes (most diverse fish group)"
"6364","Eukaryota","Arthropoda","Thecostraca","Balanomorpha","Balanidae","Megabalanus","Megabalanus californicus","Yes","Yes","Yes","External shell","External shell","Calcite","Meroplanktonic","No","Barnacles"
"6368","Eukaryota","Arthropoda","Malacostraca","Decapoda","Hippidae","Emerita","Emerita analoga","Variable","No","Variable","None","Exoskeleton","Calcite","Meroplanktonic","No","Crabs, lobsters, shrimp"
"6369","Eukaryota","Arthropoda","Thecostraca","Balanomorpha","Chthamalidae","Chthamalus","Chthamalus dalli","Yes","Yes","Yes","External shell","External shell","Calcite","Meroplanktonic","No","Barnacles"
"6371","Eukaryota","Arthropoda","Ostracoda","Halocyprida","Halocyprididae","Mikroconchoecia","Mikroconchoecia sp. USNM IZ 1448470","Variable","No","Variable","None","Exoskeleton","Chitin + Calcium","Holoplanktonic","No","Ostracods (seed shrimp)"
"6372","Eukaryota","Arthropoda","Ostracoda","Halocyprida","Halocyprididae","Proceroecia","Proceroecia procera","Variable","No","Variable","None","Exoskeleton","Chitin + Calcium","Holoplanktonic","No","Ostracods (seed shrimp)"
"6374","Eukaryota","Annelida","Polychaeta","Chaetopteridae","Chaetopteridae","Phyllochaetopterus","Phyllochaetopterus sp. 5 JM_2017","No","No","No","None","None","None","Benthic + Meroplanktonic","No","Tube-dwelling marine polychaetes"
"6376","Eukaryota","Mollusca","Gastropoda","Pteropoda","Cliidae","Clio","Clio pyramidata","Yes","Yes","Yes","External shell","External shell","Aragonite","Holoplanktonic","No","Sea butterflies"
"6381","Eukaryota","Arthropoda","Copepoda","Calanoida","Calocalanidae","Calocalanus",NA,"Variable","Variable","Variable","Exoskeleton","Exoskeleton","Chitin + Calcium","Holoplanktonic","No","Copepods"
"6384","Eukaryota","Arthropoda","Malacostraca","Decapoda","Munididae","Antillimunida","Antillimunida bapensis","Variable","No","Variable","None","Exoskeleton","Calcite","Meroplanktonic","No","Crabs, lobsters, shrimp"
"6387","Eukaryota","Bryozoa","Gymnolaemata","Cheilostomatida","Membraniporidae","Membranipora","Membranipora villosa","Yes","Yes","Yes","External shell","External shell","Calcite","Meroplanktonic","No","Encrusting bryozoans"
"6388","Eukaryota","Arthropoda","Copepoda","Calanoida","Calanidae","Neocalanus","Neocalanus gracilis","Variable","Variable","Variable","Exoskeleton","Exoskeleton","Chitin + Calcium","Holoplanktonic","No","Copepods"
"6391","Eukaryota","Mollusca","Gastropoda","Nudibranchia","Discodorididae","Peltodoris","Peltodoris nobilis","Variable","Variable","No","External shell","None","Aragonite","Meroplanktonic","No","Shell-less sea slugs"
"6392","Eukaryota","Arthropoda","Thecostraca","Balanomorpha","Chthamalidae","Chthamalus","Chthamalus fissus","Yes","Yes","Yes","External shell","External shell","Calcite","Meroplanktonic","No","Barnacles"
"6394","Eukaryota","Arthropoda","Copepoda","Calanoida","Calocalanidae",NA,NA,"Variable","Variable","Variable","Exoskeleton","Exoskeleton","Chitin + Calcium","Holoplanktonic","No","Copepods"
"6396","Eukaryota","Arthropoda","Malacostraca","Decapoda","Inachoididae",NA,NA,"Variable","No","Variable","None","Exoskeleton","Calcite","Meroplanktonic","No","Crabs, lobsters, shrimp"
"6397","Eukaryota","Arthropoda","Malacostraca","Decapoda","Pinnotheridae",NA,NA,"Variable","No","Variable","None","Exoskeleton","Calcite","Meroplanktonic","No","Crabs, lobsters, shrimp"
"6398","Eukaryota","Arthropoda","Copepoda","Calanoida","Eucalanidae","Eucalanus","Eucalanus californicus","Variable","Variable","Variable","Exoskeleton","Exoskeleton","Chitin + Calcium","Holoplanktonic","No","Copepods"
"6399","Eukaryota","Arthropoda","Malacostraca","Decapoda","Paguridae",NA,NA,"Variable","No","Variable","None","Exoskeleton","Calcite","Meroplanktonic","No","Crabs, lobsters, shrimp"
"6406","Eukaryota","Arthropoda","Malacostraca","Decapoda","Hippolytidae",NA,NA,"Variable","No","Variable","None","Exoskeleton","Calcite","Meroplanktonic","No","Crabs, lobsters, shrimp"
"6407","Eukaryota","Arthropoda","Copepoda","Calanoida","Mecynoceridae","Mecynocera","Mecynocera clausi","Variable","Variable","Variable","Exoskeleton","Exoskeleton","Chitin + Calcium","Holoplanktonic","No","Copepods"
"6408","Eukaryota","Echinodermata","Asteroidea","Valvatida","Asterinidae","Patiria","Patiria miniata","Variable","No","Yes","None","Internal skeleton","Calcite","Meroplanktonic","No","Sea stars"
"6409","Eukaryota","Arthropoda","Copepoda","Calanoida","Calanidae","Neocalanus",NA,"Variable","Variable","Variable","Exoskeleton","Exoskeleton","Chitin + Calcium","Holoplanktonic","No","Copepods"
"6412","Eukaryota","Arthropoda","Thecostraca","Balanomorpha","Chthamalidae","Chthamalus","Chthamalus fissus","Yes","Yes","Yes","External shell","External shell","Calcite","Meroplanktonic","No","Barnacles"
"6413","Eukaryota","Chordata","Actinopteri","Clupeiformes","Engraulidae","Engraulis","Engraulis mordax","No","No","No","None","None","None","Meroplanktonic","No","Anchovies and herrings"
"6414","Eukaryota","Mollusca","Gastropoda","Littorinimorpha","Hydrobiidae",NA,NA,"Yes","Yes","Yes","External shell","External shell","Aragonite/Calcite","Meroplanktonic","No","Periwinkles and related snails"
"6416","Eukaryota","Arthropoda","Malacostraca","Euphausiacea","Euphausiidae","Hansarsia",NA,"Variable","No","Variable","None","Exoskeleton","Chitin + Calcium","Holoplanktonic","No","Krill"
"6419","Eukaryota","Echinodermata","Ophiuroidea","Amphilepidida","Ophiocomidae","Ophiopteris","Ophiopteris papillosa","Yes","Yes","Yes","Internal skeleton","Internal skeleton","Calcite","Meroplanktonic","No","Brittle stars"
"6421","Eukaryota","Arthropoda","Malacostraca","Euphausiacea","Euphausiidae",NA,NA,"Variable","No","Variable","None","Exoskeleton","Chitin + Calcium","Holoplanktonic","No","Krill"
"6423","Eukaryota","Arthropoda","Copepoda","Calanoida","Eucalanidae","Eucalanus",NA,"Variable","Variable","Variable","Exoskeleton","Exoskeleton","Chitin + Calcium","Holoplanktonic","No","Copepods"
"6424","Eukaryota","Mollusca","Gastropoda","Neogastropoda","Olividae","Callianax","Callianax biplicata","Yes","Yes","Yes","External shell","External shell","Aragonite/Calcite","Meroplanktonic","No","Whelks and predatory snails"
"6425","Eukaryota","Arthropoda","Malacostraca","Decapoda","Blepharipodidae",NA,NA,"Variable","No","Variable","None","Exoskeleton","Calcite","Meroplanktonic","No","Crabs, lobsters, shrimp"
"6428","Eukaryota","Cnidaria","Hydrozoa","Trachymedusae","Halicreatidae",NA,NA,"No","No","No","None","None","None","Holoplanktonic","No","Deep-sea jellyfish"
"6430","Eukaryota","Cnidaria","Hydrozoa","Siphonophorae","Sphaeronectidae","Sphaeronectes",NA,"No","No","No","None","None","None","Holoplanktonic","No","Colonial hydrozoans (e.g., Portuguese man o' war)"
"6431","Eukaryota","Annelida","Polychaeta","Phyllodocida","Phyllodocidae",NA,NA,"No","No","No","None","None","None","Benthic + Meroplanktonic","No","Active marine polychaetes"
"6432","Eukaryota","Arthropoda","Copepoda","Calanoida","Aetideidae",NA,NA,"Variable","Variable","Variable","Exoskeleton","Exoskeleton","Chitin + Calcium","Holoplanktonic","No","Copepods"
"6446","Eukaryota","Echinodermata","Asteroidea","Paxillosida","Luidiidae","Luidia","Luidia foliolata","Variable","No","Yes","None","Internal skeleton","Calcite","Meroplanktonic","No","Starfish without suckers"
"6447","Eukaryota","Annelida","Sipuncula","Phascolosomatiformes","Phascolosomatidae","Phascolosoma","Phascolosoma agassizii","No","No","No","None","None","None","Benthic + Meroplanktonic","No","Peanut worms (marine unsegmented worms)"
"6449","Eukaryota","Arthropoda","Malacostraca","Euphausiacea","Euphausiidae","Euphausia","Euphausia pacifica","Variable","No","Variable","None","Exoskeleton","Chitin + Calcium","Holoplanktonic","No","Krill"
"6450","Eukaryota","Mollusca","Gastropoda","Nudibranchia","Glaucidae","Hermissenda","Hermissenda opalescens","Variable","Variable","No","External shell","None","Aragonite","Meroplanktonic","No","Shell-less sea slugs"
"6452","Eukaryota","Cnidaria","Hydrozoa","Siphonophorae","Diphyidae","Lensia","Lensia conoidea","No","No","No","None","None","None","Holoplanktonic","No","Colonial hydrozoans (e.g., Portuguese man o' war)"
"6456","Eukaryota","Arthropoda","Copepoda","Calanoida","Mecynoceridae","Mecynocera","Mecynocera clausi","Variable","Variable","Variable","Exoskeleton","Exoskeleton","Chitin + Calcium","Holoplanktonic","No","Copepods"
"6457","Eukaryota","Annelida","Polychaeta","Phyllodocida","Phyllodocidae",NA,NA,"No","No","No","None","None","None","Benthic + Meroplanktonic","No","Active marine polychaetes"
"6458","Eukaryota","Arthropoda","Copepoda","Calanoida","Clausocalanidae","Clausocalanus","Clausocalanus mastigophorus","Variable","Variable","Variable","Exoskeleton","Exoskeleton","Chitin + Calcium","Holoplanktonic","No","Copepods"
"6463","Eukaryota","Arthropoda","Copepoda","Calanoida","Scolecitrichidae","Scolecithricella",NA,"Variable","Variable","Variable","Exoskeleton","Exoskeleton","Chitin + Calcium","Holoplanktonic","No","Copepods"
"6470","Eukaryota","Echinodermata","Asteroidea","Paxillosida","Astropectinidae","Astropecten",NA,"Variable","No","Yes","None","Internal skeleton","Calcite","Meroplanktonic","No","Starfish without suckers"
"6472","Eukaryota","Arthropoda","Copepoda","Calanoida","Eucalanidae","Eucalanus","Eucalanus californicus","Variable","Variable","Variable","Exoskeleton","Exoskeleton","Chitin + Calcium","Holoplanktonic","No","Copepods"
"6478","Eukaryota","Arthropoda","Copepoda","Calanoida","Calocalanidae","Calocalanus",NA,"Variable","Variable","Variable","Exoskeleton","Exoskeleton","Chitin + Calcium","Holoplanktonic","No","Copepods"
"6479","Eukaryota","Echinodermata","Asteroidea","Paxillosida","Luidiidae","Luidia","Luidia foliolata","Variable","No","Yes","None","Internal skeleton","Calcite","Meroplanktonic","No","Starfish without suckers"
"6486","Eukaryota","Arthropoda","Copepoda","Calanoida","Calocalanidae",NA,NA,"Variable","Variable","Variable","Exoskeleton","Exoskeleton","Chitin + Calcium","Holoplanktonic","No","Copepods"
"6487","Eukaryota","Chordata","Actinopteri","Myctophiformes","Myctophidae","Triphoturus","Triphoturus mexicanus","No","No","No","None","None","None","Meroplanktonic","No","Lanternfishes"
"6492","Eukaryota","Annelida","Polychaeta","Echiuroidea","Thalassematidae","Arhynchite","Arhynchite cf_ pugettensis A6200","No","No","No","None","None","None","Benthic + Meroplanktonic","No","Spoon worms (marine burrowers)"
"6494","Eukaryota","Cnidaria","Hydrozoa","Trachymedusae","Halicreatidae",NA,NA,"No","No","No","None","None","None","Holoplanktonic","No","Deep-sea jellyfish"
"6496","Eukaryota","Echinodermata","Ophiuroidea","Amphilepidida","Amphiuridae","Amphiodia","Amphiodia cf_ urtica EAC_2010","Yes","Yes","Yes","Internal skeleton","Internal skeleton","Calcite","Meroplanktonic","No","Brittle stars"
"6498","Eukaryota","Arthropoda","Thecostraca","Balanomorpha","Balanidae","Megabalanus","Megabalanus californicus","Yes","Yes","Yes","External shell","External shell","Calcite","Meroplanktonic","No","Barnacles"
"6504","Eukaryota","Arthropoda","Copepoda","Poecilostomatoida","Oncaeidae","Oncaea","Oncaea sp.","Variable","Variable","Variable","Exoskeleton","Exoskeleton","Chitin + Calcium","Holoplanktonic","No","Parasitic or predatory copepods"
"6506","Eukaryota","Arthropoda","Ostracoda","Halocyprida","Halocyprididae","Mikroconchoecia","Mikroconchoecia sp. Os099_1_3","Variable","No","Variable","None","Exoskeleton","Chitin + Calcium","Holoplanktonic","No","Ostracods (seed shrimp)"
"6507","Eukaryota","Arthropoda","Copepoda","Calanoida","Paracalanidae","Paracalanus","Paracalanus tropicus","Variable","Variable","Variable","Exoskeleton","Exoskeleton","Chitin + Calcium","Holoplanktonic","No","Copepods"
"6508","Eukaryota","Arthropoda","Malacostraca","Euphausiacea","Euphausiidae","Hansarsia","Hansarsia difficilis","Variable","No","Variable","None","Exoskeleton","Chitin + Calcium","Holoplanktonic","No","Krill"
"6514","Eukaryota","Arthropoda","Copepoda","Calanoida","Aetideidae",NA,NA,"Variable","Variable","Variable","Exoskeleton","Exoskeleton","Chitin + Calcium","Holoplanktonic","No","Copepods"
"6516","Eukaryota","Arthropoda","Malacostraca","Decapoda","Pisidae","Scyra","Scyra acutifrons","Variable","No","Variable","None","Exoskeleton","Calcite","Meroplanktonic","No","Crabs, lobsters, shrimp"
"6518","Eukaryota","Echinodermata","Ophiuroidea","Amphilepidida","Amphiuridae","Amphipholis","Amphipholis pugetana","Yes","Yes","Yes","Internal skeleton","Internal skeleton","Calcite","Meroplanktonic","No","Brittle stars"
"6520","Eukaryota","Arthropoda","Ostracoda","Halocyprida","Halocyprididae","Paraconchoecia","Paraconchoecia allotherium","Variable","No","Variable","None","Exoskeleton","Chitin + Calcium","Holoplanktonic","No","Ostracods (seed shrimp)"
"6521","Eukaryota","Arthropoda","Malacostraca","Euphausiacea","Euphausiidae","Thysanopoda","Thysanopoda orientalis","Variable","No","Variable","None","Exoskeleton","Chitin + Calcium","Holoplanktonic","No","Krill"
"6522","Eukaryota","Echinodermata","Echinoidea","Camarodonta","Strongylocentrotidae","Strongylocentrotus","Strongylocentrotus purpuratus","Yes","Yes","Yes","Internal skeleton","Exoskeleton","Calcite","Meroplanktonic","No","Sea urchins"
"6523","Eukaryota","Echinodermata","Ophiuroidea","Amphilepidida","Amphiuridae","Amphipholis","Amphipholis pugetana","Yes","Yes","Yes","Internal skeleton","Internal skeleton","Calcite","Meroplanktonic","No","Brittle stars"
"6524","Eukaryota","Arthropoda","Malacostraca","Amphipoda","Paraphronimidae","Paraphronima",NA,"Variable","Yes","Yes","Exoskeleton","Exoskeleton","Chitin + Calcium","Benthic + Holoplanktonic","No","Amphipods"
"6528","Eukaryota","Arthropoda","Copepoda","Calanoida","Eucalanidae","Eucalanus","Eucalanus californicus","Variable","Variable","Variable","Exoskeleton","Exoskeleton","Chitin + Calcium","Holoplanktonic","No","Copepods"
"6530","Eukaryota","Arthropoda","Thecostraca","Pollicipedomorpha","Pollicipedidae","Pollicipes","Pollicipes polymerus","Variable","Variable","Yes","Exoskeleton","Exoskeleton","Chitin + Calcium","Meroplanktonic","No","Stalked barnacles"
"6531","Eukaryota","Arthropoda","Ostracoda","Halocyprida","Halocyprididae","Metaconchoecia",NA,"Variable","No","Variable","None","Exoskeleton","Chitin + Calcium","Holoplanktonic","No","Ostracods (seed shrimp)"
"6534","Eukaryota","Arthropoda","Copepoda","Calanoida","Paracalanidae",NA,NA,"Variable","Variable","Variable","Exoskeleton","Exoskeleton","Chitin + Calcium","Holoplanktonic","No","Copepods"
"6537","Eukaryota","Echinodermata","Ophiuroidea","Amphilepidida","Ophiocomidae","Ophiopteris","Ophiopteris papillosa","Yes","Yes","Yes","Internal skeleton","Internal skeleton","Calcite","Meroplanktonic","No","Brittle stars"
"6539","Eukaryota","Mollusca","Gastropoda","Nudibranchia","Aeolidiidae","Cerberilla","Cerberilla mosslandica","Variable","Variable","No","External shell","None","Aragonite","Meroplanktonic","No","Shell-less sea slugs"
"6540","Eukaryota","Mollusca","Gastropoda","Littorinimorpha","Triviidae",NA,NA,"Yes","Yes","Yes","External shell","External shell","Aragonite/Calcite","Meroplanktonic","No","Periwinkles and related snails"
"6541","Eukaryota","Arthropoda","Thecostraca","Balanomorpha","Balanidae","Megabalanus","Megabalanus californicus","Yes","Yes","Yes","External shell","External shell","Calcite","Meroplanktonic","No","Barnacles"
"6543","Eukaryota","Bryozoa","Gymnolaemata","Cheilostomatida","Membraniporidae","Membranipora","Membranipora villosa","Yes","Yes","Yes","External shell","External shell","Calcite","Meroplanktonic","No","Encrusting bryozoans"
"6545","Eukaryota","Arthropoda","Copepoda","Calanoida","Aetideidae",NA,NA,"Variable","Variable","Variable","Exoskeleton","Exoskeleton","Chitin + Calcium","Holoplanktonic","No","Copepods"
"6547","Eukaryota","Arthropoda","Copepoda","Calanoida","Aetideidae",NA,NA,"Variable","Variable","Variable","Exoskeleton","Exoskeleton","Chitin + Calcium","Holoplanktonic","No","Copepods"
"6550","Eukaryota","Arthropoda","Malacostraca","Euphausiacea","Euphausiidae",NA,NA,"Variable","No","Variable","None","Exoskeleton","Chitin + Calcium","Holoplanktonic","No","Krill"
"6551","Eukaryota","Arthropoda","Malacostraca","Decapoda","Diogenidae",NA,NA,"Variable","No","Variable","None","Exoskeleton","Calcite","Meroplanktonic","No","Crabs, lobsters, shrimp"
"6555","Eukaryota","Arthropoda","Copepoda","Calanoida","Eucalanidae","Eucalanus","Eucalanus hyalinus","Variable","Variable","Variable","Exoskeleton","Exoskeleton","Chitin + Calcium","Holoplanktonic","No","Copepods"
"6556","Eukaryota","Arthropoda","Copepoda","Calanoida","Paracalanidae","Paracalanus","Paracalanus tropicus","Variable","Variable","Variable","Exoskeleton","Exoskeleton","Chitin + Calcium","Holoplanktonic","No","Copepods"
"6558","Eukaryota","Arthropoda","Ostracoda","Halocyprida","Halocyprididae",NA,NA,"Variable","No","Variable","None","Exoskeleton","Chitin + Calcium","Holoplanktonic","No","Ostracods (seed shrimp)"
"6559","Eukaryota","Arthropoda","Malacostraca","Euphausiacea","Euphausiidae","Thysanoessa","Thysanoessa gregaria","Variable","No","Variable","None","Exoskeleton","Chitin + Calcium","Holoplanktonic","No","Krill"
"6562","Eukaryota","Cnidaria","Hydrozoa","Siphonophorae","Diphyidae","Lensia","Lensia campanella","No","No","No","None","None","None","Holoplanktonic","No","Colonial hydrozoans (e.g., Portuguese man o' war)"
"6563","Eukaryota","Arthropoda","Ostracoda","Halocyprida","Halocyprididae","Conchoecetta","Conchoecetta giesbrechti","Variable","No","Variable","None","Exoskeleton","Chitin + Calcium","Holoplanktonic","No","Ostracods (seed shrimp)"
"6565","Eukaryota","Arthropoda","Copepoda","Calanoida","Metridinidae","Pleuromamma","Pleuromamma abdominalis","Variable","Variable","Variable","Exoskeleton","Exoskeleton","Chitin + Calcium","Holoplanktonic","No","Copepods"
"6568","Eukaryota","Echinodermata","Ophiuroidea","Amphilepidida","Amphiuridae","Amphipholis","Amphipholis pugetana","Yes","Yes","Yes","Internal skeleton","Internal skeleton","Calcite","Meroplanktonic","No","Brittle stars"
"6569","Eukaryota","Arthropoda","Copepoda","Calanoida","Metridinidae","Pleuromamma","Pleuromamma abdominalis","Variable","Variable","Variable","Exoskeleton","Exoskeleton","Chitin + Calcium","Holoplanktonic","No","Copepods"
"6571","Eukaryota","Arthropoda","Ostracoda","Halocyprida","Halocyprididae",NA,NA,"Variable","No","Variable","None","Exoskeleton","Chitin + Calcium","Holoplanktonic","No","Ostracods (seed shrimp)"
"6576","Eukaryota","Arthropoda","Copepoda","Calanoida","Eucalanidae","Eucalanus","Eucalanus californicus","Variable","Variable","Variable","Exoskeleton","Exoskeleton","Chitin + Calcium","Holoplanktonic","No","Copepods"
"6577","Eukaryota","Arthropoda","Copepoda","Calanoida","Eucalanidae","Eucalanus","Eucalanus californicus","Variable","Variable","Variable","Exoskeleton","Exoskeleton","Chitin + Calcium","Holoplanktonic","No","Copepods"
"6580","Eukaryota","Mollusca","Gastropoda","Nudibranchia","Triopha","Triopha","Triopha maculata","Variable","Variable","No","External shell","None","Aragonite","Meroplanktonic","No","Shell-less sea slugs"
"6581","Eukaryota","Annelida","Polychaeta","Phyllodocida","Phyllodocidae",NA,NA,"No","No","No","None","None","None","Benthic + Meroplanktonic","No","Active marine polychaetes"
"6583","Eukaryota","Chordata","Actinopteri","Sciaenidae","Sciaenidae","Seriphus","Seriphus politus","No","No","No","None","None","None","Meroplanktonic","No","Drums and croakers (marine fish)"
"6584","Eukaryota","Arthropoda","Malacostraca","Decapoda","Munididae",NA,NA,"Variable","No","Variable","None","Exoskeleton","Calcite","Meroplanktonic","No","Crabs, lobsters, shrimp"
"6587","Eukaryota","Arthropoda","Copepoda","Poecilostomatoida","Oncaeidae","Oncaea","Oncaea sp.","Variable","Variable","Variable","Exoskeleton","Exoskeleton","Chitin + Calcium","Holoplanktonic","No","Parasitic or predatory copepods"
"6588","Eukaryota","Arthropoda","Malacostraca","Euphausiacea","Euphausiidae","Nyctiphanes","Nyctiphanes simplex","Variable","No","Variable","None","Exoskeleton","Chitin + Calcium","Holoplanktonic","No","Krill"
"6590","Eukaryota","Mollusca","Gastropoda","Pteropoda","Creseidae","Styliola","Styliola sp.","Yes","Yes","Yes","External shell","External shell","Aragonite","Holoplanktonic","No","Sea butterflies"
"6593","Eukaryota","Arthropoda","Copepoda","Calanoida","Calanidae","Calanus","Calanus pacificus","Variable","Variable","Variable","Exoskeleton","Exoskeleton","Chitin + Calcium","Holoplanktonic","No","Copepods"
"6594","Eukaryota","Arthropoda","Malacostraca","Euphausiacea","Euphausiidae","Hansarsia",NA,"Variable","No","Variable","None","Exoskeleton","Chitin + Calcium","Holoplanktonic","No","Krill"
"6595","Eukaryota","Arthropoda","Copepoda","Calanoida","Calanidae","Calanus","Calanus pacificus","Variable","Variable","Variable","Exoskeleton","Exoskeleton","Chitin + Calcium","Holoplanktonic","No","Copepods"
"6599","Eukaryota","Arthropoda","Copepoda","Calanoida","Eucalanidae","Eucalanus","Eucalanus californicus","Variable","Variable","Variable","Exoskeleton","Exoskeleton","Chitin + Calcium","Holoplanktonic","No","Copepods"
"6601","Eukaryota","Arthropoda","Ostracoda","Halocyprida","Halocyprididae","Porroecia","Porroecia spinirostris","Variable","No","Variable","None","Exoskeleton","Chitin + Calcium","Holoplanktonic","No","Ostracods (seed shrimp)"
"6603","Eukaryota","Arthropoda","Copepoda","Poecilostomatoida","Oncaeidae","Oncaea","Oncaea sp.","Variable","Variable","Variable","Exoskeleton","Exoskeleton","Chitin + Calcium","Holoplanktonic","No","Parasitic or predatory copepods"
"6604","Eukaryota","Annelida","Polychaeta","Phyllodocida","Syllidae","Odontosyllis","Odontosyllis phosphorea","No","No","No","None","None","None","Benthic + Meroplanktonic","No","Active marine polychaetes"
"6605","Eukaryota","Arthropoda","Ostracoda","Halocyprida","Halocyprididae","Proceroecia","Proceroecia procera","Variable","No","Variable","None","Exoskeleton","Chitin + Calcium","Holoplanktonic","No","Ostracods (seed shrimp)"
"6606","Eukaryota","Arthropoda","Copepoda","Poecilostomatoida","Oncaeidae","Oncaea","Oncaea sp.","Variable","Variable","Variable","Exoskeleton","Exoskeleton","Chitin + Calcium","Holoplanktonic","No","Parasitic or predatory copepods"
"6607","Eukaryota","Arthropoda","Copepoda","Poecilostomatoida","Oncaeidae","Oncaea","Oncaea sp.","Variable","Variable","Variable","Exoskeleton","Exoskeleton","Chitin + Calcium","Holoplanktonic","No","Parasitic or predatory copepods"
"6608","Eukaryota","Arthropoda","Malacostraca","Euphausiacea","Euphausiidae","Stylocheiron","Stylocheiron maximum","Variable","No","Variable","None","Exoskeleton","Chitin + Calcium","Holoplanktonic","No","Krill"
"6610","Eukaryota","Arthropoda","Copepoda","Poecilostomatoida","Oncaeidae","Oncaea","Oncaea sp.","Variable","Variable","Variable","Exoskeleton","Exoskeleton","Chitin + Calcium","Holoplanktonic","No","Parasitic or predatory copepods"
"6611","Eukaryota","Arthropoda","Thecostraca","Balanomorpha","Chthamalidae","Chthamalus","Chthamalus fissus","Yes","Yes","Yes","External shell","External shell","Calcite","Meroplanktonic","No","Barnacles"
"6615","Eukaryota","Annelida","Polychaeta","Phyllodocida","Alciopidae",NA,NA,"No","No","No","None","None","None","Benthic + Meroplanktonic","No","Active marine polychaetes"
"6616","Eukaryota","Mollusca","Gastropoda","Nudibranchia","Goniodorididae",NA,NA,"Variable","Variable","No","External shell","None","Aragonite","Meroplanktonic","No","Shell-less sea slugs"
"6617","Eukaryota","Mollusca","Bivalvia","Mytilida","Modiolidae",NA,NA,"Yes","Yes","Yes","External shell","External shell","Aragonite/Calcite","Meroplanktonic","No","Mussels"
"6620","Eukaryota","Arthropoda","Copepoda","Calanoida","Calanidae",NA,NA,"Variable","Variable","Variable","Exoskeleton","Exoskeleton","Chitin + Calcium","Holoplanktonic","No","Copepods"
"6622","Eukaryota","Arthropoda","Ostracoda","Halocyprida","Halocyprididae",NA,NA,"Variable","No","Variable","None","Exoskeleton","Chitin + Calcium","Holoplanktonic","No","Ostracods (seed shrimp)"
"6624","Eukaryota","Echinodermata","Ophiuroidea","Amphilepidida","Ophiocomidae","Ophiopteris","Ophiopteris papillosa","Yes","Yes","Yes","Internal skeleton","Internal skeleton","Calcite","Meroplanktonic","No","Brittle stars"
"6628","Eukaryota","Arthropoda","Copepoda","Calanoida","Eucalanidae","Eucalanus","Eucalanus californicus","Variable","Variable","Variable","Exoskeleton","Exoskeleton","Chitin + Calcium","Holoplanktonic","No","Copepods"
"6629","Eukaryota","Arthropoda","Copepoda","Calanoida","Eucalanidae","Rhincalanus","Rhincalanus nasutus","Variable","Variable","Variable","Exoskeleton","Exoskeleton","Chitin + Calcium","Holoplanktonic","No","Copepods"
"6631","Eukaryota","Arthropoda","Copepoda","Poecilostomatoida","Oncaeidae","Oncaea","Oncaea sp.","Variable","Variable","Variable","Exoskeleton","Exoskeleton","Chitin + Calcium","Holoplanktonic","No","Parasitic or predatory copepods"
"6633","Eukaryota","Arthropoda","Copepoda","Calanoida","Scolecitrichidae","Scolecithricella","Scolecithricella dentata","Variable","Variable","Variable","Exoskeleton","Exoskeleton","Chitin + Calcium","Holoplanktonic","No","Copepods"
"6636","Eukaryota","Arthropoda","Copepoda","Calanoida","Scolecitrichidae","Scolecithrix","Scolecithrix bradyi","Variable","Variable","Variable","Exoskeleton","Exoskeleton","Chitin + Calcium","Holoplanktonic","No","Copepods"
"6637","Eukaryota","Arthropoda","Copepoda","Calanoida","Aetideidae","Euchirella","Euchirella curticauda","Variable","Variable","Variable","Exoskeleton","Exoskeleton","Chitin + Calcium","Holoplanktonic","No","Copepods"
"6638","Eukaryota","Annelida","Polychaeta","Chaetopteridae","Chaetopteridae","Phyllochaetopterus","Phyllochaetopterus sp. 5 JM_2017","No","No","No","None","None","None","Benthic + Meroplanktonic","No","Tube-dwelling marine polychaetes"
"6639","Eukaryota","Arthropoda","Copepoda","Calanoida","Calocalanidae",NA,NA,"Variable","Variable","Variable","Exoskeleton","Exoskeleton","Chitin + Calcium","Holoplanktonic","No","Copepods"
"6640","Eukaryota","Arthropoda","Copepoda","Calanoida","Metridinidae","Pleuromamma","Pleuromamma abdominalis","Variable","Variable","Variable","Exoskeleton","Exoskeleton","Chitin + Calcium","Holoplanktonic","No","Copepods"
"6641","Eukaryota","Arthropoda","Copepoda","Calanoida","Eucalanidae","Rhincalanus","Rhincalanus nasutus","Variable","Variable","Variable","Exoskeleton","Exoskeleton","Chitin + Calcium","Holoplanktonic","No","Copepods"
"6642","Eukaryota","Cnidaria","Hydrozoa","Leptothecata","Clytiidae","Clytia","Clytia gracilis","No","No","No","None","None","None","Benthic + Holoplanktonic","No","Hydroids"
"6643","Eukaryota","Arthropoda","Copepoda","Calanoida","Aetideidae","Gaetanus","Gaetanus minor","Variable","Variable","Variable","Exoskeleton","Exoskeleton","Chitin + Calcium","Holoplanktonic","No","Copepods"
"6644","Eukaryota","Arthropoda","Thecostraca","Balanomorpha","Chthamalidae","Chthamalus","Chthamalus fissus","Yes","Yes","Yes","External shell","External shell","Calcite","Meroplanktonic","No","Barnacles"
"6648","Eukaryota","Chordata","Actinopteri","Gadiformes","Merlucciidae","Merluccius","Merluccius cf_ productus_angustimanus JFDC_2020","No","No","No","None","None","None","Meroplanktonic","No","Cods and grenadiers"
"6649","Eukaryota","Arthropoda","Copepoda","Calanoida","Eucalanidae","Pareucalanus","Pareucalanus sewelli","Variable","Variable","Variable","Exoskeleton","Exoskeleton","Chitin + Calcium","Holoplanktonic","No","Copepods"
"6650","Eukaryota","Arthropoda","Copepoda","Calanoida","Metridinidae","Pleuromamma","Pleuromamma abdominalis","Variable","Variable","Variable","Exoskeleton","Exoskeleton","Chitin + Calcium","Holoplanktonic","No","Copepods"
"6653","Eukaryota","Arthropoda","Copepoda","Poecilostomatoida","Oncaeidae","Oncaea","Oncaea sp.","Variable","Variable","Variable","Exoskeleton","Exoskeleton","Chitin + Calcium","Holoplanktonic","No","Parasitic or predatory copepods"
"6656","Eukaryota","Mollusca","Gastropoda","Littorinimorpha","Velutinidae","Lamellaria","Lamellaria diegoensis","Yes","Yes","Yes","External shell","External shell","Aragonite/Calcite","Meroplanktonic","No","Periwinkles and related snails"
"6657","Eukaryota","Arthropoda","Copepoda","Calanoida","Metridinidae","Pleuromamma","Pleuromamma abdominalis","Variable","Variable","Variable","Exoskeleton","Exoskeleton","Chitin + Calcium","Holoplanktonic","No","Copepods"
"6658","Eukaryota","Arthropoda","Copepoda","Calanoida","Eucalanidae","Eucalanus","Eucalanus californicus","Variable","Variable","Variable","Exoskeleton","Exoskeleton","Chitin + Calcium","Holoplanktonic","No","Copepods"
"6659","Eukaryota","Cnidaria","Hydrozoa","Anthoathecata","Pandeidae",NA,NA,"No","No","No","None","None","None","Benthic + Holoplanktonic","No","Colonial hydroids and small medusae"
"6660","Eukaryota","Arthropoda","Copepoda","Calanoida","Aetideidae",NA,NA,"Variable","Variable","Variable","Exoskeleton","Exoskeleton","Chitin + Calcium","Holoplanktonic","No","Copepods"
"6663","Eukaryota","Bryozoa","Gymnolaemata","Cheilostomatida","Membraniporidae",NA,NA,"Yes","Yes","Yes","External shell","External shell","Calcite","Meroplanktonic","No","Encrusting bryozoans"
"6664","Eukaryota","Mollusca","Gastropoda","Littorinimorpha","Atlantidae","Atlanta","Atlanta sp. USNM IZ 1230636","Yes","Yes","Yes","External shell","External shell","Aragonite/Calcite","Meroplanktonic","No","Periwinkles and related snails"
"6668","Eukaryota","Mollusca","Bivalvia","Adapedonta","Hiatellidae","Panopea","Panopea generosa","Yes","Yes","Yes","External shell","External shell","Aragonite/Calcite","Meroplanktonic","No","Burrowing clams"
"6670","Eukaryota","Echinodermata","Ophiuroidea","Amphilepidida","Ophiotrichidae","Ophiothrix","Ophiothrix spiculata","Yes","Yes","Yes","Internal skeleton","Internal skeleton","Calcite","Meroplanktonic","No","Brittle stars"
"6671","Eukaryota","Echinodermata","Echinoidea","Spatangoida","Brissidae","Brissopsis",NA,"Yes","Yes","Yes","Internal skeleton","Exoskeleton","Calcite","Meroplanktonic","No","Heart urchins"
"6673","Eukaryota","Arthropoda","Copepoda","Calanoida","Clausocalanidae","Clausocalanus","Clausocalanus arcuicornis","Variable","Variable","Variable","Exoskeleton","Exoskeleton","Chitin + Calcium","Holoplanktonic","No","Copepods"
"6677","Eukaryota","Arthropoda","Copepoda","Calanoida","Metridinidae","Pleuromamma",NA,"Variable","Variable","Variable","Exoskeleton","Exoskeleton","Chitin + Calcium","Holoplanktonic","No","Copepods"
"6678","Eukaryota","Arthropoda","Malacostraca","Euphausiacea","Euphausiidae",NA,NA,"Variable","No","Variable","None","Exoskeleton","Chitin + Calcium","Holoplanktonic","No","Krill"
"6681","Eukaryota","Annelida","Polychaeta","Spionida","Spionidae",NA,NA,"No","No","No","None","None","None","Benthic + Meroplanktonic","No","Marine worms (sediment burrowers)"
"6682","Eukaryota","Arthropoda","Malacostraca","Decapoda","Hippolytidae","Lysmata",NA,"Variable","No","Variable","None","Exoskeleton","Calcite","Meroplanktonic","No","Crabs, lobsters, shrimp"
"6684","Eukaryota","Arthropoda","Ostracoda","Halocyprida","Halocyprididae","Conchoecia","Conchoecia magna","Variable","No","Variable","None","Exoskeleton","Chitin + Calcium","Holoplanktonic","No","Ostracods (seed shrimp)"
"6687","Eukaryota","Chaetognatha","Sagittoidea","Aphragmophora","Sagittidae","Flaccisagitta",NA,"No","No","No","None","None","None","Holoplanktonic","No","Chaetognaths (arrow worms)"
"6688","Eukaryota","Arthropoda","Ostracoda","Halocyprida","Halocyprididae","Paraconchoecia","Paraconchoecia allotherium","Variable","No","Variable","None","Exoskeleton","Chitin + Calcium","Holoplanktonic","No","Ostracods (seed shrimp)"
"6690","Eukaryota","Echinodermata","Ophiuroidea","Amphilepidida","Ophiotrichidae","Ophiothrix","Ophiothrix spiculata","Yes","Yes","Yes","Internal skeleton","Internal skeleton","Calcite","Meroplanktonic","No","Brittle stars"
"6695","Eukaryota","Bryozoa","Gymnolaemata","Cheilostomatida","Membraniporidae",NA,NA,"Yes","Yes","Yes","External shell","External shell","Calcite","Meroplanktonic","No","Encrusting bryozoans"
"6696","Eukaryota","Echinodermata","Echinoidea","Camarodonta","Strongylocentrotidae","Allocentrotus","Allocentrotus fragilis","Yes","Yes","Yes","Internal skeleton","Exoskeleton","Calcite","Meroplanktonic","No","Sea urchins"
"6697","Eukaryota","Arthropoda","Malacostraca","Decapoda","Munididae","Pleuroncodes","Pleuroncodes planipes","Variable","No","Variable","None","Exoskeleton","Calcite","Meroplanktonic","No","Crabs, lobsters, shrimp"
"6701","Eukaryota","Arthropoda","Copepoda","Poecilostomatoida","Oncaeidae","Oncaea",NA,"Variable","Variable","Variable","Exoskeleton","Exoskeleton","Chitin + Calcium","Holoplanktonic","No","Parasitic or predatory copepods"
"6702","Eukaryota","Arthropoda","Copepoda","Poecilostomatoida","Oncaeidae","Oncaea","Oncaea sp.","Variable","Variable","Variable","Exoskeleton","Exoskeleton","Chitin + Calcium","Holoplanktonic","No","Parasitic or predatory copepods"
"6704","Eukaryota","Arthropoda","Copepoda","Calanoida","Clausocalanidae","Clausocalanus","Clausocalanus mastigophorus","Variable","Variable","Variable","Exoskeleton","Exoskeleton","Chitin + Calcium","Holoplanktonic","No","Copepods"
"6705","Eukaryota","Arthropoda","Copepoda","Calanoida","Calocalanidae","Calocalanus",NA,"Variable","Variable","Variable","Exoskeleton","Exoskeleton","Chitin + Calcium","Holoplanktonic","No","Copepods"
"6706","Eukaryota","Annelida","Polychaeta","Phyllodocida","Polynoidae",NA,NA,"No","No","No","None","None","None","Benthic + Meroplanktonic","No","Active marine polychaetes"
"6707","Eukaryota","Arthropoda","Copepoda","Calanoida","Metridinidae","Pleuromamma","Pleuromamma borealis","Variable","Variable","Variable","Exoskeleton","Exoskeleton","Chitin + Calcium","Holoplanktonic","No","Copepods"
"6712","Eukaryota","Arthropoda","Copepoda","Calanoida","Eucalanidae","Eucalanus","Eucalanus californicus","Variable","Variable","Variable","Exoskeleton","Exoskeleton","Chitin + Calcium","Holoplanktonic","No","Copepods"
"6713","Eukaryota","Arthropoda","Malacostraca","Euphausiacea","Euphausiidae","Hansarsia",NA,"Variable","No","Variable","None","Exoskeleton","Chitin + Calcium","Holoplanktonic","No","Krill"
"6714","Eukaryota","Arthropoda","Copepoda","Calanoida","Eucalanidae",NA,NA,"Variable","Variable","Variable","Exoskeleton","Exoskeleton","Chitin + Calcium","Holoplanktonic","No","Copepods"
"6717","Eukaryota","Arthropoda","Malacostraca","Euphausiacea","Euphausiidae","Hansarsia",NA,"Variable","No","Variable","None","Exoskeleton","Chitin + Calcium","Holoplanktonic","No","Krill"
"6722","Eukaryota","Mollusca","Gastropoda","Pteropoda","Cliidae","Clio","Clio pyramidata","Yes","Yes","Yes","External shell","External shell","Aragonite","Holoplanktonic","No","Sea butterflies"
"6723","Eukaryota","Echinodermata","Ophiuroidea","Amphilepidida","Ophiuridae",NA,NA,"Yes","Yes","Yes","Internal skeleton","Internal skeleton","Calcite","Meroplanktonic","No","Brittle stars"
"6725","Eukaryota","Annelida","Polychaeta","Spionida","Spionidae",NA,NA,"No","No","No","None","None","None","Benthic + Meroplanktonic","No","Marine worms (sediment burrowers)"
"6726","Eukaryota","Mollusca","Gastropoda","Epitoniidae","Epitoniidae",NA,NA,"Yes","Yes","Yes","External shell","External shell","Aragonite","Meroplanktonic","No","Wentletraps (small predatory snails)"
"6729","Eukaryota","Mollusca","Gastropoda","Pteropoda","Limacinidae",NA,NA,"Yes","Yes","Yes","External shell","External shell","Aragonite","Holoplanktonic","No","Sea butterflies"
"6730","Eukaryota","Echinodermata","Ophiuroidea","Amphilepidida","Ophiotrichidae","Ophiothrix","Ophiothrix spiculata","Yes","Yes","Yes","Internal skeleton","Internal skeleton","Calcite","Meroplanktonic","No","Brittle stars"
"6742","Eukaryota","Mollusca","Gastropoda","Nudibranchia","Aeolidiidae","Cerberilla","Cerberilla mosslandica","Variable","Variable","No","External shell","None","Aragonite","Meroplanktonic","No","Shell-less sea slugs"
"6743","Eukaryota","Bryozoa","Gymnolaemata","Cheilostomatida","Membraniporidae",NA,NA,"Yes","Yes","Yes","External shell","External shell","Calcite","Meroplanktonic","No","Encrusting bryozoans"
"6746","Eukaryota","Arthropoda","Copepoda","Calanoida","Aetideidae",NA,NA,"Variable","Variable","Variable","Exoskeleton","Exoskeleton","Chitin + Calcium","Holoplanktonic","No","Copepods"
"6750","Eukaryota","Arthropoda","Copepoda","Calanoida","Paracalanidae","Paracalanus",NA,"Variable","Variable","Variable","Exoskeleton","Exoskeleton","Chitin + Calcium","Holoplanktonic","No","Copepods"
"6752","Eukaryota","Echinodermata","Asteroidea","Valvatida","Asterinidae","Patiria","Patiria miniata","Variable","No","Yes","None","Internal skeleton","Calcite","Meroplanktonic","No","Sea stars"
"6755","Eukaryota","Arthropoda","Malacostraca","Euphausiacea","Euphausiidae",NA,NA,"Variable","No","Variable","None","Exoskeleton","Chitin + Calcium","Holoplanktonic","No","Krill"
"6756","Eukaryota","Arthropoda","Copepoda","Calanoida","Pontellidae","Labidocera","Labidocera trispinosa","Variable","Variable","Variable","Exoskeleton","Exoskeleton","Chitin + Calcium","Holoplanktonic","No","Copepods"
"6757","Eukaryota","Echinodermata","Ophiuroidea","Amphilepidida","Amphiuridae","Amphiodia","Amphiodia cf_ urtica EAC_2010","Yes","Yes","Yes","Internal skeleton","Internal skeleton","Calcite","Meroplanktonic","No","Brittle stars"
"6760","Eukaryota","Arthropoda","Copepoda","Calanoida","Eucalanidae","Rhincalanus","Rhincalanus nasutus","Variable","Variable","Variable","Exoskeleton","Exoskeleton","Chitin + Calcium","Holoplanktonic","No","Copepods"
"6761","Eukaryota","Arthropoda","Copepoda","Calanoida","Metridinidae","Pleuromamma","Pleuromamma gracilis","Variable","Variable","Variable","Exoskeleton","Exoskeleton","Chitin + Calcium","Holoplanktonic","No","Copepods"
"6764","Eukaryota","Arthropoda","Malacostraca","Decapoda","Hippolytidae",NA,NA,"Variable","No","Variable","None","Exoskeleton","Calcite","Meroplanktonic","No","Crabs, lobsters, shrimp"
"6765","Eukaryota","Mollusca","Gastropoda","Pteropoda","Limacinidae",NA,NA,"Yes","Yes","Yes","External shell","External shell","Aragonite","Holoplanktonic","No","Sea butterflies"
"6767","Eukaryota","Arthropoda","Copepoda","Calanoida","Scolecitrichidae","Scolecithrix","Scolecithrix bradyi","Variable","Variable","Variable","Exoskeleton","Exoskeleton","Chitin + Calcium","Holoplanktonic","No","Copepods"
"6768","Eukaryota","Mollusca","Gastropoda","Nudibranchia","Polyceridae","Limacia","Limacia cockerelli","Variable","Variable","No","External shell","None","Aragonite","Meroplanktonic","No","Shell-less sea slugs"
"6769","Eukaryota","Arthropoda","Copepoda","Poecilostomatoida","Oncaeidae","Oncaea","Oncaea sp.","Variable","Variable","Variable","Exoskeleton","Exoskeleton","Chitin + Calcium","Holoplanktonic","No","Parasitic or predatory copepods"
"6771","Eukaryota","Arthropoda","Copepoda","Poecilostomatoida","Oncaeidae","Oncaea","Oncaea sp.","Variable","Variable","Variable","Exoskeleton","Exoskeleton","Chitin + Calcium","Holoplanktonic","No","Parasitic or predatory copepods"
"6774","Eukaryota","Arthropoda","Malacostraca","Decapoda","Munididae","Pleuroncodes","Pleuroncodes planipes","Variable","No","Variable","None","Exoskeleton","Calcite","Meroplanktonic","No","Crabs, lobsters, shrimp"
"6775","Eukaryota","Arthropoda","Copepoda","Calanoida","Scolecitrichidae","Scolecithrix","Scolecithrix bradyi","Variable","Variable","Variable","Exoskeleton","Exoskeleton","Chitin + Calcium","Holoplanktonic","No","Copepods"
"6781","Eukaryota","Arthropoda","Copepoda","Calanoida","Lucicutiidae","Lucicutia","Lucicutia flavicornis","Variable","Variable","Variable","Exoskeleton","Exoskeleton","Chitin + Calcium","Holoplanktonic","No","Copepods"
"6782","Eukaryota","Chordata","Actinopteri","Sciaenidae","Sciaenidae","Seriphus","Seriphus politus","No","No","No","None","None","None","Meroplanktonic","No","Drums and croakers (marine fish)"
"6788","Eukaryota","Chordata","Actinopteri","Myctophiformes","Myctophidae","Triphoturus","Triphoturus mexicanus","No","No","No","None","None","None","Meroplanktonic","No","Lanternfishes"
"6790","Eukaryota","Mollusca","Gastropoda","Cephalaspidea","Gastropteridae","Gastropteron","Gastropteron pacificum","Variable","Yes","Yes","External shell","External shell","Aragonite","Meroplanktonic","No","Bubble snails"
"6791","Eukaryota","Arthropoda","Malacostraca","Euphausiacea","Euphausiidae","Nematobrachion","Nematobrachion flexipes","Variable","No","Variable","None","Exoskeleton","Chitin + Calcium","Holoplanktonic","No","Krill"
"6792","Eukaryota","Annelida","Polychaeta","Chaetopteridae","Chaetopteridae","Phyllochaetopterus","Phyllochaetopterus sp. 5 JM_2017","No","No","No","None","None","None","Benthic + Meroplanktonic","No","Tube-dwelling marine polychaetes"
"6793","Eukaryota","Arthropoda","Copepoda","Calanoida","Pontellidae",NA,NA,"Variable","Variable","Variable","Exoskeleton","Exoskeleton","Chitin + Calcium","Holoplanktonic","No","Copepods"
"6794","Eukaryota","Bryozoa","Gymnolaemata","Cheilostomatida","Membraniporidae","Membranipora","Membranipora villosa","Yes","Yes","Yes","External shell","External shell","Calcite","Meroplanktonic","No","Encrusting bryozoans"
"6795","Eukaryota","Mollusca","Gastropoda","Littorinimorpha","Atlantidae","Atlanta","Atlanta sp. USNM IZ 1230636","Yes","Yes","Yes","External shell","External shell","Aragonite/Calcite","Meroplanktonic","No","Periwinkles and related snails"
"6796","Eukaryota","Arthropoda","Malacostraca","Decapoda","Hippolytidae",NA,NA,"Variable","No","Variable","None","Exoskeleton","Calcite","Meroplanktonic","No","Crabs, lobsters, shrimp"
"6797","Eukaryota","Chordata","Actinopteri","Argentiniformes","Bathylagidae","Lipolagus","Lipolagus ochotensis","No","No","No","None","None","None","Meroplanktonic","No","Deep-sea smelts and related fish"
"6800","Eukaryota","Arthropoda","Malacostraca","Euphausiacea","Euphausiidae","Thysanoessa","Thysanoessa gregaria","Variable","No","Variable","None","Exoskeleton","Chitin + Calcium","Holoplanktonic","No","Krill"
"6803","Eukaryota","Mollusca","Gastropoda","Nudibranchia","Triopha","Triopha","Triopha maculata","Variable","Variable","No","External shell","None","Aragonite","Meroplanktonic","No","Shell-less sea slugs"
"6804","Eukaryota","Arthropoda","Copepoda","Calanoida","Eucalanidae","Eucalanus",NA,"Variable","Variable","Variable","Exoskeleton","Exoskeleton","Chitin + Calcium","Holoplanktonic","No","Copepods"
"6805","Eukaryota","Arthropoda","Copepoda","Calanoida","Aetideidae",NA,NA,"Variable","Variable","Variable","Exoskeleton","Exoskeleton","Chitin + Calcium","Holoplanktonic","No","Copepods"
"6806","Eukaryota","Arthropoda","Ostracoda","Halocyprida","Halocyprididae",NA,NA,"Variable","No","Variable","None","Exoskeleton","Chitin + Calcium","Holoplanktonic","No","Ostracods (seed shrimp)"
"6807","Eukaryota","Arthropoda","Copepoda","Calanoida","Metridinidae","Pleuromamma","Pleuromamma borealis","Variable","Variable","Variable","Exoskeleton","Exoskeleton","Chitin + Calcium","Holoplanktonic","No","Copepods"
"6808","Eukaryota","Arthropoda","Malacostraca","Decapoda","Munididae","Antillimunida","Antillimunida bapensis","Variable","No","Variable","None","Exoskeleton","Calcite","Meroplanktonic","No","Crabs, lobsters, shrimp"
"6809","Eukaryota","Arthropoda","Malacostraca","Decapoda","Munididae","Pleuroncodes","Pleuroncodes planipes","Variable","No","Variable","None","Exoskeleton","Calcite","Meroplanktonic","No","Crabs, lobsters, shrimp"
"6810","Eukaryota","Arthropoda","Copepoda","Calanoida","Metridinidae","Pleuromamma","Pleuromamma abdominalis","Variable","Variable","Variable","Exoskeleton","Exoskeleton","Chitin + Calcium","Holoplanktonic","No","Copepods"
"6812","Eukaryota","Mollusca","Gastropoda","Littorinimorpha","Naticidae","Neverita",NA,"Yes","Yes","Yes","External shell","External shell","Aragonite/Calcite","Meroplanktonic","No","Periwinkles and related snails"
"6814","Eukaryota","Arthropoda","Malacostraca","Decapoda","Hippolytidae","Eualus",NA,"Variable","No","Variable","None","Exoskeleton","Calcite","Meroplanktonic","No","Crabs, lobsters, shrimp"
"6815","Eukaryota","Arthropoda","Malacostraca","Decapoda","Parthenopidae","Heterocrypta","Heterocrypta occidentalis","Variable","No","Variable","None","Exoskeleton","Calcite","Meroplanktonic","No","Crabs, lobsters, shrimp"
"6818","Eukaryota","Arthropoda","Copepoda","Poecilostomatoida","Oncaeidae","Oncaea","Oncaea sp.","Variable","Variable","Variable","Exoskeleton","Exoskeleton","Chitin + Calcium","Holoplanktonic","No","Parasitic or predatory copepods"
"6819","Eukaryota","Arthropoda","Thecostraca","Balanomorpha","Chthamalidae","Chthamalus","Chthamalus fissus","Yes","Yes","Yes","External shell","External shell","Calcite","Meroplanktonic","No","Barnacles"
"6824","Eukaryota","Arthropoda","Copepoda","Poecilostomatoida","Oncaeidae","Oncaea",NA,"Variable","Variable","Variable","Exoskeleton","Exoskeleton","Chitin + Calcium","Holoplanktonic","No","Parasitic or predatory copepods"
"6825","Eukaryota","Arthropoda","Copepoda","Calanoida","Aetideidae",NA,NA,"Variable","Variable","Variable","Exoskeleton","Exoskeleton","Chitin + Calcium","Holoplanktonic","No","Copepods"
"6829","Eukaryota","Arthropoda","Ostracoda","Halocyprida","Halocyprididae","Porroecia","Porroecia spinirostris","Variable","No","Variable","None","Exoskeleton","Chitin + Calcium","Holoplanktonic","No","Ostracods (seed shrimp)"
"6833","Eukaryota","Arthropoda","Copepoda","Calanoida","Metridinidae","Pleuromamma",NA,"Variable","Variable","Variable","Exoskeleton","Exoskeleton","Chitin + Calcium","Holoplanktonic","No","Copepods"
"6836","Eukaryota","Arthropoda","Malacostraca","Euphausiacea","Euphausiidae","Nyctiphanes","Nyctiphanes simplex","Variable","No","Variable","None","Exoskeleton","Chitin + Calcium","Holoplanktonic","No","Krill"
"6839","Eukaryota","Arthropoda","Ostracoda","Halocyprida","Halocyprididae","Paraconchoecia","Paraconchoecia allotherium","Variable","No","Variable","None","Exoskeleton","Chitin + Calcium","Holoplanktonic","No","Ostracods (seed shrimp)"
"6840","Eukaryota","Arthropoda","Ostracoda","Halocyprida","Halocyprididae","Conchoecia","Conchoecia magna","Variable","No","Variable","None","Exoskeleton","Chitin + Calcium","Holoplanktonic","No","Ostracods (seed shrimp)"
"6841","Eukaryota","Arthropoda","Ostracoda","Halocyprida","Halocyprididae","Discoconchoecia","Discoconchoecia sp. S15_D2","Variable","No","Variable","None","Exoskeleton","Chitin + Calcium","Holoplanktonic","No","Ostracods (seed shrimp)"
"6842","Eukaryota","Arthropoda","Ostracoda","Halocyprida","Halocyprididae","Conchoecia","Conchoecia magna","Variable","No","Variable","None","Exoskeleton","Chitin + Calcium","Holoplanktonic","No","Ostracods (seed shrimp)"
"6843","Eukaryota","Arthropoda","Copepoda","Calanoida","Aetideidae",NA,NA,"Variable","Variable","Variable","Exoskeleton","Exoskeleton","Chitin + Calcium","Holoplanktonic","No","Copepods"
"6852","Eukaryota","Mollusca","Gastropoda","Pteropoda","Creseidae","Styliola","Styliola sp.","Yes","Yes","Yes","External shell","External shell","Aragonite","Holoplanktonic","No","Sea butterflies"
"6854","Eukaryota","Arthropoda","Ostracoda","Halocyprida","Halocyprididae","Archiconchoecia","Archiconchoecia striata","Variable","No","Variable","None","Exoskeleton","Chitin + Calcium","Holoplanktonic","No","Ostracods (seed shrimp)"
"6856","Eukaryota","Arthropoda","Copepoda","Calanoida","Calocalanidae","Calocalanus",NA,"Variable","Variable","Variable","Exoskeleton","Exoskeleton","Chitin + Calcium","Holoplanktonic","No","Copepods"
"6868","Eukaryota","Annelida","Polychaeta","Phyllodocida","Phyllodocidae",NA,NA,"No","No","No","None","None","None","Benthic + Meroplanktonic","No","Active marine polychaetes"
"6871","Eukaryota","Arthropoda","Copepoda","Calanoida","Acartiidae","Acartia","Acartia californiensis","Variable","Variable","Variable","Exoskeleton","Exoskeleton","Chitin + Calcium","Holoplanktonic","No","Copepods"
"6873","Eukaryota","Cnidaria","Hydrozoa","Siphonophorae","Physophoridae","Physophora","Physophora hydrostatica","No","No","No","None","None","None","Holoplanktonic","No","Colonial hydrozoans (e.g., Portuguese man o' war)"
"6876","Eukaryota","Arthropoda","Copepoda","Calanoida","Aetideidae","Gaetanus","Gaetanus minor","Variable","Variable","Variable","Exoskeleton","Exoskeleton","Chitin + Calcium","Holoplanktonic","No","Copepods"
"6877","Eukaryota","Arthropoda","Copepoda","Calanoida","Calocalanidae","Calocalanus",NA,"Variable","Variable","Variable","Exoskeleton","Exoskeleton","Chitin + Calcium","Holoplanktonic","No","Copepods"
"6878","Eukaryota","Arthropoda","Ostracoda","Halocyprida","Halocyprididae","Halocypris","Halocypris inflata","Variable","No","Variable","None","Exoskeleton","Chitin + Calcium","Holoplanktonic","No","Ostracods (seed shrimp)"
"6882","Eukaryota","Chordata","Actinopteri","Stomiiformes","Sternoptychidae","Danaphos","Danaphos oculatus","No","No","No","None","None","None","Meroplanktonic","No","Deep-sea fishes (e.g., dragonfishes)"
"6884","Eukaryota","Arthropoda","Copepoda","Calanoida","Calocalanidae","Calocalanus",NA,"Variable","Variable","Variable","Exoskeleton","Exoskeleton","Chitin + Calcium","Holoplanktonic","No","Copepods"
"6886","Eukaryota","Arthropoda","Malacostraca","Euphausiacea","Euphausiidae",NA,NA,"Variable","No","Variable","None","Exoskeleton","Chitin + Calcium","Holoplanktonic","No","Krill"
"6889","Eukaryota","Arthropoda","Malacostraca","Decapoda","Sergestidae","Allosergestes","Allosergestes sargassi","Variable","No","Variable","None","Exoskeleton","Calcite","Meroplanktonic","No","Crabs, lobsters, shrimp"
"6890","Eukaryota","Mollusca","Bivalvia","Cardiida","Tellinidae",NA,NA,"Yes","Yes","Yes","External shell","External shell","Aragonite/Calcite","Meroplanktonic","No","Clams"
"6893","Eukaryota","Arthropoda","Copepoda","Calanoida","Eucalanidae","Eucalanus","Eucalanus californicus","Variable","Variable","Variable","Exoskeleton","Exoskeleton","Chitin + Calcium","Holoplanktonic","No","Copepods"
"6894","Eukaryota","Arthropoda","Thecostraca","Balanomorpha","Tetraclitidae","Tetraclita","Tetraclita rubescens","Yes","Yes","Yes","External shell","External shell","Calcite","Meroplanktonic","No","Barnacles"
"6897","Eukaryota","Arthropoda","Copepoda","Calanoida","Euchaetidae",NA,NA,"Variable","Variable","Variable","Exoskeleton","Exoskeleton","Chitin + Calcium","Holoplanktonic","No","Copepods"
"6899","Eukaryota","Arthropoda","Malacostraca","Decapoda","Palinuridae",NA,NA,"Variable","No","Variable","None","Exoskeleton","Calcite","Meroplanktonic","No","Crabs, lobsters, shrimp"
"6900","Eukaryota","Arthropoda","Malacostraca","Decapoda","Aeglidae",NA,NA,"Variable","No","Variable","None","Exoskeleton","Calcite","Meroplanktonic","No","Crabs, lobsters, shrimp"
"6901","Eukaryota","Cnidaria","Anthozoa","Actiniaria","Edwardsiidae","Edwardsia","Edwardsia sp.","No","No","No","None","None","None","Benthic + Meroplanktonic","No","Sea anemones"
"6904","Eukaryota","Cnidaria","Hydrozoa","Siphonophorae","Diphyidae","Diphyes","Diphyes dispar","No","No","No","None","None","None","Holoplanktonic","No","Colonial hydrozoans (e.g., Portuguese man o' war)"
"6905","Eukaryota","Echinodermata","Holothuroidea","Aspidochirotida","Stichopodidae","Apostichopus","Apostichopus californicus","Yes","Yes","Yes","Internal skeleton","Internal skeleton","Calcite","Benthic + Meroplanktonic","No","Sea cucumbers (tentacled, thick-bodied)"
"6909","Eukaryota","Echinodermata","Asteroidea","Valvatida","Asterinidae","Patiria","Patiria miniata","Variable","No","Yes","None","Internal skeleton","Calcite","Meroplanktonic","No","Sea stars"
"6912","Eukaryota","Arthropoda","Malacostraca","Euphausiacea","Euphausiidae","Hansarsia","Hansarsia difficilis","Variable","No","Variable","None","Exoskeleton","Chitin + Calcium","Holoplanktonic","No","Krill"
"6915","Eukaryota","Mollusca","Gastropoda","Pteropoda","Creseidae","Styliola","Styliola sp.","Yes","Yes","Yes","External shell","External shell","Aragonite","Holoplanktonic","No","Sea butterflies"
"6916","Eukaryota","Arthropoda","Malacostraca","Decapoda","Panopeidae",NA,NA,"Variable","No","Variable","None","Exoskeleton","Calcite","Meroplanktonic","No","Crabs, lobsters, shrimp"
"6919","Eukaryota","Annelida","Polychaeta","Phyllodocida","Tomopteridae","Tomopteris",NA,"No","No","No","None","None","None","Benthic + Meroplanktonic","No","Active marine polychaetes"
"6920","Eukaryota","Arthropoda","Copepoda","Calanoida","Calanidae","Neocalanus","Neocalanus gracilis","Variable","Variable","Variable","Exoskeleton","Exoskeleton","Chitin + Calcium","Holoplanktonic","No","Copepods"
"6922","Eukaryota","Arthropoda","Malacostraca","Euphausiacea","Euphausiidae","Nyctiphanes","Nyctiphanes simplex","Variable","No","Variable","None","Exoskeleton","Chitin + Calcium","Holoplanktonic","No","Krill"
"6924","Eukaryota","Arthropoda","Copepoda","Calanoida","Aetideidae",NA,NA,"Variable","Variable","Variable","Exoskeleton","Exoskeleton","Chitin + Calcium","Holoplanktonic","No","Copepods"
"6925","Eukaryota","Arthropoda","Malacostraca","Decapoda","Pinnotheridae",NA,NA,"Variable","No","Variable","None","Exoskeleton","Calcite","Meroplanktonic","No","Crabs, lobsters, shrimp"
"6926","Eukaryota","Mollusca","Gastropoda","Pteropoda","Cliidae","Clio","Clio pyramidata","Yes","Yes","Yes","External shell","External shell","Aragonite","Holoplanktonic","No","Sea butterflies"
"6927","Eukaryota","Arthropoda","Malacostraca","Decapoda","Pinnotheridae","Pinnixa","Pinnixa occidentalis","Variable","No","Variable","None","Exoskeleton","Calcite","Meroplanktonic","No","Crabs, lobsters, shrimp"
"6928","Eukaryota","Mollusca","Gastropoda","Pteropoda","Limacinidae",NA,NA,"Yes","Yes","Yes","External shell","External shell","Aragonite","Holoplanktonic","No","Sea butterflies"
"6930","Eukaryota","Arthropoda","Malacostraca","Decapoda","Paguridae","Pagurus","Pagurus sp. 10BIOBC_01170","Variable","No","Variable","None","Exoskeleton","Calcite","Meroplanktonic","No","Crabs, lobsters, shrimp"
"6933","Eukaryota","Arthropoda","Malacostraca","Decapoda","Sergestidae","Eusergestes","Eusergestes similis","Variable","No","Variable","None","Exoskeleton","Calcite","Meroplanktonic","No","Crabs, lobsters, shrimp"
"6935","Eukaryota","Ctenophora","Tentaculata","Cestida","Cestidae","Velamen",NA,"No","No","No","None","None","None","Holoplanktonic","No","Ribbon comb jellies"
"6939","Eukaryota","Mollusca","Gastropoda","Nudibranchia","Dendronotidae","Dendronotus","Dendronotus iris","Variable","Variable","No","External shell","None","Aragonite","Meroplanktonic","No","Shell-less sea slugs"
"6942","Eukaryota","Arthropoda","Copepoda","Calanoida","Metridinidae","Pleuromamma","Pleuromamma xiphias","Variable","Variable","Variable","Exoskeleton","Exoskeleton","Chitin + Calcium","Holoplanktonic","No","Copepods"
"6944","Eukaryota","Mollusca","Gastropoda","Acteonidae","Acteonidae","Rictaxis","Rictaxis punctocaelatus","Yes","Yes","Yes","External shell","External shell","Aragonite","Benthic + Meroplanktonic","No","Bubble snails (Acteon and Rictaxis)"
"6945","Eukaryota","Annelida","Polychaeta","Phyllodocida","Polynoidae",NA,NA,"No","No","No","None","None","None","Benthic + Meroplanktonic","No","Active marine polychaetes"
"6947","Eukaryota","Arthropoda","Malacostraca","Euphausiacea","Euphausiidae",NA,NA,"Variable","No","Variable","None","Exoskeleton","Chitin + Calcium","Holoplanktonic","No","Krill"
"6948","Eukaryota","Echinodermata","Asteroidea","Forcipulatida","Labidiasteridae","Rathbunaster","Rathbunaster californicus","Yes","Yes","Yes","Internal skeleton","Internal skeleton","Calcite","Meroplanktonic","No","Starfish"
"6950","Eukaryota","Arthropoda","Malacostraca","Euphausiacea","Euphausiidae",NA,NA,"Variable","No","Variable","None","Exoskeleton","Chitin + Calcium","Holoplanktonic","No","Krill"
"6954","Eukaryota","Annelida","Polychaeta","Phyllodocida","Tomopteridae","Tomopteris","Tomopteris sp. USNM IZ 1449764","No","No","No","None","None","None","Benthic + Meroplanktonic","No","Active marine polychaetes"
"6955","Eukaryota","Arthropoda","Malacostraca","Decapoda","Munididae","Pleuroncodes","Pleuroncodes planipes","Variable","No","Variable","None","Exoskeleton","Calcite","Meroplanktonic","No","Crabs, lobsters, shrimp"
"6959","Eukaryota","Bryozoa","Gymnolaemata","Cheilostomatida","Membraniporidae","Membranipora","Membranipora villosa","Yes","Yes","Yes","External shell","External shell","Calcite","Meroplanktonic","No","Encrusting bryozoans"
"6960","Eukaryota","Mollusca","Gastropoda","Pteropoda","Cliidae","Clio","Clio pyramidata","Yes","Yes","Yes","External shell","External shell","Aragonite","Holoplanktonic","No","Sea butterflies"
"6961","Eukaryota","Echinodermata","Echinoidea","Spatangoida","Schizasteridae","Brisaster","Brisaster latifrons","Yes","Yes","Yes","Internal skeleton","Exoskeleton","Calcite","Meroplanktonic","No","Heart urchins"
"6963","Eukaryota","Arthropoda","Copepoda","Cyclopoida","Oithonidae","Oithona","Oithona similis","Variable","Variable","Variable","Exoskeleton","Exoskeleton","Chitin + Calcium","Holoplanktonic","No","Cyclopoid copepods"
"6964","Eukaryota","Mollusca","Gastropoda","Limapontiidae","Limapontiidae",NA,NA,"Variable","Variable","No","External shell","None","Aragonite","Meroplanktonic","No","Sap-sucking sea slugs"
"6965","Eukaryota","Cnidaria","Hydrozoa","Anthoathecata","Bougainvilliidae",NA,NA,"No","No","No","None","None","None","Benthic + Holoplanktonic","No","Colonial hydroids and small medusae"
"6968","Eukaryota","Arthropoda","Malacostraca","Euphausiacea","Euphausiidae","Hansarsia",NA,"Variable","No","Variable","None","Exoskeleton","Chitin + Calcium","Holoplanktonic","No","Krill"
"6981","Eukaryota","Echinodermata","Ophiuroidea","Amphilepidida","Ophiotrichidae","Ophiothrix","Ophiothrix spiculata","Yes","Yes","Yes","Internal skeleton","Internal skeleton","Calcite","Meroplanktonic","No","Brittle stars"
"6982","Eukaryota","Annelida","Polychaeta","Phyllodocida","Phyllodocidae",NA,NA,"No","No","No","None","None","None","Benthic + Meroplanktonic","No","Active marine polychaetes"
"6983","Eukaryota","Annelida","Polychaeta","Phyllodocida","Polynoidae","Thormora","Thormora cf_ setosior","No","No","No","None","None","None","Benthic + Meroplanktonic","No","Active marine polychaetes"
"6984","Eukaryota","Arthropoda","Ostracoda","Halocyprida","Halocyprididae","Conchoecia","Conchoecia magna","Variable","No","Variable","None","Exoskeleton","Chitin + Calcium","Holoplanktonic","No","Ostracods (seed shrimp)"
"6985","Eukaryota","Arthropoda","Malacostraca","Euphausiacea","Euphausiidae","Hansarsia",NA,"Variable","No","Variable","None","Exoskeleton","Chitin + Calcium","Holoplanktonic","No","Krill"
"6990","Eukaryota","Arthropoda","Copepoda","Calanoida","Eucalanidae","Eucalanus","Eucalanus californicus","Variable","Variable","Variable","Exoskeleton","Exoskeleton","Chitin + Calcium","Holoplanktonic","No","Copepods"
"6991","Eukaryota","Arthropoda","Thecostraca","Balanomorpha","Balanidae","Balanus","Balanus glandula","Yes","Yes","Yes","External shell","External shell","Calcite","Meroplanktonic","No","Barnacles"
"6992","Eukaryota","Arthropoda","Malacostraca","Euphausiacea","Euphausiidae",NA,NA,"Variable","No","Variable","None","Exoskeleton","Chitin + Calcium","Holoplanktonic","No","Krill"
"6993","Eukaryota","Arthropoda","Malacostraca","Euphausiacea","Euphausiidae","Hansarsia",NA,"Variable","No","Variable","None","Exoskeleton","Chitin + Calcium","Holoplanktonic","No","Krill"
"7002","Eukaryota","Arthropoda","Copepoda","Calanoida","Calanidae","Neocalanus",NA,"Variable","Variable","Variable","Exoskeleton","Exoskeleton","Chitin + Calcium","Holoplanktonic","No","Copepods"
"7005","Eukaryota","Echinodermata","Ophiuroidea","Amphilepidida","Amphiuridae",NA,NA,"Yes","Yes","Yes","Internal skeleton","Internal skeleton","Calcite","Meroplanktonic","No","Brittle stars"
"7006","Eukaryota","Arthropoda","Copepoda","Calanoida","Scolecitrichidae","Scolecithrix","Scolecithrix bradyi","Variable","Variable","Variable","Exoskeleton","Exoskeleton","Chitin + Calcium","Holoplanktonic","No","Copepods"
"7009","Eukaryota","Mollusca","Gastropoda","Littorinimorpha","Atlantidae","Atlanta","Atlanta sp. USNM IZ 1230636","Yes","Yes","Yes","External shell","External shell","Aragonite/Calcite","Meroplanktonic","No","Periwinkles and related snails"
"7013","Eukaryota","Annelida","Polychaeta","Phyllodocida","Pholoidae","Pholoides","Pholoides asperus","No","No","No","None","None","None","Benthic + Meroplanktonic","No","Active marine polychaetes"
"7016","Eukaryota","Arthropoda","Copepoda","Calanoida","Clausocalanidae","Clausocalanus",NA,"Variable","Variable","Variable","Exoskeleton","Exoskeleton","Chitin + Calcium","Holoplanktonic","No","Copepods"
"7024","Eukaryota","Mollusca","Gastropoda","Nudibranchia","Tritoniidae","Tritonia","Tritonia festiva","Variable","Variable","No","External shell","None","Aragonite","Meroplanktonic","No","Shell-less sea slugs"
"7025","Eukaryota","Bryozoa","Gymnolaemata","Cheilostomatida","Membraniporidae",NA,NA,"Yes","Yes","Yes","External shell","External shell","Calcite","Meroplanktonic","No","Encrusting bryozoans"
"7026","Eukaryota","Mollusca","Gastropoda","Siphonariida","Siphonariidae","Williamia","Williamia peltoides","Variable","Variable","Variable","External shell","External shell","Aragonite","Meroplanktonic","No","False limpets (air-breathing marine snails)"
"7027","Eukaryota","Echinodermata","Ophiuroidea","Amphilepidida","Amphiuridae","Amphipholis","Amphipholis pugetana","Yes","Yes","Yes","Internal skeleton","Internal skeleton","Calcite","Meroplanktonic","No","Brittle stars"
"7028","Eukaryota","Arthropoda","Ostracoda","Halocyprida","Halocyprididae","Conchoecetta","Conchoecetta giesbrechti","Variable","No","Variable","None","Exoskeleton","Chitin + Calcium","Holoplanktonic","No","Ostracods (seed shrimp)"
"7029","Eukaryota","Arthropoda","Ostracoda","Halocyprida","Halocyprididae","Conchoecia","Conchoecia magna","Variable","No","Variable","None","Exoskeleton","Chitin + Calcium","Holoplanktonic","No","Ostracods (seed shrimp)"
"7030","Eukaryota","Arthropoda","Copepoda","Calanoida","Aetideidae",NA,NA,"Variable","Variable","Variable","Exoskeleton","Exoskeleton","Chitin + Calcium","Holoplanktonic","No","Copepods"
"7031","Eukaryota","Arthropoda","Copepoda","Calanoida","Metridinidae","Pleuromamma","Pleuromamma borealis","Variable","Variable","Variable","Exoskeleton","Exoskeleton","Chitin + Calcium","Holoplanktonic","No","Copepods"
"7032","Eukaryota","Cnidaria","Hydrozoa","Limnomedusae","Geryoniidae","Liriope","Liriope tetraphylla","No","No","No","None","None","None","Holoplanktonic","No","Hydromedusae (sampled Liriope tetraphylla)"
"7033","Eukaryota","Echinodermata","Ophiuroidea","Amphilepidida","Amphiuridae","Amphipholis","Amphipholis pugetana","Yes","Yes","Yes","Internal skeleton","Internal skeleton","Calcite","Meroplanktonic","No","Brittle stars"
"7038","Eukaryota","Arthropoda","Thecostraca","Balanomorpha","Chthamalidae","Chthamalus","Chthamalus fissus","Yes","Yes","Yes","External shell","External shell","Calcite","Meroplanktonic","No","Barnacles"
"7039","Eukaryota","Arthropoda","Copepoda","Calanoida","Aetideidae","Gaetanus","Gaetanus minor","Variable","Variable","Variable","Exoskeleton","Exoskeleton","Chitin + Calcium","Holoplanktonic","No","Copepods"
"7040","Eukaryota","Cnidaria","Anthozoa","Corallimorpharia","Corallimorphidae","Corynactis",NA,"No","No","No","None","None","None","Benthic + Meroplanktonic","No","Soft-bodied coral relatives"
"7041","Eukaryota","Echinodermata","Ophiuroidea","Amphilepidida","Ophiotrichidae","Ophiothrix","Ophiothrix spiculata","Yes","Yes","Yes","Internal skeleton","Internal skeleton","Calcite","Meroplanktonic","No","Brittle stars"
"7043","Eukaryota","Arthropoda","Malacostraca","Decapoda","Inachoididae","Pyromaia","Pyromaia tuberculata","Variable","No","Variable","None","Exoskeleton","Calcite","Meroplanktonic","No","Crabs, lobsters, shrimp"
"7044","Eukaryota","Echinodermata","Ophiuroidea","Amphilepidida","Ophiactidae","Ophiopholis","Ophiopholis sp. EAC01","Yes","Yes","Yes","Internal skeleton","Internal skeleton","Calcite","Meroplanktonic","No","Brittle stars"
"7045","Eukaryota","Arthropoda","Copepoda","Calanoida","Metridinidae","Metridia",NA,"Variable","Variable","Variable","Exoskeleton","Exoskeleton","Chitin + Calcium","Holoplanktonic","No","Copepods"
"7050","Eukaryota","Chordata","Actinopteri","Clupeiformes","Clupeidae","Sardinops","Sardinops sagax","No","No","No","None","None","None","Meroplanktonic","No","Anchovies and herrings"
"7052","Eukaryota","Arthropoda","Copepoda","Calanoida","Clausocalanidae","Clausocalanus","Clausocalanus parapergens","Variable","Variable","Variable","Exoskeleton","Exoskeleton","Chitin + Calcium","Holoplanktonic","No","Copepods"
"7053","Eukaryota","Arthropoda","Thecostraca","Balanomorpha","Chthamalidae","Chthamalus","Chthamalus fissus","Yes","Yes","Yes","External shell","External shell","Calcite","Meroplanktonic","No","Barnacles"
"7056","Eukaryota","Chaetognatha","Sagittoidea","Aphragmophora","Sagittidae","Flaccisagitta",NA,"No","No","No","None","None","None","Holoplanktonic","No","Chaetognaths (arrow worms)"
"7060","Eukaryota","Arthropoda","Copepoda","Calanoida","Lucicutiidae","Lucicutia","Lucicutia flavicornis","Variable","Variable","Variable","Exoskeleton","Exoskeleton","Chitin + Calcium","Holoplanktonic","No","Copepods"
"7061","Eukaryota","Arthropoda","Copepoda","Calanoida","Eucalanidae",NA,NA,"Variable","Variable","Variable","Exoskeleton","Exoskeleton","Chitin + Calcium","Holoplanktonic","No","Copepods"
"7063","Eukaryota","Mollusca","Gastropoda","Nudibranchia","Triopha","Triopha","Triopha maculata","Variable","Variable","No","External shell","None","Aragonite","Meroplanktonic","No","Shell-less sea slugs"
"7068","Eukaryota","Arthropoda","Ostracoda","Halocyprida","Halocyprididae","Conchoecetta","Conchoecetta giesbrechti","Variable","No","Variable","None","Exoskeleton","Chitin + Calcium","Holoplanktonic","No","Ostracods (seed shrimp)"
"7069","Eukaryota","Arthropoda","Copepoda","Calanoida","Aetideidae",NA,NA,"Variable","Variable","Variable","Exoskeleton","Exoskeleton","Chitin + Calcium","Holoplanktonic","No","Copepods"
"7072","Eukaryota","Arthropoda","Malacostraca","Euphausiacea","Euphausiidae",NA,NA,"Variable","No","Variable","None","Exoskeleton","Chitin + Calcium","Holoplanktonic","No","Krill"
"7073","Eukaryota","Mollusca","Gastropoda","Neogastropoda","Mitridae",NA,NA,"Yes","Yes","Yes","External shell","External shell","Aragonite/Calcite","Meroplanktonic","No","Whelks and predatory snails"
"7075","Eukaryota","Arthropoda","Malacostraca","Euphausiacea","Euphausiidae","Hansarsia",NA,"Variable","No","Variable","None","Exoskeleton","Chitin + Calcium","Holoplanktonic","No","Krill"
"7078","Eukaryota","Arthropoda","Copepoda","Calanoida","Aetideidae",NA,NA,"Variable","Variable","Variable","Exoskeleton","Exoskeleton","Chitin + Calcium","Holoplanktonic","No","Copepods"
"7079","Eukaryota","Arthropoda","Malacostraca","Euphausiacea","Euphausiidae",NA,NA,"Variable","No","Variable","None","Exoskeleton","Chitin + Calcium","Holoplanktonic","No","Krill"
"7080","Eukaryota","Arthropoda","Malacostraca","Decapoda","Hippolytidae","Eualus","Eualus subtilis","Variable","No","Variable","None","Exoskeleton","Calcite","Meroplanktonic","No","Crabs, lobsters, shrimp"
"7081","Eukaryota","Arthropoda","Copepoda","Calanoida","Eucalanidae","Rhincalanus","Rhincalanus nasutus","Variable","Variable","Variable","Exoskeleton","Exoskeleton","Chitin + Calcium","Holoplanktonic","No","Copepods"
"7083","Eukaryota","Mollusca","Gastropoda","Pteropoda","Creseidae","Creseis","Creseis conica","Yes","Yes","Yes","External shell","External shell","Aragonite","Holoplanktonic","No","Sea butterflies"
"7085","Eukaryota","Mollusca","Gastropoda","Nudibranchia","Dironidae","Dirona","Dirona picta","Variable","Variable","No","External shell","None","Aragonite","Meroplanktonic","No","Shell-less sea slugs"
"7087","Eukaryota","Mollusca","Gastropoda","Nudibranchia","Goniodorididae",NA,NA,"Variable","Variable","No","External shell","None","Aragonite","Meroplanktonic","No","Shell-less sea slugs"
"7095","Eukaryota","Arthropoda","Copepoda","Calanoida","Euchaetidae","Euchaeta","Euchaeta marina","Variable","Variable","Variable","Exoskeleton","Exoskeleton","Chitin + Calcium","Holoplanktonic","No","Copepods"
"7099","Eukaryota","Arthropoda","Copepoda","Calanoida","Clausocalanidae","Clausocalanus",NA,"Variable","Variable","Variable","Exoskeleton","Exoskeleton","Chitin + Calcium","Holoplanktonic","No","Copepods"
"7100","Eukaryota","Mollusca","Gastropoda","Nudibranchia","Dorididae","Doris","Doris montereyensis","Variable","Variable","No","External shell","None","Aragonite","Meroplanktonic","No","Shell-less sea slugs"
"7105","Eukaryota","Arthropoda","Copepoda","Poecilostomatoida","Oncaeidae","Oncaea",NA,"Variable","Variable","Variable","Exoskeleton","Exoskeleton","Chitin + Calcium","Holoplanktonic","No","Parasitic or predatory copepods"
"7109","Eukaryota","Arthropoda","Ostracoda","Halocyprida","Halocyprididae","Mikroconchoecia","Mikroconchoecia sp. Os099_1_3","Variable","No","Variable","None","Exoskeleton","Chitin + Calcium","Holoplanktonic","No","Ostracods (seed shrimp)"
"7111","Eukaryota","Mollusca","Gastropoda","Pteropoda","Creseidae","Styliola","Styliola sp.","Yes","Yes","Yes","External shell","External shell","Aragonite","Holoplanktonic","No","Sea butterflies"
"7122","Eukaryota","Arthropoda","Copepoda","Poecilostomatoida","Oncaeidae","Oncaea","Oncaea sp.","Variable","Variable","Variable","Exoskeleton","Exoskeleton","Chitin + Calcium","Holoplanktonic","No","Parasitic or predatory copepods"
"7125","Eukaryota","Cnidaria","Hydrozoa","Siphonophorae","Diphyidae","Lensia","Lensia campanella","No","No","No","None","None","None","Holoplanktonic","No","Colonial hydrozoans (e.g., Portuguese man o' war)"
"7128","Eukaryota","Echinodermata","Ophiuroidea","Amphilepidida","Ophiotrichidae","Ophiothrix","Ophiothrix spiculata","Yes","Yes","Yes","Internal skeleton","Internal skeleton","Calcite","Meroplanktonic","No","Brittle stars"
"7130","Eukaryota","Arthropoda","Copepoda","Calanoida","Calocalanidae",NA,NA,"Variable","Variable","Variable","Exoskeleton","Exoskeleton","Chitin + Calcium","Holoplanktonic","No","Copepods"
"7131","Eukaryota","Arthropoda","Copepoda","Calanoida","Calocalanidae",NA,NA,"Variable","Variable","Variable","Exoskeleton","Exoskeleton","Chitin + Calcium","Holoplanktonic","No","Copepods"
"7133","Eukaryota","Arthropoda","Malacostraca","Euphausiacea","Euphausiidae",NA,NA,"Variable","No","Variable","None","Exoskeleton","Chitin + Calcium","Holoplanktonic","No","Krill"
"7135","Eukaryota","Arthropoda","Malacostraca","Euphausiacea","Euphausiidae",NA,NA,"Variable","No","Variable","None","Exoskeleton","Chitin + Calcium","Holoplanktonic","No","Krill"
"7136","Eukaryota","Arthropoda","Copepoda","Calanoida","Calocalanidae",NA,NA,"Variable","Variable","Variable","Exoskeleton","Exoskeleton","Chitin + Calcium","Holoplanktonic","No","Copepods"
"7139","Eukaryota","Arthropoda","Ostracoda","Halocyprida","Halocyprididae","Halocypris","Halocypris inflata","Variable","No","Variable","None","Exoskeleton","Chitin + Calcium","Holoplanktonic","No","Ostracods (seed shrimp)"
"7140","Eukaryota","Echinodermata","Ophiuroidea","Amphilepidida","Amphiuridae",NA,NA,"Yes","Yes","Yes","Internal skeleton","Internal skeleton","Calcite","Meroplanktonic","No","Brittle stars"
"7142","Eukaryota","Arthropoda","Ostracoda","Halocyprida","Halocyprididae","Mikroconchoecia","Mikroconchoecia sp. USNM IZ 1448470","Variable","No","Variable","None","Exoskeleton","Chitin + Calcium","Holoplanktonic","No","Ostracods (seed shrimp)"
"7143","Eukaryota","Chaetognatha","Sagittoidea","Aphragmophora","Sagittidae","Parasagitta","Parasagitta cf_ euneritica","No","No","No","None","None","None","Holoplanktonic","No","Chaetognaths (arrow worms)"
"7144","Eukaryota","Arthropoda","Copepoda","Calanoida","Calanidae","Calanus","Calanus pacificus","Variable","Variable","Variable","Exoskeleton","Exoskeleton","Chitin + Calcium","Holoplanktonic","No","Copepods"
"7145","Eukaryota","Echinodermata","Echinoidea","Diadematoida","Diadematidae","Centrostephanus","Centrostephanus coronatus","Yes","Yes","Yes","Internal skeleton","Internal skeleton","Calcite","Benthic + Meroplanktonic","No","Sea urchins (hollow spines)"
"7146","Eukaryota","Arthropoda","Copepoda","Calanoida","Paracalanidae","Paracalanus","Paracalanus tropicus","Variable","Variable","Variable","Exoskeleton","Exoskeleton","Chitin + Calcium","Holoplanktonic","No","Copepods"
"7147","Eukaryota","Arthropoda","Copepoda","Calanoida","Calanidae","Neocalanus","Neocalanus gracilis","Variable","Variable","Variable","Exoskeleton","Exoskeleton","Chitin + Calcium","Holoplanktonic","No","Copepods"
"7152","Eukaryota","Mollusca","Gastropoda","Neogastropoda","Olividae","Callianax","Callianax biplicata","Yes","Yes","Yes","External shell","External shell","Aragonite/Calcite","Meroplanktonic","No","Whelks and predatory snails"
"7153","Eukaryota","Arthropoda","Copepoda","Calanoida","Eucalanidae","Eucalanus","Eucalanus californicus","Variable","Variable","Variable","Exoskeleton","Exoskeleton","Chitin + Calcium","Holoplanktonic","No","Copepods"
"7160","Eukaryota","Mollusca","Bivalvia","Galeommatida","Lasaeidae",NA,NA,"Yes","Yes","Yes","External shell","External shell","Aragonite/Calcite","Meroplanktonic","No","Small clams and bivalves"
"7161","Eukaryota","Arthropoda","Malacostraca","Euphausiacea","Euphausiidae","Euphausia","Euphausia recurva","Variable","No","Variable","None","Exoskeleton","Chitin + Calcium","Holoplanktonic","No","Krill"
"7162","Eukaryota","Arthropoda","Copepoda","Calanoida","Aetideidae",NA,NA,"Variable","Variable","Variable","Exoskeleton","Exoskeleton","Chitin + Calcium","Holoplanktonic","No","Copepods"
"7165","Eukaryota","Arthropoda","Malacostraca","Euphausiacea","Euphausiidae","Hansarsia",NA,"Variable","No","Variable","None","Exoskeleton","Chitin + Calcium","Holoplanktonic","No","Krill"
"7166","Eukaryota","Arthropoda","Ostracoda","Halocyprida","Halocyprididae","Discoconchoecia","Discoconchoecia sp. S8_D6","Variable","No","Variable","None","Exoskeleton","Chitin + Calcium","Holoplanktonic","No","Ostracods (seed shrimp)"
"7170","Eukaryota","Arthropoda","Malacostraca","Isopoda","Hemioniscidae","Hemioniscus","Hemioniscus balani","Variable","No","Variable","None","Exoskeleton","Chitin + Calcium","Benthic + Meroplanktonic","No","Isopods"
"7172","Eukaryota","Echinodermata","Ophiuroidea","Amphilepidida","Ophionereidae",NA,NA,"Yes","Yes","Yes","Internal skeleton","Internal skeleton","Calcite","Meroplanktonic","No","Brittle stars"
"7179","Eukaryota","Arthropoda","Copepoda","Calanoida","Eucalanidae","Eucalanus","Eucalanus californicus","Variable","Variable","Variable","Exoskeleton","Exoskeleton","Chitin + Calcium","Holoplanktonic","No","Copepods"
"7183","Eukaryota","Arthropoda","Thecostraca","Balanomorpha","Chthamalidae","Chthamalus","Chthamalus fissus","Yes","Yes","Yes","External shell","External shell","Calcite","Meroplanktonic","No","Barnacles"
"7185","Eukaryota","Arthropoda","Malacostraca","Euphausiacea","Euphausiidae",NA,NA,"Variable","No","Variable","None","Exoskeleton","Chitin + Calcium","Holoplanktonic","No","Krill"
"7187","Eukaryota","Arthropoda","Copepoda","Poecilostomatoida","Oncaeidae","Oncaea","Oncaea sp.","Variable","Variable","Variable","Exoskeleton","Exoskeleton","Chitin + Calcium","Holoplanktonic","No","Parasitic or predatory copepods"
"7189","Eukaryota","Arthropoda","Ostracoda","Halocyprida","Halocyprididae","Porroecia",NA,"Variable","No","Variable","None","Exoskeleton","Chitin + Calcium","Holoplanktonic","No","Ostracods (seed shrimp)"
"7190","Eukaryota","Echinodermata","Ophiuroidea","Amphilepidida","Amphiuridae","Amphipholis","Amphipholis pugetana","Yes","Yes","Yes","Internal skeleton","Internal skeleton","Calcite","Meroplanktonic","No","Brittle stars"
"7194","Eukaryota","Mollusca","Gastropoda","Pyramidellidae","Pyramidellidae",NA,NA,"Yes","Yes","Yes","External shell","External shell","Aragonite/Calcite","Benthic + Meroplanktonic","No","Parasitic snails"
"7198","Eukaryota","Brachiopoda","Lingulata","Lingulida","Lingulidae","Glottidia","Glottidia albida","No","No","No","External shell","External shell","Calcium phosphate","Meroplanktonic","No","Lingulid brachiopods (calcium-phosphate shells)"
"7199","Eukaryota","Arthropoda","Copepoda","Poecilostomatoida","Oncaeidae","Oncaea","Oncaea sp.","Variable","Variable","Variable","Exoskeleton","Exoskeleton","Chitin + Calcium","Holoplanktonic","No","Parasitic or predatory copepods"
"7200","Eukaryota","Echinodermata","Echinoidea","Temnopleuroida","Toxopneustidae","Lytechinus","Lytechinus pictus","Yes","Yes","Yes","Internal skeleton","Exoskeleton","Calcite","Meroplanktonic","No","Short-spined sea urchins"
"7206","Eukaryota","Arthropoda","Malacostraca","Decapoda","Paguridae",NA,NA,"Variable","No","Variable","None","Exoskeleton","Calcite","Meroplanktonic","No","Crabs, lobsters, shrimp"
"7208","Eukaryota","Echinodermata","Holothuroidea","Apodida","Chiridotidae","Chiridota","Chiridota albatrossii","Yes","Yes","Yes","Internal skeleton","Internal skeleton","Calcite","Benthic + Meroplanktonic","No","Sea cucumbers (soft-bodied, no tube feet)"
"7210","Eukaryota","Cnidaria","Hydrozoa","Narcomedusae","Solmarisidae","Pegantha","Pegantha cf_ martagon","No","No","No","None","None","None","Holoplanktonic","No","Deep-sea jellyfish"
"7213","Eukaryota","Annelida","Polychaeta","Sabellida","Sabellariidae","Phragmatopoma","Phragmatopoma californica","Variable","Variable","Variable","External tube","External tube","Aragonite","Benthic + Meroplanktonic","No","Fan worms and feather duster worms"
"7214","Eukaryota","Arthropoda","Copepoda","Calanoida","Clausocalanidae","Clausocalanus","Clausocalanus arcuicornis","Variable","Variable","Variable","Exoskeleton","Exoskeleton","Chitin + Calcium","Holoplanktonic","No","Copepods"
"7217","Eukaryota","Mollusca","Gastropoda","Limapontiidae","Limapontiidae",NA,NA,"Variable","Variable","No","External shell","None","Aragonite","Meroplanktonic","No","Sap-sucking sea slugs"
"7218","Eukaryota","Arthropoda","Copepoda","Calanoida","Clausocalanidae","Clausocalanus",NA,"Variable","Variable","Variable","Exoskeleton","Exoskeleton","Chitin + Calcium","Holoplanktonic","No","Copepods"
"7220","Eukaryota","Mollusca","Gastropoda","Nudibranchia","Goniodorididae",NA,NA,"Variable","Variable","No","External shell","None","Aragonite","Meroplanktonic","No","Shell-less sea slugs"
"7223","Eukaryota","Mollusca","Gastropoda","Cephalaspidea","Philinidae",NA,NA,"Variable","Yes","Yes","External shell","External shell","Aragonite","Meroplanktonic","No","Bubble snails"
"7227","Eukaryota","Arthropoda","Copepoda","Calanoida","Euchaetidae",NA,NA,"Variable","Variable","Variable","Exoskeleton","Exoskeleton","Chitin + Calcium","Holoplanktonic","No","Copepods"
"7229","Eukaryota","Echinodermata","Ophiuroidea","Amphilepidida","Amphiuridae","Amphipholis","Amphipholis pugetana","Yes","Yes","Yes","Internal skeleton","Internal skeleton","Calcite","Meroplanktonic","No","Brittle stars"
"7233","Eukaryota","Arthropoda","Copepoda","Calanoida","Paracalanidae",NA,NA,"Variable","Variable","Variable","Exoskeleton","Exoskeleton","Chitin + Calcium","Holoplanktonic","No","Copepods"
"7237","Eukaryota","Mollusca","Gastropoda","Nudibranchia","Aeolidiidae","Cerberilla","Cerberilla mosslandica","Variable","Variable","No","External shell","None","Aragonite","Meroplanktonic","No","Shell-less sea slugs"
"7239","Eukaryota","Arthropoda","Ostracoda","Halocyprida","Halocyprididae","Discoconchoecia","Discoconchoecia sp. S8_D6","Variable","No","Variable","None","Exoskeleton","Chitin + Calcium","Holoplanktonic","No","Ostracods (seed shrimp)"
"7240","Eukaryota","Mollusca","Gastropoda","Pteropoda","Creseidae","Styliola","Styliola sp.","Yes","Yes","Yes","External shell","External shell","Aragonite","Holoplanktonic","No","Sea butterflies"
"7242","Eukaryota","Mollusca","Gastropoda","Pyramidellidae","Pyramidellidae","Odostomia","Odostomia sp. BMBM_0374","Yes","Yes","Yes","External shell","External shell","Aragonite/Calcite","Benthic + Meroplanktonic","No","Parasitic snails"
"7244","Eukaryota","Mollusca","Gastropoda","Limapontiidae","Limapontiidae","Aplysiopsis","Aplysiopsis enteromorphae","Variable","Variable","No","External shell","None","Aragonite","Meroplanktonic","No","Sap-sucking sea slugs"
"7249","Eukaryota","Echinodermata","Ophiuroidea","Amphilepidida","Ophiotrichidae","Ophiothrix","Ophiothrix spiculata","Yes","Yes","Yes","Internal skeleton","Internal skeleton","Calcite","Meroplanktonic","No","Brittle stars"
"7251","Eukaryota","Arthropoda","Ostracoda","Halocyprida","Halocyprididae","Porroecia",NA,"Variable","No","Variable","None","Exoskeleton","Chitin + Calcium","Holoplanktonic","No","Ostracods (seed shrimp)"
"7253","Eukaryota","Arthropoda","Copepoda","Calanoida","Temoridae","Temora","Temora discaudata","Variable","Variable","Variable","Exoskeleton","Exoskeleton","Chitin + Calcium","Holoplanktonic","No","Copepods"
"7258","Eukaryota","Ctenophora","Tentaculata","Cydippida","Pleurobrachiidae","Pleurobrachia","Pleurobrachia bachei","No","No","No","None","None","None","Holoplanktonic","No","Comb jellies (round-bodied ctenophores)"
"7259","Eukaryota","Arthropoda","Copepoda","Calanoida","Candaciidae","Candacia","Candacia bipinnata","Variable","Variable","Variable","Exoskeleton","Exoskeleton","Chitin + Calcium","Holoplanktonic","No","Copepods"
"7260","Eukaryota","Arthropoda","Malacostraca","Decapoda","Pinnotheridae","Pinnixa","Pinnixa franciscana","Variable","No","Variable","None","Exoskeleton","Calcite","Meroplanktonic","No","Crabs, lobsters, shrimp"
"7266","Eukaryota","Bryozoa","Gymnolaemata","Cheilostomatida","Membraniporidae",NA,NA,"Yes","Yes","Yes","External shell","External shell","Calcite","Meroplanktonic","No","Encrusting bryozoans"
"7267","Eukaryota","Arthropoda","Malacostraca","Decapoda","Hippolytidae","Eualus","Eualus subtilis","Variable","No","Variable","None","Exoskeleton","Calcite","Meroplanktonic","No","Crabs, lobsters, shrimp"
"7269","Eukaryota","Arthropoda","Malacostraca","Decapoda","Cancridae","Metacarcinus","Metacarcinus gracilis","Variable","No","Variable","None","Exoskeleton","Calcite","Meroplanktonic","No","Crabs, lobsters, shrimp"
"7270","Eukaryota","Mollusca","Gastropoda","Littorinimorpha","Naticidae","Neverita",NA,"Yes","Yes","Yes","External shell","External shell","Aragonite/Calcite","Meroplanktonic","No","Periwinkles and related snails"
"7272","Eukaryota","Arthropoda","Malacostraca","Euphausiacea","Euphausiidae","Thysanoessa","Thysanoessa gregaria","Variable","No","Variable","None","Exoskeleton","Chitin + Calcium","Holoplanktonic","No","Krill"
"7273","Eukaryota","Mollusca","Gastropoda","Pteropoda","Cliidae","Clio","Clio pyramidata","Yes","Yes","Yes","External shell","External shell","Aragonite","Holoplanktonic","No","Sea butterflies"
"7274","Eukaryota","Arthropoda","Malacostraca","Decapoda","Hippolytidae","Spirontocaris","Spirontocaris sica","Variable","No","Variable","None","Exoskeleton","Calcite","Meroplanktonic","No","Crabs, lobsters, shrimp"
"7284","Eukaryota","Arthropoda","Copepoda","Poecilostomatoida","Oncaeidae","Oncaea",NA,"Variable","Variable","Variable","Exoskeleton","Exoskeleton","Chitin + Calcium","Holoplanktonic","No","Parasitic or predatory copepods"
"7285","Eukaryota","Arthropoda","Copepoda","Calanoida","Lucicutiidae","Lucicutia","Lucicutia flavicornis","Variable","Variable","Variable","Exoskeleton","Exoskeleton","Chitin + Calcium","Holoplanktonic","No","Copepods"
"7286","Eukaryota","Arthropoda","Ostracoda","Halocyprida","Halocyprididae","Orthoconchoecia","Orthoconchoecia bispinosa","Variable","No","Variable","None","Exoskeleton","Chitin + Calcium","Holoplanktonic","No","Ostracods (seed shrimp)"
"7288","Eukaryota","Echinodermata","Ophiuroidea","Amphilepidida","Amphiuridae","Amphipholis","Amphipholis pugetana","Yes","Yes","Yes","Internal skeleton","Internal skeleton","Calcite","Meroplanktonic","No","Brittle stars"
"7290","Eukaryota","Arthropoda","Ostracoda","Halocyprida","Halocyprididae","Discoconchoecia","Discoconchoecia sp. S8_D6","Variable","No","Variable","None","Exoskeleton","Chitin + Calcium","Holoplanktonic","No","Ostracods (seed shrimp)"
"7291","Eukaryota","Mollusca","Gastropoda","Littorinimorpha","Calyptraeidae",NA,NA,"Yes","Yes","Yes","External shell","External shell","Aragonite/Calcite","Meroplanktonic","No","Periwinkles and related snails"
"7292","Eukaryota","Mollusca","Gastropoda","Neogastropoda","Nassariidae",NA,NA,"Yes","Yes","Yes","External shell","External shell","Aragonite/Calcite","Meroplanktonic","No","Whelks and predatory snails"
"7293","Eukaryota","Mollusca","Gastropoda","Pteropoda","Cliidae","Clio","Clio pyramidata","Yes","Yes","Yes","External shell","External shell","Aragonite","Holoplanktonic","No","Sea butterflies"
"7295","Eukaryota","Mollusca","Gastropoda","Nudibranchia","Tritoniidae","Tritonia","Tritonia exsulans","Variable","Variable","No","External shell","None","Aragonite","Meroplanktonic","No","Shell-less sea slugs"
"7296","Eukaryota","Arthropoda","Copepoda","Calanoida","Paracalanidae",NA,NA,"Variable","Variable","Variable","Exoskeleton","Exoskeleton","Chitin + Calcium","Holoplanktonic","No","Copepods"
"7297","Eukaryota","Arthropoda","Malacostraca","Euphausiacea","Euphausiidae","Euphausia",NA,"Variable","No","Variable","None","Exoskeleton","Chitin + Calcium","Holoplanktonic","No","Krill"
"7298","Eukaryota","Arthropoda","Malacostraca","Decapoda","Munididae","Pleuroncodes","Pleuroncodes planipes","Variable","No","Variable","None","Exoskeleton","Calcite","Meroplanktonic","No","Crabs, lobsters, shrimp"
"7302","Eukaryota","Echinodermata","Ophiuroidea","Amphilepidida","Amphiuridae","Amphipholis","Amphipholis pugetana","Yes","Yes","Yes","Internal skeleton","Internal skeleton","Calcite","Meroplanktonic","No","Brittle stars"
"7306","Eukaryota","Arthropoda","Copepoda","Calanoida","Aetideidae",NA,NA,"Variable","Variable","Variable","Exoskeleton","Exoskeleton","Chitin + Calcium","Holoplanktonic","No","Copepods"
"7308","Eukaryota","Arthropoda","Copepoda","Calanoida","Eucalanidae","Eucalanus","Eucalanus californicus","Variable","Variable","Variable","Exoskeleton","Exoskeleton","Chitin + Calcium","Holoplanktonic","No","Copepods"
"7315","Eukaryota","Arthropoda","Copepoda","Calanoida","Scolecitrichidae","Scolecithrix","Scolecithrix bradyi","Variable","Variable","Variable","Exoskeleton","Exoskeleton","Chitin + Calcium","Holoplanktonic","No","Copepods"
"7320","Eukaryota","Arthropoda","Copepoda","Calanoida","Clausocalanidae","Clausocalanus","Clausocalanus jobei","Variable","Variable","Variable","Exoskeleton","Exoskeleton","Chitin + Calcium","Holoplanktonic","No","Copepods"
"7321","Eukaryota","Arthropoda","Malacostraca","Decapoda","Hippolytidae","Lysmata","Lysmata californica","Variable","No","Variable","None","Exoskeleton","Calcite","Meroplanktonic","No","Crabs, lobsters, shrimp"
"7324","Eukaryota","Arthropoda","Copepoda","Calanoida","Scolecitrichidae","Scolecithrix","Scolecithrix bradyi","Variable","Variable","Variable","Exoskeleton","Exoskeleton","Chitin + Calcium","Holoplanktonic","No","Copepods"
"7326","Eukaryota","Arthropoda","Ostracoda","Halocyprida","Halocyprididae","Proceroecia","Proceroecia procera","Variable","No","Variable","None","Exoskeleton","Chitin + Calcium","Holoplanktonic","No","Ostracods (seed shrimp)"
"7328","Eukaryota","Arthropoda","Copepoda","Cyclopoida","Oithonidae","Oithona",NA,"Variable","Variable","Variable","Exoskeleton","Exoskeleton","Chitin + Calcium","Holoplanktonic","No","Cyclopoid copepods"
"7335","Eukaryota","Arthropoda","Copepoda","Calanoida","Aetideidae",NA,NA,"Variable","Variable","Variable","Exoskeleton","Exoskeleton","Chitin + Calcium","Holoplanktonic","No","Copepods"
"7337","Eukaryota","Arthropoda","Copepoda","Calanoida","Calocalanidae",NA,NA,"Variable","Variable","Variable","Exoskeleton","Exoskeleton","Chitin + Calcium","Holoplanktonic","No","Copepods"
"7338","Eukaryota","Arthropoda","Copepoda","Calanoida","Aetideidae",NA,NA,"Variable","Variable","Variable","Exoskeleton","Exoskeleton","Chitin + Calcium","Holoplanktonic","No","Copepods"
"7342","Eukaryota","Arthropoda","Ostracoda","Halocyprida","Halocyprididae","Orthoconchoecia","Orthoconchoecia bispinosa","Variable","No","Variable","None","Exoskeleton","Chitin + Calcium","Holoplanktonic","No","Ostracods (seed shrimp)"
"7343","Eukaryota","Arthropoda","Malacostraca","Euphausiacea","Euphausiidae",NA,NA,"Variable","No","Variable","None","Exoskeleton","Chitin + Calcium","Holoplanktonic","No","Krill"
"7346","Eukaryota","Arthropoda","Ostracoda","Halocyprida","Halocyprididae","Mikroconchoecia",NA,"Variable","No","Variable","None","Exoskeleton","Chitin + Calcium","Holoplanktonic","No","Ostracods (seed shrimp)"
"7347","Eukaryota","Arthropoda","Copepoda","Calanoida","Eucalanidae","Rhincalanus","Rhincalanus nasutus","Variable","Variable","Variable","Exoskeleton","Exoskeleton","Chitin + Calcium","Holoplanktonic","No","Copepods"
"7348","Eukaryota","Mollusca","Gastropoda","Nudibranchia","Flabellinidae","Flabellina","Flabellina cf_ trophina BOLD_ABA3308","Variable","Variable","No","External shell","None","Aragonite","Meroplanktonic","No","Shell-less sea slugs"
"7349","Eukaryota","Arthropoda","Copepoda","Calanoida","Scolecitrichidae","Scolecithricella","Scolecithricella dentata","Variable","Variable","Variable","Exoskeleton","Exoskeleton","Chitin + Calcium","Holoplanktonic","No","Copepods"
"7350","Eukaryota","Cnidaria","Hydrozoa","Anthoathecata","Pandeidae",NA,NA,"No","No","No","None","None","None","Benthic + Holoplanktonic","No","Colonial hydroids and small medusae"
"7352","Eukaryota","Arthropoda","Copepoda","Calanoida","Candaciidae","Candacia","Candacia bipinnata","Variable","Variable","Variable","Exoskeleton","Exoskeleton","Chitin + Calcium","Holoplanktonic","No","Copepods"
"7354","Eukaryota","Arthropoda","Ostracoda","Halocyprida","Halocyprididae","Porroecia","Porroecia sp. S9_F12","Variable","No","Variable","None","Exoskeleton","Chitin + Calcium","Holoplanktonic","No","Ostracods (seed shrimp)"
"7357","Eukaryota","Arthropoda","Copepoda","Poecilostomatoida","Oncaeidae","Oncaea",NA,"Variable","Variable","Variable","Exoskeleton","Exoskeleton","Chitin + Calcium","Holoplanktonic","No","Parasitic or predatory copepods"
"7358","Eukaryota","Arthropoda","Copepoda","Calanoida","Paracalanidae","Paracalanus",NA,"Variable","Variable","Variable","Exoskeleton","Exoskeleton","Chitin + Calcium","Holoplanktonic","No","Copepods"
"7363","Eukaryota","Arthropoda","Malacostraca","Euphausiacea","Euphausiidae",NA,NA,"Variable","No","Variable","None","Exoskeleton","Chitin + Calcium","Holoplanktonic","No","Krill"
"7364","Eukaryota","Bryozoa","Gymnolaemata","Cheilostomatida","Membraniporidae",NA,NA,"Yes","Yes","Yes","External shell","External shell","Calcite","Meroplanktonic","No","Encrusting bryozoans"
"7365","Eukaryota","Mollusca","Gastropoda","Nudibranchia","Discodorididae","Diaulula","Diaulula sandiegensis","Variable","Variable","No","External shell","None","Aragonite","Meroplanktonic","No","Shell-less sea slugs"
"7366","Eukaryota","Arthropoda","Copepoda","Poecilostomatoida","Corycaeidae","Farranula",NA,"Variable","Variable","Variable","Exoskeleton","Exoskeleton","Chitin + Calcium","Holoplanktonic","No","Parasitic or predatory copepods"
"7368","Eukaryota","Annelida","Polychaeta","Capitellidae","Capitellidae",NA,NA,"No","No","No","None","None","None","Benthic + Meroplanktonic","No","Marine bristle worms (mud-dwelling)"
"7370","Eukaryota","Mollusca","Gastropoda","Littorinimorpha","Carinariidae",NA,NA,"Yes","Yes","Yes","External shell","External shell","Aragonite/Calcite","Meroplanktonic","No","Periwinkles and related snails"
"7373","Eukaryota","Annelida","Polychaeta","Capitellidae","Capitellidae",NA,NA,"No","No","No","None","None","None","Benthic + Meroplanktonic","No","Marine bristle worms (mud-dwelling)"
"7374","Eukaryota","Arthropoda","Copepoda","Calanoida","Eucalanidae","Eucalanus","Eucalanus californicus","Variable","Variable","Variable","Exoskeleton","Exoskeleton","Chitin + Calcium","Holoplanktonic","No","Copepods"
"7378","Eukaryota","Echinodermata","Asteroidea","Valvatida","Asterinidae","Patiria","Patiria miniata","Variable","No","Yes","None","Internal skeleton","Calcite","Meroplanktonic","No","Sea stars"
"7380","Eukaryota","Arthropoda","Malacostraca","Euphausiacea","Euphausiidae","Thysanoessa","Thysanoessa gregaria","Variable","No","Variable","None","Exoskeleton","Chitin + Calcium","Holoplanktonic","No","Krill"
"7381","Eukaryota","Arthropoda","Copepoda","Calanoida","Metridinidae","Pleuromamma","Pleuromamma abdominalis","Variable","Variable","Variable","Exoskeleton","Exoskeleton","Chitin + Calcium","Holoplanktonic","No","Copepods"
"7383","Eukaryota","Arthropoda","Copepoda","Calanoida","Calanidae",NA,NA,"Variable","Variable","Variable","Exoskeleton","Exoskeleton","Chitin + Calcium","Holoplanktonic","No","Copepods"
"7388","Eukaryota","Mollusca","Bivalvia","Mytilida","Modiolidae",NA,NA,"Yes","Yes","Yes","External shell","External shell","Aragonite/Calcite","Meroplanktonic","No","Mussels"
"7389","Eukaryota","Arthropoda","Copepoda","Calanoida","Calocalanidae",NA,NA,"Variable","Variable","Variable","Exoskeleton","Exoskeleton","Chitin + Calcium","Holoplanktonic","No","Copepods"
"7390","Eukaryota","Annelida","Polychaeta","Phyllodocida","Polynoidae",NA,NA,"No","No","No","None","None","None","Benthic + Meroplanktonic","No","Active marine polychaetes"
"7393","Eukaryota","Annelida","Polychaeta","Sabellida","Sabellariidae","Phragmatopoma","Phragmatopoma californica","Variable","Variable","Variable","External tube","External tube","Aragonite","Benthic + Meroplanktonic","No","Fan worms and feather duster worms"
"7395","Eukaryota","Arthropoda","Ostracoda","Halocyprida","Halocyprididae","Mikroconchoecia","Mikroconchoecia sp. Os099_1_3","Variable","No","Variable","None","Exoskeleton","Chitin + Calcium","Holoplanktonic","No","Ostracods (seed shrimp)"
"7397","Eukaryota","Arthropoda","Copepoda","Calanoida","Paracalanidae",NA,NA,"Variable","Variable","Variable","Exoskeleton","Exoskeleton","Chitin + Calcium","Holoplanktonic","No","Copepods"
"7398","Eukaryota","Arthropoda","Copepoda","Calanoida","Clausocalanidae","Clausocalanus","Clausocalanus furcatus","Variable","Variable","Variable","Exoskeleton","Exoskeleton","Chitin + Calcium","Holoplanktonic","No","Copepods"
"7401","Eukaryota","Mollusca","Gastropoda","Pteropoda","Peraclidae",NA,NA,"Yes","Yes","Yes","External shell","External shell","Aragonite","Holoplanktonic","No","Sea butterflies"
"7405","Eukaryota","Mollusca","Gastropoda","Neogastropoda","Columbellidae","Amphissa","Amphissa reticulata","Yes","Yes","Yes","External shell","External shell","Aragonite/Calcite","Meroplanktonic","No","Whelks and predatory snails"
"7407","Eukaryota","Annelida","Polychaeta","Chaetopteridae","Chaetopteridae","Chaetopterus","Chaetopterus sp. 7 JM_2017","No","No","No","None","None","None","Benthic + Meroplanktonic","No","Tube-dwelling marine polychaetes"
"7412","Eukaryota","Mollusca","Gastropoda","Neogastropoda","Nassariidae",NA,NA,"Yes","Yes","Yes","External shell","External shell","Aragonite/Calcite","Meroplanktonic","No","Whelks and predatory snails"
"7413","Eukaryota","Arthropoda","Malacostraca","Euphausiacea","Euphausiidae","Hansarsia",NA,"Variable","No","Variable","None","Exoskeleton","Chitin + Calcium","Holoplanktonic","No","Krill"
"7415","Eukaryota","Arthropoda","Ostracoda","Halocyprida","Halocyprididae","Halocypris",NA,"Variable","No","Variable","None","Exoskeleton","Chitin + Calcium","Holoplanktonic","No","Ostracods (seed shrimp)"
"7416","Eukaryota","Arthropoda","Malacostraca","Decapoda","Grapsidae","Pachygrapsus","Pachygrapsus crassipes","Variable","No","Variable","None","Exoskeleton","Calcite","Meroplanktonic","No","Crabs, lobsters, shrimp"
"7419","Eukaryota","Chordata","Actinopteri","Myctophiformes","Myctophidae","Triphoturus","Triphoturus mexicanus","No","No","No","None","None","None","Meroplanktonic","No","Lanternfishes"
"7423","Eukaryota","Echinodermata","Echinoidea","Temnopleuroida","Toxopneustidae","Lytechinus","Lytechinus pictus","Yes","Yes","Yes","Internal skeleton","Exoskeleton","Calcite","Meroplanktonic","No","Short-spined sea urchins"
"7425","Eukaryota","Arthropoda","Thecostraca","Balanomorpha","Balanidae","Balanus","Balanus trigonus","Yes","Yes","Yes","External shell","External shell","Calcite","Meroplanktonic","No","Barnacles"
"7427","Eukaryota","Arthropoda","Malacostraca","Euphausiacea","Euphausiidae","Thysanoessa","Thysanoessa gregaria","Variable","No","Variable","None","Exoskeleton","Chitin + Calcium","Holoplanktonic","No","Krill"
"7428","Eukaryota","Mollusca","Gastropoda","Nudibranchia","Glaucidae","Hermissenda","Hermissenda opalescens","Variable","Variable","No","External shell","None","Aragonite","Meroplanktonic","No","Shell-less sea slugs"
"7429","Eukaryota","Arthropoda","Copepoda","Poecilostomatoida","Oncaeidae","Oncaea","Oncaea mediterranea","Variable","Variable","Variable","Exoskeleton","Exoskeleton","Chitin + Calcium","Holoplanktonic","No","Parasitic or predatory copepods"
"7431","Eukaryota","Mollusca","Gastropoda","Pteropoda","Peraclidae",NA,NA,"Yes","Yes","Yes","External shell","External shell","Aragonite","Holoplanktonic","No","Sea butterflies"
"7432","Eukaryota","Arthropoda","Copepoda","Calanoida","Acartiidae","Acartia","Acartia californiensis","Variable","Variable","Variable","Exoskeleton","Exoskeleton","Chitin + Calcium","Holoplanktonic","No","Copepods"
"7437","Eukaryota","Arthropoda","Copepoda","Calanoida","Heterorhabdidae",NA,NA,"Variable","Variable","Variable","Exoskeleton","Exoskeleton","Chitin + Calcium","Holoplanktonic","No","Copepods"
"7441","Eukaryota","Arthropoda","Copepoda","Calanoida","Metridinidae","Pleuromamma",NA,"Variable","Variable","Variable","Exoskeleton","Exoskeleton","Chitin + Calcium","Holoplanktonic","No","Copepods"
"7444","Eukaryota","Gastrotricha","Macrodasyida","Macrodasyida","Macrodasyidae",NA,NA,"No","No","No","None","None","None","Benthic","No","Interstitial gastrotrichs (marine meiofauna)"
"7448","Eukaryota","Arthropoda","Ostracoda","Halocyprida","Halocyprididae","Paraconchoecia","Paraconchoecia oblonga","Variable","No","Variable","None","Exoskeleton","Chitin + Calcium","Holoplanktonic","No","Ostracods (seed shrimp)"
"7449","Eukaryota","Mollusca","Gastropoda","Acteonidae","Acteonidae","Rictaxis","Rictaxis punctocaelatus","Yes","Yes","Yes","External shell","External shell","Aragonite","Benthic + Meroplanktonic","No","Bubble snails (Acteon and Rictaxis)"
"7454","Eukaryota","Arthropoda","Copepoda","Calanoida","Paracalanidae",NA,NA,"Variable","Variable","Variable","Exoskeleton","Exoskeleton","Chitin + Calcium","Holoplanktonic","No","Copepods"
"7456","Eukaryota","Arthropoda","Copepoda","Calanoida","Clausocalanidae","Clausocalanus",NA,"Variable","Variable","Variable","Exoskeleton","Exoskeleton","Chitin + Calcium","Holoplanktonic","No","Copepods"
"7457","Eukaryota","Mollusca","Gastropoda","Neogastropoda","Nassariidae",NA,NA,"Yes","Yes","Yes","External shell","External shell","Aragonite/Calcite","Meroplanktonic","No","Whelks and predatory snails"
"7463","Eukaryota","Arthropoda","Ostracoda","Halocyprida","Halocyprididae","Conchoecia","Conchoecia sp. USNM IZ 1448956","Variable","No","Variable","None","Exoskeleton","Chitin + Calcium","Holoplanktonic","No","Ostracods (seed shrimp)"
"7465","Eukaryota","Cnidaria","Hydrozoa","Anthoathecata","Pandeidae",NA,NA,"No","No","No","None","None","None","Benthic + Holoplanktonic","No","Colonial hydroids and small medusae"
"7467","Eukaryota","Arthropoda","Copepoda","Calanoida","Metridinidae","Pleuromamma","Pleuromamma gracilis","Variable","Variable","Variable","Exoskeleton","Exoskeleton","Chitin + Calcium","Holoplanktonic","No","Copepods"
"7475","Eukaryota","Arthropoda","Copepoda","Calanoida","Aetideidae","Gaetanus","Gaetanus minor","Variable","Variable","Variable","Exoskeleton","Exoskeleton","Chitin + Calcium","Holoplanktonic","No","Copepods"
"7476","Eukaryota","Arthropoda","Malacostraca","Euphausiacea","Euphausiidae","Euphausia","Euphausia mutica","Variable","No","Variable","None","Exoskeleton","Chitin + Calcium","Holoplanktonic","No","Krill"
"7477","Eukaryota","Arthropoda","Copepoda","Calanoida","Acartiidae","Acartia","Acartia tonsa","Variable","Variable","Variable","Exoskeleton","Exoskeleton","Chitin + Calcium","Holoplanktonic","No","Copepods"
"7478","Eukaryota","Arthropoda","Copepoda","Calanoida","Eucalanidae","Eucalanus","Eucalanus californicus","Variable","Variable","Variable","Exoskeleton","Exoskeleton","Chitin + Calcium","Holoplanktonic","No","Copepods"
"7480","Eukaryota","Mollusca","Gastropoda","Cephalaspidea","Philinidae",NA,NA,"Variable","Yes","Yes","External shell","External shell","Aragonite","Meroplanktonic","No","Bubble snails"
"7482","Eukaryota","Arthropoda","Ostracoda","Halocyprida","Halocyprididae","Conchoecia","Conchoecia magna","Variable","No","Variable","None","Exoskeleton","Chitin + Calcium","Holoplanktonic","No","Ostracods (seed shrimp)"
"7486","Eukaryota","Arthropoda","Copepoda","Calanoida","Scolecitrichidae","Scolecithrix","Scolecithrix bradyi","Variable","Variable","Variable","Exoskeleton","Exoskeleton","Chitin + Calcium","Holoplanktonic","No","Copepods"
"7489","Eukaryota","Arthropoda","Copepoda","Calanoida","Euchaetidae","Paraeuchaeta","Paraeuchaeta media","Variable","Variable","Variable","Exoskeleton","Exoskeleton","Chitin + Calcium","Holoplanktonic","No","Copepods"
"7499","Eukaryota","Cnidaria","Anthozoa","Actiniaria","Actinostolidae","Paranthus","Paranthus rapiformis","No","No","No","None","None","None","Benthic + Meroplanktonic","No","Sea anemones"
"7501","Eukaryota","Mollusca","Gastropoda","Nudibranchia","Tritoniidae","Tritonia","Tritonia festiva","Variable","Variable","No","External shell","None","Aragonite","Meroplanktonic","No","Shell-less sea slugs"
"7502","Eukaryota","Arthropoda","Malacostraca","Euphausiacea","Euphausiidae","Thysanoessa","Thysanoessa gregaria","Variable","No","Variable","None","Exoskeleton","Chitin + Calcium","Holoplanktonic","No","Krill"
"7503","Eukaryota","Chaetognatha","Sagittoidea","Aphragmophora","Sagittidae","Flaccisagitta",NA,"No","No","No","None","None","None","Holoplanktonic","No","Chaetognaths (arrow worms)"
"7505","Eukaryota","Arthropoda","Copepoda","Calanoida","Calocalanidae","Calocalanus",NA,"Variable","Variable","Variable","Exoskeleton","Exoskeleton","Chitin + Calcium","Holoplanktonic","No","Copepods"
"7510","Eukaryota","Arthropoda","Copepoda","Calanoida","Temoridae","Temora","Temora discaudata","Variable","Variable","Variable","Exoskeleton","Exoskeleton","Chitin + Calcium","Holoplanktonic","No","Copepods"
"7511","Eukaryota","Arthropoda","Copepoda","Calanoida","Scolecitrichidae","Scolecithrix","Scolecithrix bradyi","Variable","Variable","Variable","Exoskeleton","Exoskeleton","Chitin + Calcium","Holoplanktonic","No","Copepods"
"7512","Eukaryota","Echinodermata","Ophiuroidea","Amphilepidida","Ophiactidae","Ophiopholis","Ophiopholis sp. EAC01","Yes","Yes","Yes","Internal skeleton","Internal skeleton","Calcite","Meroplanktonic","No","Brittle stars"
"7513","Eukaryota","Arthropoda","Copepoda","Cyclopoida","Oithonidae","Oithona","Oithona similis","Variable","Variable","Variable","Exoskeleton","Exoskeleton","Chitin + Calcium","Holoplanktonic","No","Cyclopoid copepods"
"7515","Eukaryota","Arthropoda","Copepoda","Calanoida","Heterorhabdidae","Heterorhabdus","Heterorhabdus habrosomus","Variable","Variable","Variable","Exoskeleton","Exoskeleton","Chitin + Calcium","Holoplanktonic","No","Copepods"
"7519","Eukaryota","Chordata","Thaliacea","Salpida","Salpidae","Salpa","Salpa fusiformis","No","No","No","None","None","None","Holoplanktonic","No","Salps (planktonic tunicates)"
"7522","Eukaryota","Arthropoda","Thecostraca","Balanomorpha","Chthamalidae","Chthamalus","Chthamalus fissus","Yes","Yes","Yes","External shell","External shell","Calcite","Meroplanktonic","No","Barnacles"
"7525","Eukaryota","Arthropoda","Malacostraca","Decapoda","Paguridae","Pagurus","Pagurus redondoensis","Variable","No","Variable","None","Exoskeleton","Calcite","Meroplanktonic","No","Crabs, lobsters, shrimp"
"7526","Eukaryota","Arthropoda","Copepoda","Calanoida","Eucalanidae","Eucalanus","Eucalanus californicus","Variable","Variable","Variable","Exoskeleton","Exoskeleton","Chitin + Calcium","Holoplanktonic","No","Copepods"
"7529","Eukaryota","Cnidaria","Hydrozoa","Leptothecata","Obeliidae","Obelia","Obelia dichotoma","No","No","No","None","None","None","Benthic + Holoplanktonic","No","Hydroids"
"7530","Eukaryota","Arthropoda","Copepoda","Calanoida","Scolecitrichidae","Scolecithrix","Scolecithrix bradyi","Variable","Variable","Variable","Exoskeleton","Exoskeleton","Chitin + Calcium","Holoplanktonic","No","Copepods"
"7533","Eukaryota","Arthropoda","Malacostraca","Decapoda","Munididae","Antillimunida","Antillimunida bapensis","Variable","No","Variable","None","Exoskeleton","Calcite","Meroplanktonic","No","Crabs, lobsters, shrimp"
"7534","Eukaryota","Phoronida","Phoronidae","Phoronidae","Phoronidae","Phoronopsis",NA,"Yes","Yes","Yes","External tube","External tube","Chitin + Calcium","Meroplanktonic","No","Horseshoe worms (tube-dwelling lophophorates)"
"7538","Eukaryota","Echinodermata","Echinoidea","Spatangoida","Spatangidae","Spatangus",NA,"Yes","Yes","Yes","Internal skeleton","Exoskeleton","Calcite","Meroplanktonic","No","Heart urchins"
"7544","Eukaryota","Arthropoda","Ostracoda","Halocyprida","Halocyprididae","Conchoecetta","Conchoecetta giesbrechti","Variable","No","Variable","None","Exoskeleton","Chitin + Calcium","Holoplanktonic","No","Ostracods (seed shrimp)"
"7545","Eukaryota","Arthropoda","Copepoda","Calanoida","Metridinidae",NA,NA,"Variable","Variable","Variable","Exoskeleton","Exoskeleton","Chitin + Calcium","Holoplanktonic","No","Copepods"
"7552","Eukaryota","Arthropoda","Malacostraca","Decapoda","Palinuridae",NA,NA,"Variable","No","Variable","None","Exoskeleton","Calcite","Meroplanktonic","No","Crabs, lobsters, shrimp"
"7553","Eukaryota","Mollusca","Gastropoda","Nudibranchia","Onchidorididae","Acanthodoris","Acanthodoris rhodoceras","Variable","Variable","No","External shell","None","Aragonite","Meroplanktonic","No","Shell-less sea slugs"
"7554","Eukaryota","Arthropoda","Copepoda","Calanoida","Metridinidae","Pleuromamma","Pleuromamma gracilis","Variable","Variable","Variable","Exoskeleton","Exoskeleton","Chitin + Calcium","Holoplanktonic","No","Copepods"
"7555","Eukaryota","Arthropoda","Copepoda","Calanoida","Heterorhabdidae",NA,NA,"Variable","Variable","Variable","Exoskeleton","Exoskeleton","Chitin + Calcium","Holoplanktonic","No","Copepods"
"7564","Eukaryota","Arthropoda","Ostracoda","Halocyprida","Halocyprididae","Proceroecia","Proceroecia procera","Variable","No","Variable","None","Exoskeleton","Chitin + Calcium","Holoplanktonic","No","Ostracods (seed shrimp)"
"7565","Eukaryota","Chordata","Actinopteri","Blenniiformes","Blenniidae",NA,NA,"No","No","No","None","None","None","Meroplanktonic","No","Blennies and combtooth fishes"
"7570","Eukaryota","Mollusca","Gastropoda","Pteropoda","Cliidae","Clio","Clio pyramidata","Yes","Yes","Yes","External shell","External shell","Aragonite","Holoplanktonic","No","Sea butterflies"
"7571","Eukaryota","Arthropoda","Copepoda","Calanoida","Euchaetidae","Euchaeta","Euchaeta acuta","Variable","Variable","Variable","Exoskeleton","Exoskeleton","Chitin + Calcium","Holoplanktonic","No","Copepods"
"7575","Eukaryota","Arthropoda","Malacostraca","Euphausiacea","Euphausiidae","Thysanoessa","Thysanoessa gregaria","Variable","No","Variable","None","Exoskeleton","Chitin + Calcium","Holoplanktonic","No","Krill"
"7577","Eukaryota","Arthropoda","Thecostraca","Balanomorpha","Chthamalidae","Chthamalus","Chthamalus fissus","Yes","Yes","Yes","External shell","External shell","Calcite","Meroplanktonic","No","Barnacles"
"7579","Eukaryota","Arthropoda","Copepoda","Calanoida","Euchaetidae","Euchaeta","Euchaeta acuta","Variable","Variable","Variable","Exoskeleton","Exoskeleton","Chitin + Calcium","Holoplanktonic","No","Copepods"
"7583","Eukaryota","Mollusca","Gastropoda","Pteropoda","Creseidae","Creseis","Creseis conica","Yes","Yes","Yes","External shell","External shell","Aragonite","Holoplanktonic","No","Sea butterflies"
"7590","Eukaryota","Arthropoda","Ostracoda","Halocyprida","Halocyprididae","Paraconchoecia","Paraconchoecia oblonga","Variable","No","Variable","None","Exoskeleton","Chitin + Calcium","Holoplanktonic","No","Ostracods (seed shrimp)"
"7591","Eukaryota","Arthropoda","Ostracoda","Halocyprida","Halocyprididae","Mikroconchoecia","Mikroconchoecia sp. Os099_1_3","Variable","No","Variable","None","Exoskeleton","Chitin + Calcium","Holoplanktonic","No","Ostracods (seed shrimp)"
"7592","Eukaryota","Arthropoda","Copepoda","Poecilostomatoida","Oncaeidae","Oncaea","Oncaea sp.","Variable","Variable","Variable","Exoskeleton","Exoskeleton","Chitin + Calcium","Holoplanktonic","No","Parasitic or predatory copepods"
"7594","Eukaryota","Arthropoda","Malacostraca","Euphausiacea","Euphausiidae","Thysanoessa","Thysanoessa gregaria","Variable","No","Variable","None","Exoskeleton","Chitin + Calcium","Holoplanktonic","No","Krill"
"7596","Eukaryota","Mollusca","Gastropoda","Pteropoda","Cliidae","Clio","Clio pyramidata","Yes","Yes","Yes","External shell","External shell","Aragonite","Holoplanktonic","No","Sea butterflies"
"7597","Eukaryota","Arthropoda","Copepoda","Calanoida","Pontellidae","Labidocera","Labidocera trispinosa","Variable","Variable","Variable","Exoskeleton","Exoskeleton","Chitin + Calcium","Holoplanktonic","No","Copepods"
"7600","Eukaryota","Arthropoda","Malacostraca","Euphausiacea","Euphausiidae","Thysanoessa","Thysanoessa gregaria","Variable","No","Variable","None","Exoskeleton","Chitin + Calcium","Holoplanktonic","No","Krill"
"7601","Eukaryota","Annelida","Polychaeta","Phyllodocida","Phyllodocidae","Krohnia",NA,"No","No","No","None","None","None","Benthic + Meroplanktonic","No","Active marine polychaetes"
"7602","Eukaryota","Arthropoda","Copepoda","Calanoida","Calocalanidae","Calocalanus",NA,"Variable","Variable","Variable","Exoskeleton","Exoskeleton","Chitin + Calcium","Holoplanktonic","No","Copepods"
"7606","Eukaryota","Nemertea","Pilidiophora","Heteronemertea","Lineidae","Siphonenteron","Siphonenteron sp.","No","No","No","None","None","None","Benthic + Meroplanktonic","No","Ribbon worms (marine benthic)"
"7608","Eukaryota","Mollusca","Gastropoda","Nudibranchia","Tritoniidae","Tritonia","Tritonia festiva","Variable","Variable","No","External shell","None","Aragonite","Meroplanktonic","No","Shell-less sea slugs"
"7613","Eukaryota","Arthropoda","Malacostraca","Euphausiacea","Euphausiidae","Nyctiphanes","Nyctiphanes simplex","Variable","No","Variable","None","Exoskeleton","Chitin + Calcium","Holoplanktonic","No","Krill"
"7618","Eukaryota","Arthropoda","Copepoda","Calanoida","Aetideidae",NA,NA,"Variable","Variable","Variable","Exoskeleton","Exoskeleton","Chitin + Calcium","Holoplanktonic","No","Copepods"
"7619","Eukaryota","Arthropoda","Malacostraca","Euphausiacea","Euphausiidae",NA,NA,"Variable","No","Variable","None","Exoskeleton","Chitin + Calcium","Holoplanktonic","No","Krill"
"7623","Eukaryota","Arthropoda","Ostracoda","Halocyprida","Halocyprididae","Halocypris","Halocypris inflata","Variable","No","Variable","None","Exoskeleton","Chitin + Calcium","Holoplanktonic","No","Ostracods (seed shrimp)"
"7624","Eukaryota","Arthropoda","Copepoda","Calanoida","Calocalanidae","Calocalanus",NA,"Variable","Variable","Variable","Exoskeleton","Exoskeleton","Chitin + Calcium","Holoplanktonic","No","Copepods"
"7625","Eukaryota","Echinodermata","Ophiuroidea","Amphilepidida","Ophiotrichidae","Ophiothrix","Ophiothrix spiculata","Yes","Yes","Yes","Internal skeleton","Internal skeleton","Calcite","Meroplanktonic","No","Brittle stars"
"7629","Eukaryota","Mollusca","Gastropoda","Littorinimorpha","Calyptraeidae","Crepipatella","Crepipatella lingulata","Yes","Yes","Yes","External shell","External shell","Aragonite/Calcite","Meroplanktonic","No","Periwinkles and related snails"
"7630","Eukaryota","Mollusca","Bivalvia","Adapedonta","Hiatellidae",NA,NA,"Yes","Yes","Yes","External shell","External shell","Aragonite/Calcite","Meroplanktonic","No","Burrowing clams"
"7632","Eukaryota","Arthropoda","Copepoda","Calanoida","Lucicutiidae","Lucicutia","Lucicutia flavicornis","Variable","Variable","Variable","Exoskeleton","Exoskeleton","Chitin + Calcium","Holoplanktonic","No","Copepods"
"7634","Eukaryota","Mollusca","Gastropoda","Cephalaspidea","Philinidae",NA,NA,"Variable","Yes","Yes","External shell","External shell","Aragonite","Meroplanktonic","No","Bubble snails"
"7637","Eukaryota","Arthropoda","Malacostraca","Euphausiacea","Euphausiidae","Euphausia","Euphausia gibboides","Variable","No","Variable","None","Exoskeleton","Chitin + Calcium","Holoplanktonic","No","Krill"
"7645","Eukaryota","Mollusca","Gastropoda","Cephalaspidea","Philinidae",NA,NA,"Variable","Yes","Yes","External shell","External shell","Aragonite","Meroplanktonic","No","Bubble snails"
"7648","Eukaryota","Arthropoda","Malacostraca","Euphausiacea","Euphausiidae","Thysanoessa","Thysanoessa gregaria","Variable","No","Variable","None","Exoskeleton","Chitin + Calcium","Holoplanktonic","No","Krill"
"7654","Eukaryota","Arthropoda","Copepoda","Calanoida","Heterorhabdidae","Heterorhabdus",NA,"Variable","Variable","Variable","Exoskeleton","Exoskeleton","Chitin + Calcium","Holoplanktonic","No","Copepods"
"7656","Eukaryota","Arthropoda","Malacostraca","Decapoda","Munididae","Grimothea","Grimothea monodon","Variable","No","Variable","None","Exoskeleton","Calcite","Meroplanktonic","No","Crabs, lobsters, shrimp"
"7663","Eukaryota","Arthropoda","Copepoda","Calanoida","Clausocalanidae","Clausocalanus","Clausocalanus jobei","Variable","Variable","Variable","Exoskeleton","Exoskeleton","Chitin + Calcium","Holoplanktonic","No","Copepods"
"7665","Eukaryota","Arthropoda","Copepoda","Calanoida","Paracalanidae","Paracalanus","Paracalanus tropicus","Variable","Variable","Variable","Exoskeleton","Exoskeleton","Chitin + Calcium","Holoplanktonic","No","Copepods"
"7666","Eukaryota","Arthropoda","Copepoda","Calanoida","Paracalanidae","Paracalanus","Paracalanus tropicus","Variable","Variable","Variable","Exoskeleton","Exoskeleton","Chitin + Calcium","Holoplanktonic","No","Copepods"
"7668","Eukaryota","Arthropoda","Ostracoda","Halocyprida","Halocyprididae","Conchoecia","Conchoecia magna","Variable","No","Variable","None","Exoskeleton","Chitin + Calcium","Holoplanktonic","No","Ostracods (seed shrimp)"
"7670","Eukaryota","Arthropoda","Malacostraca","Decapoda","Sergestidae","Eusergestes","Eusergestes similis","Variable","No","Variable","None","Exoskeleton","Calcite","Meroplanktonic","No","Crabs, lobsters, shrimp"
"7671","Eukaryota","Arthropoda","Copepoda","Calanoida","Lucicutiidae","Lucicutia","Lucicutia flavicornis","Variable","Variable","Variable","Exoskeleton","Exoskeleton","Chitin + Calcium","Holoplanktonic","No","Copepods"
"7673","Eukaryota","Arthropoda","Copepoda","Calanoida","Eucalanidae","Eucalanus","Eucalanus californicus","Variable","Variable","Variable","Exoskeleton","Exoskeleton","Chitin + Calcium","Holoplanktonic","No","Copepods"
"7674","Eukaryota","Arthropoda","Copepoda","Calanoida","Metridinidae","Pleuromamma",NA,"Variable","Variable","Variable","Exoskeleton","Exoskeleton","Chitin + Calcium","Holoplanktonic","No","Copepods"
"7676","Eukaryota","Mollusca","Gastropoda","Littorinimorpha","Atlantidae","Atlanta","Atlanta sp. USNM IZ 1230636","Yes","Yes","Yes","External shell","External shell","Aragonite/Calcite","Meroplanktonic","No","Periwinkles and related snails"
"7678","Eukaryota","Arthropoda","Copepoda","Calanoida","Eucalanidae","Eucalanus","Eucalanus californicus","Variable","Variable","Variable","Exoskeleton","Exoskeleton","Chitin + Calcium","Holoplanktonic","No","Copepods"
"7679","Eukaryota","Arthropoda","Copepoda","Calanoida","Paracalanidae","Paracalanus","Paracalanus tropicus","Variable","Variable","Variable","Exoskeleton","Exoskeleton","Chitin + Calcium","Holoplanktonic","No","Copepods"
"7680","Eukaryota","Arthropoda","Copepoda","Calanoida","Calocalanidae","Calocalanus",NA,"Variable","Variable","Variable","Exoskeleton","Exoskeleton","Chitin + Calcium","Holoplanktonic","No","Copepods"
